fs_id,roi,CT,MC,Vol,SD,SA,n_vertices
ds004302_sub-01,lh_bankssts,2.4308524131774902,0.026852674782276154,2247.91845703125,3.615953207015991,981.30517578125,1447
ds004302_sub-01,lh_caudalanteriorcingulate,2.3106801509857178,-0.007172169629484415,1192.746826171875,2.061674118041992,462.8919372558594,685
ds004302_sub-01,lh_caudalmiddlefrontal,2.3934473991394043,-0.015087915584445,4725.4560546875,2.2258098125457764,1841.223388671875,2846
ds004302_sub-01,lh_cuneus,1.8319882154464722,-0.041310086846351624,3443.039306640625,-2.1689178943634033,1648.6436767578125,2472
ds004302_sub-01,lh_entorhinal,3.1264853477478027,-0.057866230607032776,2090.60693359375,-4.978870391845703,469.8875732421875,632
ds004302_sub-01,lh_fusiform,2.7685070037841797,-0.012342346832156181,8826.068359375,1.4353457689285278,2787.3173828125,4020
ds004302_sub-01,lh_inferiorparietal,2.380868911743164,-0.035786014050245285,10812.6484375,0.662592887878418,4082.295654296875,6080
ds004302_sub-01,lh_inferiortemporal,2.6590869426727295,-0.03429511561989784,10649.265625,-0.5562326908111572,3439.06494140625,4921
ds004302_sub-01,lh_isthmuscingulate,2.2882447242736816,-0.028418462723493576,2817.41357421875,0.1797657608985901,1077.636962890625,1517
ds004302_sub-01,lh_lateraloccipital,2.1798415184020996,-0.0387100987136364,9455.3515625,-1.6654452085494995,3892.82080078125,5817
ds004302_sub-01,lh_lateralorbitofrontal,2.638397693634033,-0.024319397285580635,6860.8232421875,-0.19059419631958008,2283.0048828125,3158
ds004302_sub-01,lh_lingual,2.035661220550537,-0.04889937862753868,7045.724609375,-0.6743265986442566,2943.11279296875,4363
ds004302_sub-01,lh_medialorbitofrontal,2.387449264526367,-0.060730256140232086,5152.1845703125,-2.263861894607544,1856.832763671875,2550
ds004302_sub-01,lh_middletemporal,2.761673927307129,-0.05652019754052162,11610.0244140625,-1.4281299114227295,3279.03564453125,4683
ds004302_sub-01,lh_parahippocampal,2.845787525177002,-0.053093213587999344,2410.906005859375,-0.3114934265613556,646.9144897460938,1013
ds004302_sub-01,lh_paracentral,2.368746280670166,-0.03589646890759468,2605.878173828125,-0.48924845457077026,994.6124267578125,1626
ds004302_sub-01,lh_parsopercularis,2.3876397609710693,-0.04014773666858673,3754.75146484375,0.22164084017276764,1358.82568359375,1973
ds004302_sub-01,lh_parsorbitalis,2.6405155658721924,-0.0957302451133728,2294.95263671875,-5.676583766937256,646.451904296875,862
ds004302_sub-01,lh_parstriangularis,2.3895130157470703,-0.018265359103679657,3063.8828125,-0.24649842083454132,1167.351806640625,1722
ds004302_sub-01,lh_pericalcarine,1.3664292097091675,0.045167114585638046,1972.2841796875,1.680511474609375,1402.1334228515625,2132
ds004302_sub-01,lh_postcentral,2.3110384941101074,-0.053632333874702454,10164.560546875,-0.9637948274612427,3795.083740234375,6075
ds004302_sub-01,lh_posteriorcingulate,2.2607321739196777,0.010518327355384827,2619.552490234375,2.5077362060546875,1006.8272705078125,1498
ds004302_sub-01,lh_precentral,2.6057162284851074,-0.03126116096973419,12762.4521484375,0.15599998831748962,4374.943359375,7369
ds004302_sub-01,lh_precuneus,2.217663526535034,-6.0176182159921154e-05,8626.1474609375,2.100969076156616,3716.755126953125,5418
ds004302_sub-01,lh_rostralanteriorcingulate,2.4545788764953613,-0.009532727301120758,1535.44384765625,1.6268843412399292,484.44183349609375,712
ds004302_sub-01,lh_rostralmiddlefrontal,2.1472043991088867,-0.02693425863981247,11294.86328125,0.1953335702419281,4681.01904296875,6420
ds004302_sub-01,lh_superiorfrontal,2.6555352210998535,-0.036893151700496674,18956.28515625,-1.0237717628479004,6056.5576171875,8983
ds004302_sub-01,lh_superiorparietal,2.1085045337677,-0.03923546522855759,12979.55078125,-0.38318634033203125,5542.806640625,8356
ds004302_sub-01,lh_superiortemporal,2.9238197803497314,-0.031606949865818024,11047.97265625,0.0913996547460556,3190.024169921875,4909
ds004302_sub-01,lh_supramarginal,2.6354339122772217,-0.02624911442399025,11547.794921875,0.22147096693515778,3936.28515625,5822
ds004302_sub-01,lh_frontalpole,2.21356201171875,-0.07711140811443329,685.7418212890625,-6.069921493530273,250.667236328125,322
ds004302_sub-01,lh_temporalpole,3.920830011367798,-0.12108539789915085,2977.173828125,-8.468998908996582,491.253662109375,613
ds004302_sub-01,lh_transversetemporal,2.5136406421661377,-0.06536538153886795,886.2251586914062,3.415691614151001,324.5514221191406,518
ds004302_sub-01,lh_insula,3.2211825847625732,0.043355416506528854,6100.08984375,6.125648021697998,1757.2646484375,2635
ds004302_sub-01,rh_bankssts,2.7554452419281006,0.04730932414531708,2178.793701171875,4.722614288330078,855.17626953125,1300
ds004302_sub-01,rh_caudalanteriorcingulate,2.2673351764678955,-0.0023234467953443527,1327.13720703125,1.6297727823257446,497.939453125,757
ds004302_sub-01,rh_caudalmiddlefrontal,2.4988467693328857,-0.027076296508312225,5235.37744140625,1.5464375019073486,1844.53955078125,2906
ds004302_sub-01,rh_cuneus,1.6775892972946167,-0.05607343837618828,2872.522705078125,-2.347916841506958,1581.522216796875,2343
ds004302_sub-01,rh_entorhinal,3.2834603786468506,-0.04586872458457947,1694.18896484375,-4.749805450439453,393.41339111328125,560
ds004302_sub-01,rh_fusiform,2.6776390075683594,-0.026330800727009773,10263.25,1.6747528314590454,3190.44287109375,4560
ds004302_sub-01,rh_inferiorparietal,2.4481372833251953,-0.023516280576586723,12249.62890625,0.9050813317298889,4557.04345703125,6466
ds004302_sub-01,rh_inferiortemporal,2.715459108352661,-0.04070442542433739,10565.072265625,-1.0438698530197144,3147.452392578125,4589
ds004302_sub-01,rh_isthmuscingulate,2.3180978298187256,-0.027937151491642,2689.02490234375,0.0617259219288826,967.9671630859375,1389
ds004302_sub-01,rh_lateraloccipital,2.1672797203063965,-0.04244916886091232,9676.669921875,-1.8821485042572021,3782.16064453125,5524
ds004302_sub-01,rh_lateralorbitofrontal,2.5047550201416016,-0.027050549164414406,5605.9609375,-0.3276124596595764,2022.2373046875,2812
ds004302_sub-01,rh_lingual,2.056211471557617,-0.03249355033040047,7413.96923828125,-0.42068108916282654,3108.83740234375,4413
ds004302_sub-01,rh_medialorbitofrontal,2.517064094543457,-0.028682062402367592,4842.3203125,-1.8988780975341797,1672.478759765625,2148
ds004302_sub-01,rh_middletemporal,2.7921316623687744,-0.04199627786874771,10833.1611328125,-1.3650981187820435,3124.34375,4408
ds004302_sub-01,rh_parahippocampal,2.6008081436157227,-0.019169945269823074,1995.060546875,0.22964255511760712,632.8258056640625,960
ds004302_sub-01,rh_paracentral,2.4301228523254395,-0.029995527118444443,3463.322509765625,0.03728294000029564,1251.0244140625,2006
ds004302_sub-01,rh_parsopercularis,2.574951648712158,-0.05144025385379791,3535.0244140625,-0.31976252794265747,1179.40087890625,1708
ds004302_sub-01,rh_parsorbitalis,2.4484200477600098,-0.07298342138528824,2367.07373046875,-4.388325214385986,732.312255859375,969
ds004302_sub-01,rh_parstriangularis,2.4325437545776367,-0.03979555144906044,3808.70166015625,-0.6997399926185608,1299.2928466796875,1806
ds004302_sub-01,rh_pericalcarine,1.514827847480774,0.027678241953253746,1723.869873046875,-0.132968932390213,1271.8719482421875,1780
ds004302_sub-01,rh_postcentral,2.2681634426116943,-0.05526772513985634,10007.298828125,-1.1113781929016113,3819.50244140625,5997
ds004302_sub-01,rh_posteriorcingulate,2.158651828765869,0.012711122632026672,2244.947998046875,2.7637264728546143,936.7256469726562,1363
ds004302_sub-01,rh_precentral,2.618886947631836,-0.016863688826560974,12556.068359375,0.6004102230072021,4355.03466796875,7189
ds004302_sub-01,rh_precuneus,2.3559300899505615,-0.012396368198096752,9962.638671875,1.4101943969726562,3877.02978515625,5743
ds004302_sub-01,rh_rostralanteriorcingulate,2.5650553703308105,-0.03981504961848259,1117.217041015625,1.659403920173645,404.19464111328125,513
ds004302_sub-01,rh_rostralmiddlefrontal,2.183077573776245,-0.022877395153045654,12404.005859375,-0.1541735976934433,4793.06787109375,6488
ds004302_sub-01,rh_superiorfrontal,2.6811327934265137,-0.031129872426390648,19234.93359375,-0.8367447853088379,6227.43896484375,9126
ds004302_sub-01,rh_superiorparietal,2.250011920928955,-0.03080284781754017,13652.19140625,-0.1993991881608963,5234.4052734375,7902
ds004302_sub-01,rh_superiortemporal,2.85054349899292,-0.03333592787384987,10214.736328125,-0.6631408333778381,3018.358154296875,4544
ds004302_sub-01,rh_supramarginal,2.510784149169922,-0.01529622357338667,9015.05859375,1.260200023651123,3278.404052734375,4710
ds004302_sub-01,rh_frontalpole,2.4276351928710938,-0.14724081754684448,1237.0128173828125,-8.396581649780273,406.08319091796875,460
ds004302_sub-01,rh_temporalpole,3.8421692848205566,-0.09781405329704285,2657.1044921875,-7.973301410675049,463.21295166015625,603
ds004302_sub-01,rh_transversetemporal,2.381654977798462,-0.04910095036029816,636.8442993164062,3.559096097946167,254.3369140625,402
ds004302_sub-01,rh_insula,2.913600206375122,0.044165078550577164,5203.9423828125,6.4856743812561035,1584.5921630859375,2402
ds004302_sub-02,lh_bankssts,2.276956796646118,0.03430604562163353,2035.5078125,1.7806504964828491,975.90625,1374
ds004302_sub-02,lh_caudalanteriorcingulate,2.336362361907959,0.013616242446005344,2067.369384765625,1.9781391620635986,787.1630859375,1149
ds004302_sub-02,lh_caudalmiddlefrontal,2.410372495651245,-0.024660060182213783,7989.650390625,0.9103184342384338,3174.3974609375,4702
ds004302_sub-02,lh_cuneus,1.601419448852539,-0.028752511367201805,2969.337890625,-1.8176140785217285,1870.86865234375,2677
ds004302_sub-02,lh_entorhinal,2.7529916763305664,-0.035394586622714996,2124.8330078125,-2.6105599403381348,603.4660034179688,913
ds004302_sub-02,lh_fusiform,2.518733024597168,-0.039934396743774414,12601.86328125,1.0083719491958618,4328.6005859375,6432
ds004302_sub-02,lh_inferiorparietal,2.2943944931030273,-0.02988341450691223,10884.201171875,0.9087908864021301,4503.8330078125,6661
ds004302_sub-02,lh_inferiortemporal,2.581709623336792,-0.03417390212416649,13591.9375,-0.29769963026046753,4628.1552734375,6545
ds004302_sub-02,lh_isthmuscingulate,2.3975391387939453,-0.014324428513646126,2675.838623046875,0.014348120428621769,1016.1920166015625,1484
ds004302_sub-02,lh_lateraloccipital,1.9348381757736206,-0.02801232784986496,13788.203125,-1.8314807415008545,6594.0166015625,9966
ds004302_sub-02,lh_lateralorbitofrontal,2.6180200576782227,-0.019802814349532127,8217.19140625,-0.2509831190109253,2909.018798828125,4076
ds004302_sub-02,lh_lingual,1.9306631088256836,-0.02760198526084423,7029.8486328125,-0.14048850536346436,3368.5693359375,4840
ds004302_sub-02,lh_medialorbitofrontal,2.042329788208008,-0.04248335584998131,5064.47998046875,-1.1613725423812866,2357.925537109375,3297
ds004302_sub-02,lh_middletemporal,2.6249454021453857,-0.056082095950841904,11194.671875,-1.4542741775512695,3549.576171875,5051
ds004302_sub-02,lh_parahippocampal,3.107409954071045,-0.05120604857802391,3094.220703125,-0.5240662693977356,795.3489379882812,1228
ds004302_sub-02,lh_paracentral,2.17036771774292,-0.034443266689777374,3635.263671875,-0.4708971083164215,1569.0732421875,2607
ds004302_sub-02,lh_parsopercularis,2.48766827583313,-0.0361773706972599,4767.568359375,-0.33859947323799133,1771.385986328125,2552
ds004302_sub-02,lh_parsorbitalis,2.410470724105835,-0.06179909035563469,2337.142578125,-4.46291971206665,799.4996337890625,1075
ds004302_sub-02,lh_parstriangularis,2.1474969387054443,-0.03708841651678085,3270.412109375,-0.6669339537620544,1405.799072265625,1988
ds004302_sub-02,lh_pericalcarine,1.4942933320999146,0.06446333974599838,1759.392333984375,2.7962355613708496,1404.2452392578125,2062
ds004302_sub-02,lh_postcentral,1.9420114755630493,-0.04313945025205612,10847.744140625,-1.0224263668060303,5247.90869140625,8074
ds004302_sub-02,lh_posteriorcingulate,2.0741777420043945,0.004888757597655058,2469.109375,1.9636484384536743,1078.2880859375,1587
ds004302_sub-02,lh_precentral,2.4007227420806885,-0.016166329383850098,14704.4677734375,0.5669168829917908,5783.97021484375,9118
ds004302_sub-02,lh_precuneus,2.1613011360168457,-0.0031058499589562416,10941.2265625,1.5625343322753906,4871.8349609375,7074
ds004302_sub-02,lh_rostralanteriorcingulate,2.5176076889038086,-0.04957680404186249,2897.03173828125,0.7141809463500977,1007.3814697265625,1378
ds004302_sub-02,lh_rostralmiddlefrontal,2.0445685386657715,-0.02929656207561493,12434.0625,0.08698863536119461,5753.59716796875,7857
ds004302_sub-02,lh_superiorfrontal,2.4593305587768555,-0.0329403318464756,21057.578125,-0.7004357576370239,7813.271484375,11676
ds004302_sub-02,lh_superiorparietal,2.092562437057495,-0.03541171923279762,14338.8984375,-0.24456176161766052,6195.6630859375,9322
ds004302_sub-02,lh_superiortemporal,2.563706159591675,-0.027877777814865112,11673.224609375,0.1580975502729416,4170.806640625,6306
ds004302_sub-02,lh_supramarginal,2.3800008296966553,-0.03223998472094536,12520.8046875,0.2877447009086609,4932.16015625,7171
ds004302_sub-02,lh_frontalpole,2.0380280017852783,-0.18976400792598724,740.8145751953125,-9.227834701538086,290.2550048828125,362
ds004302_sub-02,lh_temporalpole,3.03411865234375,-0.09500234574079514,2117.74755859375,-7.5867228507995605,509.71258544921875,704
ds004302_sub-02,lh_transversetemporal,2.240532875061035,-0.07086513191461563,1146.8092041015625,2.7220356464385986,459.34619140625,731
ds004302_sub-02,lh_insula,3.2057857513427734,0.03131036460399628,7470.5517578125,5.8219828605651855,2488.72607421875,3624
ds004302_sub-02,rh_bankssts,2.376556873321533,0.04758979752659798,2146.78173828125,5.536766052246094,964.6016845703125,1497
ds004302_sub-02,rh_caudalanteriorcingulate,2.3801887035369873,-0.023065410554409027,2637.54248046875,0.521294355392456,952.6563720703125,1358
ds004302_sub-02,rh_caudalmiddlefrontal,2.4387550354003906,-0.0418197363615036,7620.7880859375,0.7133122682571411,2810.119140625,4256
ds004302_sub-02,rh_cuneus,1.7574284076690674,-0.05958207696676254,3909.507568359375,-3.4781394004821777,1935.076416015625,2756
ds004302_sub-02,rh_entorhinal,2.8468527793884277,-0.07654014974832535,2051.39892578125,-4.284036636352539,518.6687622070312,711
ds004302_sub-02,rh_fusiform,2.672089099884033,-0.03217523917555809,11118.423828125,1.2284985780715942,3611.93408203125,5371
ds004302_sub-02,rh_inferiorparietal,2.3160643577575684,-0.03935568779706955,15205.482421875,0.04711819067597389,5773.2314453125,7981
ds004302_sub-02,rh_inferiortemporal,2.5448801517486572,-0.034698233008384705,11621.94140625,-1.1640971899032593,3977.119140625,5551
ds004302_sub-02,rh_isthmuscingulate,2.2683815956115723,-0.02564908191561699,2469.788330078125,-0.11308671534061432,965.4133911132812,1387
ds004302_sub-02,rh_lateraloccipital,2.1264474391937256,-0.02109663560986519,15401.6396484375,-1.37529718875885,6514.43896484375,9340
ds004302_sub-02,rh_lateralorbitofrontal,2.653756856918335,-0.01723124273121357,7806.4541015625,0.783431887626648,2882.73779296875,3925
ds004302_sub-02,rh_lingual,1.8834588527679443,-0.023111330345273018,8234.359375,-0.08983789384365082,4060.90283203125,5793
ds004302_sub-02,rh_medialorbitofrontal,2.341341972351074,-0.0409667082130909,6245.3720703125,-1.6237235069274902,2463.913330078125,3324
ds004302_sub-02,rh_middletemporal,2.497624397277832,-0.04495744779706001,10923.986328125,-0.9412378668785095,3643.517578125,5144
ds004302_sub-02,rh_parahippocampal,2.8984012603759766,-0.030826738104224205,2540.733642578125,-0.15499888360500336,725.5413818359375,1164
ds004302_sub-02,rh_paracentral,2.2025656700134277,-0.021632226184010506,3820.815673828125,0.22041542828083038,1624.3441162109375,2585
ds004302_sub-02,rh_parsopercularis,2.4960334300994873,-0.026037218049168587,4040.0478515625,0.4440591633319855,1608.549072265625,2266
ds004302_sub-02,rh_parsorbitalis,2.4369099140167236,-0.08543285727500916,2719.841796875,-4.573775291442871,904.43359375,1176
ds004302_sub-02,rh_parstriangularis,2.4270381927490234,-0.0266687273979187,4129.986328125,-0.9168184399604797,1594.302001953125,2163
ds004302_sub-02,rh_pericalcarine,1.412157654762268,0.06182107701897621,2168.74267578125,2.853651762008667,1766.0947265625,2620
ds004302_sub-02,rh_postcentral,1.9234418869018555,-0.037610068917274475,9661.8359375,-0.7784895896911621,4576.658203125,6865
ds004302_sub-02,rh_posteriorcingulate,2.2842564582824707,0.017476100474596024,2913.94677734375,2.346040725708008,1161.370361328125,1596
ds004302_sub-02,rh_precentral,2.49656081199646,-0.013128728605806828,15079.302734375,0.5784578323364258,5594.2236328125,8758
ds004302_sub-02,rh_precuneus,2.2467520236968994,0.003964356612414122,11117.53515625,1.8505806922912598,4808.0322265625,7070
ds004302_sub-02,rh_rostralanteriorcingulate,2.750215530395508,-0.04194847494363785,2417.95703125,1.4793002605438232,767.985107421875,999
ds004302_sub-02,rh_rostralmiddlefrontal,2.175128698348999,-0.023557273671030998,15086.8525390625,0.2314455509185791,6243.1630859375,8300
ds004302_sub-02,rh_superiorfrontal,2.6127676963806152,-0.03380134329199791,20693.7890625,-1.0789365768432617,7141.00341796875,10360
ds004302_sub-02,rh_superiorparietal,2.027559280395508,-0.03373962640762329,14881.931640625,-0.6814114451408386,6525.8115234375,9663
ds004302_sub-02,rh_superiortemporal,2.715414047241211,-0.029338747262954712,12088.9482421875,-0.7710281014442444,3994.8330078125,5924
ds004302_sub-02,rh_supramarginal,2.403562545776367,0.0034757887478917837,9164.51953125,1.715146780014038,3638.316162109375,5153
ds004302_sub-02,rh_frontalpole,2.558685541152954,-0.12550918757915497,1183.5152587890625,-8.670029640197754,407.6698913574219,472
ds004302_sub-02,rh_temporalpole,3.0191152095794678,-0.09764289110898972,2472.3984375,-6.821359157562256,587.23193359375,746
ds004302_sub-02,rh_transversetemporal,2.2417714595794678,-0.06212460994720459,932.8511962890625,3.6697018146514893,381.1127624511719,608
ds004302_sub-02,rh_insula,3.1935200691223145,0.028003426268696785,6563.400390625,5.805983066558838,2070.28369140625,2998
ds004302_sub-03,lh_bankssts,2.323477029800415,0.040604978799819946,2247.033203125,4.426708221435547,1036.327392578125,1513
ds004302_sub-03,lh_caudalanteriorcingulate,1.821315884590149,0.020289886742830276,1275.212646484375,2.0090620517730713,626.8860473632812,976
ds004302_sub-03,lh_caudalmiddlefrontal,2.484126567840576,-0.032217517495155334,7826.1552734375,0.671086847782135,2942.22021484375,4465
ds004302_sub-03,lh_cuneus,1.9362019300460815,-0.056204937398433685,3766.991943359375,-2.9695048332214355,1809.5650634765625,2661
ds004302_sub-03,lh_entorhinal,3.51226806640625,-0.047926049679517746,2285.32470703125,-4.7165021896362305,460.4677734375,669
ds004302_sub-03,lh_fusiform,2.515984535217285,-0.028485452756285667,10787.8798828125,1.4646250009536743,3830.731689453125,5553
ds004302_sub-03,lh_inferiorparietal,2.349670886993408,-0.03066321276128292,12253.8515625,0.5409160256385803,4914.6005859375,7046
ds004302_sub-03,lh_inferiortemporal,2.715850353240967,-0.03728431090712547,13037.63671875,-1.229283332824707,4137.865234375,5802
ds004302_sub-03,lh_isthmuscingulate,2.1779043674468994,-0.023263927549123764,2675.147705078125,0.14254982769489288,1126.26025390625,1641
ds004302_sub-03,lh_lateraloccipital,2.084826707839966,-0.04120735079050064,13869.8095703125,-1.8118127584457397,6080.4111328125,8914
ds004302_sub-03,lh_lateralorbitofrontal,2.611098051071167,-0.016718778759241104,7934.138671875,0.026314223185181618,2796.4814453125,3819
ds004302_sub-03,lh_lingual,2.0817792415618896,-0.03722371906042099,7610.6787109375,-0.4055252969264984,3352.8525390625,4776
ds004302_sub-03,lh_medialorbitofrontal,2.482922315597534,-0.03934607654809952,5759.521484375,-1.9893226623535156,2087.64208984375,2874
ds004302_sub-03,lh_middletemporal,2.5984764099121094,-0.04692362993955612,11070.4970703125,-1.5002552270889282,3597.3798828125,4844
ds004302_sub-03,lh_parahippocampal,2.8533339500427246,-0.03580911085009575,2488.328125,-0.6113630533218384,713.0645751953125,1090
ds004302_sub-03,lh_paracentral,2.3286936283111572,-0.03166325017809868,3506.325439453125,0.1591450423002243,1400.131591796875,2311
ds004302_sub-03,lh_parsopercularis,2.3917183876037598,-0.023398442193865776,4662.40625,-0.062209270894527435,1805.5140380859375,2649
ds004302_sub-03,lh_parsorbitalis,2.420238971710205,-0.08896570652723312,2412.01416015625,-4.983093738555908,807.2439575195312,1001
ds004302_sub-03,lh_parstriangularis,2.3875041007995605,-0.04412407800555229,4386.18212890625,-0.28209778666496277,1591.9310302734375,2148
ds004302_sub-03,lh_pericalcarine,1.7236027717590332,0.04796893894672394,2741.691162109375,3.278287649154663,1810.1177978515625,2604
ds004302_sub-03,lh_postcentral,1.9704198837280273,-0.061296526342630386,9188.453125,-1.3495525121688843,4229.77392578125,6561
ds004302_sub-03,lh_posteriorcingulate,2.1008260250091553,0.013370205648243427,2820.770751953125,2.24971342086792,1249.546630859375,1806
ds004302_sub-03,lh_precentral,2.533653497695923,-0.02669578418135643,16813.396484375,0.5207847952842712,6182.310546875,9964
ds004302_sub-03,lh_precuneus,2.3116869926452637,-0.018884357064962387,10702.46875,1.235138177871704,4376.162109375,6312
ds004302_sub-03,lh_rostralanteriorcingulate,2.2451789379119873,-0.0189299825578928,2363.262451171875,1.5720160007476807,918.358154296875,1283
ds004302_sub-03,lh_rostralmiddlefrontal,2.2830445766448975,-0.02385680004954338,15224.771484375,-0.26295921206474304,5944.10986328125,7834
ds004302_sub-03,lh_superiorfrontal,2.52958607673645,-0.0302937813103199,24258.62890625,-0.7086589336395264,8563.703125,12310
ds004302_sub-03,lh_superiorparietal,2.0135252475738525,-0.02938852272927761,12940.3388671875,0.23427408933639526,5893.5498046875,8968
ds004302_sub-03,lh_superiortemporal,2.6718060970306396,-0.023624800145626068,12265.6572265625,0.5565896034240723,4182.36767578125,6178
ds004302_sub-03,lh_supramarginal,2.377923011779785,-0.0357830785214901,11226.9765625,-0.061709873378276825,4429.72802734375,6192
ds004302_sub-03,lh_frontalpole,2.7054364681243896,-0.11754760146141052,890.4254150390625,-8.209908485412598,258.1506652832031,299
ds004302_sub-03,lh_temporalpole,3.6002233028411865,-0.07676536589860916,2883.80322265625,-6.6354289054870605,619.3265380859375,801
ds004302_sub-03,lh_transversetemporal,2.535398483276367,-0.060514260083436966,1284.53466796875,3.7609336376190186,447.01629638671875,726
ds004302_sub-03,lh_insula,3.130964517593384,0.024174485355615616,8345.267578125,5.171647548675537,2597.7744140625,3852
ds004302_sub-03,rh_bankssts,2.6885104179382324,0.047918014228343964,1745.0885009765625,4.952553749084473,726.2342529296875,1075
ds004302_sub-03,rh_caudalanteriorcingulate,2.3162333965301514,0.017693495377898216,2041.1817626953125,0.9727742671966553,748.0948486328125,1086
ds004302_sub-03,rh_caudalmiddlefrontal,2.5428414344787598,-0.028157079592347145,7499.6083984375,0.7877184748649597,2726.496826171875,4021
ds004302_sub-03,rh_cuneus,2.0267648696899414,-0.052076902240514755,4433.84423828125,-3.4823532104492188,1955.0714111328125,2702
ds004302_sub-03,rh_entorhinal,3.3010802268981934,-0.0620553083717823,1995.4188232421875,-5.826817989349365,387.74365234375,555
ds004302_sub-03,rh_fusiform,2.7316877841949463,-0.030574435368180275,10472.0146484375,1.6331892013549805,3221.080322265625,4725
ds004302_sub-03,rh_inferiorparietal,2.3147687911987305,-0.031726669520139694,15810.6103515625,0.2827990651130676,6179.25927734375,8764
ds004302_sub-03,rh_inferiortemporal,2.64788556098938,-0.038875557482242584,13007.5185546875,-0.9669685959815979,4114.775390625,5744
ds004302_sub-03,rh_isthmuscingulate,2.250838041305542,-0.024110566824674606,2558.7158203125,-0.30416804552078247,1016.7506713867188,1463
ds004302_sub-03,rh_lateraloccipital,2.219879150390625,-0.03563522547483444,14511.373046875,-1.8128739595413208,5740.31494140625,8085
ds004302_sub-03,rh_lateralorbitofrontal,2.6059391498565674,-0.01591487228870392,7638.333984375,0.4193585216999054,2722.954833984375,3708
ds004302_sub-03,rh_lingual,2.112933874130249,-0.03945457562804222,8734.447265625,-0.7390159368515015,3763.249755859375,5275
ds004302_sub-03,rh_medialorbitofrontal,2.6751792430877686,-0.04756298288702965,6931.3896484375,-1.6448338031768799,2323.0390625,2966
ds004302_sub-03,rh_middletemporal,2.7841882705688477,-0.0419556088745594,11950.3369140625,-1.0650986433029175,3568.09716796875,4755
ds004302_sub-03,rh_parahippocampal,2.6827046871185303,-0.03780943155288696,1890.2098388671875,-0.1310877501964569,594.807373046875,960
ds004302_sub-03,rh_paracentral,2.4148736000061035,-0.01658914051949978,4656.908203125,0.8036439418792725,1813.7880859375,3002
ds004302_sub-03,rh_parsopercularis,2.2230398654937744,-0.039117179811000824,3954.876220703125,1.0650438070297241,1634.2421875,2271
ds004302_sub-03,rh_parsorbitalis,2.589759349822998,-0.10483472794294357,2855.50244140625,-4.8715057373046875,855.0177001953125,1052
ds004302_sub-03,rh_parstriangularis,2.5077176094055176,-0.02980104647576809,4804.4345703125,-1.0107914209365845,1655.2750244140625,2323
ds004302_sub-03,rh_pericalcarine,1.6264866590499878,0.06136759743094444,2738.7705078125,2.7057292461395264,1959.426025390625,2701
ds004302_sub-03,rh_postcentral,2.0308797359466553,-0.04761667922139168,10029.541015625,-0.8446752429008484,4380.61962890625,6625
ds004302_sub-03,rh_posteriorcingulate,2.3146398067474365,0.0010197835508733988,3258.60205078125,2.072805881500244,1248.214111328125,1714
ds004302_sub-03,rh_precentral,2.5409412384033203,-0.025204185396432877,16660.990234375,0.4006279706954956,5834.68408203125,9392
ds004302_sub-03,rh_precuneus,2.3686482906341553,-0.008003350347280502,10584.03515625,1.7728351354599,4304.171875,6256
ds004302_sub-03,rh_rostralanteriorcingulate,2.75276255607605,-0.019213572144508362,1875.490234375,1.0452011823654175,589.1941528320312,761
ds004302_sub-03,rh_rostralmiddlefrontal,2.4002981185913086,-0.02413134090602398,16571.923828125,-0.3927878439426422,6164.92431640625,8118
ds004302_sub-03,rh_superiorfrontal,2.7259340286254883,-0.026994921267032623,24264.84375,-0.6266692876815796,8005.23046875,11500
ds004302_sub-03,rh_superiorparietal,1.9691282510757446,-0.034765563905239105,12397.39453125,-0.1565483659505844,5818.0263671875,8825
ds004302_sub-03,rh_superiortemporal,2.87998366355896,-0.038733724504709244,12379.671875,-0.3703867495059967,3690.803955078125,5390
ds004302_sub-03,rh_supramarginal,2.4728572368621826,-0.0177319273352623,11335.38671875,1.1004371643066406,4232.4169921875,6091
ds004302_sub-03,rh_frontalpole,2.58550763130188,-0.1431242823600769,1422.6597900390625,-8.69262981414795,412.66119384765625,494
ds004302_sub-03,rh_temporalpole,4.050833225250244,-0.09053710848093033,3610.77294921875,-7.523751258850098,578.0084838867188,735
ds004302_sub-03,rh_transversetemporal,2.7643494606018066,-0.09579640626907349,1220.770751953125,3.253875732421875,358.96148681640625,591
ds004302_sub-03,rh_insula,3.0342838764190674,0.026022477075457573,8494.23046875,5.752645492553711,2649.576904296875,3891
ds004302_sub-04,lh_bankssts,2.5834853649139404,0.043440286070108414,2544.92724609375,3.7932093143463135,1036.0074462890625,1590
ds004302_sub-04,lh_caudalanteriorcingulate,2.063178062438965,0.011513598263263702,1632.9957275390625,2.2127649784088135,674.10693359375,1020
ds004302_sub-04,lh_caudalmiddlefrontal,2.6250157356262207,-0.006785104051232338,4731.72705078125,2.136291265487671,1652.7652587890625,2553
ds004302_sub-04,lh_cuneus,1.8115473985671997,-0.03481677174568176,2710.4765625,-2.5307421684265137,1437.957275390625,2033
ds004302_sub-04,lh_entorhinal,2.98652982711792,-0.043865036219358444,1762.00390625,-4.110031604766846,395.6432800292969,575
ds004302_sub-04,lh_fusiform,2.590500593185425,-0.008797707036137581,8798.3330078125,1.9574785232543945,3039.84619140625,4478
ds004302_sub-04,lh_inferiorparietal,2.459332227706909,-0.02146560326218605,10845.4482421875,0.7328265905380249,3878.759033203125,5744
ds004302_sub-04,lh_inferiortemporal,2.720336675643921,-0.038073211908340454,11329.4345703125,-1.3634142875671387,3423.81103515625,4985
ds004302_sub-04,lh_isthmuscingulate,2.3110544681549072,-0.0013495454331859946,2731.781494140625,0.7436933517456055,1086.19970703125,1625
ds004302_sub-04,lh_lateraloccipital,2.3095765113830566,-0.048614777624607086,13527.205078125,-2.4016265869140625,5149.9912109375,7707
ds004302_sub-04,lh_lateralorbitofrontal,2.5959136486053467,-0.023687753826379776,7789.03515625,-0.0023170136846601963,2691.166015625,3811
ds004302_sub-04,lh_lingual,2.143057346343994,-0.030306611210107803,7269.12109375,0.0860297679901123,3067.418701171875,4297
ds004302_sub-04,lh_medialorbitofrontal,1.9968981742858887,-0.04332011565566063,5042.3994140625,-1.2673996686935425,2193.8701171875,3248
ds004302_sub-04,lh_middletemporal,2.897920846939087,-0.06223994866013527,12503.037109375,-2.1174681186676025,3421.375732421875,4628
ds004302_sub-04,lh_parahippocampal,3.0189015865325928,-0.05129413679242134,2422.01904296875,-0.8149217963218689,664.3992919921875,1030
ds004302_sub-04,lh_paracentral,2.5683653354644775,-0.04442648962140083,3442.60009765625,-0.8030675053596497,1242.66796875,1963
ds004302_sub-04,lh_parsopercularis,2.626800775527954,-0.036156248301267624,4631.4404296875,-0.6725383996963501,1535.573486328125,2297
ds004302_sub-04,lh_parsorbitalis,2.492359161376953,-0.09584525972604752,2235.53759765625,-5.180244445800781,696.31298828125,971
ds004302_sub-04,lh_parstriangularis,2.420877456665039,-0.0261946190148592,4585.080078125,-0.22721827030181885,1642.1954345703125,2338
ds004302_sub-04,lh_pericalcarine,1.7496789693832397,0.06640775501728058,1907.4478759765625,3.121858596801758,1263.694091796875,1833
ds004302_sub-04,lh_postcentral,2.200786590576172,-0.05046951770782471,9816.25,-0.878768265247345,3960.7861328125,6144
ds004302_sub-04,lh_posteriorcingulate,2.237013578414917,-0.0005341474898159504,3281.456298828125,2.1094019412994385,1381.1790771484375,2048
ds004302_sub-04,lh_precentral,2.747853994369507,-0.02802453190088272,14596.34375,0.3273349404335022,4818.69677734375,7825
ds004302_sub-04,lh_precuneus,2.476811647415161,-0.01726093702018261,10347.6103515625,1.3269469738006592,3783.437744140625,5486
ds004302_sub-04,lh_rostralanteriorcingulate,2.2172648906707764,-0.03136817365884781,1791.234619140625,1.2360703945159912,727.8361206054688,993
ds004302_sub-04,lh_rostralmiddlefrontal,2.2399723529815674,-0.027258003130555153,14895.2451171875,0.0906531810760498,5817.20703125,7973
ds004302_sub-04,lh_superiorfrontal,2.6846630573272705,-0.030373970046639442,24622.341796875,-0.6391609311103821,7963.240234375,11833
ds004302_sub-04,lh_superiorparietal,2.3249449729919434,-0.025609634816646576,12653.78515625,0.17827121913433075,4725.56494140625,7038
ds004302_sub-04,lh_superiortemporal,2.783381223678589,-0.022571735084056854,14195.583984375,0.2265017181634903,4506.3740234375,6800
ds004302_sub-04,lh_supramarginal,2.653749704360962,-0.0334087572991848,13094.5205078125,-0.10825285315513611,4363.68359375,6510
ds004302_sub-04,lh_frontalpole,2.020251512527466,-0.1486668586730957,721.1566162109375,-7.167846202850342,280.1419677734375,382
ds004302_sub-04,lh_temporalpole,3.451037645339966,-0.07505929470062256,2596.4853515625,-6.554616928100586,550.4261474609375,746
ds004302_sub-04,lh_transversetemporal,2.482612133026123,-0.037673380225896835,1397.537841796875,3.7692251205444336,516.711181640625,797
ds004302_sub-04,lh_insula,3.1598763465881348,0.02416324056684971,7788.23095703125,5.272130489349365,2405.6826171875,3642
ds004302_sub-04,rh_bankssts,2.5570201873779297,0.042800191789865494,2528.5185546875,5.4624104499816895,1005.617431640625,1519
ds004302_sub-04,rh_caudalanteriorcingulate,2.056818723678589,0.011803722009062767,1743.2259521484375,2.2028820514678955,772.2266235351562,1135
ds004302_sub-04,rh_caudalmiddlefrontal,2.3400776386260986,0.010189094580709934,3852.19482421875,3.981074333190918,1610.8519287109375,2419
ds004302_sub-04,rh_cuneus,2.1191084384918213,-0.04784121736884117,4849.9501953125,-3.2343225479125977,1959.569091796875,2795
ds004302_sub-04,rh_entorhinal,2.498657703399658,-0.07609841972589493,1134.9615478515625,-4.4094085693359375,324.5533752441406,464
ds004302_sub-04,rh_fusiform,2.8563830852508545,-0.021810809150338173,9463.953125,0.7395053505897522,2802.75146484375,4174
ds004302_sub-04,rh_inferiorparietal,2.54573130607605,-0.026651566848158836,16868.5546875,0.27567780017852783,5582.67236328125,8078
ds004302_sub-04,rh_inferiortemporal,2.5477371215820312,-0.04028584808111191,9790.6953125,-1.2565375566482544,3251.2744140625,4624
ds004302_sub-04,rh_isthmuscingulate,2.5171406269073486,-0.011618713848292828,2667.634521484375,0.09243971854448318,961.1600952148438,1422
ds004302_sub-04,rh_lateraloccipital,2.3388171195983887,-0.03371286392211914,14074.173828125,-1.419935941696167,5203.5751953125,7720
ds004302_sub-04,rh_lateralorbitofrontal,2.5160679817199707,-0.011304937303066254,6899.62158203125,0.4055664539337158,2476.35546875,3597
ds004302_sub-04,rh_lingual,2.1182241439819336,-0.029277609661221504,9017.134765625,0.6745769381523132,3943.846435546875,5504
ds004302_sub-04,rh_medialorbitofrontal,2.200425148010254,-0.0369274728000164,5035.873046875,-1.1817231178283691,2011.382568359375,2902
ds004302_sub-04,rh_middletemporal,2.859201669692993,-0.0411689393222332,12785.181640625,-1.084070086479187,3680.99609375,5036
ds004302_sub-04,rh_parahippocampal,2.5292255878448486,-0.03049212507903576,1973.9434814453125,-0.12038255482912064,693.9549560546875,1087
ds004302_sub-04,rh_paracentral,2.582458257675171,-0.02392234466969967,4326.83447265625,0.3066253364086151,1564.22265625,2474
ds004302_sub-04,rh_parsopercularis,2.812861680984497,-0.030226262286305428,4201.974609375,-0.7808088064193726,1314.0985107421875,1964
ds004302_sub-04,rh_parsorbitalis,2.558201551437378,-0.09287901222705841,3147.57666015625,-5.02130651473999,945.3974609375,1342
ds004302_sub-04,rh_parstriangularis,2.3853538036346436,-0.03369969502091408,5429.302734375,-0.02039298601448536,1899.978271484375,2696
ds004302_sub-04,rh_pericalcarine,1.6071858406066895,0.05235375463962555,2410.977783203125,2.5324032306671143,1738.34033203125,2439
ds004302_sub-04,rh_postcentral,2.0676465034484863,-0.049826472997665405,8714.5927734375,-0.8853381872177124,3630.15771484375,5575
ds004302_sub-04,rh_posteriorcingulate,2.511162042617798,-0.007944951765239239,3500.9140625,1.8079723119735718,1226.0457763671875,1791
ds004302_sub-04,rh_precentral,2.6458399295806885,-0.021414417773485184,15283.76171875,0.17636488378047943,5109.1591796875,8076
ds004302_sub-04,rh_precuneus,2.5766654014587402,-0.0023048652801662683,9710.265625,1.477612018585205,3549.75830078125,5324
ds004302_sub-04,rh_rostralanteriorcingulate,2.260406494140625,-0.0080796517431736,1272.6846923828125,1.5404998064041138,503.3725891113281,741
ds004302_sub-04,rh_rostralmiddlefrontal,2.239375114440918,-0.021930309012532234,16116.859375,-0.020238278433680534,6167.9912109375,8638
ds004302_sub-04,rh_superiorfrontal,2.7285075187683105,-0.035634808242321014,23771.23828125,-1.0313048362731934,7478.05517578125,10966
ds004302_sub-04,rh_superiorparietal,2.421588897705078,-0.0317361056804657,13454.126953125,-0.3628677725791931,4774.55712890625,7321
ds004302_sub-04,rh_superiortemporal,2.8880560398101807,-0.03823499009013176,13739.5751953125,-0.4751598536968231,4005.8779296875,5981
ds004302_sub-04,rh_supramarginal,2.545569896697998,-0.022947316989302635,9748.912109375,0.5535051226615906,3427.5595703125,4959
ds004302_sub-04,rh_frontalpole,2.5525941848754883,-0.17131254076957703,1349.3118896484375,-8.201451301574707,374.7794189453125,491
ds004302_sub-04,rh_temporalpole,3.1502063274383545,-0.0890800803899765,2500.623046875,-7.60508394241333,552.4866943359375,681
ds004302_sub-04,rh_transversetemporal,2.827637195587158,-0.012282921001315117,937.1298217773438,5.1968770027160645,321.1666259765625,468
ds004302_sub-04,rh_insula,3.0429441928863525,0.023550961166620255,7875.8935546875,5.343023300170898,2520.75634765625,3613
ds004302_sub-05,lh_bankssts,2.173201560974121,0.016510728746652603,2497.1015625,2.474125385284424,1195.5755615234375,1716
ds004302_sub-05,lh_caudalanteriorcingulate,2.2494072914123535,0.007116258610039949,2257.49755859375,1.9271094799041748,920.6748046875,1376
ds004302_sub-05,lh_caudalmiddlefrontal,2.318608522415161,-0.005817956291139126,3950.69189453125,1.761553406715393,1653.0997314453125,2625
ds004302_sub-05,lh_cuneus,1.5775381326675415,-0.028041258454322815,2485.076171875,-1.6618332862854004,1564.5357666015625,2343
ds004302_sub-05,lh_entorhinal,2.871476411819458,-0.05274960398674011,1706.72509765625,-3.41884183883667,406.4305725097656,642
ds004302_sub-05,lh_fusiform,2.6118180751800537,-0.04020242765545845,9196.310546875,0.4474117159843445,3066.98876953125,4525
ds004302_sub-05,lh_inferiorparietal,2.222386598587036,-0.032489582896232605,11629.841796875,0.3314416706562042,4820.1669921875,7125
ds004302_sub-05,lh_inferiortemporal,2.3653981685638428,-0.02164277248084545,8702.306640625,-0.6557060480117798,3279.11376953125,4853
ds004302_sub-05,lh_isthmuscingulate,2.1769542694091797,-0.007278805132955313,2368.556884765625,0.1989380270242691,997.23779296875,1493
ds004302_sub-05,lh_lateraloccipital,2.114680051803589,-0.04058030620217323,11808.5146484375,-1.6684091091156006,5124.5537109375,7830
ds004302_sub-05,lh_lateralorbitofrontal,2.332089424133301,-0.0397181399166584,7329.9892578125,0.11469759792089462,2823.927001953125,4157
ds004302_sub-05,lh_lingual,1.978798508644104,-0.03442728519439697,7338.0634765625,-0.28732386231422424,3384.6826171875,4954
ds004302_sub-05,lh_medialorbitofrontal,2.1675219535827637,-0.03366495296359062,5138.5458984375,-0.7265115976333618,2279.517578125,3320
ds004302_sub-05,lh_middletemporal,2.4140937328338623,-0.059324901551008224,9240.123046875,-1.7204259634017944,3182.91162109375,4440
ds004302_sub-05,lh_parahippocampal,2.7495806217193604,-0.04197781905531883,2209.568115234375,-0.1290242224931717,644.923828125,1019
ds004302_sub-05,lh_paracentral,2.4647533893585205,-0.023349205031991005,3272.101806640625,0.2180735468864441,1263.5218505859375,2199
ds004302_sub-05,lh_parsopercularis,2.47538161277771,-0.04452580213546753,5205.205078125,-0.11722356826066971,1875.0693359375,2825
ds004302_sub-05,lh_parsorbitalis,2.3227415084838867,-0.105933278799057,2215.5244140625,-5.2454752922058105,797.8643798828125,1119
ds004302_sub-05,lh_parstriangularis,2.310321092605591,-0.025874700397253036,3956.11181640625,-0.27854856848716736,1546.51416015625,2301
ds004302_sub-05,lh_pericalcarine,1.528509497642517,0.06757969409227371,1801.009765625,3.0858840942382812,1389.87060546875,2070
ds004302_sub-05,lh_postcentral,1.9355571269989014,-0.05719366297125816,9378.248046875,-1.173340082168579,4434.44873046875,7254
ds004302_sub-05,lh_posteriorcingulate,2.2506046295166016,0.006815031170845032,2895.822509765625,1.905004858970642,1186.653564453125,1745
ds004302_sub-05,lh_precentral,2.5726096630096436,-0.03543221578001976,11887.392578125,0.36058488488197327,4237.2177734375,7533
ds004302_sub-05,lh_precuneus,2.3764495849609375,-0.014787638559937477,9151.587890625,1.5077743530273438,3696.094970703125,5446
ds004302_sub-05,lh_rostralanteriorcingulate,2.416703462600708,-0.03971899673342705,2282.341064453125,0.1560119241476059,872.1097412109375,1149
ds004302_sub-05,lh_rostralmiddlefrontal,2.1362144947052,-0.02806420810520649,14309.2294921875,0.16638848185539246,6198.498046875,8762
ds004302_sub-05,lh_superiorfrontal,2.4002132415771484,-0.025452537462115288,20652.66796875,-0.5961461663246155,7798.13134765625,11759
ds004302_sub-05,lh_superiorparietal,1.9730314016342163,-0.027316592633724213,12384.263671875,-0.016927771270275116,5721.23291015625,8636
ds004302_sub-05,lh_superiortemporal,2.641620635986328,-0.030288731679320335,11168.01171875,-0.22015315294265747,3756.58740234375,5691
ds004302_sub-05,lh_supramarginal,2.307220697402954,-0.02347882091999054,9622.4248046875,0.22898630797863007,3915.03173828125,5749
ds004302_sub-05,lh_frontalpole,2.257291078567505,-0.1443656086921692,741.7030029296875,-7.806631565093994,257.8406982421875,373
ds004302_sub-05,lh_temporalpole,3.348276376724243,-0.09470955282449722,2355.18310546875,-8.418644905090332,506.7523193359375,674
ds004302_sub-05,lh_transversetemporal,2.1334779262542725,-0.05184062197804451,1062.75537109375,3.0920310020446777,461.610107421875,761
ds004302_sub-05,lh_insula,2.8939151763916016,0.03507183492183685,7117.98828125,5.500612258911133,2382.4716796875,3604
ds004302_sub-05,rh_bankssts,2.470519542694092,0.037181347608566284,1844.08544921875,3.6725308895111084,781.04443359375,1153
ds004302_sub-05,rh_caudalanteriorcingulate,2.0616531372070312,0.010207297280430794,1653.10595703125,1.5875998735427856,748.3760375976562,1084
ds004302_sub-05,rh_caudalmiddlefrontal,2.454850435256958,-0.02053069695830345,4912.0556640625,1.5099291801452637,1897.746826171875,2988
ds004302_sub-05,rh_cuneus,1.7091565132141113,-0.02725907601416111,3140.83251953125,-2.1753602027893066,1736.552490234375,2459
ds004302_sub-05,rh_entorhinal,3.158653497695923,-0.060577135533094406,2099.076171875,-3.496736764907837,422.1552429199219,650
ds004302_sub-05,rh_fusiform,2.5602593421936035,-0.02898205816745758,8474.263671875,0.7345321178436279,2933.09423828125,4319
ds004302_sub-05,rh_inferiorparietal,2.358675479888916,-0.030686935409903526,13796.8740234375,0.20635463297367096,5206.4697265625,7555
ds004302_sub-05,rh_inferiortemporal,2.436861038208008,-0.037910301238298416,9242.2353515625,-1.0786036252975464,3280.5888671875,4760
ds004302_sub-05,rh_isthmuscingulate,2.4318771362304688,-0.023738881573081017,2571.93017578125,-0.40113046765327454,929.446533203125,1349
ds004302_sub-05,rh_lateraloccipital,2.1677825450897217,-0.027914894744753838,12566.4609375,-1.3357714414596558,5208.39208984375,7783
ds004302_sub-05,rh_lateralorbitofrontal,2.4770357608795166,-0.019870957359671593,6615.25390625,0.19616803526878357,2521.890625,3638
ds004302_sub-05,rh_lingual,2.0799930095672607,-0.032698627561330795,7954.46435546875,-0.40503257513046265,3350.531494140625,4774
ds004302_sub-05,rh_medialorbitofrontal,2.5007660388946533,-0.04853403568267822,6243.435546875,-1.6857072114944458,2217.51806640625,3058
ds004302_sub-05,rh_middletemporal,2.5290913581848145,-0.043465498834848404,10447.0322265625,-1.381626844406128,3558.68994140625,4961
ds004302_sub-05,rh_parahippocampal,2.777465343475342,-0.02604352869093418,2107.18798828125,-0.3356272578239441,620.5235595703125,951
ds004302_sub-05,rh_paracentral,2.2727527618408203,-0.015008981339633465,3335.4169921875,0.38481295108795166,1456.5400390625,2391
ds004302_sub-05,rh_parsopercularis,2.702547311782837,-0.019194671884179115,4078.958984375,0.5926006436347961,1360.76806640625,1991
ds004302_sub-05,rh_parsorbitalis,2.522109270095825,-0.06974639743566513,2300.07763671875,-4.36514139175415,774.129638671875,1122
ds004302_sub-05,rh_parstriangularis,2.5165603160858154,-0.03189648687839508,4881.900390625,-0.5740009546279907,1731.2757568359375,2602
ds004302_sub-05,rh_pericalcarine,1.3540221452713013,0.06338725984096527,1668.47412109375,1.495308756828308,1434.490478515625,2111
ds004302_sub-05,rh_postcentral,2.0482802391052246,-0.050604432821273804,9942.826171875,-0.8124525547027588,4360.8818359375,7225
ds004302_sub-05,rh_posteriorcingulate,2.3211395740509033,-0.008686019107699394,3227.05419921875,1.4867470264434814,1250.571044921875,1802
ds004302_sub-05,rh_precentral,2.614426851272583,-0.025825873017311096,13176.41015625,0.38153016567230225,4612.2724609375,7951
ds004302_sub-05,rh_precuneus,2.4438655376434326,-0.006409171037375927,9381.6884765625,1.664128303527832,3757.0595703125,5519
ds004302_sub-05,rh_rostralanteriorcingulate,2.437082290649414,0.019682757556438446,1565.537841796875,1.3514398336410522,587.526123046875,786
ds004302_sub-05,rh_rostralmiddlefrontal,2.171898126602173,-0.021360544487833977,14200.6826171875,0.1941545158624649,6099.087890625,8461
ds004302_sub-05,rh_superiorfrontal,2.492189407348633,-0.025618616491556168,20421.583984375,-0.524218738079071,7513.07763671875,11233
ds004302_sub-05,rh_superiorparietal,2.070284366607666,-0.037575025111436844,12348.0234375,-0.6551957726478577,5293.91455078125,7901
ds004302_sub-05,rh_superiortemporal,2.724015235900879,-0.025489071384072304,10365.3359375,-0.3091958165168762,3401.61474609375,5190
ds004302_sub-05,rh_supramarginal,2.382675886154175,-0.020176755264401436,11983.66015625,0.9037267565727234,4648.2236328125,6794
ds004302_sub-05,rh_frontalpole,2.3448386192321777,-0.13133597373962402,1006.5462646484375,-7.800057888031006,345.0687255859375,477
ds004302_sub-05,rh_temporalpole,3.430504083633423,-0.08470480889081955,2528.517578125,-8.250603675842285,506.0315246582031,630
ds004302_sub-05,rh_transversetemporal,2.360332727432251,-0.06335774064064026,879.9324951171875,3.8025310039520264,341.8387451171875,582
ds004302_sub-05,rh_insula,2.9028539657592773,0.02489669993519783,6999.37890625,5.642889022827148,2469.258544921875,3595
ds004302_sub-06,lh_bankssts,2.375070095062256,0.049878377467393875,2362.458984375,3.414260149002075,1023.1129150390625,1505
ds004302_sub-06,lh_caudalanteriorcingulate,2.1813254356384277,0.02800997532904148,2429.1845703125,2.687638282775879,1045.377197265625,1637
ds004302_sub-06,lh_caudalmiddlefrontal,2.3530118465423584,-0.017689594998955727,6182.693359375,1.4066969156265259,2466.559814453125,3645
ds004302_sub-06,lh_cuneus,1.992414116859436,-0.059648316353559494,3978.80517578125,-3.8217480182647705,1815.98291015625,2426
ds004302_sub-06,lh_entorhinal,3.085196018218994,-0.0856778472661972,1946.4498291015625,-5.543476104736328,431.72930908203125,595
ds004302_sub-06,lh_fusiform,2.676151752471924,-0.031442251056432724,8813.6435546875,0.6865930557250977,2878.891357421875,4032
ds004302_sub-06,lh_inferiorparietal,2.3864309787750244,-0.0259223822504282,12088.873046875,0.8856003284454346,4704.3720703125,6589
ds004302_sub-06,lh_inferiortemporal,2.624809980392456,-0.03644506260752678,11883.6484375,-0.5307218432426453,3888.1875,5402
ds004302_sub-06,lh_isthmuscingulate,2.1767683029174805,-0.024718429893255234,2445.882568359375,0.1698160618543625,984.482177734375,1377
ds004302_sub-06,lh_lateraloccipital,2.0614140033721924,-0.04313301667571068,12232.4638671875,-1.6252315044403076,5441.6552734375,7681
ds004302_sub-06,lh_lateralorbitofrontal,2.6884870529174805,-0.011335594579577446,7424.6533203125,0.09546394646167755,2387.7861328125,3241
ds004302_sub-06,lh_lingual,2.0726821422576904,-0.04213722422719002,7933.63720703125,-0.14013613760471344,3424.43603515625,4680
ds004302_sub-06,lh_medialorbitofrontal,2.403703212738037,-0.050535064190626144,5997.46240234375,-1.964657187461853,2152.3271484375,2811
ds004302_sub-06,lh_middletemporal,2.6758439540863037,-0.0635143294930458,11173.337890625,-1.4244351387023926,3391.875,4521
ds004302_sub-06,lh_parahippocampal,2.5621631145477295,-0.031008606776595116,1842.0845947265625,-1.1710257530212402,568.1967163085938,840
ds004302_sub-06,lh_paracentral,2.3539140224456787,-0.024736914783716202,3810.964111328125,-0.33957305550575256,1520.1705322265625,2353
ds004302_sub-06,lh_parsopercularis,2.611032009124756,-0.038521334528923035,5085.654296875,-0.16228537261486053,1788.33984375,2437
ds004302_sub-06,lh_parsorbitalis,2.4103877544403076,-0.06756611913442612,1939.064208984375,-4.361354827880859,644.759765625,821
ds004302_sub-06,lh_parstriangularis,2.585188388824463,-0.03171990439295769,4165.72802734375,-0.37950265407562256,1426.166748046875,2023
ds004302_sub-06,lh_pericalcarine,1.6121982336044312,0.05376937985420227,2368.6953125,2.727522611618042,1708.7044677734375,2331
ds004302_sub-06,lh_postcentral,2.127255439758301,-0.048065684735774994,9920.5009765625,-1.0867592096328735,4256.45556640625,6484
ds004302_sub-06,lh_posteriorcingulate,2.538480281829834,0.017904039472341537,3419.2001953125,2.44881534576416,1240.1552734375,1696
ds004302_sub-06,lh_precentral,2.5541388988494873,-0.016607047989964485,12979.5185546875,0.3560931980609894,4648.62451171875,7297
ds004302_sub-06,lh_precuneus,2.4076240062713623,-0.014662815257906914,9743.7587890625,1.2153213024139404,3797.09423828125,5306
ds004302_sub-06,lh_rostralanteriorcingulate,2.5878219604492188,-0.024499880149960518,2946.496826171875,0.5555893778800964,977.5330810546875,1343
ds004302_sub-06,lh_rostralmiddlefrontal,2.1781489849090576,-0.029084205627441406,14742.1884765625,-0.13558298349380493,6082.830078125,7899
ds004302_sub-06,lh_superiorfrontal,2.540013313293457,-0.03256357088685036,21476.2734375,-0.7942734360694885,7440.6904296875,10586
ds004302_sub-06,lh_superiorparietal,2.1406362056732178,-0.027389226481318474,14550.6748046875,0.32415932416915894,6214.544921875,9150
ds004302_sub-06,lh_superiortemporal,2.6131560802459717,-0.031788215041160583,12574.802734375,0.301926851272583,4098.34326171875,6024
ds004302_sub-06,lh_supramarginal,2.545159101486206,-0.03183601051568985,11146.556640625,0.07456627488136292,4064.793212890625,5723
ds004302_sub-06,lh_frontalpole,2.663778066635132,-0.14792931079864502,1091.5255126953125,-9.398225784301758,296.2129211425781,349
ds004302_sub-06,lh_temporalpole,3.286588430404663,-0.09959551692008972,2693.27490234375,-6.962698936462402,594.83056640625,644
ds004302_sub-06,lh_transversetemporal,2.352694511413574,-0.07703226804733276,1266.0936279296875,2.590341567993164,472.01361083984375,696
ds004302_sub-06,lh_insula,3.1431758403778076,0.03077111393213272,7423.99951171875,5.709553241729736,2298.818359375,3375
ds004302_sub-06,rh_bankssts,2.450930118560791,0.04022369161248207,2392.1181640625,4.684792518615723,1029.94873046875,1592
ds004302_sub-06,rh_caudalanteriorcingulate,2.1477973461151123,0.015010401606559753,1470.7943115234375,2.1931023597717285,608.6497802734375,931
ds004302_sub-06,rh_caudalmiddlefrontal,2.3688712120056152,-0.02667439915239811,6971.0458984375,0.7954678535461426,2676.20458984375,3841
ds004302_sub-06,rh_cuneus,1.9275745153427124,-0.05088456720113754,4021.7119140625,-3.7778520584106445,1832.96533203125,2434
ds004302_sub-06,rh_entorhinal,2.759699821472168,-0.13332466781139374,1807.588134765625,-6.607334136962891,443.3304138183594,545
ds004302_sub-06,rh_fusiform,2.6724488735198975,-0.01801358535885811,8245.2236328125,1.3438178300857544,2681.000244140625,3884
ds004302_sub-06,rh_inferiorparietal,2.401029348373413,-0.028920814394950867,14851.6650390625,0.43478360772132874,5530.0498046875,7623
ds004302_sub-06,rh_inferiortemporal,2.6184544563293457,-0.035377372056245804,10820.408203125,-0.6353259682655334,3598.41357421875,4934
ds004302_sub-06,rh_isthmuscingulate,2.1240227222442627,-0.027042800560593605,2383.0947265625,0.025050919502973557,921.1091918945312,1318
ds004302_sub-06,rh_lateraloccipital,2.214737892150879,-0.04360327497124672,11156.3330078125,-2.0238475799560547,4405.0888671875,5944
ds004302_sub-06,rh_lateralorbitofrontal,2.7646703720092773,-0.010006316937506199,7178.705078125,0.15559735894203186,2308.0751953125,3169
ds004302_sub-06,rh_lingual,2.05527925491333,-0.03401597961783409,6982.11669921875,0.006503878626972437,3168.137451171875,4207
ds004302_sub-06,rh_medialorbitofrontal,2.4970409870147705,-0.04168504476547241,6017.794921875,-1.7681111097335815,2092.1806640625,2741
ds004302_sub-06,rh_middletemporal,2.6519250869750977,-0.055988017469644547,12543.61328125,-1.3562023639678955,3930.08984375,4989
ds004302_sub-06,rh_parahippocampal,2.743669033050537,-0.014138058759272099,1719.136962890625,-0.45001038908958435,534.529052734375,807
ds004302_sub-06,rh_paracentral,2.3595988750457764,-0.011208570562303066,4161.99072265625,0.4034492075443268,1643.686279296875,2577
ds004302_sub-06,rh_parsopercularis,2.613680124282837,-0.032443251460790634,3792.0546875,0.8851475119590759,1388.1650390625,1918
ds004302_sub-06,rh_parsorbitalis,2.4575023651123047,-0.10701248794794083,2386.0693359375,-4.318799018859863,774.4039916992188,993
ds004302_sub-06,rh_parstriangularis,2.510047197341919,-0.03992213308811188,3955.80615234375,-0.3329499661922455,1421.60546875,1948
ds004302_sub-06,rh_pericalcarine,1.5233741998672485,0.053612835705280304,2431.963623046875,2.2550930976867676,1841.753662109375,2586
ds004302_sub-06,rh_postcentral,2.0676755905151367,-0.04539687931537628,10245.724609375,-1.0579016208648682,4496.5380859375,6679
ds004302_sub-06,rh_posteriorcingulate,2.3664889335632324,0.006073016207665205,3333.068359375,2.1333508491516113,1223.2947998046875,1635
ds004302_sub-06,rh_precentral,2.5188989639282227,-0.020246567204594612,13944.328125,0.16846264898777008,5158.4091796875,7874
ds004302_sub-06,rh_precuneus,2.4208414554595947,-0.018164942041039467,10783.3408203125,0.9824562668800354,4112.48974609375,5837
ds004302_sub-06,rh_rostralanteriorcingulate,2.8951821327209473,-0.0015965600032359362,1816.3402099609375,1.7393516302108765,536.4497680664062,712
ds004302_sub-06,rh_rostralmiddlefrontal,2.069636583328247,-0.018643388524651527,13992.154296875,-0.03271149471402168,6134.78369140625,7871
ds004302_sub-06,rh_superiorfrontal,2.526519775390625,-0.029371321201324463,22513.130859375,-0.43198418617248535,7807.85595703125,11007
ds004302_sub-06,rh_superiorparietal,2.136863946914673,-0.025721997022628784,14258.728515625,0.015734707936644554,6009.96142578125,8715
ds004302_sub-06,rh_superiortemporal,2.7197582721710205,-0.030042467638850212,11665.23046875,-0.13850797712802887,3745.77734375,5531
ds004302_sub-06,rh_supramarginal,2.4667654037475586,-0.029212549328804016,11977.0986328125,0.06277579814195633,4453.49609375,6139
ds004302_sub-06,rh_frontalpole,2.7198421955108643,-0.1920095682144165,1181.2110595703125,-9.512744903564453,323.91925048828125,386
ds004302_sub-06,rh_temporalpole,3.5425479412078857,-0.11127176880836487,2954.748046875,-7.330777168273926,575.1412353515625,607
ds004302_sub-06,rh_transversetemporal,2.31132173538208,-0.09679755568504333,1132.533447265625,3.1000285148620605,421.95758056640625,633
ds004302_sub-06,rh_insula,3.2645506858825684,0.03036048822104931,7278.841796875,5.803761005401611,2211.88623046875,3389
ds004302_sub-07,lh_bankssts,2.4014639854431152,0.030907543376088142,2333.52197265625,4.071621894836426,997.1264038085938,1515
ds004302_sub-07,lh_caudalanteriorcingulate,2.377786159515381,-0.002686514984816313,2165.671630859375,1.5892165899276733,809.2586669921875,1097
ds004302_sub-07,lh_caudalmiddlefrontal,2.3231711387634277,-0.02432398684322834,4919.388671875,1.4776209592819214,1974.758544921875,3039
ds004302_sub-07,lh_cuneus,1.8082077503204346,-0.050254710018634796,3080.171875,-2.3205814361572266,1518.589111328125,2220
ds004302_sub-07,lh_entorhinal,3.171725034713745,-0.03009374625980854,1930.737548828125,-2.097914934158325,468.44244384765625,733
ds004302_sub-07,lh_fusiform,2.7150747776031494,-0.03339928761124611,8388.59375,0.48553264141082764,2751.78662109375,3906
ds004302_sub-07,lh_inferiorparietal,2.278996229171753,-0.03505897894501686,10933.2861328125,0.5540968179702759,4427.48291015625,6371
ds004302_sub-07,lh_inferiortemporal,2.62241268157959,-0.02656746469438076,11003.5634765625,-0.5306662917137146,3722.671142578125,5179
ds004302_sub-07,lh_isthmuscingulate,2.419036388397217,-0.026071330532431602,2018.97265625,-0.5570968389511108,763.281494140625,1162
ds004302_sub-07,lh_lateraloccipital,1.9533357620239258,-0.04058520123362541,8287.376953125,-2.1030144691467285,3896.681640625,5615
ds004302_sub-07,lh_lateralorbitofrontal,2.589385747909546,-0.009705271571874619,7083.30029296875,0.1749500334262848,2558.655029296875,3442
ds004302_sub-07,lh_lingual,1.9843045473098755,-0.04666944593191147,6933.76611328125,-0.8057718873023987,3126.60546875,4467
ds004302_sub-07,lh_medialorbitofrontal,2.302213191986084,-0.0426185168325901,5644.494140625,-1.733073115348816,2249.9111328125,3035
ds004302_sub-07,lh_middletemporal,2.7274789810180664,-0.06902293115854263,10267.2060546875,-1.8991804122924805,3155.71240234375,4561
ds004302_sub-07,lh_parahippocampal,3.1395726203918457,-0.04964861273765564,2260.392822265625,-1.4263916015625,620.2430419921875,940
ds004302_sub-07,lh_paracentral,2.2691009044647217,-0.02318555675446987,3247.497314453125,0.0004941484075970948,1351.0631103515625,2195
ds004302_sub-07,lh_parsopercularis,2.3384039402008057,-0.030154142528772354,4529.24560546875,0.25510165095329285,1757.230224609375,2532
ds004302_sub-07,lh_parsorbitalis,2.3984951972961426,-0.1049174889922142,1962.1224365234375,-5.439663887023926,682.660888671875,889
ds004302_sub-07,lh_parstriangularis,2.322783946990967,-0.025673219934105873,3155.609375,-0.25144901871681213,1231.1209716796875,1760
ds004302_sub-07,lh_pericalcarine,1.5890748500823975,0.054176975041627884,1948.554443359375,2.296807050704956,1404.9873046875,2054
ds004302_sub-07,lh_postcentral,1.949586033821106,-0.05012983828783035,8643.451171875,-0.8430027961730957,4004.539306640625,6233
ds004302_sub-07,lh_posteriorcingulate,2.221224069595337,0.010222784243524075,2902.339599609375,2.228428840637207,1183.5411376953125,1700
ds004302_sub-07,lh_precentral,2.4369404315948486,-0.027401424944400787,11697.6748046875,0.6774590611457825,4425.404296875,7194
ds004302_sub-07,lh_precuneus,2.168991804122925,-0.01986967772245407,8700.9482421875,1.2313427925109863,3720.4794921875,5346
ds004302_sub-07,lh_rostralanteriorcingulate,2.42832612991333,-0.02826804667711258,2323.478271484375,0.5905084013938904,843.8198852539062,1067
ds004302_sub-07,lh_rostralmiddlefrontal,2.1809709072113037,-0.03806965798139572,12240.5703125,-0.22587743401527405,5062.01171875,6841
ds004302_sub-07,lh_superiorfrontal,2.4124257564544678,-0.03062811680138111,17786.111328125,-0.7898421883583069,6652.54541015625,9688
ds004302_sub-07,lh_superiorparietal,1.9741458892822266,-0.0283436831086874,11247.2431640625,-0.15752847492694855,5183.29638671875,7771
ds004302_sub-07,lh_superiortemporal,2.6677510738372803,-0.034740425646305084,11216.123046875,-0.1350601464509964,3822.77490234375,5721
ds004302_sub-07,lh_supramarginal,2.2773616313934326,-0.02116371877491474,8788.587890625,0.5201152563095093,3627.314208984375,5238
ds004302_sub-07,lh_frontalpole,2.3119447231292725,-0.1425623893737793,826.899169921875,-8.375799179077148,279.318359375,368
ds004302_sub-07,lh_temporalpole,3.214087724685669,-0.09303466230630875,2157.84375,-7.4941816329956055,477.892333984375,619
ds004302_sub-07,lh_transversetemporal,2.4664909839630127,-0.06071917712688446,1226.1441650390625,3.280435085296631,451.781982421875,710
ds004302_sub-07,lh_insula,3.0200135707855225,0.03118796832859516,6986.1962890625,6.110840320587158,2212.20556640625,3315
ds004302_sub-07,rh_bankssts,2.2264363765716553,0.029827672988176346,1638.802490234375,3.3210232257843018,785.1387939453125,1188
ds004302_sub-07,rh_caudalanteriorcingulate,2.2658042907714844,0.01229297835379839,1639.409423828125,1.8210402727127075,681.31689453125,950
ds004302_sub-07,rh_caudalmiddlefrontal,2.2191402912139893,-0.0167233943939209,5108.71435546875,1.111763596534729,2113.161376953125,3146
ds004302_sub-07,rh_cuneus,1.711940884590149,-0.059837132692337036,2532.2783203125,-2.7557895183563232,1400.21142578125,2060
ds004302_sub-07,rh_entorhinal,2.9729764461517334,-0.04432366043329239,1999.9161376953125,-2.6006369590759277,459.42840576171875,678
ds004302_sub-07,rh_fusiform,2.6719486713409424,-0.03826093301177025,9007.3720703125,0.808869481086731,2904.116943359375,4147
ds004302_sub-07,rh_inferiorparietal,2.1879234313964844,-0.026391513645648956,13929.873046875,0.16931286454200745,5843.2373046875,8008
ds004302_sub-07,rh_inferiortemporal,2.765458106994629,-0.0342932753264904,11950.392578125,-1.2437100410461426,3498.214599609375,4784
ds004302_sub-07,rh_isthmuscingulate,2.3634748458862305,-0.0041242181323468685,2049.32421875,0.3928002715110779,838.3555908203125,1258
ds004302_sub-07,rh_lateraloccipital,1.960792899131775,-0.025675296783447266,8849.13671875,-1.3633004426956177,4129.5498046875,5923
ds004302_sub-07,rh_lateralorbitofrontal,2.582502603530884,-0.010334489867091179,6816.34423828125,0.22994326055049896,2510.67578125,3382
ds004302_sub-07,rh_lingual,2.0418708324432373,-0.047053225338459015,7031.388671875,-0.7147208452224731,3200.13671875,4527
ds004302_sub-07,rh_medialorbitofrontal,2.420231580734253,-0.04869476333260536,5632.701171875,-2.1799323558807373,2089.783203125,2703
ds004302_sub-07,rh_middletemporal,2.633035659790039,-0.04435902088880539,10908.08203125,-1.6383370161056519,3490.967529296875,4745
ds004302_sub-07,rh_parahippocampal,2.847773790359497,-0.023986712098121643,2100.6328125,-0.22832325100898743,635.7513427734375,988
ds004302_sub-07,rh_paracentral,2.224930763244629,-0.019063515588641167,3514.1357421875,0.6245617270469666,1490.7918701171875,2513
ds004302_sub-07,rh_parsopercularis,2.398430824279785,-0.027075085788965225,3162.2509765625,1.0281161069869995,1216.915283203125,1726
ds004302_sub-07,rh_parsorbitalis,2.268836498260498,-0.12701226770877838,2272.33984375,-5.080422878265381,836.4892578125,1059
ds004302_sub-07,rh_parstriangularis,2.1652567386627197,-0.01631736010313034,3172.803955078125,-0.33634209632873535,1346.109130859375,1894
ds004302_sub-07,rh_pericalcarine,1.623112678527832,0.04867435619235039,2004.472412109375,2.024836301803589,1369.5374755859375,2040
ds004302_sub-07,rh_postcentral,1.8339043855667114,-0.0539066381752491,7718.18017578125,-0.842703640460968,3845.343505859375,5955
ds004302_sub-07,rh_posteriorcingulate,2.2163424491882324,0.006438928190618753,2941.2763671875,1.8839519023895264,1195.33642578125,1663
ds004302_sub-07,rh_precentral,2.330411195755005,-0.017992563545703888,11663.03125,0.7899372577667236,4683.6787109375,7381
ds004302_sub-07,rh_precuneus,2.2169547080993652,-0.01892189122736454,8536.7236328125,0.615101158618927,3572.82470703125,4960
ds004302_sub-07,rh_rostralanteriorcingulate,2.721406936645508,-0.008984199725091457,1625.3096923828125,1.0892583131790161,550.930419921875,672
ds004302_sub-07,rh_rostralmiddlefrontal,2.1907238960266113,-0.03462700545787811,12884.2587890625,-0.5237292051315308,5318.13818359375,6995
ds004302_sub-07,rh_superiorfrontal,2.4333574771881104,-0.029504548758268356,18674.07421875,-0.7030242085456848,6979.1767578125,9957
ds004302_sub-07,rh_superiorparietal,1.895493507385254,-0.02921251580119133,11081.5400390625,0.21935267746448517,5345.14453125,7753
ds004302_sub-07,rh_superiortemporal,2.679837226867676,-0.03542797639966011,10407.224609375,-0.5963284373283386,3453.880615234375,5217
ds004302_sub-07,rh_supramarginal,2.3078134059906006,-0.016966016963124275,8628.283203125,1.4089336395263672,3369.7607421875,4763
ds004302_sub-07,rh_frontalpole,2.5450596809387207,-0.16516807675361633,1039.1170654296875,-9.580202102661133,312.9185791015625,359
ds004302_sub-07,rh_temporalpole,3.424705982208252,-0.07109924405813217,2145.81884765625,-7.379158020019531,484.08782958984375,611
ds004302_sub-07,rh_transversetemporal,2.414078950881958,-0.1040038913488388,857.123046875,2.854163646697998,304.0944519042969,519
ds004302_sub-07,rh_insula,2.99578857421875,0.0201967004686594,6793.5107421875,5.819325923919678,2188.1162109375,3239
ds004302_sub-08,lh_bankssts,2.7176640033721924,0.04165461286902428,3570.428466796875,4.085849285125732,1378.655517578125,2125
ds004302_sub-08,lh_caudalanteriorcingulate,2.816169500350952,0.0026665476616472006,2912.25634765625,1.9377630949020386,961.9561767578125,1273
ds004302_sub-08,lh_caudalmiddlefrontal,2.449374198913574,-0.012419967912137508,6919.501953125,1.363985300064087,2639.197021484375,3891
ds004302_sub-08,lh_cuneus,1.9536664485931396,-0.04926684498786926,4557.048828125,-2.641944646835327,2220.484375,3111
ds004302_sub-08,lh_entorhinal,3.129453182220459,-0.023994574323296547,2280.079833984375,-4.312558174133301,521.0797119140625,725
ds004302_sub-08,lh_fusiform,2.7011618614196777,-0.03817374259233475,13344.3515625,0.8420370817184448,4223.8642578125,5813
ds004302_sub-08,lh_inferiorparietal,2.4767050743103027,-0.03378519043326378,13984.634765625,0.22236336767673492,5215.4462890625,7299
ds004302_sub-08,lh_inferiortemporal,2.6050496101379395,-0.03366518020629883,13006.6796875,-0.8001219630241394,4227.11181640625,5704
ds004302_sub-08,lh_isthmuscingulate,2.1955649852752686,-0.00830360408872366,2796.66845703125,0.22979441285133362,1138.315185546875,1616
ds004302_sub-08,lh_lateraloccipital,2.238128185272217,-0.034289438277482986,13982.736328125,-1.351762294769287,5801.34228515625,8430
ds004302_sub-08,lh_lateralorbitofrontal,2.5333731174468994,-0.0147016616538167,8450.015625,0.36075448989868164,3012.2900390625,4116
ds004302_sub-08,lh_lingual,2.0996251106262207,-0.027348289266228676,9300.408203125,-0.8165400624275208,4128.6865234375,5606
ds004302_sub-08,lh_medialorbitofrontal,2.2090060710906982,-0.052342869341373444,6242.9052734375,-1.4127240180969238,2520.59326171875,3397
ds004302_sub-08,lh_middletemporal,2.824279308319092,-0.04673409089446068,13139.84375,-1.8595302104949951,3775.003662109375,4844
ds004302_sub-08,lh_parahippocampal,3.137382984161377,-0.022912124171853065,2851.098388671875,-0.18475724756717682,771.2725219726562,1162
ds004302_sub-08,lh_paracentral,2.404468059539795,-0.023469634354114532,4647.9951171875,-0.44590991735458374,1784.771240234375,2888
ds004302_sub-08,lh_parsopercularis,2.500453233718872,-0.023155909031629562,5654.81298828125,-0.3515810966491699,1938.1123046875,2749
ds004302_sub-08,lh_parsorbitalis,2.5215744972229004,-0.07579805701971054,2916.15380859375,-4.670487403869629,920.8618774414062,1213
ds004302_sub-08,lh_parstriangularis,2.2350406646728516,-0.01864643208682537,4329.69677734375,-0.4225848317146301,1674.500732421875,2300
ds004302_sub-08,lh_pericalcarine,1.6136293411254883,0.06540481001138687,2737.90771484375,3.2760813236236572,2109.29345703125,2921
ds004302_sub-08,lh_postcentral,2.1456918716430664,-0.04535477235913277,12313.88671875,-0.8971045613288879,5181.18798828125,7809
ds004302_sub-08,lh_posteriorcingulate,2.575789451599121,-0.003423843067139387,4158.6123046875,2.1170411109924316,1482.7862548828125,2041
ds004302_sub-08,lh_precentral,2.5695035457611084,-0.012880242429673672,16072.7744140625,0.8903393149375916,5813.12744140625,9160
ds004302_sub-08,lh_precuneus,2.458559036254883,-0.009047789499163628,11237.421875,1.7834548950195312,4239.20556640625,6098
ds004302_sub-08,lh_rostralanteriorcingulate,2.5535593032836914,-0.02224162220954895,2939.86962890625,1.0969022512435913,971.5400390625,1320
ds004302_sub-08,lh_rostralmiddlefrontal,2.187659740447998,-0.027516817674040794,16785.44140625,-0.053473956882953644,6792.064453125,9006
ds004302_sub-08,lh_superiorfrontal,2.74918532371521,-0.025231601670384407,30462.384765625,-0.655328631401062,9990.517578125,14249
ds004302_sub-08,lh_superiorparietal,2.2303414344787598,-0.027659954503178596,16407.345703125,-0.20243850350379944,6632.52685546875,9782
ds004302_sub-08,lh_superiortemporal,2.881085157394409,-0.022645926102995872,14591.318359375,-0.3689310848712921,4276.7099609375,6273
ds004302_sub-08,lh_supramarginal,2.4169206619262695,-0.027965597808361053,15638.84375,-0.14717967808246613,5882.52783203125,7953
ds004302_sub-08,lh_frontalpole,1.9408706426620483,-0.05934722721576691,778.4544677734375,-6.4730353355407715,338.29742431640625,415
ds004302_sub-08,lh_temporalpole,3.4758763313293457,-0.08002220094203949,2965.10693359375,-8.04748821258545,605.0374145507812,696
ds004302_sub-08,lh_transversetemporal,2.90519118309021,-0.05987023189663887,1531.773193359375,3.0948750972747803,479.97320556640625,725
ds004302_sub-08,lh_insula,3.022061347961426,0.0269155390560627,7452.64794921875,5.884934902191162,2373.837890625,3493
ds004302_sub-08,rh_bankssts,2.5853772163391113,0.03140425682067871,2961.763671875,3.9921765327453613,1157.29150390625,1659
ds004302_sub-08,rh_caudalanteriorcingulate,2.4270107746124268,0.008072798140347004,2505.666748046875,0.723443329334259,903.9942016601562,1229
ds004302_sub-08,rh_caudalmiddlefrontal,2.6268296241760254,-0.018948063254356384,8485.529296875,0.95412278175354,3007.625732421875,4304
ds004302_sub-08,rh_cuneus,2.1685497760772705,-0.05617472529411316,6061.7412109375,-3.5457355976104736,2308.609375,3192
ds004302_sub-08,rh_entorhinal,2.6136844158172607,-0.023883894085884094,1674.45263671875,-3.8015496730804443,439.5528869628906,617
ds004302_sub-08,rh_fusiform,2.7988197803497314,-0.020805470645427704,11617.060546875,1.5222622156143188,3587.920654296875,5203
ds004302_sub-08,rh_inferiorparietal,2.395137071609497,-0.03261146321892738,17647.90234375,0.33076444268226624,6591.1396484375,9047
ds004302_sub-08,rh_inferiortemporal,2.7330260276794434,-0.04177432134747505,12212.857421875,-1.096482515335083,3869.25048828125,5380
ds004302_sub-08,rh_isthmuscingulate,2.48979115486145,-0.014525522477924824,2816.930908203125,-0.7259997129440308,1036.9283447265625,1445
ds004302_sub-08,rh_lateraloccipital,2.3146257400512695,-0.03141104057431221,17030.240234375,-1.2777748107910156,6643.47119140625,9306
ds004302_sub-08,rh_lateralorbitofrontal,2.4686036109924316,-0.014408925548195839,7646.83984375,0.3415127098560333,2843.5947265625,4070
ds004302_sub-08,rh_lingual,2.0870437622070312,-0.01626022346317768,10508.69140625,-0.6942993998527527,4635.0,6224
ds004302_sub-08,rh_medialorbitofrontal,2.4577624797821045,-0.03980057314038277,7065.58203125,-1.3189234733581543,2564.365478515625,3435
ds004302_sub-08,rh_middletemporal,2.6455581188201904,-0.04390696436166763,14339.322265625,-0.9371290802955627,4549.25830078125,5971
ds004302_sub-08,rh_parahippocampal,2.9529573917388916,-0.02206844463944435,3303.04443359375,0.35149815678596497,938.001220703125,1422
ds004302_sub-08,rh_paracentral,2.5376346111297607,-0.025878364220261574,5658.76220703125,-0.06606288999319077,2070.43359375,3179
ds004302_sub-08,rh_parsopercularis,2.6415059566497803,-0.014285250566899776,4640.04736328125,1.0564523935317993,1611.61376953125,2259
ds004302_sub-08,rh_parsorbitalis,2.2828316688537598,-0.06053610518574715,2710.41259765625,-3.674375295639038,971.1627807617188,1312
ds004302_sub-08,rh_parstriangularis,2.5012786388397217,-0.03431034833192825,6061.6201171875,-1.3790662288665771,2066.056640625,2820
ds004302_sub-08,rh_pericalcarine,1.599904179573059,0.06890737265348434,3111.3037109375,3.3526270389556885,2371.54833984375,3188
ds004302_sub-08,rh_postcentral,2.116426467895508,-0.04620642215013504,12005.896484375,-0.9795724153518677,5048.0068359375,7559
ds004302_sub-08,rh_posteriorcingulate,2.5410053730010986,-0.007870676927268505,4284.0849609375,1.7765696048736572,1492.722412109375,1978
ds004302_sub-08,rh_precentral,2.601120710372925,-0.01267134491354227,16847.587890625,0.46996426582336426,5902.68408203125,8987
ds004302_sub-08,rh_precuneus,2.533956289291382,-0.002267679665237665,11175.05078125,2.2938802242279053,4275.6044921875,6140
ds004302_sub-08,rh_rostralanteriorcingulate,2.664623260498047,-0.026183050125837326,2534.75537109375,0.9664056301116943,788.4969482421875,1043
ds004302_sub-08,rh_rostralmiddlefrontal,2.29034161567688,-0.026359565556049347,18718.5,-0.10204919427633286,7172.3466796875,9753
ds004302_sub-08,rh_superiorfrontal,2.8338499069213867,-0.018365200608968735,30317.322265625,-0.4884941577911377,9462.7421875,13643
ds004302_sub-08,rh_superiorparietal,2.265533924102783,-0.035492751747369766,15583.443359375,-0.9545651078224182,6157.57373046875,8855
ds004302_sub-08,rh_superiortemporal,3.0248725414276123,-0.017206015065312386,15020.08984375,-0.2958253026008606,4310.57421875,6409
ds004302_sub-08,rh_supramarginal,2.523090124130249,-0.016587883234024048,14175.779296875,0.6339142322540283,5117.279296875,7109
ds004302_sub-08,rh_frontalpole,2.907670021057129,-0.12487288564443588,1590.6046142578125,-7.515677452087402,452.9676818847656,540
ds004302_sub-08,rh_temporalpole,4.033628940582275,-0.057928021997213364,3246.614501953125,-8.030438423156738,599.58935546875,670
ds004302_sub-08,rh_transversetemporal,2.7369165420532227,-0.10162151604890823,1317.59375,2.0851097106933594,399.12457275390625,624
ds004302_sub-08,rh_insula,3.2190210819244385,0.024155495688319206,8921.09765625,5.257087230682373,2689.28173828125,3957
ds004302_sub-09,lh_bankssts,2.3854124546051025,0.017562301829457283,2674.708251953125,1.8521027565002441,1076.518310546875,1559
ds004302_sub-09,lh_caudalanteriorcingulate,2.2179622650146484,-0.02426566183567047,2429.435546875,1.3309742212295532,916.5535888671875,1350
ds004302_sub-09,lh_caudalmiddlefrontal,2.4264702796936035,-0.007241589482873678,5702.78076171875,1.4336750507354736,2164.83837890625,3176
ds004302_sub-09,lh_cuneus,1.7587599754333496,-0.04474978893995285,2931.331787109375,-3.2597851753234863,1572.0150146484375,2291
ds004302_sub-09,lh_entorhinal,3.5813708305358887,-0.08709368854761124,1559.600341796875,-4.53857421875,306.96697998046875,457
ds004302_sub-09,lh_fusiform,2.7989871501922607,0.0010563547257333994,9617.455078125,1.765210747718811,3173.0009765625,4635
ds004302_sub-09,lh_inferiorparietal,2.402467727661133,-0.029240665957331657,12397.5908203125,0.024807214736938477,4750.6640625,6724
ds004302_sub-09,lh_inferiortemporal,2.7498421669006348,-0.025090094655752182,12453.859375,-0.6814664602279663,3751.62060546875,5373
ds004302_sub-09,lh_isthmuscingulate,2.3359694480895996,-0.024044686928391457,3258.018310546875,-0.07376790791749954,1242.125732421875,1719
ds004302_sub-09,lh_lateraloccipital,2.1241202354431152,-0.03486550971865654,12036.28515625,-2.215299367904663,5092.62255859375,7514
ds004302_sub-09,lh_lateralorbitofrontal,2.6304073333740234,-0.010706192813813686,6843.02294921875,0.22287830710411072,2429.80517578125,3392
ds004302_sub-09,lh_lingual,1.9391363859176636,-0.015217669308185577,6914.27099609375,-0.04229074716567993,3283.59130859375,4612
ds004302_sub-09,lh_medialorbitofrontal,2.1310887336730957,-0.04903935641050339,4749.80615234375,-1.5794007778167725,2036.912353515625,2921
ds004302_sub-09,lh_middletemporal,2.8022027015686035,-0.05073970556259155,12272.8017578125,-1.5117801427841187,3578.4228515625,5095
ds004302_sub-09,lh_parahippocampal,2.702104330062866,-0.03226599842309952,2315.748046875,0.4519481956958771,714.6820068359375,1112
ds004302_sub-09,lh_paracentral,2.415468692779541,-0.03169098496437073,2720.126953125,-0.37288880348205566,1041.0419921875,1771
ds004302_sub-09,lh_parsopercularis,2.4600164890289307,-0.034835971891880035,4305.45361328125,0.23645049333572388,1568.0814208984375,2269
ds004302_sub-09,lh_parsorbitalis,2.875260353088379,-0.08091461658477783,2637.283203125,-5.44302225112915,727.3157958984375,1007
ds004302_sub-09,lh_parstriangularis,2.3218564987182617,-0.03428928181529045,3148.650634765625,-0.5847007632255554,1195.27880859375,1685
ds004302_sub-09,lh_pericalcarine,1.4093053340911865,0.07512062042951584,1864.440185546875,3.1870903968811035,1551.6361083984375,2232
ds004302_sub-09,lh_postcentral,2.1543209552764893,-0.051205869764089584,9289.46875,-1.0731178522109985,3936.07470703125,6277
ds004302_sub-09,lh_posteriorcingulate,2.380361557006836,0.012668086215853691,2899.62158203125,2.3775229454040527,1130.2227783203125,1607
ds004302_sub-09,lh_precentral,2.762042284011841,-0.027257272973656654,13200.8642578125,0.5750680565834045,4402.44775390625,7389
ds004302_sub-09,lh_precuneus,2.326087713241577,0.0004921337240375578,8580.1796875,1.569939374923706,3535.6181640625,5049
ds004302_sub-09,lh_rostralanteriorcingulate,2.4792556762695312,-0.017556214705109596,2766.31103515625,0.3233630955219269,925.6904907226562,1202
ds004302_sub-09,lh_rostralmiddlefrontal,2.1446077823638916,-0.02045968919992447,13824.7890625,-0.059105418622493744,5699.35546875,7777
ds004302_sub-09,lh_superiorfrontal,2.653999090194702,-0.01837162673473358,19141.109375,-0.6762139797210693,6417.130859375,9293
ds004302_sub-09,lh_superiorparietal,2.2191696166992188,-0.0230710469186306,12322.69140625,0.024279527366161346,5027.328125,7502
ds004302_sub-09,lh_superiortemporal,2.845349073410034,-0.01681467518210411,13828.462890625,0.12209472060203552,4341.7177734375,6481
ds004302_sub-09,lh_supramarginal,2.4625959396362305,-0.018603257834911346,12043.14453125,0.5597268342971802,4521.564453125,6541
ds004302_sub-09,lh_frontalpole,2.2705507278442383,-0.14055705070495605,723.2015380859375,-8.245851516723633,255.71629333496094,332
ds004302_sub-09,lh_temporalpole,3.4824554920196533,-0.07292292267084122,1994.5220947265625,-8.06994915008545,438.76812744140625,573
ds004302_sub-09,lh_transversetemporal,2.449784994125366,-0.08544418215751648,1418.7119140625,1.9987066984176636,515.4093017578125,812
ds004302_sub-09,lh_insula,3.018968343734741,0.0288167055696249,6722.86328125,6.077558994293213,2267.071533203125,3367
ds004302_sub-09,rh_bankssts,2.5228700637817383,0.03252003714442253,2220.267578125,4.849655628204346,899.9398193359375,1358
ds004302_sub-09,rh_caudalanteriorcingulate,2.1433537006378174,0.0026327648665755987,1635.541748046875,2.1118805408477783,708.6149291992188,997
ds004302_sub-09,rh_caudalmiddlefrontal,2.4487357139587402,-0.013498339802026749,5420.1455078125,1.051745891571045,2054.145751953125,3045
ds004302_sub-09,rh_cuneus,1.8366643190383911,-0.079434834420681,3185.099365234375,-3.9229812622070312,1540.950927734375,2282
ds004302_sub-09,rh_entorhinal,3.2356832027435303,-0.1131729930639267,1658.3370361328125,-5.104069232940674,340.0579833984375,488
ds004302_sub-09,rh_fusiform,2.837048053741455,-0.01789022423326969,10929.138671875,1.3221358060836792,3445.392333984375,5042
ds004302_sub-09,rh_inferiorparietal,2.5065741539001465,-0.021977581083774567,17013.958984375,0.20816552639007568,5992.052734375,8556
ds004302_sub-09,rh_inferiortemporal,2.7604918479919434,-0.01990997977554798,11203.017578125,-0.567365825176239,3439.11328125,4877
ds004302_sub-09,rh_isthmuscingulate,2.187568426132202,-0.01680559478700161,2161.5361328125,-0.40273013710975647,852.8092041015625,1220
ds004302_sub-09,rh_lateraloccipital,2.147843837738037,-0.029689809307456017,13673.7470703125,-1.88852059841156,5524.1474609375,8121
ds004302_sub-09,rh_lateralorbitofrontal,2.4527618885040283,0.00017607815971132368,6672.6689453125,0.8844186067581177,2507.54736328125,3636
ds004302_sub-09,rh_lingual,1.9405068159103394,-0.028241271153092384,6407.62109375,-0.47823643684387207,2971.58251953125,4341
ds004302_sub-09,rh_medialorbitofrontal,2.1840896606445312,-0.05823157727718353,5409.2060546875,-1.5821139812469482,2233.171875,3121
ds004302_sub-09,rh_middletemporal,2.8033835887908936,-0.04600691795349121,12599.27734375,-1.7509396076202393,3688.5927734375,5052
ds004302_sub-09,rh_parahippocampal,2.616448402404785,-0.026247471570968628,1836.5732421875,0.7517872452735901,614.0645751953125,979
ds004302_sub-09,rh_paracentral,2.439265012741089,-0.022136498242616653,3490.7734375,0.4859461188316345,1365.62109375,2273
ds004302_sub-09,rh_parsopercularis,2.542487859725952,-0.02982153743505478,3463.343994140625,0.833251953125,1161.046142578125,1730
ds004302_sub-09,rh_parsorbitalis,2.648448944091797,-0.06004050374031067,2797.493896484375,-4.465729713439941,822.4129638671875,1146
ds004302_sub-09,rh_parstriangularis,2.4765563011169434,-0.040269602090120316,4105.283203125,-0.7956082820892334,1394.882080078125,2072
ds004302_sub-09,rh_pericalcarine,1.6062476634979248,0.06802842766046524,2259.84228515625,2.56756591796875,1591.9012451171875,2384
ds004302_sub-09,rh_postcentral,2.127782106399536,-0.05129754915833473,9921.80078125,-0.8024278879165649,4070.50341796875,6487
ds004302_sub-09,rh_posteriorcingulate,2.341888427734375,-0.00031782998121343553,2755.4443359375,1.77627432346344,1021.6210327148438,1403
ds004302_sub-09,rh_precentral,2.717392921447754,-0.027046335861086845,14041.1572265625,0.45343491435050964,4527.0380859375,7506
ds004302_sub-09,rh_precuneus,2.4020495414733887,0.0003491606330499053,9383.833984375,1.796030044555664,3709.469970703125,5500
ds004302_sub-09,rh_rostralanteriorcingulate,2.580420970916748,-0.04091420769691467,1942.360107421875,1.209905743598938,679.197265625,893
ds004302_sub-09,rh_rostralmiddlefrontal,2.1986231803894043,-0.018642250448465347,14364.646484375,-0.1860557198524475,5591.8212890625,7492
ds004302_sub-09,rh_superiorfrontal,2.5950419902801514,-0.027020001783967018,19630.708984375,-0.830459713935852,6650.53271484375,9525
ds004302_sub-09,rh_superiorparietal,2.148463249206543,-0.02111155167222023,12158.2626953125,0.38066133856773376,5139.3486328125,7772
ds004302_sub-09,rh_superiortemporal,2.944119930267334,-0.030485989525914192,12757.984375,-0.7170697450637817,3775.93310546875,5672
ds004302_sub-09,rh_supramarginal,2.550905466079712,-0.025500338524580002,10088.728515625,0.5867860913276672,3383.34130859375,5048
ds004302_sub-09,rh_frontalpole,2.4680309295654297,-0.10778854042291641,1105.67041015625,-8.548842430114746,353.3666076660156,418
ds004302_sub-09,rh_temporalpole,3.4565412998199463,-0.08521049469709396,2179.06494140625,-8.011740684509277,486.0560302734375,575
ds004302_sub-09,rh_transversetemporal,2.7270190715789795,-0.053088340908288956,996.30615234375,3.904529333114624,333.8422546386719,548
ds004302_sub-09,rh_insula,3.002955675125122,0.037570010870695114,6375.76953125,6.425155162811279,2051.934814453125,3017
ds004302_sub-10,lh_bankssts,2.4440202713012695,0.008221439085900784,2389.518310546875,2.6137290000915527,934.4229736328125,1364
ds004302_sub-10,lh_caudalanteriorcingulate,1.8052177429199219,-0.025022396817803383,869.7073364257812,2.1364450454711914,444.1632385253906,681
ds004302_sub-10,lh_caudalmiddlefrontal,2.6055424213409424,-0.010408562608063221,4945.83642578125,2.0636956691741943,1748.76025390625,2693
ds004302_sub-10,lh_cuneus,1.5094722509384155,-0.03055577725172043,2370.66162109375,-2.1827290058135986,1627.176513671875,2322
ds004302_sub-10,lh_entorhinal,3.1489744186401367,-0.04841238632798195,1435.175537109375,-4.364879608154297,333.7547912597656,501
ds004302_sub-10,lh_fusiform,2.5601806640625,-0.0377015694975853,8945.0810546875,0.976449191570282,3095.7900390625,4498
ds004302_sub-10,lh_inferiorparietal,2.4187188148498535,-0.0214388407766819,10837.294921875,1.0760170221328735,4176.841796875,5928
ds004302_sub-10,lh_inferiortemporal,2.4152183532714844,-0.028545361012220383,7500.47314453125,-0.5284901261329651,2641.32373046875,3762
ds004302_sub-10,lh_isthmuscingulate,2.1389639377593994,0.02285739593207836,1763.8162841796875,0.8570360541343689,835.74755859375,1214
ds004302_sub-10,lh_lateraloccipital,2.142698049545288,-0.03805503249168396,10171.9482421875,-2.0474090576171875,4467.833984375,6495
ds004302_sub-10,lh_lateralorbitofrontal,2.667689800262451,-0.03144289180636406,6204.1083984375,-0.49577003717422485,2135.538330078125,3031
ds004302_sub-10,lh_lingual,1.9586145877838135,-0.027807317674160004,5189.3330078125,0.42929887771606445,2519.54345703125,3562
ds004302_sub-10,lh_medialorbitofrontal,2.2875783443450928,-0.029004666954278946,3766.08740234375,-1.346069097518921,1551.602294921875,2192
ds004302_sub-10,lh_middletemporal,2.5840067863464355,-0.05558669567108154,9478.0615234375,-2.147174119949341,2926.9775390625,4178
ds004302_sub-10,lh_parahippocampal,2.428842544555664,-0.0486208014190197,1756.9359130859375,0.3108387887477875,598.520751953125,961
ds004302_sub-10,lh_paracentral,2.308879852294922,-0.028174443170428276,3141.109619140625,0.15225884318351746,1275.7613525390625,2027
ds004302_sub-10,lh_parsopercularis,2.552173614501953,-0.04502430930733681,4497.25,-0.6836477518081665,1543.8983154296875,2271
ds004302_sub-10,lh_parsorbitalis,2.3247649669647217,-0.10049885511398315,1863.947021484375,-4.994266033172607,621.9400634765625,787
ds004302_sub-10,lh_parstriangularis,2.204390287399292,-0.036154523491859436,3321.49072265625,-0.6283174157142639,1333.560546875,1846
ds004302_sub-10,lh_pericalcarine,1.3766742944717407,0.08474775403738022,1549.286865234375,2.92848539352417,1315.609619140625,1949
ds004302_sub-10,lh_postcentral,2.027618646621704,-0.053218185901641846,8302.505859375,-1.2373262643814087,3680.3681640625,5733
ds004302_sub-10,lh_posteriorcingulate,2.0955636501312256,0.007133734878152609,2291.036865234375,2.0883474349975586,1024.252197265625,1486
ds004302_sub-10,lh_precentral,2.452737331390381,-0.016326697543263435,10604.291015625,0.333286315202713,4008.437255859375,6366
ds004302_sub-10,lh_precuneus,2.265249252319336,-0.0123771196231246,7853.1142578125,1.4036377668380737,3199.0498046875,4746
ds004302_sub-10,lh_rostralanteriorcingulate,1.9656407833099365,-0.01965535432100296,1389.9815673828125,0.8016539216041565,643.5003662109375,936
ds004302_sub-10,lh_rostralmiddlefrontal,2.21103572845459,-0.02446262165904045,10724.0771484375,-0.030618278309702873,4324.17529296875,6049
ds004302_sub-10,lh_superiorfrontal,2.5468251705169678,-0.03398677334189415,21445.89453125,-0.7983068227767944,7471.216796875,10970
ds004302_sub-10,lh_superiorparietal,2.323876142501831,-0.024912111461162567,13422.349609375,-0.02632053941488266,5279.6962890625,7840
ds004302_sub-10,lh_superiortemporal,2.566054344177246,-0.020072752609848976,10191.18359375,0.395969957113266,3574.08740234375,5288
ds004302_sub-10,lh_supramarginal,2.550029993057251,-0.025929521769285202,10694.9658203125,0.0200140830129385,3882.6669921875,5489
ds004302_sub-10,lh_frontalpole,2.127338409423828,-0.14637312293052673,646.73876953125,-7.974550724029541,243.318603515625,313
ds004302_sub-10,lh_temporalpole,3.1261403560638428,-0.09776030480861664,1813.6551513671875,-8.167838096618652,438.730712890625,562
ds004302_sub-10,lh_transversetemporal,2.1055784225463867,-0.06867661327123642,1086.2095947265625,2.511404275894165,486.30792236328125,700
ds004302_sub-10,lh_insula,3.00512957572937,0.032913271337747574,5934.01123046875,5.926445484161377,1958.011962890625,2896
ds004302_sub-10,rh_bankssts,2.3965697288513184,0.04903727024793625,1803.422119140625,4.8959126472473145,778.0182495117188,1115
ds004302_sub-10,rh_caudalanteriorcingulate,2.211017370223999,-0.019262993708252907,1896.313720703125,0.6933914422988892,732.7210693359375,1013
ds004302_sub-10,rh_caudalmiddlefrontal,2.4789979457855225,-0.014425761997699738,5036.947265625,1.5508421659469604,1906.42822265625,2852
ds004302_sub-10,rh_cuneus,1.927197813987732,-0.03819428011775017,3535.07421875,-3.3439483642578125,1622.0859375,2214
ds004302_sub-10,rh_entorhinal,3.3452377319335938,-0.11822164058685303,1284.35546875,-4.90590238571167,239.2227783203125,351
ds004302_sub-10,rh_fusiform,2.6946699619293213,-0.03424271196126938,9129.466796875,0.8555790185928345,3107.8076171875,4520
ds004302_sub-10,rh_inferiorparietal,2.3246963024139404,-0.02975768782198429,12873.8720703125,0.4788435995578766,4799.9482421875,6654
ds004302_sub-10,rh_inferiortemporal,2.3747355937957764,-0.0446372851729393,8150.912109375,-1.4791254997253418,3002.5517578125,3967
ds004302_sub-10,rh_isthmuscingulate,2.0373880863189697,-0.004902280867099762,1695.6527099609375,0.3692215383052826,751.86083984375,1041
ds004302_sub-10,rh_lateraloccipital,2.2000679969787598,-0.026675928384065628,9447.919921875,-1.1669583320617676,3966.49072265625,5634
ds004302_sub-10,rh_lateralorbitofrontal,2.535169839859009,-0.019212642684578896,5582.3134765625,0.30539602041244507,2030.707275390625,2805
ds004302_sub-10,rh_lingual,1.9470652341842651,-0.04277043044567108,5877.4296875,-0.6826485991477966,2808.34228515625,4011
ds004302_sub-10,rh_medialorbitofrontal,2.180035352706909,-0.032660674303770065,4363.3125,-1.7660632133483887,1878.0751953125,2439
ds004302_sub-10,rh_middletemporal,2.5219192504882812,-0.040975797921419144,10498.2734375,-1.8697317838668823,3387.883056640625,4616
ds004302_sub-10,rh_parahippocampal,2.318105697631836,-0.031580496579408646,1685.1429443359375,1.721510648727417,619.6480102539062,991
ds004302_sub-10,rh_paracentral,2.3790440559387207,-0.0320357121527195,3457.607421875,0.05554511025547981,1361.86865234375,2212
ds004302_sub-10,rh_parsopercularis,2.4660065174102783,-0.04451187327504158,3210.36865234375,0.32933536171913147,1204.960205078125,1641
ds004302_sub-10,rh_parsorbitalis,2.552966356277466,-0.09291639924049377,2605.94384765625,-4.942801475524902,804.79150390625,1040
ds004302_sub-10,rh_parstriangularis,2.260058641433716,-0.005165033042430878,3318.923583984375,-0.2289600968360901,1349.9337158203125,1900
ds004302_sub-10,rh_pericalcarine,1.690002679824829,0.05521254613995552,2047.6524658203125,1.1306593418121338,1404.740234375,1887
ds004302_sub-10,rh_postcentral,2.0244855880737305,-0.04966149479150772,8324.9931640625,-1.5755842924118042,3718.6650390625,5591
ds004302_sub-10,rh_posteriorcingulate,2.1415631771087646,0.007976488210260868,2621.31494140625,1.9649217128753662,1125.204833984375,1581
ds004302_sub-10,rh_precentral,2.357797384262085,-0.008203624747693539,11045.3759765625,0.36735084652900696,4366.78515625,6795
ds004302_sub-10,rh_precuneus,2.289647102355957,-0.0006190748536027968,9416.0458984375,1.544883131980896,3880.1533203125,5639
ds004302_sub-10,rh_rostralanteriorcingulate,2.130391836166382,-0.036769699305295944,1183.5430908203125,0.8401743769645691,479.5941162109375,657
ds004302_sub-10,rh_rostralmiddlefrontal,2.22200083732605,-0.02908123843371868,11415.6484375,-0.07489471882581711,4538.4306640625,6262
ds004302_sub-10,rh_superiorfrontal,2.6411211490631104,-0.024650758132338524,18922.537109375,-0.5962921380996704,6502.7900390625,9546
ds004302_sub-10,rh_superiorparietal,2.2958996295928955,-0.02740110084414482,12039.2734375,-0.04280352592468262,4627.09765625,6868
ds004302_sub-10,rh_superiortemporal,2.6331653594970703,-0.028374355286359787,9400.662109375,-0.027740418910980225,3114.855712890625,4661
ds004302_sub-10,rh_supramarginal,2.4794907569885254,-0.013316862285137177,8960.044921875,1.023528814315796,3224.5068359375,4632
ds004302_sub-10,rh_frontalpole,2.342402458190918,-0.14035876095294952,1037.47021484375,-7.562833309173584,342.35736083984375,427
ds004302_sub-10,rh_temporalpole,3.8224270343780518,-0.09718360006809235,2248.703125,-8.208148002624512,349.7229919433594,434
ds004302_sub-10,rh_transversetemporal,2.102581024169922,-0.09671378135681152,866.185546875,3.0989394187927246,362.59710693359375,525
ds004302_sub-10,rh_insula,2.986597776412964,0.03655736893415451,5692.4482421875,6.523264408111572,1856.2730712890625,2773
ds004302_sub-11,lh_bankssts,2.5670006275177,0.06007707491517067,1892.637451171875,5.402978420257568,829.4674682617188,1279
ds004302_sub-11,lh_caudalanteriorcingulate,2.544774293899536,0.016146086156368256,2162.682861328125,1.5175203084945679,712.6361083984375,1045
ds004302_sub-11,lh_caudalmiddlefrontal,2.7448577880859375,-0.046927548944950104,8422.96875,1.0100765228271484,2761.217041015625,4526
ds004302_sub-11,lh_cuneus,2.039674758911133,-0.05967176705598831,4276.3642578125,-2.8232579231262207,1904.398681640625,2762
ds004302_sub-11,lh_entorhinal,3.7211480140686035,-0.09210006147623062,1854.0926513671875,-5.003234386444092,319.6605529785156,475
ds004302_sub-11,lh_fusiform,2.7918221950531006,-0.02227667160332203,9489.4140625,1.5103602409362793,2928.453857421875,4318
ds004302_sub-11,lh_inferiorparietal,2.521298408508301,-0.044374242424964905,9638.88671875,-0.5345590114593506,3350.869873046875,4859
ds004302_sub-11,lh_inferiortemporal,2.7067084312438965,-0.03299432247877121,10995.5703125,-1.0674299001693726,3302.58203125,4642
ds004302_sub-11,lh_isthmuscingulate,2.4655632972717285,-0.0030313252937048674,2190.315673828125,-0.24251872301101685,810.8909912109375,1209
ds004302_sub-11,lh_lateraloccipital,2.263601303100586,-0.03872024640440941,14116.2421875,-1.3806487321853638,5498.267578125,8043
ds004302_sub-11,lh_lateralorbitofrontal,3.063283681869507,-0.023100368678569794,7156.158203125,0.2447689175605774,2092.822998046875,2940
ds004302_sub-11,lh_lingual,2.083573818206787,-0.0422896146774292,8595.203125,-0.36841830611228943,3758.896484375,5261
ds004302_sub-11,lh_medialorbitofrontal,2.6859636306762695,-0.0559815987944603,5178.8701171875,-2.650578737258911,1710.615234375,2332
ds004302_sub-11,lh_middletemporal,2.9107253551483154,-0.06008163467049599,12181.369140625,-1.4542369842529297,3303.72119140625,4544
ds004302_sub-11,lh_parahippocampal,3.3322842121124268,-0.04289349913597107,2628.5322265625,-0.47712352871894836,630.75830078125,965
ds004302_sub-11,lh_paracentral,2.1079821586608887,-0.04068418964743614,3026.32421875,-0.5072373747825623,1249.2142333984375,1864
ds004302_sub-11,lh_parsopercularis,2.839632749557495,-0.03939885273575783,5155.55908203125,-0.24012668430805206,1537.345458984375,2293
ds004302_sub-11,lh_parsorbitalis,2.7344982624053955,-0.08685816079378128,2390.541015625,-5.209640026092529,667.011474609375,901
ds004302_sub-11,lh_parstriangularis,2.500605344772339,-0.007040324155241251,3041.338134765625,0.8756963014602661,1108.373291015625,1676
ds004302_sub-11,lh_pericalcarine,1.7800666093826294,0.05669279769062996,2718.22900390625,3.6418819427490234,1794.9720458984375,2540
ds004302_sub-11,lh_postcentral,2.339223623275757,-0.05572513863444328,6776.9248046875,-0.7480421662330627,2578.78515625,3842
ds004302_sub-11,lh_posteriorcingulate,2.619464635848999,-0.006498205475509167,3093.74072265625,1.7801927328109741,1093.74658203125,1627
ds004302_sub-11,lh_precentral,2.200359582901001,-0.035432904958724976,12104.802734375,0.005034656263887882,5020.640625,7753
ds004302_sub-11,lh_precuneus,2.4618778228759766,-0.0023799382615834475,7335.845703125,1.859710693359375,2806.92919921875,4160
ds004302_sub-11,lh_rostralanteriorcingulate,2.499713182449341,-0.0022357148118317127,1713.873779296875,1.3373839855194092,591.5361938476562,836
ds004302_sub-11,lh_rostralmiddlefrontal,2.4263062477111816,-0.0262564979493618,15948.513671875,0.013773437589406967,5782.396484375,8149
ds004302_sub-11,lh_superiorfrontal,2.8078060150146484,-0.033806394785642624,24993.16015625,-0.6683734059333801,7786.85205078125,11972
ds004302_sub-11,lh_superiorparietal,2.1422417163848877,-0.028756752610206604,8510.611328125,0.734643280506134,3615.3349609375,5467
ds004302_sub-11,lh_superiortemporal,3.0413999557495117,-0.03360160067677498,13276.1142578125,0.11062616854906082,3656.12109375,5594
ds004302_sub-11,lh_supramarginal,2.6134750843048096,-0.020287083461880684,6364.552734375,0.537183940410614,2168.360107421875,3203
ds004302_sub-11,lh_frontalpole,2.7902705669403076,-0.17071948945522308,1046.07666015625,-9.362833976745605,280.05804443359375,331
ds004302_sub-11,lh_temporalpole,3.8624939918518066,-0.09823355823755264,2303.33154296875,-8.976435661315918,370.419921875,485
ds004302_sub-11,lh_transversetemporal,2.804499387741089,-0.04643155261874199,1138.1099853515625,4.370784282684326,399.44207763671875,602
ds004302_sub-11,lh_insula,3.146660089492798,0.020198991522192955,6377.486328125,5.883440017700195,1919.3392333984375,2855
ds004302_sub-11,rh_bankssts,2.587692975997925,0.03399772197008133,2258.41943359375,5.290739059448242,885.736572265625,1327
ds004302_sub-11,rh_caudalanteriorcingulate,2.4762537479400635,-0.004976116120815277,2421.44482421875,1.6108769178390503,839.570556640625,1219
ds004302_sub-11,rh_caudalmiddlefrontal,2.6609859466552734,-0.03769126906991005,5264.5048828125,1.1802200078964233,1740.23486328125,2909
ds004302_sub-11,rh_cuneus,1.9155291318893433,0.02715975046157837,1607.432861328125,0.6151145696640015,804.7151489257812,1092
ds004302_sub-11,rh_entorhinal,3.9206387996673584,-0.08492746949195862,1653.4134521484375,-6.144843101501465,278.444580078125,416
ds004302_sub-11,rh_fusiform,2.860013961791992,-0.03245559334754944,8922.421875,1.3238270282745361,2625.900390625,3959
ds004302_sub-11,rh_inferiorparietal,2.533736228942871,-0.04788439720869064,13170.6669921875,-0.36417216062545776,4568.59033203125,6436
ds004302_sub-11,rh_inferiortemporal,2.734039068222046,-0.04870731756091118,10212.5810546875,-1.3521311283111572,3048.5009765625,4179
ds004302_sub-11,rh_isthmuscingulate,2.7510597705841064,-0.04058152437210083,2799.1669921875,-1.230188250541687,896.650634765625,1290
ds004302_sub-11,rh_lateraloccipital,2.3510706424713135,-0.028898468241095543,10829.3857421875,-1.217516541481018,4081.434326171875,5913
ds004302_sub-11,rh_lateralorbitofrontal,2.832339286804199,-0.011141284368932247,6558.02197265625,0.623197615146637,2138.616455078125,3019
ds004302_sub-11,rh_lingual,2.3438198566436768,-0.040337737649679184,8054.91064453125,-0.8767259120941162,3056.55712890625,4229
ds004302_sub-11,rh_medialorbitofrontal,2.5224740505218506,-0.0653306171298027,5818.6708984375,-1.8552623987197876,1989.661376953125,2695
ds004302_sub-11,rh_middletemporal,2.944589614868164,-0.05146082863211632,13010.162109375,-0.9720438718795776,3540.222412109375,5052
ds004302_sub-11,rh_parahippocampal,3.0301260948181152,-0.02532980404794216,2170.12646484375,0.1980467140674591,570.3814697265625,903
ds004302_sub-11,rh_paracentral,2.199622631072998,-0.04952726140618324,3766.896240234375,-0.7344122529029846,1478.3828125,2222
ds004302_sub-11,rh_parsopercularis,2.8811352252960205,-0.03857118636369705,3849.768310546875,-2.2955381870269775,1179.95166015625,1767
ds004302_sub-11,rh_parsorbitalis,2.747163772583008,-0.08608593791723251,3286.7275390625,-4.566198348999023,900.5468139648438,1286
ds004302_sub-11,rh_parstriangularis,2.6017305850982666,-0.04131024330854416,5418.10986328125,-0.36610013246536255,1814.8807373046875,2616
ds004302_sub-11,rh_pericalcarine,1.8034502267837524,0.004535399377346039,1197.9827880859375,-0.19132722914218903,711.1588134765625,1038
ds004302_sub-11,rh_postcentral,2.2849035263061523,-0.048471834510564804,7240.3544921875,-0.5036574006080627,2800.490966796875,4166
ds004302_sub-11,rh_posteriorcingulate,2.5702552795410156,0.009621210396289825,3705.6337890625,2.195006847381592,1318.660400390625,1914
ds004302_sub-11,rh_precentral,1.873496174812317,-0.03302498906850815,6990.0634765625,0.23856687545776367,3425.430419921875,5349
ds004302_sub-11,rh_precuneus,2.1533520221710205,-0.00748039223253727,10547.861328125,1.400287389755249,4821.3017578125,7037
ds004302_sub-11,rh_rostralanteriorcingulate,2.7691807746887207,-0.016671814024448395,2152.623046875,1.4296525716781616,694.4445190429688,961
ds004302_sub-11,rh_rostralmiddlefrontal,2.522947311401367,-0.022794801741838455,21377.453125,0.6090106964111328,7777.71826171875,11218
ds004302_sub-11,rh_superiorfrontal,2.7930638790130615,-0.03940783068537712,23081.697265625,-0.7798936367034912,7212.21240234375,11049
ds004302_sub-11,rh_superiorparietal,2.204960823059082,-0.03954998776316643,11896.0400390625,-0.45420587062835693,4703.34619140625,7162
ds004302_sub-11,rh_superiortemporal,2.9298620223999023,-0.030348049476742744,12296.494140625,-0.2542210519313812,3571.1171875,5224
ds004302_sub-11,rh_supramarginal,2.458057403564453,-0.01737319864332676,6325.2109375,1.4710263013839722,2315.4150390625,3394
ds004302_sub-11,rh_frontalpole,2.768467903137207,-0.18220458924770355,1230.9405517578125,-9.166658401489258,326.43768310546875,399
ds004302_sub-11,rh_temporalpole,4.441822052001953,-0.10926731675863266,2946.93505859375,-8.290915489196777,401.60137939453125,559
ds004302_sub-11,rh_transversetemporal,2.671437978744507,-0.06936796754598618,895.3526000976562,3.723191499710083,297.698974609375,471
ds004302_sub-11,rh_insula,3.331794261932373,0.02962057664990425,6053.76708984375,6.253695011138916,1766.20654296875,2671
ds004302_sub-12,lh_bankssts,2.3631887435913086,0.01430355105549097,2163.993408203125,3.777820348739624,979.1944580078125,1500
ds004302_sub-12,lh_caudalanteriorcingulate,2.507606029510498,0.03126926347613335,1388.81982421875,2.5443549156188965,518.4691162109375,760
ds004302_sub-12,lh_caudalmiddlefrontal,2.322026252746582,-0.026171965524554253,4688.177734375,1.7858879566192627,1843.551513671875,2778
ds004302_sub-12,lh_cuneus,1.721684455871582,-0.048486124724149704,2850.953125,-2.509572744369507,1410.39990234375,1957
ds004302_sub-12,lh_entorhinal,2.8367226123809814,-0.0548873208463192,1365.20361328125,-4.311511039733887,343.9851379394531,508
ds004302_sub-12,lh_fusiform,2.481299877166748,-0.01887364685535431,7308.97509765625,1.2519283294677734,2683.8818359375,3764
ds004302_sub-12,lh_inferiorparietal,2.196125030517578,-0.026390820741653442,10684.29296875,0.9967598915100098,4443.15234375,6487
ds004302_sub-12,lh_inferiortemporal,2.615786075592041,-0.03617461398243904,8403.5517578125,-0.7107726335525513,2776.781982421875,3806
ds004302_sub-12,lh_isthmuscingulate,2.4048171043395996,-0.014966370537877083,2017.7283935546875,-0.16698218882083893,755.2174682617188,1178
ds004302_sub-12,lh_lateraloccipital,1.9328782558441162,-0.02814871445298195,8165.95849609375,-1.6178715229034424,3821.16748046875,5451
ds004302_sub-12,lh_lateralorbitofrontal,2.6737117767333984,-0.002260635606944561,6680.0380859375,0.8780192136764526,2341.47021484375,3090
ds004302_sub-12,lh_lingual,1.8147062063217163,-0.04204283282160759,5319.02490234375,-1.1680738925933838,2689.296630859375,3716
ds004302_sub-12,lh_medialorbitofrontal,2.423849105834961,-0.04870588704943657,4823.515625,-2.101186990737915,1839.086181640625,2601
ds004302_sub-12,lh_middletemporal,2.752640724182129,-0.06986556202173233,9534.115234375,-2.119044303894043,2789.212158203125,3806
ds004302_sub-12,lh_parahippocampal,2.372708797454834,-0.042975399643182755,1648.3948974609375,0.12340622395277023,585.8829345703125,916
ds004302_sub-12,lh_paracentral,2.1313772201538086,-0.013360233046114445,2772.900634765625,-0.018361642956733704,1193.6939697265625,1824
ds004302_sub-12,lh_parsopercularis,2.402677059173584,-0.055971696972846985,3038.2705078125,0.6974118947982788,1134.273193359375,1604
ds004302_sub-12,lh_parsorbitalis,2.446489095687866,-0.09488044679164886,1763.808349609375,-4.572195053100586,557.1644287109375,788
ds004302_sub-12,lh_parstriangularis,2.221266269683838,-0.03225608915090561,2362.3125,-0.6979091167449951,936.67431640625,1388
ds004302_sub-12,lh_pericalcarine,1.354188323020935,0.06549174338579178,1403.76025390625,1.781015157699585,1218.002197265625,1753
ds004302_sub-12,lh_postcentral,1.9401322603225708,-0.060579102486371994,7969.3349609375,-1.3244829177856445,3657.43408203125,5801
ds004302_sub-12,lh_posteriorcingulate,2.4675374031066895,0.01403771247714758,2491.4052734375,2.8302595615386963,901.009033203125,1298
ds004302_sub-12,lh_precentral,2.257380247116089,-0.016392067074775696,9839.05859375,0.6351611018180847,4045.49755859375,6505
ds004302_sub-12,lh_precuneus,2.2439920902252197,-0.0017886282876133919,7719.2958984375,1.2794331312179565,3144.0517578125,4613
ds004302_sub-12,lh_rostralanteriorcingulate,2.6094436645507812,-0.04158567637205124,1982.6661376953125,0.8923765420913696,692.1210327148438,896
ds004302_sub-12,lh_rostralmiddlefrontal,2.1543097496032715,-0.03683186694979668,11381.38671875,-0.01925923489034176,4713.279296875,6464
ds004302_sub-12,lh_superiorfrontal,2.542630910873413,-0.03675093129277229,18379.4765625,-1.1632169485092163,6141.41015625,8669
ds004302_sub-12,lh_superiorparietal,2.0987637042999268,-0.02800917625427246,10868.3720703125,-0.0034404487814754248,4628.9833984375,6842
ds004302_sub-12,lh_superiortemporal,2.632340908050537,-0.039435889571905136,10036.69140625,-0.42469650506973267,3296.160888671875,5068
ds004302_sub-12,lh_supramarginal,2.3699162006378174,-0.03338576480746269,7318.50048828125,0.4616542160511017,2862.0888671875,4131
ds004302_sub-12,lh_frontalpole,2.30778169631958,-0.11565251648426056,783.7946166992188,-8.057494163513184,280.3946228027344,320
ds004302_sub-12,lh_temporalpole,3.2537472248077393,-0.11340717226266861,1666.12158203125,-7.721685886383057,369.7557373046875,511
ds004302_sub-12,lh_transversetemporal,2.30373477935791,-0.056089844554662704,797.1309814453125,3.6678359508514404,323.2314453125,504
ds004302_sub-12,lh_insula,2.805969476699829,0.016652816906571388,5820.43408203125,5.538700580596924,2072.97705078125,2915
ds004302_sub-12,rh_bankssts,2.6477317810058594,0.043001700192689896,1850.7896728515625,4.339500904083252,746.2337646484375,1138
ds004302_sub-12,rh_caudalanteriorcingulate,2.478409767150879,-0.011926122009754181,1588.2626953125,1.5831280946731567,588.6290283203125,753
ds004302_sub-12,rh_caudalmiddlefrontal,2.2138803005218506,-0.01844286359846592,4212.1015625,2.323078155517578,1717.95654296875,2543
ds004302_sub-12,rh_cuneus,1.633009672164917,-0.02458113618195057,2334.60986328125,-2.4671664237976074,1317.0599365234375,1857
ds004302_sub-12,rh_entorhinal,2.5991833209991455,-0.03187381848692894,1162.166748046875,-4.580315589904785,312.1280517578125,443
ds004302_sub-12,rh_fusiform,2.530416965484619,-0.02659035474061966,8198.70703125,0.7768694162368774,2813.11279296875,3992
ds004302_sub-12,rh_inferiorparietal,2.395134687423706,-0.02978740818798542,11430.884765625,0.5186997056007385,4128.16064453125,5913
ds004302_sub-12,rh_inferiortemporal,2.6671133041381836,-0.030292971059679985,9532.779296875,-1.0793876647949219,2988.55615234375,4021
ds004302_sub-12,rh_isthmuscingulate,2.196197986602783,-0.0165523961186409,2096.1484375,0.14605893194675446,819.860595703125,1175
ds004302_sub-12,rh_lateraloccipital,1.911365032196045,-0.028566773980855942,8265.091796875,-1.5652170181274414,3909.6455078125,5647
ds004302_sub-12,rh_lateralorbitofrontal,2.4973151683807373,-0.014064108021557331,6067.314453125,0.35916629433631897,2304.23779296875,3190
ds004302_sub-12,rh_lingual,1.9832640886306763,-0.03921344503760338,5928.65966796875,-1.0035945177078247,2714.175048828125,3780
ds004302_sub-12,rh_medialorbitofrontal,2.5621860027313232,-0.04666808620095253,4650.486328125,-2.1041204929351807,1583.29345703125,2075
ds004302_sub-12,rh_middletemporal,2.7009286880493164,-0.05403444916009903,10399.111328125,-1.869078278541565,3105.05126953125,4240
ds004302_sub-12,rh_parahippocampal,2.7401187419891357,-0.027261974290013313,1973.820556640625,0.6983209848403931,594.8284301757812,924
ds004302_sub-12,rh_paracentral,2.20749568939209,0.005084561184048653,2781.65185546875,1.16512131690979,1235.6435546875,1900
ds004302_sub-12,rh_parsopercularis,2.246866226196289,-0.03634051978588104,3078.589111328125,1.2672011852264404,1223.243896484375,1706
ds004302_sub-12,rh_parsorbitalis,2.5414936542510986,-0.07513982802629471,2566.09228515625,-4.840766906738281,774.8302612304688,973
ds004302_sub-12,rh_parstriangularis,2.2260756492614746,-0.007255776319652796,2559.50537109375,-0.4070455729961395,1054.569091796875,1490
ds004302_sub-12,rh_pericalcarine,1.4469094276428223,0.047347720712423325,1610.2315673828125,1.5320407152175903,1296.11279296875,1880
ds004302_sub-12,rh_postcentral,1.8564085960388184,-0.05546993017196655,7644.072265625,-1.2775108814239502,3671.151611328125,5659
ds004302_sub-12,rh_posteriorcingulate,2.3221921920776367,0.007446056231856346,2536.32470703125,2.393225908279419,1002.531494140625,1363
ds004302_sub-12,rh_precentral,2.286297559738159,-0.00780945410951972,10200.478515625,0.7600504755973816,4179.83740234375,6535
ds004302_sub-12,rh_precuneus,2.3517794609069824,-0.010685024783015251,8217.775390625,0.6624149084091187,3191.429443359375,4598
ds004302_sub-12,rh_rostralanteriorcingulate,2.7702713012695312,0.013410292565822601,963.4686279296875,1.9024736881256104,321.460693359375,464
ds004302_sub-12,rh_rostralmiddlefrontal,2.1581249237060547,-0.03563316538929939,12145.009765625,-0.2441025972366333,4874.2744140625,6273
ds004302_sub-12,rh_superiorfrontal,2.5291121006011963,-0.03438496217131615,16078.7001953125,-1.2593802213668823,5471.4248046875,7899
ds004302_sub-12,rh_superiorparietal,2.094224452972412,-0.026317700743675232,11730.689453125,-0.12256525456905365,4916.4091796875,7259
ds004302_sub-12,rh_superiortemporal,2.5670104026794434,-0.0319063663482666,8866.337890625,-0.3723779618740082,3050.677490234375,4614
ds004302_sub-12,rh_supramarginal,2.422790765762329,-0.014044223353266716,7570.77099609375,1.31877601146698,2842.49755859375,4133
ds004302_sub-12,rh_frontalpole,2.3403122425079346,-0.14252379536628723,1025.419189453125,-8.4362154006958,332.0854797363281,362
ds004302_sub-12,rh_temporalpole,3.4954700469970703,-0.1175084039568901,2174.87646484375,-9.103887557983398,414.47747802734375,442
ds004302_sub-12,rh_transversetemporal,2.3330557346343994,-0.0766591876745224,639.2738037109375,4.012135982513428,257.8096618652344,434
ds004302_sub-12,rh_insula,2.8445215225219727,0.02705417573451996,5355.37353515625,5.867247104644775,1885.508056640625,2653
ds004302_sub-13,lh_bankssts,2.7014150619506836,0.03350477293133736,3104.07177734375,4.191912651062012,1113.814453125,1670
ds004302_sub-13,lh_caudalanteriorcingulate,2.258192539215088,0.029961828142404556,1804.69091796875,1.7166321277618408,657.4862060546875,1009
ds004302_sub-13,lh_caudalmiddlefrontal,2.797701358795166,-0.029056506231427193,8004.93017578125,0.6990833282470703,2453.879638671875,3604
ds004302_sub-13,lh_cuneus,1.7474651336669922,-0.06426823884248734,2637.18017578125,-2.4881694316864014,1489.432861328125,2179
ds004302_sub-13,lh_entorhinal,3.724916458129883,-0.08644818514585495,1898.3734130859375,-5.3936567306518555,339.51202392578125,477
ds004302_sub-13,lh_fusiform,2.777151584625244,-0.03499722108244896,10107.0048828125,0.9362643957138062,3258.9150390625,4539
ds004302_sub-13,lh_inferiorparietal,2.5857958793640137,-0.03741274029016495,13066.38671875,0.49309080839157104,4493.67041015625,6332
ds004302_sub-13,lh_inferiortemporal,2.8534157276153564,-0.03779330104589462,13565.9931640625,-0.7150787711143494,3775.72412109375,4924
ds004302_sub-13,lh_isthmuscingulate,2.6486194133758545,-0.02389088086783886,3468.296630859375,0.02662452682852745,1106.0174560546875,1563
ds004302_sub-13,lh_lateraloccipital,2.251044511795044,-0.050137437880039215,11669.18359375,-1.8246805667877197,4446.046875,6665
ds004302_sub-13,lh_lateralorbitofrontal,3.0779757499694824,-0.013122913427650928,9044.7978515625,0.026468195021152496,2608.896484375,3625
ds004302_sub-13,lh_lingual,1.9836230278015137,-0.02740650624036789,6405.40234375,0.06747964769601822,3015.260498046875,4223
ds004302_sub-13,lh_medialorbitofrontal,2.6728265285491943,-0.03619280830025673,6236.962890625,-1.502933382987976,2016.8719482421875,2602
ds004302_sub-13,lh_middletemporal,2.9918344020843506,-0.06219533085823059,14572.296875,-1.7950422763824463,3741.548583984375,4941
ds004302_sub-13,lh_parahippocampal,2.876953125,-0.03798302263021469,2106.587890625,0.6700357794761658,617.743408203125,959
ds004302_sub-13,lh_paracentral,2.710073709487915,-0.02755758911371231,3863.772216796875,0.45096296072006226,1319.4215087890625,2100
ds004302_sub-13,lh_parsopercularis,2.773294448852539,-0.040041614323854446,6434.1279296875,-0.23436743021011353,1932.9091796875,2654
ds004302_sub-13,lh_parsorbitalis,3.0707454681396484,-0.10291209816932678,3243.3291015625,-5.4996771812438965,772.6295166015625,1062
ds004302_sub-13,lh_parstriangularis,2.792252779006958,-0.021978097036480904,4957.8701171875,0.03363645821809769,1427.636474609375,2015
ds004302_sub-13,lh_pericalcarine,1.6191498041152954,0.07116831839084625,1898.44091796875,3.4831178188323975,1336.132080078125,2000
ds004302_sub-13,lh_postcentral,2.3352084159851074,-0.06469085067510605,12017.4140625,-1.564684510231018,4350.5185546875,6465
ds004302_sub-13,lh_posteriorcingulate,2.5431113243103027,0.003847006242722273,3750.285400390625,1.956940770149231,1301.80029296875,1807
ds004302_sub-13,lh_precentral,2.810734272003174,-0.02736474946141243,16014.6015625,0.37028464674949646,4945.7275390625,7570
ds004302_sub-13,lh_precuneus,2.604966402053833,-0.015388629399240017,10711.439453125,1.2968934774398804,3775.28076171875,5432
ds004302_sub-13,lh_rostralanteriorcingulate,3.0885136127471924,-0.02601694129407406,3480.19873046875,-0.13535933196544647,909.9458618164062,1175
ds004302_sub-13,lh_rostralmiddlefrontal,2.5068161487579346,-0.03474079817533493,17680.705078125,0.3096284568309784,6024.06201171875,7979
ds004302_sub-13,lh_superiorfrontal,3.016456365585327,-0.03688851371407509,28923.234375,-0.725745439529419,7950.3134765625,11419
ds004302_sub-13,lh_superiorparietal,2.3917455673217773,-0.04391349479556084,13698.60546875,0.0223297867923975,4943.2119140625,7327
ds004302_sub-13,lh_superiortemporal,3.0162739753723145,-0.030355369672179222,16721.93359375,-0.0009099326562136412,4642.8583984375,6753
ds004302_sub-13,lh_supramarginal,2.723897695541382,-0.023593932390213013,13665.521484375,0.3514370620250702,4279.5576171875,6010
ds004302_sub-13,lh_frontalpole,2.8906807899475098,-0.1607976108789444,1122.763427734375,-9.430821418762207,275.5204772949219,315
ds004302_sub-13,lh_temporalpole,3.664539337158203,-0.10845113545656204,2591.25244140625,-7.452653408050537,538.1669921875,615
ds004302_sub-13,lh_transversetemporal,2.702202558517456,-0.06275857239961624,1451.270263671875,3.397599220275879,474.777587890625,676
ds004302_sub-13,lh_insula,3.411738634109497,0.031038574874401093,8296.013671875,6.049123287200928,2261.046875,3297
ds004302_sub-13,rh_bankssts,2.723881244659424,0.0346420593559742,2359.27099609375,4.267910003662109,891.66064453125,1319
ds004302_sub-13,rh_caudalanteriorcingulate,2.319489002227783,-0.0026036149356514215,2522.2021484375,1.3012434244155884,893.7562866210938,1272
ds004302_sub-13,rh_caudalmiddlefrontal,2.907891035079956,-0.023603731766343117,7857.04541015625,1.3425589799880981,2343.2783203125,3433
ds004302_sub-13,rh_cuneus,2.0147714614868164,-0.05946004018187523,3999.21044921875,-3.330791473388672,1583.6988525390625,2248
ds004302_sub-13,rh_entorhinal,3.5482819080352783,-0.051681037992239,1421.486572265625,-3.928791046142578,291.7970275878906,428
ds004302_sub-13,rh_fusiform,2.853607654571533,-0.037762973457574844,10481.4658203125,1.054064154624939,3142.13720703125,4559
ds004302_sub-13,rh_inferiorparietal,2.7501039505004883,-0.03595918044447899,16316.1181640625,0.5001013875007629,5120.23291015625,7120
ds004302_sub-13,rh_inferiortemporal,2.761052131652832,-0.028782734647393227,13306.408203125,-0.5191867351531982,3974.73486328125,5368
ds004302_sub-13,rh_isthmuscingulate,2.6099276542663574,-0.02134152315557003,2702.571044921875,0.09004586935043335,869.8114013671875,1235
ds004302_sub-13,rh_lateraloccipital,2.316368579864502,-0.0368531197309494,13786.17578125,-1.3259832859039307,5223.521484375,7584
ds004302_sub-13,rh_lateralorbitofrontal,2.9462883472442627,-0.011430307291448116,9122.8818359375,0.26266366243362427,2847.317138671875,3902
ds004302_sub-13,rh_lingual,2.1362791061401367,-0.04105651006102562,7497.71875,-0.5722224116325378,3124.26318359375,4353
ds004302_sub-13,rh_medialorbitofrontal,2.806298017501831,-0.03133496269583702,7289.76953125,-1.530922770500183,2243.97119140625,2849
ds004302_sub-13,rh_middletemporal,2.990790605545044,-0.05455307289958,16875.984375,-1.3641892671585083,4394.46435546875,5775
ds004302_sub-13,rh_parahippocampal,2.6115078926086426,-0.026562830433249474,1777.385986328125,1.247069239616394,572.4051513671875,904
ds004302_sub-13,rh_paracentral,2.7979278564453125,-0.029806258156895638,5324.1181640625,0.05765608325600624,1702.79150390625,2645
ds004302_sub-13,rh_parsopercularis,2.885335683822632,-0.012312938459217548,5158.568359375,0.9746664762496948,1597.572265625,2146
ds004302_sub-13,rh_parsorbitalis,2.9624056816101074,-0.07589369267225266,3588.61083984375,-5.113044738769531,900.3304443359375,1198
ds004302_sub-13,rh_parstriangularis,2.883082151412964,-0.03660176694393158,6635.41552734375,-0.8744045495986938,1829.248046875,2355
ds004302_sub-13,rh_pericalcarine,1.5643725395202637,0.06492868810892105,2065.5234375,2.015753746032715,1478.7852783203125,2177
ds004302_sub-13,rh_postcentral,2.318988084793091,-0.04647218436002731,11296.19140625,-0.9336689114570618,4136.6630859375,6245
ds004302_sub-13,rh_posteriorcingulate,2.8129284381866455,0.009597864001989365,3451.227294921875,1.8176223039627075,1074.802978515625,1507
ds004302_sub-13,rh_precentral,2.893225908279419,-0.022046217694878578,16647.796875,0.148759663105011,4892.58642578125,7419
ds004302_sub-13,rh_precuneus,2.6434240341186523,-0.015152796171605587,11953.109375,1.533247709274292,4204.88232421875,5841
ds004302_sub-13,rh_rostralanteriorcingulate,2.6832005977630615,-0.024333154782652855,2781.918701171875,0.6775239706039429,808.90478515625,1058
ds004302_sub-13,rh_rostralmiddlefrontal,2.6637516021728516,-0.033779341727495193,19184.16015625,-0.13200470805168152,5852.072265625,7739
ds004302_sub-13,rh_superiorfrontal,3.0078625679016113,-0.03632086142897606,25956.41796875,-0.6113212704658508,7314.810546875,10542
ds004302_sub-13,rh_superiorparietal,2.421644926071167,-0.04036477580666542,14799.826171875,-0.054842572659254074,5403.7666015625,7853
ds004302_sub-13,rh_superiortemporal,2.9655845165252686,-0.03182634711265564,13427.857421875,0.07716605812311172,3841.550537109375,5848
ds004302_sub-13,rh_supramarginal,2.778630495071411,-0.036992475390434265,12452.314453125,0.4672023355960846,3736.181640625,5189
ds004302_sub-13,rh_frontalpole,3.3470356464385986,-0.1261949986219406,1679.18505859375,-8.94898796081543,334.37164306640625,371
ds004302_sub-13,rh_temporalpole,3.729501485824585,-0.12064900249242783,2867.91015625,-7.146716117858887,530.2930908203125,691
ds004302_sub-13,rh_transversetemporal,2.7011375427246094,-0.08903750032186508,1276.342041015625,3.5809926986694336,396.8319091796875,570
ds004302_sub-13,rh_insula,3.430023670196533,0.030449675396084785,7543.3369140625,6.079751014709473,2015.58837890625,2871
ds004302_sub-14,lh_bankssts,2.409935712814331,0.039518408477306366,1923.49169921875,3.6947340965270996,857.7889404296875,1288
ds004302_sub-14,lh_caudalanteriorcingulate,2.279419183731079,0.021667184308171272,1586.255126953125,1.7941490411758423,604.2241821289062,966
ds004302_sub-14,lh_caudalmiddlefrontal,2.440042734146118,-0.018005751073360443,6999.57470703125,1.3221853971481323,2634.25927734375,3916
ds004302_sub-14,lh_cuneus,1.873746633529663,-0.036483246833086014,3259.84375,-2.0043399333953857,1600.3131103515625,2186
ds004302_sub-14,lh_entorhinal,3.140470504760742,-0.05812087655067444,1807.79052734375,-3.7741968631744385,401.37786865234375,591
ds004302_sub-14,lh_fusiform,2.740663528442383,-0.023549780249595642,10083.0078125,1.7076948881149292,3240.29736328125,4744
ds004302_sub-14,lh_inferiorparietal,2.3564674854278564,-0.028931431472301483,9166.4296875,0.6927183270454407,3632.090087890625,5047
ds004302_sub-14,lh_inferiortemporal,2.8175888061523438,-0.04168704152107239,10829.5673828125,-1.4083735942840576,3164.2568359375,4230
ds004302_sub-14,lh_isthmuscingulate,2.6001548767089844,-0.024438757449388504,2781.495361328125,-1.012412667274475,943.3803100585938,1354
ds004302_sub-14,lh_lateraloccipital,2.091860294342041,-0.04047452658414841,13178.939453125,-1.9870966672897339,5539.5732421875,8033
ds004302_sub-14,lh_lateralorbitofrontal,2.781303882598877,-0.01729464717209339,7456.14501953125,-0.14675356447696686,2496.6787109375,3382
ds004302_sub-14,lh_lingual,2.2117860317230225,-0.016851086169481277,7630.78857421875,0.5610045194625854,3048.50341796875,4362
ds004302_sub-14,lh_medialorbitofrontal,2.567765235900879,-0.02982635609805584,6135.8232421875,-1.551793098449707,2133.70849609375,2864
ds004302_sub-14,lh_middletemporal,2.6869404315948486,-0.05732088163495064,10071.3408203125,-1.1381921768188477,3075.11083984375,4153
ds004302_sub-14,lh_parahippocampal,2.519245147705078,-0.04063822701573372,2266.44873046875,0.7618403434753418,783.922607421875,1225
ds004302_sub-14,lh_paracentral,2.4995198249816895,-0.028556594625115395,3165.636962890625,-0.4708361327648163,1163.0146484375,1816
ds004302_sub-14,lh_parsopercularis,2.5263631343841553,-0.030726533383131027,4615.2802734375,-0.0005757192266173661,1598.5430908203125,2314
ds004302_sub-14,lh_parsorbitalis,2.669675588607788,-0.08664343506097794,2366.70751953125,-5.261125087738037,690.5067138671875,880
ds004302_sub-14,lh_parstriangularis,2.633747100830078,-0.042812611907720566,4245.5185546875,-1.0088406801223755,1475.4853515625,1912
ds004302_sub-14,lh_pericalcarine,1.4717751741409302,0.07365719228982925,1398.5595703125,1.33650803565979,1112.52294921875,1544
ds004302_sub-14,lh_postcentral,2.12776255607605,-0.05103582888841629,9248.3779296875,-1.0428096055984497,3888.15283203125,5788
ds004302_sub-14,lh_posteriorcingulate,2.6803908348083496,0.01334952749311924,2860.74951171875,2.4579567909240723,942.7050170898438,1337
ds004302_sub-14,lh_precentral,2.5549428462982178,-0.0233736764639616,13726.4697265625,0.5205612778663635,4904.39501953125,7904
ds004302_sub-14,lh_precuneus,2.4525649547576904,-0.005780608393251896,9582.3984375,1.5182886123657227,3679.396728515625,5255
ds004302_sub-14,lh_rostralanteriorcingulate,2.746081829071045,-0.004684186074882746,2418.09619140625,1.1247913837432861,713.2581787109375,920
ds004302_sub-14,lh_rostralmiddlefrontal,2.3359835147857666,-0.02403387241065502,16334.341796875,0.2800273001194,6173.736328125,8182
ds004302_sub-14,lh_superiorfrontal,2.8358922004699707,-0.023228950798511505,26146.978515625,-0.7157145142555237,8073.2265625,11614
ds004302_sub-14,lh_superiorparietal,2.232271909713745,-0.032495371997356415,13821.017578125,-0.11088903248310089,5504.3369140625,7981
ds004302_sub-14,lh_superiortemporal,2.6431617736816406,-0.017157549038529396,13796.7177734375,0.2586492598056793,4464.87890625,6509
ds004302_sub-14,lh_supramarginal,2.439826011657715,-0.02633853070437908,11363.2431640625,0.3064930737018585,4249.212890625,5870
ds004302_sub-14,lh_frontalpole,2.9477927684783936,-0.13621149957180023,1277.25927734375,-9.09804916381836,320.11346435546875,349
ds004302_sub-14,lh_temporalpole,3.35599422454834,-0.11374693363904953,2381.947021484375,-7.881842136383057,493.24139404296875,649
ds004302_sub-14,lh_transversetemporal,2.2398645877838135,-0.09098673611879349,1438.717041015625,1.2628265619277954,567.7967529296875,877
ds004302_sub-14,lh_insula,3.236238956451416,0.02850487269461155,7453.888671875,5.7751288414001465,2275.46826171875,3273
ds004302_sub-14,rh_bankssts,2.409278392791748,0.04261196404695511,1784.4482421875,5.079702854156494,824.1477661132812,1199
ds004302_sub-14,rh_caudalanteriorcingulate,2.3554277420043945,-0.019585952162742615,2439.9248046875,2.0150339603424072,882.546142578125,1298
ds004302_sub-14,rh_caudalmiddlefrontal,2.6589090824127197,-0.02366996742784977,6715.798828125,1.0269120931625366,2203.327392578125,3326
ds004302_sub-14,rh_cuneus,1.756455898284912,-0.034924864768981934,2853.501220703125,-2.7479264736175537,1561.7955322265625,2093
ds004302_sub-14,rh_entorhinal,3.5815296173095703,-0.11333838105201721,1296.9791259765625,-4.902712821960449,247.84913635253906,375
ds004302_sub-14,rh_fusiform,2.7165586948394775,-0.013129468075931072,10213.767578125,1.6949267387390137,3410.087890625,4777
ds004302_sub-14,rh_inferiorparietal,2.4063456058502197,-0.021293532103300095,13839.7412109375,0.44637247920036316,5015.89501953125,6906
ds004302_sub-14,rh_inferiortemporal,2.792900323867798,-0.022724580019712448,10456.3564453125,-0.8483240604400635,3161.052734375,4189
ds004302_sub-14,rh_isthmuscingulate,2.87534499168396,-0.012243620119988918,2888.01220703125,-0.38374626636505127,896.7179565429688,1323
ds004302_sub-14,rh_lateraloccipital,2.0382347106933594,-0.02887520007789135,14882.1484375,-1.362149953842163,6479.18603515625,9235
ds004302_sub-14,rh_lateralorbitofrontal,2.6757357120513916,-0.006984769832342863,6914.72509765625,0.5414679050445557,2491.42822265625,3458
ds004302_sub-14,rh_lingual,2.217247724533081,-0.0353328138589859,7102.43017578125,-0.001452930155210197,2946.5595703125,4119
ds004302_sub-14,rh_medialorbitofrontal,2.4339678287506104,-0.04841019958257675,6280.716796875,-1.6576082706451416,2285.952392578125,2970
ds004302_sub-14,rh_middletemporal,2.873892068862915,-0.06564653664827347,12462.83984375,-1.622721791267395,3422.155029296875,4726
ds004302_sub-14,rh_parahippocampal,2.549379587173462,-0.05881300941109657,2223.55810546875,0.28475815057754517,746.115234375,1152
ds004302_sub-14,rh_paracentral,2.2391233444213867,-0.005077988840639591,3065.753662109375,0.5745522975921631,1315.9111328125,2057
ds004302_sub-14,rh_parsopercularis,2.5085561275482178,-0.016152167692780495,3538.546875,1.4792355298995972,1319.138916015625,1815
ds004302_sub-14,rh_parsorbitalis,2.6473419666290283,-0.08198043704032898,3168.056640625,-4.717658519744873,951.2078857421875,1267
ds004302_sub-14,rh_parstriangularis,2.663727045059204,-0.045479804277420044,5695.45068359375,-1.2176405191421509,1886.67919921875,2373
ds004302_sub-14,rh_pericalcarine,1.4376389980316162,0.06134388595819473,1474.472900390625,1.4640318155288696,1237.525634765625,1704
ds004302_sub-14,rh_postcentral,2.130953073501587,-0.04825054854154587,9164.302734375,-0.9510404467582703,3752.6064453125,5557
ds004302_sub-14,rh_posteriorcingulate,2.6925618648529053,0.0008139064302667975,2870.84765625,2.3758299350738525,1001.367919921875,1459
ds004302_sub-14,rh_precentral,2.6607370376586914,-0.023013588041067123,15670.1513671875,0.1868373602628708,5171.615234375,8144
ds004302_sub-14,rh_precuneus,2.5498335361480713,-0.0179180596023798,10680.9140625,0.8214190602302551,3977.2822265625,5498
ds004302_sub-14,rh_rostralanteriorcingulate,2.7068214416503906,-0.014222154393792152,2464.337158203125,1.3831119537353516,807.7310791015625,1105
ds004302_sub-14,rh_rostralmiddlefrontal,2.38677978515625,-0.023756830021739006,17349.056640625,0.22077354788780212,6482.953125,8622
ds004302_sub-14,rh_superiorfrontal,2.8309884071350098,-0.03063066303730011,24211.205078125,-0.9910640120506287,7539.68115234375,10767
ds004302_sub-14,rh_superiorparietal,2.183535575866699,-0.02289089933037758,13970.591796875,0.35623061656951904,5580.4970703125,8134
ds004302_sub-14,rh_superiortemporal,2.7915937900543213,-0.035820137709379196,12011.15625,-0.26501694321632385,3674.693359375,5619
ds004302_sub-14,rh_supramarginal,2.6578683853149414,-0.0176279004663229,9214.166015625,0.6302350163459778,3005.443115234375,4347
ds004302_sub-14,rh_frontalpole,2.6587412357330322,-0.11952226608991623,1273.493408203125,-7.4318952560424805,356.2197265625,437
ds004302_sub-14,rh_temporalpole,3.96173095703125,-0.08589853346347809,2765.373046875,-9.186203002929688,467.42059326171875,519
ds004302_sub-14,rh_transversetemporal,2.7676022052764893,-0.044966455549001694,957.3656005859375,4.021800518035889,341.2940673828125,519
ds004302_sub-14,rh_insula,3.34755277633667,0.0355394221842289,6948.98583984375,6.015257835388184,1968.04931640625,2905
ds004302_sub-15,lh_bankssts,2.5124707221984863,0.04676448181271553,2144.33349609375,5.061738967895508,887.650634765625,1396
ds004302_sub-15,lh_caudalanteriorcingulate,2.133953809738159,0.04181881994009018,1181.849853515625,2.6102497577667236,557.39111328125,854
ds004302_sub-15,lh_caudalmiddlefrontal,2.7005181312561035,-0.013113711029291153,7634.869140625,1.9214791059494019,2567.1904296875,3875
ds004302_sub-15,lh_cuneus,2.007011890411377,-0.04763765260577202,4096.078125,-2.9626708030700684,1796.9788818359375,2443
ds004302_sub-15,lh_entorhinal,2.6443638801574707,-0.022042157128453255,1434.5313720703125,-3.3654167652130127,433.1960144042969,629
ds004302_sub-15,lh_fusiform,2.6993141174316406,-0.026071758940815926,9423.453125,1.175800085067749,3121.3857421875,4471
ds004302_sub-15,lh_inferiorparietal,2.3849141597747803,-0.020509274676442146,12460.93359375,0.3696293532848358,4684.77197265625,6540
ds004302_sub-15,lh_inferiortemporal,2.707834005355835,-0.03469302877783775,12885.69140625,-1.1401379108428955,4046.0986328125,5528
ds004302_sub-15,lh_isthmuscingulate,2.2359330654144287,-0.00204089074395597,2009.8358154296875,0.7049320340156555,850.1044311523438,1170
ds004302_sub-15,lh_lateraloccipital,2.335228204727173,-0.04781746491789818,14143.0693359375,-1.5557810068130493,5192.1474609375,7452
ds004302_sub-15,lh_lateralorbitofrontal,2.732417345046997,-0.021145230159163475,7365.02734375,0.30315569043159485,2467.1240234375,3446
ds004302_sub-15,lh_lingual,2.145419120788574,-0.03399844467639923,7785.7119140625,-0.45185577869415283,3454.345703125,4725
ds004302_sub-15,lh_medialorbitofrontal,2.440213918685913,-0.04369422420859337,5384.537109375,-1.646497130393982,1928.5091552734375,2570
ds004302_sub-15,lh_middletemporal,2.833124876022339,-0.05922500416636467,11851.8994140625,-1.7456533908843994,3368.78271484375,4533
ds004302_sub-15,lh_parahippocampal,2.885695219039917,-0.04349030554294586,2129.50927734375,-0.16182440519332886,616.5484619140625,927
ds004302_sub-15,lh_paracentral,2.574183940887451,-0.028057048097252846,3773.736328125,-0.21088550984859467,1389.746337890625,2128
ds004302_sub-15,lh_parsopercularis,2.691246747970581,-0.03953159227967262,4357.517578125,-0.24635431170463562,1418.006103515625,2030
ds004302_sub-15,lh_parsorbitalis,2.923219919204712,-0.07570165395736694,2702.2978515625,-4.664962291717529,714.2911376953125,1018
ds004302_sub-15,lh_parstriangularis,2.501704454421997,-0.039145078510046005,3709.6806640625,-0.5308526754379272,1299.4473876953125,1830
ds004302_sub-15,lh_pericalcarine,1.4839353561401367,0.07450703531503677,2358.72119140625,2.941765785217285,1824.2994384765625,2482
ds004302_sub-15,lh_postcentral,2.1151552200317383,-0.05185561999678612,10622.791015625,-0.7387596368789673,4458.7900390625,6863
ds004302_sub-15,lh_posteriorcingulate,2.5070698261260986,0.0052385455928742886,3389.01611328125,1.9577332735061646,1226.6181640625,1753
ds004302_sub-15,lh_precentral,2.767556667327881,-0.023073110729455948,15671.978515625,0.4752270579338074,5058.33447265625,7992
ds004302_sub-15,lh_precuneus,2.6299359798431396,-0.022867998108267784,10944.087890625,1.5580925941467285,3953.974609375,5698
ds004302_sub-15,lh_rostralanteriorcingulate,2.7874252796173096,-0.034506428986787796,2762.03369140625,0.3653567433357239,861.947265625,1205
ds004302_sub-15,lh_rostralmiddlefrontal,2.3360819816589355,-0.030881397426128387,16255.7822265625,0.016111699864268303,6039.71728515625,8200
ds004302_sub-15,lh_superiorfrontal,2.921221971511841,-0.02801448106765747,24323.6796875,-0.6354746222496033,7210.736328125,10704
ds004302_sub-15,lh_superiorparietal,2.2183773517608643,-0.02289573848247528,15953.625,0.22516663372516632,6614.35791015625,9720
ds004302_sub-15,lh_superiortemporal,2.9217050075531006,-0.029702791944146156,13512.9423828125,-0.010023090057075024,3912.242431640625,5955
ds004302_sub-15,lh_supramarginal,2.6018290519714355,-0.03731781989336014,14403.951171875,-0.6931042671203613,4871.90234375,6900
ds004302_sub-15,lh_frontalpole,2.8271913528442383,-0.1733807623386383,978.1781005859375,-8.878376960754395,264.8929443359375,319
ds004302_sub-15,lh_temporalpole,3.483579635620117,-0.08374443650245667,2623.09326171875,-7.680100917816162,528.8960571289062,625
ds004302_sub-15,lh_transversetemporal,2.6997952461242676,-0.04278979077935219,1209.289306640625,3.6686928272247314,424.7748107910156,622
ds004302_sub-15,lh_insula,3.019528865814209,0.017549023032188416,6678.4140625,5.898159503936768,2212.768798828125,3190
ds004302_sub-15,rh_bankssts,2.498023271560669,0.03378619998693466,2411.05712890625,3.7327311038970947,981.44921875,1484
ds004302_sub-15,rh_caudalanteriorcingulate,2.1189258098602295,0.004954775795340538,1866.7001953125,1.2895092964172363,726.0909423828125,1016
ds004302_sub-15,rh_caudalmiddlefrontal,2.7237982749938965,-0.019004765897989273,7060.0673828125,0.945627748966217,2410.3994140625,3588
ds004302_sub-15,rh_cuneus,1.8082859516143799,-0.06971748918294907,3371.7783203125,-3.9085590839385986,1770.032958984375,2500
ds004302_sub-15,rh_entorhinal,2.50040864944458,-0.034106336534023285,1033.0933837890625,-4.32465124130249,303.63885498046875,426
ds004302_sub-15,rh_fusiform,2.5966036319732666,-0.020427484065294266,8925.44140625,1.8508188724517822,3042.4072265625,4607
ds004302_sub-15,rh_inferiorparietal,2.3894646167755127,-0.04346160963177681,15555.6103515625,0.05799669399857521,5633.08984375,7914
ds004302_sub-15,rh_inferiortemporal,2.633359670639038,-0.052045490592718124,12042.2685546875,-1.2675467729568481,3764.97119140625,5234
ds004302_sub-15,rh_isthmuscingulate,2.4200782775878906,-0.016626298427581787,2478.26318359375,0.4280555248260498,931.7559814453125,1287
ds004302_sub-15,rh_lateraloccipital,2.206164598464966,-0.02960081957280636,11691.5810546875,-1.25118088722229,4812.30029296875,6987
ds004302_sub-15,rh_lateralorbitofrontal,2.6197214126586914,-0.015544270165264606,6938.7392578125,0.3579845130443573,2411.719970703125,3326
ds004302_sub-15,rh_lingual,2.10115385055542,-0.03897646442055702,8167.2822265625,-0.47106876969337463,3520.728515625,5013
ds004302_sub-15,rh_medialorbitofrontal,2.35322904586792,-0.027086568996310234,5115.884765625,-1.2445611953735352,1922.478515625,2614
ds004302_sub-15,rh_middletemporal,2.844294309616089,-0.04310057684779167,14146.29296875,-1.5795902013778687,4007.506103515625,5670
ds004302_sub-15,rh_parahippocampal,2.6834161281585693,-0.024924147874116898,2116.733642578125,0.4866298735141754,675.7760620117188,1048
ds004302_sub-15,rh_paracentral,2.7124221324920654,-0.03787396475672722,4848.02099609375,0.00844532810151577,1645.119140625,2630
ds004302_sub-15,rh_parsopercularis,2.603180408477783,-0.036255981773138046,3906.78466796875,1.1013036966323853,1306.2257080078125,1917
ds004302_sub-15,rh_parsorbitalis,2.7166755199432373,-0.08519158512353897,3018.82177734375,-4.6901373863220215,881.1174926757812,1183
ds004302_sub-15,rh_parstriangularis,2.3879761695861816,-0.01975233294069767,3667.677001953125,-0.6313496232032776,1382.854736328125,2016
ds004302_sub-15,rh_pericalcarine,1.6440656185150146,0.06594282388687134,2557.9912109375,2.797861099243164,1879.261474609375,2634
ds004302_sub-15,rh_postcentral,2.1130197048187256,-0.04711340367794037,11053.521484375,-0.762347936630249,4678.876953125,7138
ds004302_sub-15,rh_posteriorcingulate,2.3897130489349365,0.013405341655015945,3181.513427734375,2.140789270401001,1195.93115234375,1725
ds004302_sub-15,rh_precentral,2.7736973762512207,-0.029253890737891197,16848.41015625,0.3782954812049866,5471.70361328125,8473
ds004302_sub-15,rh_precuneus,2.4446940422058105,-0.020395880565047264,11368.7724609375,0.7424914240837097,4289.54345703125,6317
ds004302_sub-15,rh_rostralanteriorcingulate,2.2859673500061035,-0.013373889029026031,1458.8746337890625,0.9648950099945068,526.3690795898438,738
ds004302_sub-15,rh_rostralmiddlefrontal,2.2724649906158447,-0.028691811487078667,15224.861328125,0.04181572422385216,5793.15380859375,7720
ds004302_sub-15,rh_superiorfrontal,2.7652087211608887,-0.033652644604444504,23268.451171875,-0.8955821990966797,7313.3271484375,10690
ds004302_sub-15,rh_superiorparietal,2.154374122619629,-0.02376929484307766,14194.55078125,0.3767772912979126,5955.083984375,8923
ds004302_sub-15,rh_superiortemporal,2.8082165718078613,-0.03279247507452965,11919.8134765625,-0.05159926787018776,3653.0791015625,5596
ds004302_sub-15,rh_supramarginal,2.54168701171875,-0.01989157125353813,13389.064453125,0.7030160427093506,4545.21923828125,6659
ds004302_sub-15,rh_frontalpole,2.70163631439209,-0.15878452360630035,1319.684326171875,-8.689363479614258,336.92694091796875,439
ds004302_sub-15,rh_temporalpole,3.3810806274414062,-0.13056018948554993,2091.608642578125,-8.559706687927246,443.29364013671875,519
ds004302_sub-15,rh_transversetemporal,2.8338980674743652,-0.08647662401199341,1275.756591796875,3.06014347076416,370.1533508300781,589
ds004302_sub-15,rh_insula,3.2190213203430176,0.032856982201337814,6994.76513671875,6.105554580688477,2098.6806640625,3046
ds004302_sub-16,lh_bankssts,2.3545455932617188,0.03589163348078728,1936.0709228515625,3.0356216430664062,879.5966796875,1263
ds004302_sub-16,lh_caudalanteriorcingulate,2.3177499771118164,0.004668560344725847,2639.566650390625,1.9676247835159302,977.7236938476562,1445
ds004302_sub-16,lh_caudalmiddlefrontal,2.6198720932006836,-0.01151858177036047,7750.3193359375,1.284415602684021,2673.89306640625,4055
ds004302_sub-16,lh_cuneus,1.7831071615219116,-0.016214529052376747,3654.5595703125,-1.737228512763977,2026.8973388671875,2828
ds004302_sub-16,lh_entorhinal,3.293311357498169,-0.06729435175657272,1754.859619140625,-4.102285385131836,391.80487060546875,560
ds004302_sub-16,lh_fusiform,2.6296398639678955,-0.029192784801125526,10504.470703125,0.9706048369407654,3414.76953125,5107
ds004302_sub-16,lh_inferiorparietal,2.345438003540039,-0.021227624267339706,13507.892578125,0.4893682301044464,5398.13671875,7668
ds004302_sub-16,lh_inferiortemporal,2.577439308166504,-0.019173122942447662,12183.95703125,-0.8619886040687561,4054.59130859375,5731
ds004302_sub-16,lh_isthmuscingulate,2.167903184890747,-0.011775009334087372,2942.9013671875,-0.3341938853263855,1243.7718505859375,1790
ds004302_sub-16,lh_lateraloccipital,2.0733437538146973,-0.037961844354867935,16970.99609375,-2.228059768676758,7252.86767578125,10370
ds004302_sub-16,lh_lateralorbitofrontal,2.509208917617798,-0.018047448247671127,8437.3623046875,-0.15714031457901,3121.23046875,4260
ds004302_sub-16,lh_lingual,2.177353620529175,-0.03133019432425499,8836.45703125,-0.018107134848833084,3808.411376953125,5245
ds004302_sub-16,lh_medialorbitofrontal,2.2464780807495117,-0.051933109760284424,6389.55908203125,-1.3773337602615356,2450.238037109375,3498
ds004302_sub-16,lh_middletemporal,2.762956380844116,-0.05688249319791794,13439.21484375,-1.6062926054000854,3839.323486328125,5236
ds004302_sub-16,lh_parahippocampal,2.4735844135284424,-0.03959132730960846,1819.55126953125,0.4688512086868286,592.6658935546875,936
ds004302_sub-16,lh_paracentral,2.485382556915283,-0.025269053876399994,4056.2412109375,-0.2852800488471985,1537.809326171875,2419
ds004302_sub-16,lh_parsopercularis,2.699227809906006,-0.04271022602915764,6248.0458984375,-0.09733043611049652,2032.383544921875,2949
ds004302_sub-16,lh_parsorbitalis,2.237779140472412,-0.0595841221511364,1886.8458251953125,-4.15064001083374,679.8306274414062,925
ds004302_sub-16,lh_parstriangularis,2.4203150272369385,-0.024944938719272614,5062.00830078125,-0.04980963096022606,1787.180908203125,2494
ds004302_sub-16,lh_pericalcarine,1.6265901327133179,0.06920056790113449,2446.225830078125,4.387163162231445,1749.10009765625,2487
ds004302_sub-16,lh_postcentral,1.996912956237793,-0.0435396209359169,9703.8466796875,-0.8024864792823792,4445.4541015625,6783
ds004302_sub-16,lh_posteriorcingulate,2.572340726852417,-0.00543712405487895,5168.7919921875,1.6953588724136353,1811.110595703125,2524
ds004302_sub-16,lh_precentral,2.5852484703063965,-0.023104317486286163,14516.1201171875,0.2184569537639618,5059.3583984375,8007
ds004302_sub-16,lh_precuneus,2.5140037536621094,-0.002756709698587656,11360.4306640625,2.354504108428955,4304.41162109375,6097
ds004302_sub-16,lh_rostralanteriorcingulate,2.22528076171875,0.001804029569029808,2420.466552734375,1.827346682548523,991.0362548828125,1440
ds004302_sub-16,lh_rostralmiddlefrontal,2.353896141052246,-0.032139383256435394,19144.916015625,-0.039002180099487305,6851.40380859375,9373
ds004302_sub-16,lh_superiorfrontal,2.7245235443115234,-0.020450828596949577,28150.1796875,-0.7019117474555969,8928.892578125,13318
ds004302_sub-16,lh_superiorparietal,2.2832679748535156,-0.02949933148920536,18246.626953125,-0.4309679865837097,7104.11767578125,10480
ds004302_sub-16,lh_superiortemporal,2.8408443927764893,-0.014014744199812412,14599.4375,0.12993374466896057,4446.49462890625,6715
ds004302_sub-16,lh_supramarginal,2.4088127613067627,-0.02995874360203743,10318.423828125,-0.1271870881319046,3866.80419921875,5625
ds004302_sub-16,lh_frontalpole,2.7129857540130615,-0.14579522609710693,1252.572998046875,-8.612957000732422,356.2269287109375,446
ds004302_sub-16,lh_temporalpole,3.540117025375366,-0.06097455695271492,2645.44482421875,-6.979336261749268,588.0193481445312,763
ds004302_sub-16,lh_transversetemporal,2.548527956008911,-0.05015278980135918,1314.148681640625,3.5268025398254395,473.37835693359375,748
ds004302_sub-16,lh_insula,3.051964044570923,0.018323106691241264,8519.6552734375,5.460964202880859,2689.140869140625,4107
ds004302_sub-16,rh_bankssts,2.660784959793091,0.042177438735961914,2355.5888671875,3.845759153366089,970.6170654296875,1498
ds004302_sub-16,rh_caudalanteriorcingulate,1.9342666864395142,0.020629294216632843,1584.81005859375,2.0954606533050537,744.887451171875,1113
ds004302_sub-16,rh_caudalmiddlefrontal,2.558748960494995,-0.009110373444855213,9275.51953125,1.1887321472167969,3097.97021484375,4621
ds004302_sub-16,rh_cuneus,1.8028430938720703,-0.04249727353453636,3971.918212890625,-2.4782018661499023,2098.391357421875,2974
ds004302_sub-16,rh_entorhinal,3.240083932876587,-0.09279371798038483,1424.799072265625,-4.106359004974365,303.5257873535156,433
ds004302_sub-16,rh_fusiform,2.5412216186523438,-0.024637123569846153,8757.279296875,1.266757607460022,3063.17822265625,4522
ds004302_sub-16,rh_inferiorparietal,2.3875293731689453,-0.02711174637079239,18856.3046875,0.2292904555797577,6857.8095703125,9817
ds004302_sub-16,rh_inferiortemporal,2.5981717109680176,-0.020635977387428284,11396.5439453125,-0.4054895043373108,3826.22607421875,5347
ds004302_sub-16,rh_isthmuscingulate,2.2746849060058594,-0.004120293539017439,2435.60400390625,-0.8182754516601562,979.71923828125,1379
ds004302_sub-16,rh_lateraloccipital,2.210205554962158,-0.02481471374630928,16175.5654296875,-1.6507587432861328,6082.619140625,8615
ds004302_sub-16,rh_lateralorbitofrontal,2.418445110321045,-0.01867484860122204,8312.2216796875,0.08871683478355408,3209.722412109375,4316
ds004302_sub-16,rh_lingual,2.131011486053467,-0.04190119355916977,9281.611328125,-1.1170055866241455,3821.08154296875,5306
ds004302_sub-16,rh_medialorbitofrontal,2.290146589279175,-0.035408273339271545,6489.482421875,-1.3526955842971802,2486.08740234375,3388
ds004302_sub-16,rh_middletemporal,2.779428243637085,-0.056883666664361954,15233.9150390625,-1.6298450231552124,4363.89599609375,6127
ds004302_sub-16,rh_parahippocampal,2.665395498275757,-0.02812214195728302,1976.2760009765625,1.2509851455688477,618.06982421875,982
ds004302_sub-16,rh_paracentral,2.4507486820220947,-0.023578425869345665,4848.3447265625,-0.4209657609462738,1868.5826416015625,3042
ds004302_sub-16,rh_parsopercularis,2.636606216430664,-0.034589868038892746,4395.533203125,0.07359687238931656,1442.2650146484375,2049
ds004302_sub-16,rh_parsorbitalis,2.5263278484344482,-0.05954796075820923,2861.10986328125,-4.164390563964844,898.5382690429688,1267
ds004302_sub-16,rh_parstriangularis,2.5316290855407715,-0.030393628403544426,5028.21337890625,0.321495920419693,1734.9287109375,2453
ds004302_sub-16,rh_pericalcarine,1.476919412612915,0.06018945947289467,2478.091796875,2.6830713748931885,1978.131103515625,2791
ds004302_sub-16,rh_postcentral,2.0127017498016357,-0.0466352179646492,10130.8037109375,-0.731360673904419,4397.5517578125,6766
ds004302_sub-16,rh_posteriorcingulate,2.3374907970428467,-0.0021231865976005793,4384.9658203125,1.7974125146865845,1663.114013671875,2310
ds004302_sub-16,rh_precentral,2.5401134490966797,-0.01977320946753025,15615.662109375,0.1360824555158615,5394.111328125,8433
ds004302_sub-16,rh_precuneus,2.475013256072998,-0.004623123444616795,12237.998046875,2.2076075077056885,4778.0673828125,6929
ds004302_sub-16,rh_rostralanteriorcingulate,2.3623578548431396,-0.025501294061541557,2162.273681640625,0.9682262539863586,743.7525634765625,953
ds004302_sub-16,rh_rostralmiddlefrontal,2.171241283416748,-0.021395375952124596,18265.703125,-0.20456711947917938,7058.14990234375,9645
ds004302_sub-16,rh_superiorfrontal,2.6125810146331787,-0.028848689049482346,27430.84765625,-0.5386899709701538,8927.166015625,13256
ds004302_sub-16,rh_superiorparietal,2.263378143310547,-0.029014183208346367,16830.2265625,-0.40924593806266785,6601.40966796875,9777
ds004302_sub-16,rh_superiortemporal,2.594104051589966,-0.018375657498836517,12403.9501953125,0.25713253021240234,4138.798828125,6251
ds004302_sub-16,rh_supramarginal,2.4927873611450195,-0.017707331106066704,10015.28515625,0.31007492542266846,3536.631103515625,5170
ds004302_sub-16,rh_frontalpole,2.4510703086853027,-0.15065205097198486,1296.346435546875,-8.932260513305664,385.4630126953125,488
ds004302_sub-16,rh_temporalpole,3.3183088302612305,-0.08148626238107681,2744.50048828125,-6.884352207183838,578.3973388671875,772
ds004302_sub-16,rh_transversetemporal,2.471168041229248,-0.08107461780309677,1058.52099609375,3.140740394592285,376.43701171875,586
ds004302_sub-16,rh_insula,3.0412566661834717,0.033523496240377426,7326.7841796875,6.246584415435791,2388.171875,3607
ds004302_sub-17,lh_bankssts,2.3256900310516357,0.016913870349526405,3084.563232421875,2.170200824737549,1334.622802734375,2086
ds004302_sub-17,lh_caudalanteriorcingulate,2.2185771465301514,0.011091195978224277,1432.421875,2.0319290161132812,621.018310546875,986
ds004302_sub-17,lh_caudalmiddlefrontal,2.501904249191284,-0.03704247251152992,7042.47412109375,1.005405306816101,2570.434326171875,4277
ds004302_sub-17,lh_cuneus,1.509770154953003,0.002843226073309779,2110.310302734375,-0.3655770719051361,1470.557861328125,2111
ds004302_sub-17,lh_entorhinal,2.9346120357513428,-0.012826853431761265,1836.26025390625,-2.1411802768707275,440.44873046875,664
ds004302_sub-17,lh_fusiform,2.650458335876465,-0.049370720982551575,10125.275390625,0.760821521282196,3333.8291015625,4962
ds004302_sub-17,lh_inferiorparietal,2.351813554763794,-0.031940679997205734,10892.7392578125,0.41771936416625977,4282.63525390625,6408
ds004302_sub-17,lh_inferiortemporal,2.4096834659576416,-0.028498465195298195,9988.224609375,-0.30748608708381653,3532.47265625,5320
ds004302_sub-17,lh_isthmuscingulate,2.6378684043884277,-0.023683149367570877,2272.23681640625,-1.0535783767700195,782.140625,1168
ds004302_sub-17,lh_lateraloccipital,1.9685379266738892,-0.0354396253824234,12060.8369140625,-1.7541536092758179,5607.77783203125,8471
ds004302_sub-17,lh_lateralorbitofrontal,2.514171838760376,-0.017920687794685364,6636.7744140625,0.5769993662834167,2474.4931640625,3465
ds004302_sub-17,lh_lingual,1.9203766584396362,-0.028344368562102318,6939.03125,-0.0054593561217188835,3263.986083984375,4647
ds004302_sub-17,lh_medialorbitofrontal,2.15639066696167,-0.05752591788768768,4722.447265625,-2.168661117553711,1990.6024169921875,2841
ds004302_sub-17,lh_middletemporal,2.5542030334472656,-0.05430493876338005,10450.75390625,-1.4784587621688843,3448.2958984375,4983
ds004302_sub-17,lh_parahippocampal,2.665297269821167,-0.04380866885185242,2101.521484375,-0.30736109614372253,668.299072265625,1066
ds004302_sub-17,lh_paracentral,2.2393951416015625,-0.02230876497924328,3215.7314453125,0.27996569871902466,1317.1298828125,1875
ds004302_sub-17,lh_parsopercularis,2.6712114810943604,-0.04554891213774681,5755.935546875,-0.12217764556407928,1938.121826171875,2792
ds004302_sub-17,lh_parsorbitalis,2.502328634262085,-0.08218822628259659,1862.88134765625,-4.852081775665283,611.1851806640625,895
ds004302_sub-17,lh_parstriangularis,2.298820972442627,-0.04182305186986923,3294.290283203125,-0.9874903559684753,1275.648193359375,1837
ds004302_sub-17,lh_pericalcarine,1.2517856359481812,0.04964868351817131,1274.2662353515625,2.5712080001831055,1164.72607421875,1717
ds004302_sub-17,lh_postcentral,2.4489946365356445,-0.04290428385138512,8191.0107421875,0.19894863665103912,3066.51708984375,4583
ds004302_sub-17,lh_posteriorcingulate,2.582446336746216,-0.016201909631490707,3044.450439453125,1.9297163486480713,1032.3291015625,1475
ds004302_sub-17,lh_precentral,1.999390721321106,-0.02826567552983761,10863.142578125,-0.21198324859142303,5179.94677734375,8111
ds004302_sub-17,lh_precuneus,2.2628207206726074,-0.005469069816172123,6106.5478515625,1.7757433652877808,2662.244140625,3939
ds004302_sub-17,lh_rostralanteriorcingulate,2.578901529312134,-0.02937726117670536,1974.917724609375,0.6548540592193604,694.6729736328125,947
ds004302_sub-17,lh_rostralmiddlefrontal,2.2213377952575684,-0.018253717571496964,15800.0673828125,0.45203307271003723,6634.2412109375,9315
ds004302_sub-17,lh_superiorfrontal,2.610248327255249,-0.02818860299885273,23923.66015625,-0.5096253752708435,8327.802734375,12712
ds004302_sub-17,lh_superiorparietal,2.0594184398651123,-0.02592858113348484,7825.90966796875,-0.3091093897819519,3464.208740234375,5265
ds004302_sub-17,lh_superiortemporal,2.7745895385742188,-0.03385347127914429,13145.2734375,-0.33673667907714844,4123.763671875,6140
ds004302_sub-17,lh_supramarginal,2.5074639320373535,-0.02418150007724762,6935.86376953125,-0.12449877709150314,2546.466064453125,3689
ds004302_sub-17,lh_frontalpole,2.5996828079223633,-0.15658685564994812,881.5313110351562,-8.753739356994629,248.20138549804688,355
ds004302_sub-17,lh_temporalpole,3.522230863571167,-0.09251553565263748,1859.93896484375,-8.114407539367676,416.32354736328125,535
ds004302_sub-17,lh_transversetemporal,2.1242058277130127,-0.05061296746134758,1044.071044921875,2.9038960933685303,480.14581298828125,715
ds004302_sub-17,lh_insula,3.0770068168640137,0.028875619173049927,7185.90576171875,5.3498029708862305,2331.24853515625,3408
ds004302_sub-17,rh_bankssts,2.3366994857788086,0.01014768797904253,3063.087158203125,3.1293742656707764,1273.41845703125,1824
ds004302_sub-17,rh_caudalanteriorcingulate,2.126857280731201,-0.0015517203137278557,2038.649169921875,1.527179479598999,842.1876831054688,1229
ds004302_sub-17,rh_caudalmiddlefrontal,2.431333541870117,-0.02980397641658783,5908.6376953125,0.7007228136062622,2180.926513671875,3459
ds004302_sub-17,rh_cuneus,1.6960413455963135,-0.04332425072789192,3064.0,-2.691312074661255,1544.66259765625,2170
ds004302_sub-17,rh_entorhinal,2.808907985687256,-0.02570270374417305,1532.2113037109375,-2.262017011642456,401.9933776855469,596
ds004302_sub-17,rh_fusiform,2.707397937774658,-0.04027317836880684,10737.6640625,0.44296950101852417,3371.488525390625,5066
ds004302_sub-17,rh_inferiorparietal,2.3514182567596436,-0.03058222122490406,13935.267578125,0.42881160974502563,5078.2998046875,7256
ds004302_sub-17,rh_inferiortemporal,2.411778688430786,-0.03935903683304787,10141.91796875,-0.8380693793296814,3577.28173828125,5169
ds004302_sub-17,rh_isthmuscingulate,2.5889968872070312,-0.029849516227841377,2326.36865234375,-1.3281277418136597,806.6267700195312,1100
ds004302_sub-17,rh_lateraloccipital,2.126026153564453,-0.03252642974257469,10982.3037109375,-1.6805256605148315,4411.474609375,6506
ds004302_sub-17,rh_lateralorbitofrontal,2.287592649459839,-0.015310938470065594,6007.287109375,0.700053870677948,2483.365234375,3553
ds004302_sub-17,rh_lingual,1.9608533382415771,-0.025100408121943474,7746.94677734375,0.03909051790833473,3619.351806640625,5246
ds004302_sub-17,rh_medialorbitofrontal,2.1778669357299805,-0.04830249026417732,5110.8466796875,-2.056917190551758,2100.20751953125,2779
ds004302_sub-17,rh_middletemporal,2.530214786529541,-0.036138225346803665,10419.412109375,-0.4332999587059021,3568.46337890625,5152
ds004302_sub-17,rh_parahippocampal,2.461862802505493,-0.03317740932106972,1956.9478759765625,0.9793702363967896,680.9379272460938,1107
ds004302_sub-17,rh_paracentral,2.0472664833068848,-0.01919586956501007,4048.7529296875,-0.011797090992331505,1826.38330078125,2691
ds004302_sub-17,rh_parsopercularis,2.659605026245117,-0.04888416826725006,4295.650390625,-2.4098753929138184,1457.35009765625,2112
ds004302_sub-17,rh_parsorbitalis,2.4598662853240967,-0.06621430069208145,2651.13720703125,-4.439610004425049,908.651611328125,1232
ds004302_sub-17,rh_parstriangularis,2.399684190750122,-0.030033018440008163,4050.97216796875,-0.10832815617322922,1575.6131591796875,2231
ds004302_sub-17,rh_pericalcarine,1.1947455406188965,0.06725616753101349,1380.23828125,1.6544444561004639,1339.21044921875,1919
ds004302_sub-17,rh_postcentral,2.2233946323394775,-0.05366028472781181,8550.5234375,-0.8937464952468872,3254.63134765625,4817
ds004302_sub-17,rh_posteriorcingulate,2.279996156692505,0.010677172802388668,2719.62060546875,2.3246750831604004,1080.19677734375,1466
ds004302_sub-17,rh_precentral,1.8593072891235352,-0.01764451526105404,8324.400390625,0.4271512031555176,4232.337890625,6529
ds004302_sub-17,rh_precuneus,2.261389970779419,-0.013632535934448242,6914.6884765625,1.3006439208984375,2988.482421875,4284
ds004302_sub-17,rh_rostralanteriorcingulate,2.3051867485046387,-0.0035558436065912247,1606.061279296875,1.0678329467773438,597.1437377929688,783
ds004302_sub-17,rh_rostralmiddlefrontal,2.1573386192321777,-0.020084500312805176,16644.57421875,0.3312889039516449,7313.662109375,10269
ds004302_sub-17,rh_superiorfrontal,2.649036169052124,-0.02754885144531727,22274.921875,-0.5565812587738037,7685.89501953125,12095
ds004302_sub-17,rh_superiorparietal,2.0930733680725098,-0.024399559944868088,9054.6328125,-0.03106130287051201,3791.81201171875,5817
ds004302_sub-17,rh_superiortemporal,2.653585433959961,-0.03831958770751953,10656.2607421875,-0.7086639404296875,3493.62841796875,5298
ds004302_sub-17,rh_supramarginal,2.4101855754852295,-0.0007028936524875462,7764.9580078125,1.379670262336731,2990.397216796875,4196
ds004302_sub-17,rh_frontalpole,2.5130996704101562,-0.10881965607404709,1047.817626953125,-7.601947784423828,355.94482421875,460
ds004302_sub-17,rh_temporalpole,3.315674304962158,-0.08997432887554169,2256.561767578125,-7.589385032653809,501.063232421875,658
ds004302_sub-17,rh_transversetemporal,2.431866407394409,-0.06163288652896881,870.9867553710938,3.177915096282959,328.2283630371094,493
ds004302_sub-17,rh_insula,2.8869640827178955,0.03629988804459572,6606.158203125,5.635594844818115,2237.420654296875,3288
ds004302_sub-18,lh_bankssts,2.2893056869506836,0.02807004004716873,2548.83154296875,2.616816997528076,1121.1873779296875,1630
ds004302_sub-18,lh_caudalanteriorcingulate,2.5335206985473633,0.03315486013889313,1978.53857421875,1.8138821125030518,720.531005859375,1088
ds004302_sub-18,lh_caudalmiddlefrontal,2.586719036102295,-0.02129007689654827,6809.1162109375,1.0072213411331177,2442.406494140625,3514
ds004302_sub-18,lh_cuneus,1.712945818901062,-0.00932466983795166,2209.38134765625,0.11040414124727249,1306.2222900390625,1840
ds004302_sub-18,lh_entorhinal,2.964735507965088,-0.05479279160499573,1998.913330078125,-4.574674606323242,519.8082275390625,738
ds004302_sub-18,lh_fusiform,2.699082374572754,-0.034980226308107376,11595.8662109375,1.2864141464233398,3665.078125,5223
ds004302_sub-18,lh_inferiorparietal,2.3515095710754395,-0.018887266516685486,12690.7294921875,0.8480008840560913,5002.27978515625,6998
ds004302_sub-18,lh_inferiortemporal,2.701462745666504,-0.03406927362084389,11858.0205078125,-0.9539209604263306,3736.296875,5120
ds004302_sub-18,lh_isthmuscingulate,2.4011640548706055,-0.01619194820523262,2794.60595703125,0.005719998851418495,1076.826416015625,1476
ds004302_sub-18,lh_lateraloccipital,2.0922539234161377,-0.04041856527328491,13453.5810546875,-2.081097364425659,5727.1865234375,8129
ds004302_sub-18,lh_lateralorbitofrontal,2.7821872234344482,-0.018185093998908997,8375.234375,-0.2077973335981369,2815.71484375,3862
ds004302_sub-18,lh_lingual,2.351785659790039,-0.040737222880125046,7764.7255859375,-0.05547900125384331,2922.18212890625,4025
ds004302_sub-18,lh_medialorbitofrontal,2.3916995525360107,-0.061742153018713,6662.71826171875,-1.0226022005081177,2445.380859375,3435
ds004302_sub-18,lh_middletemporal,2.7384371757507324,-0.0436534620821476,12615.662109375,-1.021682858467102,3960.39013671875,5322
ds004302_sub-18,lh_parahippocampal,2.3956458568573,-0.04619305580854416,1967.6021728515625,0.03198971971869469,683.15478515625,1102
ds004302_sub-18,lh_paracentral,2.2195634841918945,-0.028949158266186714,4020.07177734375,-0.19806645810604095,1652.869140625,2646
ds004302_sub-18,lh_parsopercularis,2.701652765274048,-0.02270597778260708,5015.03125,-0.11608674377202988,1687.5269775390625,2356
ds004302_sub-18,lh_parsorbitalis,2.6026558876037598,-0.07036072760820389,2554.044921875,-4.364527702331543,819.0472412109375,1050
ds004302_sub-18,lh_parstriangularis,2.7165932655334473,-0.008169390261173248,3914.9921875,0.5635965466499329,1289.365478515625,1825
ds004302_sub-18,lh_pericalcarine,1.4822520017623901,0.07177094370126724,1312.892578125,1.5360840559005737,1023.9530639648438,1523
ds004302_sub-18,lh_postcentral,1.960939645767212,-0.0447031706571579,8373.134765625,-0.4127013385295868,3897.806884765625,5783
ds004302_sub-18,lh_posteriorcingulate,2.334538459777832,0.012490009889006615,3241.0244140625,2.0270774364471436,1251.597900390625,1766
ds004302_sub-18,lh_precentral,2.5946786403656006,-0.023201091215014458,14527.712890625,0.1658419519662857,5207.3818359375,7993
ds004302_sub-18,lh_precuneus,2.4288382530212402,-0.00796977523714304,10458.3525390625,1.4298985004425049,4206.27001953125,5860
ds004302_sub-18,lh_rostralanteriorcingulate,2.6822543144226074,-0.006371711380779743,2956.86279296875,1.2331262826919556,961.9100341796875,1350
ds004302_sub-18,lh_rostralmiddlefrontal,2.489593744277954,-0.022251363843679428,14541.70703125,-0.14781172573566437,5355.87109375,7129
ds004302_sub-18,lh_superiorfrontal,2.740669012069702,-0.022495925426483154,24241.876953125,-0.7452554106712341,7845.880859375,11501
ds004302_sub-18,lh_superiorparietal,2.0845680236816406,-0.032972726970911026,14461.3896484375,-0.3807560205459595,6266.32275390625,9029
ds004302_sub-18,lh_superiortemporal,2.803032398223877,-0.024988854303956032,13496.5078125,-0.18426665663719177,4299.2587890625,6002
ds004302_sub-18,lh_supramarginal,2.534050703048706,-0.02625865302979946,12188.494140625,-0.126572847366333,4410.380859375,6013
ds004302_sub-18,lh_frontalpole,2.585888385772705,-0.1625962108373642,1021.5028076171875,-8.591851234436035,290.1416015625,365
ds004302_sub-18,lh_temporalpole,3.269247531890869,-0.1025700718164444,2653.167724609375,-7.209084510803223,604.0763549804688,730
ds004302_sub-18,lh_transversetemporal,2.5527446269989014,-0.07665688544511795,1242.614501953125,2.7321298122406006,456.8979797363281,684
ds004302_sub-18,lh_insula,3.3518576622009277,0.0340299978852272,7761.34375,5.907095909118652,2343.99169921875,3541
ds004302_sub-18,rh_bankssts,2.533571481704712,0.029645051807165146,2453.09375,4.697323322296143,1017.5338134765625,1520
ds004302_sub-18,rh_caudalanteriorcingulate,2.20293927192688,0.004180367104709148,2173.380859375,1.7039822340011597,860.1113891601562,1313
ds004302_sub-18,rh_caudalmiddlefrontal,2.5720365047454834,-0.015147221274673939,7483.02587890625,1.1898366212844849,2625.01416015625,3904
ds004302_sub-18,rh_cuneus,1.8035494089126587,-0.04342130944132805,2987.21728515625,-2.5877864360809326,1555.9837646484375,2108
ds004302_sub-18,rh_entorhinal,2.743546962738037,-0.08445850759744644,1541.5516357421875,-5.864373207092285,389.3780822753906,550
ds004302_sub-18,rh_fusiform,2.8252193927764893,-0.03348839655518532,10527.52734375,0.7117858529090881,3296.34423828125,4713
ds004302_sub-18,rh_inferiorparietal,2.4605660438537598,-0.018989944830536842,16910.18359375,0.8485109806060791,6083.87109375,8500
ds004302_sub-18,rh_inferiortemporal,2.555772066116333,-0.02190210483968258,10638.5771484375,-0.9109221696853638,3563.23779296875,4851
ds004302_sub-18,rh_isthmuscingulate,2.0847744941711426,-0.02394798956811428,2315.7060546875,-0.017256254330277443,1010.7300415039062,1382
ds004302_sub-18,rh_lateraloccipital,2.2706315517425537,-0.0290861576795578,12281.3515625,-1.3968106508255005,4567.6748046875,6417
ds004302_sub-18,rh_lateralorbitofrontal,2.6327695846557617,-0.007497570011764765,7357.916015625,0.5980579853057861,2594.449951171875,3616
ds004302_sub-18,rh_lingual,2.2738640308380127,-0.030365778133273125,9097.720703125,-0.4071447551250458,3681.8955078125,5229
ds004302_sub-18,rh_medialorbitofrontal,2.4504973888397217,-0.044545505195856094,5797.408203125,-1.5538487434387207,2144.54052734375,2962
ds004302_sub-18,rh_middletemporal,2.9118711948394775,-0.05721583589911461,14352.171875,-1.7098116874694824,4096.22802734375,5586
ds004302_sub-18,rh_parahippocampal,2.732943296432495,-0.01622072421014309,2200.952392578125,0.6726028919219971,683.2921142578125,1027
ds004302_sub-18,rh_paracentral,2.3643929958343506,-0.016886044293642044,3417.507080078125,0.48516520857810974,1372.6099853515625,2226
ds004302_sub-18,rh_parsopercularis,2.528233766555786,-0.027962535619735718,4905.33984375,-0.13236069679260254,1724.111572265625,2296
ds004302_sub-18,rh_parsorbitalis,2.814873456954956,-0.06305135041475296,3337.2646484375,-4.906656742095947,933.2041625976562,1259
ds004302_sub-18,rh_parstriangularis,2.6477675437927246,-0.03642873093485832,5405.619140625,-0.7598512172698975,1824.3369140625,2423
ds004302_sub-18,rh_pericalcarine,1.6976549625396729,0.0502355583012104,2400.625,1.3671900033950806,1457.19970703125,2037
ds004302_sub-18,rh_postcentral,2.0098538398742676,-0.04165903478860855,9826.263671875,-0.9222343564033508,4294.78662109375,6416
ds004302_sub-18,rh_posteriorcingulate,2.3725643157958984,0.0019355278927832842,3627.850341796875,2.1033670902252197,1369.2457275390625,1923
ds004302_sub-18,rh_precentral,2.528108596801758,-0.013380461372435093,14861.177734375,0.4145459234714508,5297.65478515625,8225
ds004302_sub-18,rh_precuneus,2.4004995822906494,-0.00320502114482224,11050.294921875,1.6151753664016724,4500.35400390625,6376
ds004302_sub-18,rh_rostralanteriorcingulate,2.4835798740386963,-0.042937204241752625,1968.6722412109375,1.2945715188980103,723.457275390625,1014
ds004302_sub-18,rh_rostralmiddlefrontal,2.4309041500091553,-0.026143353432416916,16082.42578125,0.012492506764829159,5754.17919921875,7572
ds004302_sub-18,rh_superiorfrontal,2.735581159591675,-0.0287355687469244,23774.90234375,-0.8731302618980408,7695.6533203125,11102
ds004302_sub-18,rh_superiorparietal,2.0837042331695557,-0.03479617461562157,14756.15625,-0.8656439781188965,6403.6298828125,9095
ds004302_sub-18,rh_superiortemporal,2.8457589149475098,-0.031947504729032516,13172.431640625,-0.48225629329681396,3954.160400390625,5854
ds004302_sub-18,rh_supramarginal,2.5087785720825195,-0.02175002731382847,10107.19921875,0.813385546207428,3626.229736328125,5289
ds004302_sub-18,rh_frontalpole,2.6073176860809326,-0.18355846405029297,1220.353515625,-8.039508819580078,353.93695068359375,418
ds004302_sub-18,rh_temporalpole,3.504732608795166,-0.09307213872671127,2561.5654296875,-6.408725261688232,520.6538696289062,666
ds004302_sub-18,rh_transversetemporal,2.655540704727173,-0.07428911328315735,1047.4000244140625,3.776185989379883,363.78387451171875,519
ds004302_sub-18,rh_insula,3.0780768394470215,0.04376444220542908,6910.58642578125,6.1721882820129395,2244.2578125,3428
ds004302_sub-19,lh_bankssts,2.351478338241577,0.04373999312520027,1964.57666015625,4.211790084838867,867.55908203125,1336
ds004302_sub-19,lh_caudalanteriorcingulate,1.961403727531433,0.023643897846341133,1315.4287109375,2.1604435443878174,660.25732421875,1018
ds004302_sub-19,lh_caudalmiddlefrontal,2.492685556411743,-0.033493634313344955,7364.27783203125,0.8071526885032654,2641.10693359375,4070
ds004302_sub-19,lh_cuneus,1.8591488599777222,-0.04154668003320694,3912.8828125,-2.987441062927246,1825.490478515625,2677
ds004302_sub-19,lh_entorhinal,2.934455394744873,-0.045495208352804184,2120.74560546875,-4.163479804992676,526.423828125,746
ds004302_sub-19,lh_fusiform,2.5305733680725098,-0.02648305892944336,11141.830078125,1.2668800354003906,3773.296875,5568
ds004302_sub-19,lh_inferiorparietal,2.41949200630188,-0.03338898718357086,12555.8193359375,0.3600877821445465,4833.984375,7051
ds004302_sub-19,lh_inferiortemporal,2.4749844074249268,-0.032824933528900146,8778.7548828125,-0.5008832812309265,3136.9091796875,4552
ds004302_sub-19,lh_isthmuscingulate,2.2219505310058594,-0.0038476812187582254,2551.69140625,0.48911282420158386,1105.83056640625,1689
ds004302_sub-19,lh_lateraloccipital,2.037166118621826,-0.040496256202459335,13071.283203125,-1.527543067932129,5922.29736328125,8841
ds004302_sub-19,lh_lateralorbitofrontal,2.4811997413635254,-0.025928404182195663,6555.5751953125,0.4620792269706726,2491.50048828125,3503
ds004302_sub-19,lh_lingual,1.9346061944961548,-0.039430778473615646,8483.177734375,-0.807631254196167,4015.086181640625,5932
ds004302_sub-19,lh_medialorbitofrontal,2.1507675647735596,-0.03638184070587158,4348.59716796875,-1.738132119178772,1840.299560546875,2668
ds004302_sub-19,lh_middletemporal,2.649137258529663,-0.045928433537483215,9311.4189453125,-1.807929277420044,2969.249755859375,4166
ds004302_sub-19,lh_parahippocampal,2.5990333557128906,-0.022422462701797485,2001.5501708984375,-0.30309513211250305,679.1854248046875,1078
ds004302_sub-19,lh_paracentral,2.3775670528411865,-0.03125360608100891,3324.688232421875,-0.8074836134910583,1307.25,1976
ds004302_sub-19,lh_parsopercularis,2.311678886413574,-0.03768489882349968,4400.65576171875,-0.5424789190292358,1704.1182861328125,2538
ds004302_sub-19,lh_parsorbitalis,2.289456605911255,-0.07473829388618469,1913.8443603515625,-4.234177589416504,695.756103515625,903
ds004302_sub-19,lh_parstriangularis,2.338895082473755,-0.03296736627817154,3311.1572265625,-0.23629672825336456,1265.9117431640625,1771
ds004302_sub-19,lh_pericalcarine,1.5588985681533813,0.041114792227745056,2772.08056640625,3.704949378967285,1969.9495849609375,2983
ds004302_sub-19,lh_postcentral,1.9396334886550903,-0.05349099263548851,8977.9697265625,-1.3493177890777588,4050.3330078125,6378
ds004302_sub-19,lh_posteriorcingulate,2.2619919776916504,-0.00749023724347353,2933.084716796875,1.9185124635696411,1211.373291015625,1731
ds004302_sub-19,lh_precentral,2.315885066986084,-0.014532583765685558,12885.759765625,0.5648568868637085,5318.8916015625,8370
ds004302_sub-19,lh_precuneus,2.415029525756836,-0.008258501999080181,9239.2548828125,1.0507732629776,3507.34326171875,5233
ds004302_sub-19,lh_rostralanteriorcingulate,2.436732530593872,-0.037277381867170334,2379.1796875,0.9232619404792786,824.9869384765625,1216
ds004302_sub-19,lh_rostralmiddlefrontal,2.181910276412964,-0.032040905207395554,12466.853515625,-0.2577308118343353,5333.7978515625,7346
ds004302_sub-19,lh_superiorfrontal,2.6565403938293457,-0.028417669236660004,22575.001953125,-0.6680145859718323,7445.8662109375,10977
ds004302_sub-19,lh_superiorparietal,2.2084157466888428,-0.025560542941093445,12465.0361328125,0.3001044690608978,5245.212890625,7787
ds004302_sub-19,lh_superiortemporal,2.5621232986450195,-0.03275184705853462,10960.1953125,-0.07094936817884445,3838.99755859375,5953
ds004302_sub-19,lh_supramarginal,2.403465509414673,-0.02674839459359646,11633.2041015625,0.1831224113702774,4519.521484375,6728
ds004302_sub-19,lh_frontalpole,2.462857246398926,-0.08434753865003586,711.5068359375,-7.489828586578369,246.69442749023438,328
ds004302_sub-19,lh_temporalpole,2.925515651702881,-0.07952520251274109,1880.60107421875,-7.879122734069824,528.8250122070312,670
ds004302_sub-19,lh_transversetemporal,2.2317850589752197,-0.029460208490490913,994.0052490234375,3.5817084312438965,443.9517517089844,685
ds004302_sub-19,lh_insula,2.8597869873046875,0.022329553961753845,6497.89404296875,5.710426330566406,2308.180908203125,3408
ds004302_sub-19,rh_bankssts,2.466153383255005,0.03127109631896019,2166.121826171875,5.099118232727051,936.7411499023438,1418
ds004302_sub-19,rh_caudalanteriorcingulate,2.046525239944458,0.018704339861869812,1838.648193359375,1.5558253526687622,760.9730834960938,1142
ds004302_sub-19,rh_caudalmiddlefrontal,2.418625831604004,-0.020482055842876434,5385.1484375,1.2881226539611816,1993.772705078125,3030
ds004302_sub-19,rh_cuneus,1.7622313499450684,-0.06806448847055435,3535.04638671875,-3.7431013584136963,1757.742431640625,2586
ds004302_sub-19,rh_entorhinal,3.481452703475952,-0.056838590651750565,1904.9990234375,-4.6839752197265625,408.1424255371094,601
ds004302_sub-19,rh_fusiform,2.5092713832855225,-0.03631364181637764,8959.109375,0.7777718901634216,3094.75634765625,4512
ds004302_sub-19,rh_inferiorparietal,2.2415771484375,-0.03212065249681473,14921.9521484375,-0.001455716323107481,6046.375,8770
ds004302_sub-19,rh_inferiortemporal,2.5480594635009766,-0.0376991331577301,10367.345703125,-0.7987591624259949,3485.890380859375,4859
ds004302_sub-19,rh_isthmuscingulate,2.340228319168091,-0.01915040612220764,2438.207275390625,-0.3703828752040863,963.4393310546875,1501
ds004302_sub-19,rh_lateraloccipital,2.023486852645874,-0.025757333263754845,13644.5009765625,-0.8803144693374634,6290.2451171875,9147
ds004302_sub-19,rh_lateralorbitofrontal,2.3913424015045166,-0.01710415817797184,6480.3193359375,0.6117104887962341,2528.565673828125,3501
ds004302_sub-19,rh_lingual,1.8954778909683228,-0.035949259996414185,8194.9091796875,-0.4207775294780731,3898.54833984375,5714
ds004302_sub-19,rh_medialorbitofrontal,2.2926132678985596,-0.050364334136247635,5683.3046875,-1.648885726928711,2172.7216796875,2999
ds004302_sub-19,rh_middletemporal,2.6942803859710693,-0.04506723955273628,11615.6328125,-1.4619066715240479,3635.321044921875,5147
ds004302_sub-19,rh_parahippocampal,2.321965456008911,-0.0298946350812912,1789.501708984375,0.3498607277870178,675.5338134765625,1093
ds004302_sub-19,rh_paracentral,2.2990734577178955,-0.012620021589100361,3689.454345703125,0.05861291661858559,1561.802734375,2487
ds004302_sub-19,rh_parsopercularis,2.488994598388672,-0.037445273250341415,3323.19775390625,0.42956727743148804,1207.8050537109375,1737
ds004302_sub-19,rh_parsorbitalis,2.3366565704345703,-0.0632195994257927,2376.025634765625,-4.390210151672363,830.2447509765625,1096
ds004302_sub-19,rh_parstriangularis,2.337955951690674,-0.028615156188607216,3544.97265625,-0.38703423738479614,1333.149658203125,1961
ds004302_sub-19,rh_pericalcarine,1.4504501819610596,0.02897554449737072,3012.099853515625,2.411313772201538,2185.548828125,3307
ds004302_sub-19,rh_postcentral,2.017643690109253,-0.0521479994058609,8305.25390625,-1.2978613376617432,3658.10693359375,5814
ds004302_sub-19,rh_posteriorcingulate,2.1744067668914795,0.009783503599464893,2447.71240234375,1.894450306892395,1036.1534423828125,1487
ds004302_sub-19,rh_precentral,2.3495609760284424,-0.010866226628422737,13138.458984375,0.41865143179893494,5144.9658203125,8129
ds004302_sub-19,rh_precuneus,2.4269051551818848,-0.01671426184475422,8583.63671875,0.6864896416664124,3318.670166015625,4852
ds004302_sub-19,rh_rostralanteriorcingulate,2.170119524002075,-0.02326243929564953,1573.703125,1.337540864944458,609.3892822265625,814
ds004302_sub-19,rh_rostralmiddlefrontal,2.1103780269622803,-0.03599786013364792,14015.783203125,-0.35120275616645813,5856.0751953125,8136
ds004302_sub-19,rh_superiorfrontal,2.6662211418151855,-0.03000066988170147,20721.974609375,-0.7757109999656677,7050.4541015625,10392
ds004302_sub-19,rh_superiorparietal,2.169429302215576,-0.021583369001746178,11468.0380859375,0.4285377264022827,4791.029296875,7208
ds004302_sub-19,rh_superiortemporal,2.6468987464904785,-0.02737579308450222,10549.017578125,0.16484928131103516,3516.630859375,5403
ds004302_sub-19,rh_supramarginal,2.3331503868103027,-0.019109001383185387,8314.2177734375,0.8491640686988831,3383.25732421875,4928
ds004302_sub-19,rh_frontalpole,2.48443865776062,-0.19482742249965668,1028.30810546875,-9.08650016784668,327.92864990234375,429
ds004302_sub-19,rh_temporalpole,3.7127532958984375,-0.0823768600821495,2317.525634765625,-7.988268852233887,461.0866394042969,596
ds004302_sub-19,rh_transversetemporal,2.4196622371673584,-0.11046438664197922,923.0740966796875,2.9034690856933594,313.5469970703125,532
ds004302_sub-19,rh_insula,2.8892383575439453,0.03336638584733009,6289.4951171875,6.074197292327881,2047.46923828125,3110
ds004302_sub-20,lh_bankssts,2.256300449371338,0.03424737975001335,2388.696533203125,2.9864559173583984,1102.190673828125,1520
ds004302_sub-20,lh_caudalanteriorcingulate,2.3994710445404053,0.02405221201479435,1902.9197998046875,1.9373682737350464,702.0245361328125,1043
ds004302_sub-20,lh_caudalmiddlefrontal,2.335566759109497,-0.016412030905485153,6342.5791015625,1.199658751487732,2602.9306640625,4045
ds004302_sub-20,lh_cuneus,1.9558465480804443,-0.046065010130405426,3276.244873046875,-2.560046911239624,1521.6829833984375,2036
ds004302_sub-20,lh_entorhinal,3.2931814193725586,-0.08803272247314453,1846.1497802734375,-4.971136569976807,384.00689697265625,583
ds004302_sub-20,lh_fusiform,2.72328782081604,-0.017503567039966583,9797.630859375,1.2632447481155396,3167.88232421875,4568
ds004302_sub-20,lh_inferiorparietal,2.1886332035064697,-0.02196001261472702,9384.0244140625,0.76106196641922,4099.455078125,5811
ds004302_sub-20,lh_inferiortemporal,2.646733283996582,-0.03034813329577446,10828.8994140625,-1.2705838680267334,3425.0419921875,4773
ds004302_sub-20,lh_isthmuscingulate,2.063033103942871,-0.020820587873458862,2910.12890625,0.057733651250600815,1250.227294921875,1823
ds004302_sub-20,lh_lateraloccipital,2.1459059715270996,-0.029426468536257744,11998.66796875,-1.8369922637939453,5005.6396484375,7040
ds004302_sub-20,lh_lateralorbitofrontal,2.5310380458831787,-0.016994040459394455,7292.5615234375,0.3364934027194977,2712.763671875,3809
ds004302_sub-20,lh_lingual,2.0153303146362305,-0.025614647194743156,6593.8671875,0.016846727579832077,3038.0537109375,4291
ds004302_sub-20,lh_medialorbitofrontal,2.3869435787200928,-0.03253084793686867,4901.6318359375,-1.8234431743621826,1933.00146484375,2592
ds004302_sub-20,lh_middletemporal,2.616691827774048,-0.05538560822606087,10650.130859375,-1.7066702842712402,3394.0322265625,4478
ds004302_sub-20,lh_parahippocampal,2.882256269454956,-0.025975830852985382,2126.61279296875,-0.5947401523590088,609.7925415039062,940
ds004302_sub-20,lh_paracentral,2.288076400756836,-0.03138969838619232,3188.382568359375,-0.148455411195755,1284.27734375,2180
ds004302_sub-20,lh_parsopercularis,2.5564610958099365,-0.031054090708494186,3712.32568359375,0.5151408910751343,1378.468017578125,1953
ds004302_sub-20,lh_parsorbitalis,2.6221694946289062,-0.08481248468160629,2364.462646484375,-5.334515571594238,749.5987548828125,978
ds004302_sub-20,lh_parstriangularis,2.4381308555603027,-0.02744431421160698,3684.310546875,-1.1105806827545166,1409.86083984375,1925
ds004302_sub-20,lh_pericalcarine,1.4027750492095947,0.07216636836528778,1740.3226318359375,2.742910861968994,1426.5693359375,2047
ds004302_sub-20,lh_postcentral,1.9094128608703613,-0.055176686495542526,9047.142578125,-0.7171506881713867,4335.39453125,6922
ds004302_sub-20,lh_posteriorcingulate,2.222702980041504,0.008169615641236305,3013.078125,2.174732208251953,1234.770751953125,1771
ds004302_sub-20,lh_precentral,2.482398271560669,-0.02726493403315544,11932.14453125,0.5766869187355042,4542.9853515625,7670
ds004302_sub-20,lh_precuneus,2.2937660217285156,0.0009248157148249447,9759.59375,1.7952739000320435,4101.8515625,5875
ds004302_sub-20,lh_rostralanteriorcingulate,2.6456639766693115,-0.03322955593466759,2737.416748046875,0.6912943720817566,869.703369140625,1153
ds004302_sub-20,lh_rostralmiddlefrontal,2.1863412857055664,-0.02312357909977436,15749.7333984375,0.016918832436203957,6649.31884765625,8671
ds004302_sub-20,lh_superiorfrontal,2.510084390640259,-0.026188770309090614,19989.453125,-0.647171676158905,7310.51953125,10729
ds004302_sub-20,lh_superiorparietal,2.0049753189086914,-0.03380516916513443,13628.12890625,-0.5400022864341736,6117.84228515625,9043
ds004302_sub-20,lh_superiortemporal,2.6744792461395264,-0.02733488380908966,12490.98828125,-0.6009935140609741,4285.3720703125,6113
ds004302_sub-20,lh_supramarginal,2.249905586242676,-0.01826985739171505,12090.095703125,0.050599537789821625,5083.8662109375,7143
ds004302_sub-20,lh_frontalpole,2.3629891872406006,-0.1328391134738922,982.1447143554688,-7.685421466827393,335.47900390625,412
ds004302_sub-20,lh_temporalpole,3.577692747116089,-0.07454530894756317,2847.6513671875,-7.281238079071045,598.2564697265625,749
ds004302_sub-20,lh_transversetemporal,2.266806125640869,-0.06113819405436516,1000.3148193359375,4.057369232177734,414.392822265625,677
ds004302_sub-20,lh_insula,3.029296636581421,0.017461946234107018,8164.76416015625,5.362390041351318,2625.91650390625,3779
ds004302_sub-20,rh_bankssts,2.256443500518799,0.04450765252113342,1876.429443359375,4.577409267425537,885.2149658203125,1300
ds004302_sub-20,rh_caudalanteriorcingulate,2.1590800285339355,0.01521180011332035,1973.677490234375,1.608251690864563,747.047607421875,1035
ds004302_sub-20,rh_caudalmiddlefrontal,2.3869693279266357,-0.02286895178258419,4881.97412109375,1.340248703956604,1949.079833984375,2942
ds004302_sub-20,rh_cuneus,1.8786722421646118,-0.04324093088507652,3362.30908203125,-2.7761616706848145,1653.438232421875,2304
ds004302_sub-20,rh_entorhinal,2.9545135498046875,-0.08992645889520645,2061.773681640625,-4.771588325500488,454.41748046875,689
ds004302_sub-20,rh_fusiform,2.673572540283203,-0.019513266161084175,9444.1640625,1.3041820526123047,3079.08447265625,4538
ds004302_sub-20,rh_inferiorparietal,2.0795483589172363,-0.013042321428656578,15279.3583984375,0.5626906156539917,6845.21142578125,9498
ds004302_sub-20,rh_inferiortemporal,2.5873210430145264,-0.03583844006061554,10280.2431640625,-1.024350881576538,3491.8154296875,4785
ds004302_sub-20,rh_isthmuscingulate,2.2432241439819336,-0.011797567829489708,2605.751953125,-0.14452293515205383,1046.2337646484375,1504
ds004302_sub-20,rh_lateraloccipital,2.0670359134674072,-0.03403521329164505,12237.6728515625,-2.0757551193237305,5273.0703125,7431
ds004302_sub-20,rh_lateralorbitofrontal,2.6925458908081055,-0.009311475791037083,6969.41015625,0.24600531160831451,2498.9345703125,3503
ds004302_sub-20,rh_lingual,2.1089611053466797,-0.016499405726790428,7080.30859375,0.3003822863101959,3105.115478515625,4379
ds004302_sub-20,rh_medialorbitofrontal,2.37534499168396,-0.044887565076351166,6182.078125,-1.8964085578918457,2241.822509765625,3026
ds004302_sub-20,rh_middletemporal,2.5173733234405518,-0.03474372625350952,10774.763671875,-1.8929036855697632,3634.5048828125,4949
ds004302_sub-20,rh_parahippocampal,2.5023293495178223,-0.02279907651245594,1924.797119140625,0.47045040130615234,654.6102294921875,1028
ds004302_sub-20,rh_paracentral,2.384596109390259,-0.022362643852829933,3224.0234375,-0.0091624790802598,1298.4227294921875,2232
ds004302_sub-20,rh_parsopercularis,2.547401189804077,-0.008815296925604343,3073.85205078125,1.1017987728118896,1179.07568359375,1672
ds004302_sub-20,rh_parsorbitalis,2.5940113067626953,-0.06479179114103317,2667.037841796875,-4.646090984344482,852.9114990234375,1071
ds004302_sub-20,rh_parstriangularis,2.486346483230591,-0.040579840540885925,4097.25390625,-0.9530529975891113,1455.4541015625,1981
ds004302_sub-20,rh_pericalcarine,1.4173678159713745,0.06328605115413666,1568.953125,1.719726800918579,1253.434326171875,1833
ds004302_sub-20,rh_postcentral,1.949781060218811,-0.048764802515506744,8994.2783203125,-0.8758013248443604,4152.8740234375,6409
ds004302_sub-20,rh_posteriorcingulate,2.0350632667541504,0.021494721993803978,2754.87548828125,2.6854782104492188,1333.30615234375,1889
ds004302_sub-20,rh_precentral,2.506934881210327,-0.021346108987927437,12659.7255859375,0.6260635256767273,4716.7060546875,7722
ds004302_sub-20,rh_precuneus,2.2866456508636475,-0.0141786839812994,10291.517578125,1.1333056688308716,4260.39306640625,6012
ds004302_sub-20,rh_rostralanteriorcingulate,2.626460313796997,-0.007029104512184858,1668.3233642578125,1.3739545345306396,520.2305908203125,686
ds004302_sub-20,rh_rostralmiddlefrontal,2.1544902324676514,-0.02110626921057701,15249.7158203125,-0.28033190965652466,6528.38232421875,8620
ds004302_sub-20,rh_superiorfrontal,2.4852094650268555,-0.029769575223326683,21196.04296875,-0.5561052560806274,7827.736328125,11470
ds004302_sub-20,rh_superiorparietal,2.0269365310668945,-0.028263406828045845,12377.35546875,0.03632611781358719,5540.02490234375,8174
ds004302_sub-20,rh_superiortemporal,2.710714340209961,-0.027435017749667168,11292.1513671875,-0.520276665687561,3639.435546875,5339
ds004302_sub-20,rh_supramarginal,2.316213369369507,-0.01843581162393093,8800.0400390625,0.6405301690101624,3468.462646484375,4862
ds004302_sub-20,rh_frontalpole,2.4501121044158936,-0.14145612716674805,1154.104248046875,-8.550620079040527,370.7415771484375,428
ds004302_sub-20,rh_temporalpole,3.972929000854492,-0.08599070459604263,3180.66943359375,-8.146584510803223,559.474365234375,709
ds004302_sub-20,rh_transversetemporal,2.23817777633667,-0.03868744894862175,724.75146484375,4.091613292694092,306.545654296875,472
ds004302_sub-20,rh_insula,3.059375047683716,0.02053426392376423,7512.603515625,5.440576553344727,2374.52294921875,3409
ds004302_sub-21,lh_bankssts,2.4345240592956543,0.03388097137212753,2153.070068359375,3.6107280254364014,928.805908203125,1288
ds004302_sub-21,lh_caudalanteriorcingulate,2.1117727756500244,-0.0019446410005912185,1155.5679931640625,1.857437252998352,496.19232177734375,741
ds004302_sub-21,lh_caudalmiddlefrontal,2.4742348194122314,-0.03029712848365307,4741.6591796875,0.577634871006012,1757.513427734375,2659
ds004302_sub-21,lh_cuneus,1.9545152187347412,-0.06605909764766693,3460.06689453125,-2.616240978240967,1634.8603515625,2413
ds004302_sub-21,lh_entorhinal,3.3789069652557373,-0.0830184668302536,1462.3837890625,-5.018043041229248,304.27447509765625,461
ds004302_sub-21,lh_fusiform,2.804485321044922,-0.0428459495306015,11137.4375,0.07558026909828186,3298.0732421875,4839
ds004302_sub-21,lh_inferiorparietal,2.4459915161132812,-0.033340923488140106,12661.6875,0.5307411551475525,4679.18798828125,6719
ds004302_sub-21,lh_inferiortemporal,2.563281774520874,-0.0018310078885406256,8711.1796875,0.26569271087646484,2928.4990234375,4359
ds004302_sub-21,lh_isthmuscingulate,2.2678139209747314,-0.029420141130685806,2947.057373046875,0.04942380264401436,1165.4075927734375,1647
ds004302_sub-21,lh_lateraloccipital,2.185025453567505,-0.046843089163303375,13312.515625,-1.6376941204071045,5468.470703125,8142
ds004302_sub-21,lh_lateralorbitofrontal,2.70760178565979,-0.014060894958674908,7064.99658203125,0.31122273206710815,2366.8232421875,3269
ds004302_sub-21,lh_lingual,2.066351890563965,-0.04576367884874344,7650.771484375,-0.6943183541297913,3487.65966796875,4716
ds004302_sub-21,lh_medialorbitofrontal,2.4792165756225586,-0.05060817673802376,4599.7333984375,-2.221574306488037,1632.326171875,2204
ds004302_sub-21,lh_middletemporal,2.916428804397583,-0.07076942920684814,9926.064453125,-1.6839700937271118,2677.775390625,3792
ds004302_sub-21,lh_parahippocampal,2.8009257316589355,-0.03119964897632599,1918.5889892578125,0.5905423164367676,551.4284057617188,891
ds004302_sub-21,lh_paracentral,2.2250092029571533,-0.016024015843868256,2781.02734375,-0.26111194491386414,1183.2965087890625,1824
ds004302_sub-21,lh_parsopercularis,2.5729522705078125,-0.04441450908780098,4407.7099609375,-0.7551525235176086,1512.1470947265625,2251
ds004302_sub-21,lh_parsorbitalis,2.5578038692474365,-0.09488169848918915,2511.40185546875,-4.949851036071777,794.49658203125,1024
ds004302_sub-21,lh_parstriangularis,2.3154208660125732,-0.03949044272303581,3476.53125,-0.06823979318141937,1356.3577880859375,1890
ds004302_sub-21,lh_pericalcarine,1.7077715396881104,0.042778752744197845,2690.18408203125,3.8225932121276855,1765.8681640625,2557
ds004302_sub-21,lh_postcentral,1.9874151945114136,-0.049611788243055344,8120.7666015625,-1.0776774883270264,3728.89404296875,5689
ds004302_sub-21,lh_posteriorcingulate,2.1583504676818848,0.0106827886775136,2481.818359375,2.399397134780884,1057.136962890625,1467
ds004302_sub-21,lh_precentral,2.4494452476501465,-0.023626025766134262,10241.3125,0.5808920860290527,3901.8759765625,6245
ds004302_sub-21,lh_precuneus,2.384326934814453,-0.01698584109544754,8344.1865234375,1.2275105714797974,3227.8115234375,4364
ds004302_sub-21,lh_rostralanteriorcingulate,2.6051106452941895,-0.05399792268872261,1748.122802734375,0.8097739815711975,584.313232421875,757
ds004302_sub-21,lh_rostralmiddlefrontal,2.3119654655456543,-0.023480139672756195,13716.98828125,0.3921715021133423,5404.90771484375,7641
ds004302_sub-21,lh_superiorfrontal,2.626587390899658,-0.020608877763152122,17386.529296875,-0.680171012878418,6046.01416015625,8843
ds004302_sub-21,lh_superiorparietal,2.181731939315796,-0.02850058488547802,12502.9697265625,0.08302554488182068,5157.67138671875,7601
ds004302_sub-21,lh_superiortemporal,2.8195557594299316,-0.03614433482289314,10978.71875,-0.15058577060699463,3414.665283203125,5183
ds004302_sub-21,lh_supramarginal,2.4951422214508057,-0.031200438737869263,8957.4755859375,0.03231077268719673,3301.489501953125,4572
ds004302_sub-21,lh_frontalpole,2.6273505687713623,-0.13813620805740356,897.458251953125,-9.089388847351074,278.088134765625,327
ds004302_sub-21,lh_temporalpole,3.51832914352417,-0.07852078229188919,2170.709228515625,-8.020763397216797,486.08221435546875,645
ds004302_sub-21,lh_transversetemporal,2.672811985015869,-0.05666397511959076,875.845458984375,3.7229926586151123,310.92694091796875,513
ds004302_sub-21,lh_insula,3.015845537185669,0.023109106346964836,6034.5166015625,5.69846248626709,1942.950927734375,2936
ds004302_sub-21,rh_bankssts,2.7003653049468994,0.03941895440220833,2323.64892578125,4.940239429473877,886.5730590820312,1328
ds004302_sub-21,rh_caudalanteriorcingulate,2.241950511932373,0.007127739023417234,1743.1959228515625,1.1950023174285889,609.1300048828125,893
ds004302_sub-21,rh_caudalmiddlefrontal,2.5315639972686768,-0.020826049149036407,4526.9482421875,1.913930892944336,1643.856689453125,2509
ds004302_sub-21,rh_cuneus,1.9228936433792114,-0.03818449378013611,3748.103515625,-2.482889175415039,1723.150146484375,2518
ds004302_sub-21,rh_entorhinal,3.696000099182129,-0.06497327238321304,1769.0528564453125,-5.185301780700684,348.5402526855469,492
ds004302_sub-21,rh_fusiform,2.8391923904418945,-0.052528608590364456,10852.646484375,-0.23875868320465088,3171.5791015625,4504
ds004302_sub-21,rh_inferiorparietal,2.447939157485962,-0.02359187789261341,12402.376953125,0.7275445461273193,4416.1953125,6079
ds004302_sub-21,rh_inferiortemporal,2.6636040210723877,-0.017439132556319237,8676.32421875,-0.09357139468193054,2908.010498046875,4012
ds004302_sub-21,rh_isthmuscingulate,2.4551639556884766,-0.05166079103946686,2900.00146484375,-0.7046647071838379,1048.6474609375,1445
ds004302_sub-21,rh_lateraloccipital,2.19229793548584,-0.038953255861997604,11678.267578125,-1.4509069919586182,4709.86328125,6753
ds004302_sub-21,rh_lateralorbitofrontal,2.384171724319458,-0.03154265508055687,7395.6015625,0.5877311825752258,2886.864990234375,4128
ds004302_sub-21,rh_lingual,1.948798418045044,-0.0452410914003849,7460.251953125,-0.5181854963302612,3809.20361328125,4991
ds004302_sub-21,rh_medialorbitofrontal,2.567532777786255,-0.03593100979924202,5591.431640625,-1.3685153722763062,1880.142822265625,2481
ds004302_sub-21,rh_middletemporal,3.0821151733398438,-0.05523388087749481,12620.763671875,-1.8733454942703247,3151.810546875,4388
ds004302_sub-21,rh_parahippocampal,2.9204673767089844,-0.020984357222914696,2038.8985595703125,0.4546937048435211,590.8712158203125,922
ds004302_sub-21,rh_paracentral,2.432948112487793,-0.04437066614627838,3817.013916015625,-0.9330466985702515,1365.34033203125,2065
ds004302_sub-21,rh_parsopercularis,2.522897481918335,-0.01584230735898018,3416.246826171875,1.1620715856552124,1194.969482421875,1729
ds004302_sub-21,rh_parsorbitalis,2.643685817718506,-0.08357561379671097,2679.08251953125,-4.255255699157715,806.7053833007812,1098
ds004302_sub-21,rh_parstriangularis,2.298377752304077,-0.023194432258605957,3924.63818359375,-0.4183554947376251,1484.56201171875,2093
ds004302_sub-21,rh_pericalcarine,1.7245166301727295,0.015317373909056187,3252.46826171875,2.322584629058838,2005.18994140625,3017
ds004302_sub-21,rh_postcentral,2.0326645374298096,-0.04517433047294617,7985.236328125,-0.4448448419570923,3509.721435546875,5341
ds004302_sub-21,rh_posteriorcingulate,2.1870694160461426,0.030042817816138268,2649.345703125,2.691293716430664,1024.944091796875,1466
ds004302_sub-21,rh_precentral,2.5089645385742188,-0.023051396012306213,11797.9169921875,0.19400861859321594,4033.35888671875,6408
ds004302_sub-21,rh_precuneus,2.3835880756378174,-0.019154857844114304,8035.54296875,1.264806866645813,3234.35595703125,4657
ds004302_sub-21,rh_rostralanteriorcingulate,2.748361587524414,-0.03614317625761032,1877.913330078125,0.5175442099571228,549.2583618164062,738
ds004302_sub-21,rh_rostralmiddlefrontal,2.3127777576446533,-0.031020518392324448,14106.697265625,0.0382695347070694,5269.8603515625,7303
ds004302_sub-21,rh_superiorfrontal,2.610751152038574,-0.024266179651021957,14166.3505859375,-1.0567415952682495,4917.587890625,7084
ds004302_sub-21,rh_superiorparietal,2.138523578643799,-0.030652761459350586,11132.8583984375,-0.3888174891471863,4785.20458984375,6952
ds004302_sub-21,rh_superiortemporal,2.7881596088409424,-0.03782898932695389,10676.4169921875,-0.410209059715271,3212.220703125,4701
ds004302_sub-21,rh_supramarginal,2.484565496444702,-0.02000967040657997,9446.771484375,0.4957491159439087,3310.6611328125,4555
ds004302_sub-21,rh_frontalpole,2.4580845832824707,-0.16463662683963776,1152.3416748046875,-8.763346672058105,352.45062255859375,433
ds004302_sub-21,rh_temporalpole,3.6343889236450195,-0.0659446269273758,2416.20556640625,-7.047043800354004,454.26177978515625,573
ds004302_sub-21,rh_transversetemporal,2.337279796600342,-0.042215898633003235,652.68359375,4.544464111328125,265.5706787109375,423
ds004302_sub-21,rh_insula,3.040785312652588,0.021714426577091217,5568.916015625,5.82345724105835,1786.8250732421875,2649
ds004302_sub-22,lh_bankssts,2.3580451011657715,0.032296519726514816,2533.6494140625,2.9745101928710938,1147.077392578125,1692
ds004302_sub-22,lh_caudalanteriorcingulate,2.2816174030303955,0.01615043915808201,1773.083984375,1.8093966245651245,654.3270263671875,998
ds004302_sub-22,lh_caudalmiddlefrontal,2.4183425903320312,0.0031040767207741737,3973.86865234375,2.7254509925842285,1647.732421875,2448
ds004302_sub-22,lh_cuneus,1.6888571977615356,-0.047980897128582,2387.036376953125,-2.1632020473480225,1380.7802734375,2155
ds004302_sub-22,lh_entorhinal,3.4514687061309814,-0.0782070979475975,1903.426025390625,-4.445362567901611,383.38360595703125,561
ds004302_sub-22,lh_fusiform,2.620539426803589,-0.030794726684689522,10079.380859375,1.0664522647857666,3354.5654296875,4879
ds004302_sub-22,lh_inferiorparietal,2.412994623184204,-0.03594537079334259,11223.0869140625,0.45711031556129456,4347.1298828125,6430
ds004302_sub-22,lh_inferiortemporal,2.514944553375244,-0.03582433983683586,11574.0048828125,-0.9460912346839905,3838.31689453125,5376
ds004302_sub-22,lh_isthmuscingulate,2.199917793273926,-0.025645703077316284,2533.666015625,-0.6942784786224365,1030.247802734375,1534
ds004302_sub-22,lh_lateraloccipital,1.9983768463134766,-0.042876947671175,10592.064453125,-1.8600605726242065,4919.326171875,7560
ds004302_sub-22,lh_lateralorbitofrontal,2.6886074542999268,-0.008660770952701569,6611.2529296875,-0.11339420080184937,2243.3798828125,3142
ds004302_sub-22,lh_lingual,1.8167725801467896,-0.027760904282331467,6542.0888671875,-0.22141195833683014,3295.51513671875,4606
ds004302_sub-22,lh_medialorbitofrontal,2.388622283935547,-0.04116014391183853,5100.322265625,-1.7207157611846924,1871.301025390625,2510
ds004302_sub-22,lh_middletemporal,2.688478708267212,-0.04252594709396362,11094.9296875,-1.1704272031784058,3420.975830078125,4750
ds004302_sub-22,lh_parahippocampal,3.117750883102417,-0.035085584968328476,2486.070068359375,-0.6512657999992371,643.9572143554688,981
ds004302_sub-22,lh_paracentral,2.369051933288574,-0.035538848489522934,2914.95166015625,-0.6403315663337708,1147.711181640625,1906
ds004302_sub-22,lh_parsopercularis,2.5861947536468506,-0.03489982336759567,3886.756591796875,0.11531965434551239,1370.813232421875,1946
ds004302_sub-22,lh_parsorbitalis,2.5832154750823975,-0.09616252034902573,2302.704833984375,-5.878181457519531,735.620849609375,962
ds004302_sub-22,lh_parstriangularis,2.332716226577759,-0.04160132631659508,3273.279296875,-0.9020078182220459,1263.145263671875,1755
ds004302_sub-22,lh_pericalcarine,1.4862070083618164,0.0588490292429924,1830.542724609375,3.6518614292144775,1415.6263427734375,2073
ds004302_sub-22,lh_postcentral,1.9912372827529907,-0.05545790120959282,7371.6064453125,-1.0753014087677002,3413.125,5497
ds004302_sub-22,lh_posteriorcingulate,2.3314099311828613,0.010908187367022038,2814.09130859375,2.1455020904541016,1110.8009033203125,1605
ds004302_sub-22,lh_precentral,2.394773244857788,-0.018724841997027397,11111.0263671875,0.5385776162147522,4492.46875,7215
ds004302_sub-22,lh_precuneus,2.422389030456543,-0.014794321730732918,8362.28515625,1.6871070861816406,3246.09228515625,4690
ds004302_sub-22,lh_rostralanteriorcingulate,2.439429521560669,-0.015670858323574066,2190.937744140625,1.077652931213379,762.3575439453125,1092
ds004302_sub-22,lh_rostralmiddlefrontal,2.376965045928955,-0.03812091052532196,12618.169921875,-0.5353255867958069,4752.7548828125,6410
ds004302_sub-22,lh_superiorfrontal,2.627993106842041,-0.030351605266332626,21225.419921875,-1.0040336847305298,7152.1748046875,10428
ds004302_sub-22,lh_superiorparietal,2.0903091430664062,-0.027182411402463913,10642.443359375,0.4961172938346863,4782.7724609375,7341
ds004302_sub-22,lh_superiortemporal,2.784942388534546,-0.031441520899534225,11790.064453125,-0.20091204345226288,3677.917724609375,5635
ds004302_sub-22,lh_supramarginal,2.5965237617492676,-0.03250720724463463,9991.916015625,-0.01685040071606636,3617.734130859375,5145
ds004302_sub-22,lh_frontalpole,2.957468032836914,-0.13043422996997833,812.655029296875,-9.606781959533691,217.7672119140625,261
ds004302_sub-22,lh_temporalpole,3.7521889209747314,-0.07767938077449799,2817.230712890625,-7.36130428314209,564.6611328125,694
ds004302_sub-22,lh_transversetemporal,2.218545913696289,-0.052213575690984726,905.924072265625,3.4016189575195312,403.81390380859375,648
ds004302_sub-22,lh_insula,3.0437521934509277,0.031146949157118797,7021.8125,5.998453140258789,2149.47802734375,3126
ds004302_sub-22,rh_bankssts,2.4453511238098145,0.04032067209482193,2209.60107421875,4.617142200469971,947.0693359375,1374
ds004302_sub-22,rh_caudalanteriorcingulate,2.209074020385742,0.008189632557332516,1903.525390625,1.8241748809814453,694.7507934570312,986
ds004302_sub-22,rh_caudalmiddlefrontal,2.2486722469329834,0.01956736482679844,3402.77099609375,3.186227560043335,1516.849365234375,2292
ds004302_sub-22,rh_cuneus,1.777947187423706,-0.06201397255063057,3049.99609375,-3.216376781463623,1460.302490234375,2248
ds004302_sub-22,rh_entorhinal,3.0552117824554443,-0.04644562304019928,1672.955322265625,-4.484237194061279,393.3794860839844,564
ds004302_sub-22,rh_fusiform,2.731395959854126,-0.03373556211590767,9968.7822265625,1.0415879487991333,3035.52587890625,4562
ds004302_sub-22,rh_inferiorparietal,2.389578104019165,-0.023823991417884827,12383.7177734375,0.41008108854293823,4724.810546875,6672
ds004302_sub-22,rh_inferiortemporal,2.5468509197235107,-0.034613098949193954,11128.029296875,-1.0658400058746338,3607.4462890625,5045
ds004302_sub-22,rh_isthmuscingulate,2.2590010166168213,-0.013728242367506027,2272.53759765625,-0.9421383142471313,908.892333984375,1332
ds004302_sub-22,rh_lateraloccipital,2.0555570125579834,-0.027543913573026657,11281.9052734375,-1.2216631174087524,4970.18359375,7414
ds004302_sub-22,rh_lateralorbitofrontal,2.487217903137207,-0.005991614423692226,5898.7763671875,0.6385611295700073,2281.53125,3197
ds004302_sub-22,rh_lingual,1.9785162210464478,-0.02896522358059883,7559.19580078125,-0.515544056892395,3560.496826171875,5183
ds004302_sub-22,rh_medialorbitofrontal,2.5118563175201416,-0.044319819658994675,5317.4140625,-1.9340871572494507,1813.0380859375,2569
ds004302_sub-22,rh_middletemporal,2.670261859893799,-0.03822973743081093,12962.4052734375,-1.1076384782791138,3936.495849609375,5310
ds004302_sub-22,rh_parahippocampal,2.752204179763794,-0.03391309455037117,2273.97900390625,0.009383255615830421,638.7889404296875,984
ds004302_sub-22,rh_paracentral,2.3257930278778076,-0.025318371132016182,4076.03369140625,0.0920858308672905,1649.4044189453125,2661
ds004302_sub-22,rh_parsopercularis,2.248307943344116,-0.036497000604867935,2593.2705078125,0.2866572141647339,1067.44775390625,1517
ds004302_sub-22,rh_parsorbitalis,2.578873872756958,-0.05929269641637802,2656.42724609375,-4.751977443695068,836.4051513671875,1124
ds004302_sub-22,rh_parstriangularis,2.3864357471466064,-0.028116516768932343,3299.813720703125,-0.3716708719730377,1244.7381591796875,1732
ds004302_sub-22,rh_pericalcarine,1.582564353942871,0.041923996061086655,2503.455078125,2.9871063232421875,1728.926513671875,2554
ds004302_sub-22,rh_postcentral,1.9790560007095337,-0.05299606919288635,7786.84765625,-1.023591160774231,3486.0078125,5389
ds004302_sub-22,rh_posteriorcingulate,2.3108747005462646,0.004323871340602636,3143.712890625,2.050626516342163,1167.390380859375,1687
ds004302_sub-22,rh_precentral,2.3505685329437256,-0.016254758462309837,11616.310546875,0.3497738242149353,4725.9287109375,7379
ds004302_sub-22,rh_precuneus,2.353911876678467,-0.009292153641581535,8490.720703125,1.5575765371322632,3415.781494140625,5029
ds004302_sub-22,rh_rostralanteriorcingulate,2.40183424949646,-0.02579815685749054,1881.9755859375,0.5127111673355103,609.23681640625,771
ds004302_sub-22,rh_rostralmiddlefrontal,2.3604748249053955,-0.029662299901247025,13496.6611328125,-0.7613099813461304,4902.3759765625,6699
ds004302_sub-22,rh_superiorfrontal,2.7316839694976807,-0.0345270037651062,20404.068359375,-0.8914523720741272,6756.6044921875,9714
ds004302_sub-22,rh_superiorparietal,2.114077091217041,-0.03018251620233059,10075.802734375,0.11639133095741272,4464.703125,6721
ds004302_sub-22,rh_superiortemporal,2.787081003189087,-0.03584481403231621,12575.623046875,-0.6958649754524231,3917.05029296875,5658
ds004302_sub-22,rh_supramarginal,2.50020170211792,-0.032577093690633774,9229.046875,0.14146332442760468,3224.3916015625,4574
ds004302_sub-22,rh_frontalpole,2.927619457244873,-0.1767243593931198,1203.4501953125,-9.58594036102295,300.06072998046875,357
ds004302_sub-22,rh_temporalpole,3.6883862018585205,-0.08135048300027847,3204.85693359375,-7.536558151245117,557.790283203125,645
ds004302_sub-22,rh_transversetemporal,2.358060598373413,-0.04871821403503418,685.2535400390625,4.796896934509277,272.5225830078125,448
ds004302_sub-22,rh_insula,3.0293564796447754,0.027972344309091568,6601.5400390625,6.373217582702637,1947.1956787109375,2868
ds004302_sub-23,lh_bankssts,2.549510955810547,0.04053501412272453,2896.442626953125,4.513378620147705,1225.4176025390625,1853
ds004302_sub-23,lh_caudalanteriorcingulate,2.4171879291534424,0.012869860976934433,2122.03759765625,1.920620322227478,759.4061279296875,1108
ds004302_sub-23,lh_caudalmiddlefrontal,2.629779577255249,-0.020732378587126732,5730.236328125,2.101353645324707,1978.6962890625,3196
ds004302_sub-23,lh_cuneus,1.6432764530181885,-0.042261429131031036,3067.239990234375,-1.8209619522094727,1762.375,2487
ds004302_sub-23,lh_entorhinal,3.563310146331787,-0.10078378021717072,1810.4959716796875,-5.818182468414307,324.7566223144531,468
ds004302_sub-23,lh_fusiform,2.745981454849243,-0.03837031498551369,10165.2197265625,0.6984118223190308,3200.5419921875,4665
ds004302_sub-23,lh_inferiorparietal,2.4024412631988525,-0.030962560325860977,10971.412109375,1.0515435934066772,4030.7763671875,5890
ds004302_sub-23,lh_inferiortemporal,2.7033889293670654,-0.045376718044281006,12916.3662109375,-1.1555534601211548,3991.33740234375,5550
ds004302_sub-23,lh_isthmuscingulate,2.583070755004883,-0.02317381463944912,2581.23583984375,-0.3804890811443329,923.5565185546875,1335
ds004302_sub-23,lh_lateraloccipital,2.0792300701141357,-0.03707408159971237,12753.3046875,-1.7657663822174072,5543.486328125,8297
ds004302_sub-23,lh_lateralorbitofrontal,2.6245365142822266,-0.011031335219740868,7327.95654296875,0.26016274094581604,2487.54150390625,3334
ds004302_sub-23,lh_lingual,2.019355535507202,-0.03288549557328224,7924.54248046875,-0.4339563250541687,3535.42724609375,4894
ds004302_sub-23,lh_medialorbitofrontal,2.527024745941162,-0.03639465197920799,4903.220703125,-1.4400084018707275,1742.223388671875,2525
ds004302_sub-23,lh_middletemporal,2.742253065109253,-0.05105182155966759,12562.109375,-1.1964248418807983,3785.25732421875,5071
ds004302_sub-23,lh_parahippocampal,2.7253365516662598,-0.04223087802529335,2124.045654296875,-0.12390574812889099,618.6563110351562,971
ds004302_sub-23,lh_paracentral,2.003580093383789,-0.028351647779345512,2656.766845703125,-0.1416502147912979,1215.785888671875,1681
ds004302_sub-23,lh_parsopercularis,2.735900402069092,-0.0415613055229187,5249.03515625,-1.724918246269226,1648.804443359375,2395
ds004302_sub-23,lh_parsorbitalis,2.549232006072998,-0.08927027881145477,2282.76904296875,-5.18708610534668,739.196533203125,887
ds004302_sub-23,lh_parstriangularis,2.610039234161377,-0.06226591393351555,5153.80029296875,-1.3476588726043701,1767.066162109375,2393
ds004302_sub-23,lh_pericalcarine,1.5039879083633423,0.059837959706783295,2137.9033203125,3.9981706142425537,1676.5816650390625,2361
ds004302_sub-23,lh_postcentral,2.224135637283325,-0.039304543286561966,7977.19775390625,0.4948810935020447,3320.91162109375,4732
ds004302_sub-23,lh_posteriorcingulate,2.5820236206054688,-0.01731608249247074,3045.158935546875,1.9147056341171265,1098.4649658203125,1472
ds004302_sub-23,lh_precentral,2.0279760360717773,-0.04191191866993904,10510.33984375,-0.21630576252937317,4758.90966796875,7086
ds004302_sub-23,lh_precuneus,2.257150888442993,-0.01161007210612297,7483.9013671875,1.953391194343567,3162.840576171875,4490
ds004302_sub-23,lh_rostralanteriorcingulate,2.9429378509521484,-0.0130945835262537,2455.489013671875,1.2031313180923462,686.8771362304688,921
ds004302_sub-23,lh_rostralmiddlefrontal,2.4291305541992188,-0.02454940788447857,21840.263671875,0.6128615736961365,8146.234375,11237
ds004302_sub-23,lh_superiorfrontal,2.577631711959839,-0.03726830333471298,23634.572265625,-1.0674251317977905,8090.47265625,11886
ds004302_sub-23,lh_superiorparietal,2.164489984512329,-0.030407974496483803,9729.658203125,-0.4840458631515503,3984.57275390625,5830
ds004302_sub-23,lh_superiortemporal,2.7171409130096436,-0.03205469250679016,12136.59375,0.3283056914806366,3916.6318359375,5938
ds004302_sub-23,lh_supramarginal,2.36045503616333,-0.043667349964380264,9090.4921875,-0.8771283626556396,3489.564453125,4895
ds004302_sub-23,lh_frontalpole,2.2939436435699463,-0.16938960552215576,955.065673828125,-9.060868263244629,327.2210693359375,393
ds004302_sub-23,lh_temporalpole,3.5497682094573975,-0.10250989347696304,2693.1064453125,-8.326987266540527,515.6922607421875,635
ds004302_sub-23,lh_transversetemporal,2.485562801361084,-0.06689179688692093,1117.010009765625,3.8623406887054443,430.1539611816406,636
ds004302_sub-23,lh_insula,3.0220303535461426,0.03201571851968765,6936.7578125,5.657155990600586,2195.708984375,3177
ds004302_sub-23,rh_bankssts,2.623070478439331,0.03696134313941002,2741.3740234375,5.677906513214111,1144.846923828125,1712
ds004302_sub-23,rh_caudalanteriorcingulate,2.001739740371704,0.007686079014092684,1475.516357421875,1.6587356328964233,644.17236328125,916
ds004302_sub-23,rh_caudalmiddlefrontal,2.517183780670166,-0.010294973850250244,4429.4970703125,2.889906406402588,1558.171142578125,2460
ds004302_sub-23,rh_cuneus,1.7675808668136597,-0.04095076769590378,3243.66357421875,-2.265056848526001,1733.3740234375,2464
ds004302_sub-23,rh_entorhinal,3.1382625102996826,-0.04829702526330948,1790.38623046875,-5.013213157653809,409.06182861328125,591
ds004302_sub-23,rh_fusiform,2.528917074203491,-0.030351266264915466,8802.560546875,1.3952000141143799,3067.18798828125,4536
ds004302_sub-23,rh_inferiorparietal,2.3603765964508057,-0.02992423065006733,13468.716796875,0.8374273777008057,5079.42333984375,6923
ds004302_sub-23,rh_inferiortemporal,2.9374277591705322,-0.049192242324352264,12748.3408203125,-1.214614987373352,3555.5703125,4873
ds004302_sub-23,rh_isthmuscingulate,2.5929667949676514,-0.045462798327207565,2181.478515625,-0.415719211101532,758.1768798828125,1072
ds004302_sub-23,rh_lateraloccipital,2.0612523555755615,-0.04049767553806305,10599.0810546875,-1.9404106140136719,4587.13330078125,6687
ds004302_sub-23,rh_lateralorbitofrontal,2.5048115253448486,-0.014870727434754372,6901.81591796875,0.7240374088287354,2488.8232421875,3489
ds004302_sub-23,rh_lingual,2.0039639472961426,-0.03663881495594978,8224.01953125,-0.40953513979911804,3798.5302734375,5257
ds004302_sub-23,rh_medialorbitofrontal,2.459040880203247,-0.04447532445192337,5837.30810546875,-1.789360523223877,2153.49755859375,2812
ds004302_sub-23,rh_middletemporal,2.734184741973877,-0.042400650680065155,14064.80859375,-1.136704921722412,4141.2529296875,5459
ds004302_sub-23,rh_parahippocampal,2.7072818279266357,-0.023563241586089134,1907.366943359375,0.39328908920288086,601.648681640625,926
ds004302_sub-23,rh_paracentral,1.9812804460525513,-0.025083711370825768,3041.528076171875,-0.012069428339600563,1364.02685546875,1949
ds004302_sub-23,rh_parsopercularis,2.7452573776245117,-0.04570421203970909,4065.900390625,-1.0050519704818726,1236.7353515625,1854
ds004302_sub-23,rh_parsorbitalis,2.468318223953247,-0.092280812561512,3363.78076171875,-4.925563812255859,1063.66845703125,1307
ds004302_sub-23,rh_parstriangularis,2.6100592613220215,-0.031007854267954826,5757.02294921875,-0.5335429906845093,2023.784423828125,2747
ds004302_sub-23,rh_pericalcarine,1.584092617034912,0.06111491844058037,2431.774169921875,2.92813777923584,1752.9705810546875,2482
ds004302_sub-23,rh_postcentral,2.1230382919311523,-0.03010465018451214,8539.1318359375,0.5979827046394348,3663.07568359375,5158
ds004302_sub-23,rh_posteriorcingulate,2.3299288749694824,-0.0001635858352528885,3018.15673828125,2.0147781372070312,1146.7496337890625,1507
ds004302_sub-23,rh_precentral,1.9932937622070312,-0.03992258012294769,9578.1357421875,-0.5718080401420593,4236.8818359375,6423
ds004302_sub-23,rh_precuneus,2.2572991847991943,-0.001503659295849502,7596.2265625,2.443006992340088,3271.700439453125,4679
ds004302_sub-23,rh_rostralanteriorcingulate,2.3478431701660156,0.01233102660626173,1259.6728515625,1.5668234825134277,494.6191711425781,705
ds004302_sub-23,rh_rostralmiddlefrontal,2.3860528469085693,-0.034761302173137665,21151.28515625,0.1521490216255188,7624.3515625,10558
ds004302_sub-23,rh_superiorfrontal,2.550586223602295,-0.038515523076057434,24439.21484375,-0.9766893982887268,8349.5234375,12265
ds004302_sub-23,rh_superiorparietal,2.0086276531219482,-0.03467700257897377,9182.33203125,-1.2728221416473389,4053.1015625,5916
ds004302_sub-23,rh_superiortemporal,2.620209217071533,-0.03654758259654045,11141.4296875,-0.5441103577613831,3767.26904296875,5436
ds004302_sub-23,rh_supramarginal,2.504603862762451,-0.03524664044380188,8346.984375,-0.5894941091537476,2833.655029296875,3880
ds004302_sub-23,rh_frontalpole,2.266716241836548,-0.08973023295402527,1109.5517578125,-6.9013285636901855,401.58056640625,456
ds004302_sub-23,rh_temporalpole,3.833573818206787,-0.08828718960285187,3238.2177734375,-7.80144739151001,552.0469360351562,635
ds004302_sub-23,rh_transversetemporal,2.620847463607788,-0.05229974165558815,829.54052734375,5.079094409942627,295.61578369140625,463
ds004302_sub-23,rh_insula,3.215982437133789,0.0305002573877573,6727.345703125,6.227759838104248,1984.3681640625,2928
ds004302_sub-24,lh_bankssts,2.1482841968536377,0.02674749866127968,2820.000732421875,3.3973422050476074,1361.8907470703125,2065
ds004302_sub-24,lh_caudalanteriorcingulate,2.372112989425659,0.014912093058228493,1555.91357421875,1.7358098030090332,651.4432373046875,1009
ds004302_sub-24,lh_caudalmiddlefrontal,2.4713566303253174,-0.026700548827648163,5844.53125,1.164137840270996,2198.65869140625,3395
ds004302_sub-24,lh_cuneus,1.826086401939392,-0.03645826876163483,3265.62060546875,-1.9759072065353394,1756.63330078125,2578
ds004302_sub-24,lh_entorhinal,3.1938319206237793,-0.030450347810983658,2470.504150390625,-2.5930633544921875,547.6180419921875,864
ds004302_sub-24,lh_fusiform,2.6113109588623047,-0.03868177533149719,10328.69921875,0.6755138039588928,3436.969970703125,5146
ds004302_sub-24,lh_inferiorparietal,2.2827675342559814,-0.03701642528176308,11074.6875,0.12506166100502014,4450.6552734375,6636
ds004302_sub-24,lh_inferiortemporal,2.497661828994751,-0.029774053022265434,11044.259765625,-0.4813757836818695,3766.474609375,5302
ds004302_sub-24,lh_isthmuscingulate,2.215240716934204,-0.019591940566897392,2716.04345703125,-0.897606372833252,1126.8486328125,1642
ds004302_sub-24,lh_lateraloccipital,2.1110591888427734,-0.04452564939856529,13151.2041015625,-2.1141815185546875,5565.1640625,8351
ds004302_sub-24,lh_lateralorbitofrontal,2.4770426750183105,-0.031001724302768707,9160.8583984375,-0.18371306359767914,3200.62060546875,4440
ds004302_sub-24,lh_lingual,2.108532667160034,-0.02405180037021637,8210.4501953125,-0.3041774034500122,3550.81005859375,5039
ds004302_sub-24,lh_medialorbitofrontal,2.3320980072021484,-0.03060891292989254,5904.2119140625,-1.433992624282837,2337.5126953125,3302
ds004302_sub-24,lh_middletemporal,2.682924270629883,-0.058832716196775436,11090.244140625,-1.3492670059204102,3424.366943359375,4977
ds004302_sub-24,lh_parahippocampal,2.7602522373199463,-0.04303048178553581,2306.184326171875,-0.6634464859962463,700.0197143554688,1120
ds004302_sub-24,lh_paracentral,2.473141670227051,-0.035850729793310165,4022.12353515625,-0.1468554586172104,1430.6904296875,2401
ds004302_sub-24,lh_parsopercularis,2.5975229740142822,-0.03669816628098488,5619.1826171875,-0.6273254156112671,1952.10693359375,2791
ds004302_sub-24,lh_parsorbitalis,2.2326345443725586,-0.06197565793991089,2155.63232421875,-3.9003491401672363,778.6170043945312,1049
ds004302_sub-24,lh_parstriangularis,2.2860591411590576,-0.004788598977029324,3818.483154296875,0.308366060256958,1532.79248046875,2150
ds004302_sub-24,lh_pericalcarine,1.584459900856018,0.05120203271508217,2101.228759765625,3.0552141666412354,1507.564208984375,2195
ds004302_sub-24,lh_postcentral,2.0458154678344727,-0.052221622318029404,9998.05078125,-0.9760379195213318,4483.72265625,7124
ds004302_sub-24,lh_posteriorcingulate,2.3757271766662598,0.011596417985856533,3258.470703125,1.8264285326004028,1278.8212890625,1821
ds004302_sub-24,lh_precentral,2.5144832134246826,-0.035451579838991165,14034.1826171875,0.3260370194911957,5204.3720703125,8488
ds004302_sub-24,lh_precuneus,2.5066332817077637,-0.013435743749141693,10518.19140625,2.1294257640838623,3992.757080078125,5838
ds004302_sub-24,lh_rostralanteriorcingulate,2.323086738586426,-0.04022809490561485,2598.22021484375,0.3935340940952301,1009.7633056640625,1471
ds004302_sub-24,lh_rostralmiddlefrontal,2.2315659523010254,-0.02553703635931015,16361.3359375,-0.06478051841259003,6760.4853515625,9361
ds004302_sub-24,lh_superiorfrontal,2.562206983566284,-0.02126331441104412,23010.8984375,-0.6167118549346924,8087.41455078125,11723
ds004302_sub-24,lh_superiorparietal,2.1019763946533203,-0.0347544401884079,11087.6796875,-0.012738843448460102,4724.8154296875,7134
ds004302_sub-24,lh_superiortemporal,2.8004419803619385,-0.031099874526262283,13814.548828125,-0.33876097202301025,4378.8427734375,6684
ds004302_sub-24,lh_supramarginal,2.42976975440979,-0.019624721258878708,13116.96875,0.7422834038734436,4991.5107421875,7424
ds004302_sub-24,lh_frontalpole,2.6644136905670166,-0.1681399643421173,1143.2783203125,-9.163817405700684,315.5702819824219,392
ds004302_sub-24,lh_temporalpole,3.2949042320251465,-0.0961695984005928,2254.098388671875,-7.4613237380981445,540.7288818359375,750
ds004302_sub-24,lh_transversetemporal,2.4646029472351074,-0.04979058355093002,1307.742431640625,2.9675018787384033,489.02642822265625,816
ds004302_sub-24,lh_insula,3.1569440364837646,0.029341690242290497,7618.7705078125,5.718895435333252,2388.86474609375,3492
ds004302_sub-24,rh_bankssts,2.477849006652832,0.03497176244854927,2352.14697265625,4.813608169555664,1001.8909912109375,1506
ds004302_sub-24,rh_caudalanteriorcingulate,2.6267292499542236,0.017265552654862404,2255.269775390625,1.0385016202926636,772.5355224609375,1087
ds004302_sub-24,rh_caudalmiddlefrontal,2.442626714706421,0.00137053313665092,4613.142578125,3.0998117923736572,1914.700439453125,2875
ds004302_sub-24,rh_cuneus,1.7996509075164795,-0.04623784124851227,3912.06494140625,-2.8558266162872314,1995.912841796875,2953
ds004302_sub-24,rh_entorhinal,3.1838371753692627,-0.07247434556484222,1731.465576171875,-4.718898296356201,394.95538330078125,593
ds004302_sub-24,rh_fusiform,2.657050609588623,-0.035767264664173126,9895.63671875,1.5404397249221802,3214.310791015625,4702
ds004302_sub-24,rh_inferiorparietal,2.408782720565796,-0.02953217178583145,17986.193359375,0.044583760201931,6384.05029296875,9141
ds004302_sub-24,rh_inferiortemporal,2.446366548538208,-0.03488323464989662,10636.888671875,-0.7828884124755859,3618.40869140625,5385
ds004302_sub-24,rh_isthmuscingulate,2.298149585723877,-0.026262138038873672,2628.72705078125,-1.5997819900512695,964.5774536132812,1397
ds004302_sub-24,rh_lateraloccipital,2.430769681930542,-0.030536480247974396,17814.529296875,-1.7924598455429077,5873.6640625,8420
ds004302_sub-24,rh_lateralorbitofrontal,2.454725980758667,-0.017919989302754402,8454.025390625,0.13571898639202118,3195.39697265625,4245
ds004302_sub-24,rh_lingual,1.9953396320343018,-0.027584701776504517,6844.8134765625,-0.6168401837348938,2978.5830078125,4289
ds004302_sub-24,rh_medialorbitofrontal,2.3742971420288086,-0.03860969841480255,6561.79736328125,-1.8117130994796753,2452.744873046875,3262
ds004302_sub-24,rh_middletemporal,2.5687501430511475,-0.046739816665649414,12804.677734375,-0.8916346430778503,4088.24658203125,5849
ds004302_sub-24,rh_parahippocampal,2.737830638885498,-0.0314992219209671,1945.694091796875,0.0499756820499897,620.3265380859375,965
ds004302_sub-24,rh_paracentral,2.45072078704834,-0.02285066619515419,4540.23046875,0.272760272026062,1684.38818359375,2760
ds004302_sub-24,rh_parsopercularis,2.5156102180480957,-0.035513218492269516,4941.943359375,-0.358012855052948,1785.88427734375,2576
ds004302_sub-24,rh_parsorbitalis,2.431872844696045,-0.05910024046897888,2922.6640625,-3.8062477111816406,994.1099853515625,1316
ds004302_sub-24,rh_parstriangularis,2.382873058319092,-0.033948931843042374,5409.9052734375,-1.2048569917678833,2040.9002685546875,2775
ds004302_sub-24,rh_pericalcarine,1.6050612926483154,0.03467855602502823,2362.5224609375,2.236767292022705,1633.2613525390625,2433
ds004302_sub-24,rh_postcentral,2.0484774112701416,-0.04237508773803711,9306.55859375,-0.8909754157066345,4112.755859375,6323
ds004302_sub-24,rh_posteriorcingulate,2.4620511531829834,0.0053092362359166145,3473.76318359375,1.970344066619873,1316.54052734375,1872
ds004302_sub-24,rh_precentral,2.467444896697998,-0.02863449603319168,15536.1513671875,0.5060268640518188,5796.84716796875,9192
ds004302_sub-24,rh_precuneus,2.56555438041687,-0.010101860389113426,10768.9912109375,2.231600522994995,4064.608642578125,5936
ds004302_sub-24,rh_rostralanteriorcingulate,2.6892809867858887,-0.022300492972135544,2301.3134765625,0.28748470544815063,755.38232421875,903
ds004302_sub-24,rh_rostralmiddlefrontal,2.2109172344207764,-0.01566625013947487,16150.3232421875,-0.20941941440105438,6696.31884765625,9098
ds004302_sub-24,rh_superiorfrontal,2.617945909500122,-0.02539082057774067,20797.3046875,-0.7755074501037598,7162.93310546875,10346
ds004302_sub-24,rh_superiorparietal,2.0800695419311523,-0.037032708525657654,12614.7412109375,-0.5547043085098267,5390.708984375,8055
ds004302_sub-24,rh_superiortemporal,3.0380184650421143,-0.0365409292280674,14683.912109375,-1.239271879196167,4110.57275390625,6037
ds004302_sub-24,rh_supramarginal,2.455617666244507,-0.007559702731668949,9659.2841796875,1.9660569429397583,3699.031494140625,5302
ds004302_sub-24,rh_frontalpole,2.689924478530884,-0.14528043568134308,1387.837890625,-8.543465614318848,404.1160583496094,477
ds004302_sub-24,rh_temporalpole,3.760683536529541,-0.11145475506782532,2802.58154296875,-8.320707321166992,535.628173828125,646
ds004302_sub-24,rh_transversetemporal,2.542525053024292,-0.08796940743923187,1111.9049072265625,2.8109171390533447,378.29302978515625,645
ds004302_sub-24,rh_insula,3.1659908294677734,0.03327341005206108,7607.341796875,6.256084442138672,2260.33740234375,3350
ds004302_sub-25,lh_bankssts,2.4360766410827637,0.04640458896756172,1847.789306640625,3.3537635803222656,815.877685546875,1242
ds004302_sub-25,lh_caudalanteriorcingulate,2.225635528564453,0.019392019137740135,1261.0557861328125,2.2670865058898926,541.0543212890625,814
ds004302_sub-25,lh_caudalmiddlefrontal,2.6026811599731445,-0.02419906295835972,7455.27734375,1.4818419218063354,2700.46044921875,4250
ds004302_sub-25,lh_cuneus,1.6931188106536865,-0.028155449777841568,3136.59130859375,-2.0617756843566895,1853.979248046875,2679
ds004302_sub-25,lh_entorhinal,3.3222408294677734,-0.06624581664800644,2304.281005859375,-4.81235933303833,494.06842041015625,700
ds004302_sub-25,lh_fusiform,2.610427141189575,-0.008555367588996887,8220.4990234375,1.1955645084381104,2953.55419921875,4292
ds004302_sub-25,lh_inferiorparietal,2.3497939109802246,-0.026852818205952644,10683.013671875,0.6530684232711792,4273.99560546875,6211
ds004302_sub-25,lh_inferiortemporal,2.7624716758728027,-0.05351318418979645,13606.8369140625,-1.3917948007583618,4119.8759765625,5846
ds004302_sub-25,lh_isthmuscingulate,2.087272882461548,-0.0023263306356966496,2393.97998046875,0.6181932687759399,1103.15771484375,1600
ds004302_sub-25,lh_lateraloccipital,1.9868180751800537,-0.03006323054432869,12935.9873046875,-1.4606680870056152,5997.29736328125,8898
ds004302_sub-25,lh_lateralorbitofrontal,2.6902499198913574,-0.018911024555563927,8362.17578125,0.33937016129493713,2979.02783203125,4199
ds004302_sub-25,lh_lingual,1.9435954093933105,-0.034612882882356644,7541.642578125,-0.7070815563201904,3509.40625,4997
ds004302_sub-25,lh_medialorbitofrontal,2.424527406692505,-0.03934348374605179,6001.69775390625,-1.6249037981033325,2236.09814453125,3127
ds004302_sub-25,lh_middletemporal,2.8393285274505615,-0.0530092753469944,11184.251953125,-1.0768163204193115,3388.509765625,4902
ds004302_sub-25,lh_parahippocampal,3.076329469680786,-0.023647377267479897,2359.38623046875,0.11507510393857956,641.178466796875,986
ds004302_sub-25,lh_paracentral,2.463501214981079,-0.035660795867443085,3524.8203125,-0.1593627631664276,1337.40673828125,2111
ds004302_sub-25,lh_parsopercularis,2.682288885116577,-0.044863708317279816,4700.240234375,-0.8482115864753723,1568.402099609375,2358
ds004302_sub-25,lh_parsorbitalis,2.8334102630615234,-0.09268709272146225,2691.2255859375,-4.801621437072754,766.6739501953125,978
ds004302_sub-25,lh_parstriangularis,2.4730138778686523,-0.02622196637094021,3393.92431640625,-0.05917726457118988,1255.265380859375,1840
ds004302_sub-25,lh_pericalcarine,1.3760120868682861,0.07324081659317017,1966.2109375,3.6148855686187744,1706.386962890625,2477
ds004302_sub-25,lh_postcentral,2.0866615772247314,-0.057971831411123276,9863.841796875,-0.8418822288513184,4178.9833984375,6864
ds004302_sub-25,lh_posteriorcingulate,2.5024402141571045,0.014219669625163078,3294.556884765625,2.1496899127960205,1180.578125,1661
ds004302_sub-25,lh_precentral,2.4991419315338135,-0.02432938851416111,13141.8515625,0.5817104578018188,4999.9111328125,8477
ds004302_sub-25,lh_precuneus,2.397596836090088,-0.024712784215807915,8987.4619140625,1.163398265838623,3514.84716796875,5050
ds004302_sub-25,lh_rostralanteriorcingulate,2.125553607940674,-0.022393226623535156,1529.3990478515625,1.4108184576034546,652.479248046875,980
ds004302_sub-25,lh_rostralmiddlefrontal,2.3534183502197266,-0.023594684898853302,13892.072265625,-0.14575864374637604,5549.9208984375,7728
ds004302_sub-25,lh_superiorfrontal,2.659339189529419,-0.031166186556220055,23039.796875,-0.6274167895317078,7683.11962890625,11447
ds004302_sub-25,lh_superiorparietal,2.095454454421997,-0.032348934561014175,13080.6484375,-0.13655394315719604,5680.2705078125,8678
ds004302_sub-25,lh_superiortemporal,2.716294765472412,-0.029828127473592758,12215.75390625,-0.3453236520290375,4011.72998046875,6107
ds004302_sub-25,lh_supramarginal,2.4691274166107178,-0.02917327731847763,10350.62109375,0.2515551745891571,3929.48193359375,5632
ds004302_sub-25,lh_frontalpole,2.360011339187622,-0.13288193941116333,922.535400390625,-8.309303283691406,292.8432312011719,367
ds004302_sub-25,lh_temporalpole,3.5273215770721436,-0.07192642986774445,2599.322265625,-6.520587921142578,541.9413452148438,749
ds004302_sub-25,lh_transversetemporal,2.325667381286621,-0.050210028886795044,948.37744140625,3.8082573413848877,391.23846435546875,640
ds004302_sub-25,lh_insula,2.9826958179473877,0.021098941564559937,6710.17431640625,5.805599212646484,2212.16455078125,3295
ds004302_sub-25,rh_bankssts,2.426461696624756,0.02989049255847931,1847.055419921875,3.8413360118865967,778.1820068359375,1125
ds004302_sub-25,rh_caudalanteriorcingulate,2.307311534881592,0.0023337756283581257,2102.390625,2.022603988647461,767.5732421875,1117
ds004302_sub-25,rh_caudalmiddlefrontal,2.7369320392608643,-0.027308639138936996,6544.177734375,1.2258708477020264,2227.212890625,3418
ds004302_sub-25,rh_cuneus,1.8840194940567017,-0.029520634561777115,3882.548828125,-2.602435350418091,1848.243408203125,2721
ds004302_sub-25,rh_entorhinal,3.571748971939087,-0.05442618578672409,2294.71435546875,-5.056628227233887,453.5169677734375,661
ds004302_sub-25,rh_fusiform,2.6449100971221924,-0.031020471826195717,8682.587890625,0.7900251150131226,2900.38427734375,4202
ds004302_sub-25,rh_inferiorparietal,2.3746180534362793,-0.028353814035654068,12637.0732421875,0.1971018761396408,4825.935546875,6757
ds004302_sub-25,rh_inferiortemporal,2.5961883068084717,-0.02371612936258316,10607.8681640625,-0.8513170480728149,3475.995849609375,5011
ds004302_sub-25,rh_isthmuscingulate,2.1727700233459473,-0.01741757243871689,2515.938720703125,-0.08400385826826096,1030.429931640625,1525
ds004302_sub-25,rh_lateraloccipital,2.1192901134490967,-0.01863824389874935,15347.7265625,-0.8753039240837097,6377.6025390625,9360
ds004302_sub-25,rh_lateralorbitofrontal,2.389334201812744,-0.01634412258863449,7526.95361328125,0.12970580160617828,2872.8505859375,4066
ds004302_sub-25,rh_lingual,2.025733470916748,-0.03144411742687225,8898.9921875,-0.4390149712562561,4000.2314453125,5665
ds004302_sub-25,rh_medialorbitofrontal,2.450373411178589,-0.031084496527910233,5897.0224609375,-1.2978945970535278,2212.30517578125,3053
ds004302_sub-25,rh_middletemporal,2.825194835662842,-0.04987414553761482,12269.599609375,-1.280677080154419,3607.7060546875,5068
ds004302_sub-25,rh_parahippocampal,2.515099048614502,-0.013766261748969555,1777.3955078125,0.2498561143875122,580.4515991210938,892
ds004302_sub-25,rh_paracentral,2.365650177001953,-0.021253740414977074,3678.3447265625,0.3435576856136322,1467.2900390625,2402
ds004302_sub-25,rh_parsopercularis,2.5026137828826904,-0.018144356086850166,3275.7763671875,0.7855997085571289,1242.302490234375,1810
ds004302_sub-25,rh_parsorbitalis,2.744340419769287,-0.06686346977949142,3074.280029296875,-5.071197032928467,940.76708984375,1241
ds004302_sub-25,rh_parstriangularis,2.473670482635498,-0.028315147385001183,4484.91650390625,-0.5034663677215576,1661.890869140625,2264
ds004302_sub-25,rh_pericalcarine,1.381689190864563,0.04818183183670044,2407.9794921875,2.1246821880340576,1892.7490234375,2759
ds004302_sub-25,rh_postcentral,2.0701231956481934,-0.06021199747920036,10491.0693359375,-1.3678234815597534,4365.072265625,6885
ds004302_sub-25,rh_posteriorcingulate,2.3716609477996826,0.00823335349559784,2945.240234375,2.2807722091674805,1110.874267578125,1579
ds004302_sub-25,rh_precentral,2.517380714416504,-0.03049260564148426,13865.07421875,0.5656120777130127,5054.13818359375,8430
ds004302_sub-25,rh_precuneus,2.3983564376831055,-0.016786567866802216,9532.697265625,1.2332316637039185,3771.35546875,5451
ds004302_sub-25,rh_rostralanteriorcingulate,2.4321866035461426,-0.02564040571451187,1906.00927734375,0.9389788508415222,665.936279296875,870
ds004302_sub-25,rh_rostralmiddlefrontal,2.274609088897705,-0.028952475637197495,14551.46484375,-0.15376776456832886,5868.462890625,7928
ds004302_sub-25,rh_superiorfrontal,2.7553157806396484,-0.027175599709153175,19593.875,-0.4912108778953552,6505.74267578125,9779
ds004302_sub-25,rh_superiorparietal,2.0912914276123047,-0.03492477536201477,11951.4833984375,-0.22332040965557098,5059.15185546875,7571
ds004302_sub-25,rh_superiortemporal,2.731365203857422,-0.023973729461431503,11098.07421875,-0.3857143223285675,3576.0361328125,5368
ds004302_sub-25,rh_supramarginal,2.4547414779663086,-0.01322599221020937,7883.81494140625,1.1745647192001343,3074.01123046875,4426
ds004302_sub-25,rh_frontalpole,2.369464159011841,-0.15108637511730194,1067.7613525390625,-8.873231887817383,348.84124755859375,428
ds004302_sub-25,rh_temporalpole,3.732059955596924,-0.0897718220949173,2751.27001953125,-7.085957050323486,506.0546875,702
ds004302_sub-25,rh_transversetemporal,2.4672229290008545,-0.08204013109207153,854.91064453125,3.5449674129486084,311.72174072265625,541
ds004302_sub-25,rh_insula,3.016620635986328,0.033559393137693405,6300.15234375,6.044912338256836,2096.802490234375,3014
ds004302_sub-26,lh_bankssts,2.4133615493774414,0.03970892354846001,2120.60302734375,3.5060548782348633,977.3635864257812,1409
ds004302_sub-26,lh_caudalanteriorcingulate,2.248967170715332,0.01482224091887474,1467.7919921875,1.9253209829330444,583.013427734375,901
ds004302_sub-26,lh_caudalmiddlefrontal,2.349648952484131,-0.013683727011084557,5342.01708984375,1.2422353029251099,2142.07080078125,3309
ds004302_sub-26,lh_cuneus,1.761591911315918,-0.03553880378603935,2906.89501953125,-2.0614798069000244,1563.5093994140625,2221
ds004302_sub-26,lh_entorhinal,2.6333017349243164,-0.03545123338699341,1715.79150390625,-3.2351949214935303,488.32891845703125,718
ds004302_sub-26,lh_fusiform,2.692647933959961,-0.037038471549749374,9718.9375,0.8658965826034546,3039.216796875,4475
ds004302_sub-26,lh_inferiorparietal,2.4649155139923096,-0.03815486654639244,9042.3056640625,0.19529825448989868,3381.236328125,4903
ds004302_sub-26,lh_inferiortemporal,2.509352684020996,-0.03732416033744812,8296.900390625,-0.9608588814735413,2926.745849609375,4064
ds004302_sub-26,lh_isthmuscingulate,2.273131847381592,-0.03710855916142464,2724.42236328125,-0.5163752436637878,1078.2008056640625,1502
ds004302_sub-26,lh_lateraloccipital,2.118906021118164,-0.029208440333604813,13359.6806640625,-1.6303597688674927,5760.587890625,8523
ds004302_sub-26,lh_lateralorbitofrontal,2.5215461254119873,-0.01660970412194729,6165.423828125,0.32271796464920044,2193.535888671875,3041
ds004302_sub-26,lh_lingual,2.0419180393218994,-0.02958967350423336,7821.0771484375,0.4482056498527527,3433.082763671875,4946
ds004302_sub-26,lh_medialorbitofrontal,2.027217149734497,-0.046902887523174286,3789.31787109375,-2.103843927383423,1653.50048828125,2329
ds004302_sub-26,lh_middletemporal,2.6634252071380615,-0.052023276686668396,8771.1923828125,-1.5350843667984009,2774.301025390625,3793
ds004302_sub-26,lh_parahippocampal,2.8956589698791504,-0.0530613511800766,2651.912109375,-0.6031014919281006,814.7901611328125,1222
ds004302_sub-26,lh_paracentral,2.3496105670928955,-0.028298454359173775,2956.518310546875,-0.3319978713989258,1174.5577392578125,1912
ds004302_sub-26,lh_parsopercularis,2.448190450668335,-0.044297635555267334,4453.58056640625,-0.5115803480148315,1665.468505859375,2318
ds004302_sub-26,lh_parsorbitalis,2.374640464782715,-0.08277919143438339,1835.558837890625,-4.995391368865967,657.5921020507812,895
ds004302_sub-26,lh_parstriangularis,2.143712043762207,-0.0180440042167902,3526.7294921875,-0.19987130165100098,1516.3193359375,2146
ds004302_sub-26,lh_pericalcarine,1.336706519126892,0.07165120542049408,1601.5291748046875,3.12735652923584,1403.2708740234375,2042
ds004302_sub-26,lh_postcentral,2.0542447566986084,-0.05469546467065811,8251.748046875,-1.017823576927185,3642.03662109375,5801
ds004302_sub-26,lh_posteriorcingulate,2.1449151039123535,0.006404270883649588,2522.16650390625,2.5336029529571533,1084.5250244140625,1530
ds004302_sub-26,lh_precentral,2.441829204559326,-0.026449792087078094,11389.2109375,0.37690025568008423,4265.28466796875,7172
ds004302_sub-26,lh_precuneus,2.3496670722961426,-0.013518375344574451,8513.939453125,1.2212409973144531,3369.85595703125,4879
ds004302_sub-26,lh_rostralanteriorcingulate,2.647087812423706,-0.033716585487127304,1951.5615234375,1.2132441997528076,667.2803344726562,856
ds004302_sub-26,lh_rostralmiddlefrontal,2.119462490081787,-0.018388058990240097,13503.5498046875,0.4790695011615753,5992.3955078125,8326
ds004302_sub-26,lh_superiorfrontal,2.4741475582122803,-0.034710634499788284,18049.724609375,-1.017372727394104,6381.322265625,9511
ds004302_sub-26,lh_superiorparietal,2.084398031234741,-0.02695583738386631,13037.947265625,-0.004174500238150358,5721.87451171875,8625
ds004302_sub-26,lh_superiortemporal,2.675065517425537,-0.023636411875486374,10421.181640625,0.07376173883676529,3424.630859375,5122
ds004302_sub-26,lh_supramarginal,2.5257811546325684,-0.03185233101248741,10761.076171875,0.04129699245095253,3976.26513671875,5878
ds004302_sub-26,lh_frontalpole,2.0840835571289062,-0.1301891803741455,702.9384765625,-7.582271575927734,271.34716796875,376
ds004302_sub-26,lh_temporalpole,3.5926403999328613,-0.08957809954881668,2612.810546875,-8.136308670043945,543.18603515625,653
ds004302_sub-26,lh_transversetemporal,2.3518080711364746,-0.06647386401891708,953.55908203125,2.4427030086517334,371.26531982421875,601
ds004302_sub-26,lh_insula,2.957942008972168,0.021235786378383636,7037.21142578125,5.39765739440918,2376.399169921875,3516
ds004302_sub-26,rh_bankssts,2.358505964279175,0.051111165434122086,1927.687255859375,4.96094274520874,841.5164794921875,1291
ds004302_sub-26,rh_caudalanteriorcingulate,2.4927971363067627,-0.0026135228108614683,1796.46142578125,2.0466034412384033,669.72412109375,968
ds004302_sub-26,rh_caudalmiddlefrontal,2.286301851272583,-0.010574622079730034,4355.892578125,1.382558822631836,1795.713134765625,2709
ds004302_sub-26,rh_cuneus,1.9955698251724243,-0.04025239124894142,4708.7705078125,-3.013277053833008,1914.1251220703125,2736
ds004302_sub-26,rh_entorhinal,2.9944334030151367,-0.03226909413933754,1783.1240234375,-3.1071863174438477,435.44598388671875,649
ds004302_sub-26,rh_fusiform,2.69291353225708,-0.025659160688519478,8713.7373046875,1.1943541765213013,2846.6484375,4097
ds004302_sub-26,rh_inferiorparietal,2.392624616622925,-0.021713225170969963,12610.9658203125,0.6601814031600952,4716.66357421875,6792
ds004302_sub-26,rh_inferiortemporal,2.5240097045898438,-0.0422373041510582,9459.779296875,-1.2256263494491577,3197.841796875,4444
ds004302_sub-26,rh_isthmuscingulate,2.3097071647644043,-0.021314317360520363,2531.689453125,-0.3929288983345032,955.55712890625,1341
ds004302_sub-26,rh_lateraloccipital,2.178433656692505,-0.029118066653609276,13976.583984375,-1.2762622833251953,5855.37451171875,8521
ds004302_sub-26,rh_lateralorbitofrontal,2.4177753925323486,-0.009648694656789303,5733.978515625,0.8566098809242249,2183.172607421875,3095
ds004302_sub-26,rh_lingual,1.9730788469314575,-0.020919816568493843,7013.14013671875,-0.105817049741745,3169.66552734375,4423
ds004302_sub-26,rh_medialorbitofrontal,2.2362544536590576,-0.04790343716740608,4975.228515625,-2.316972494125366,2033.32177734375,2630
ds004302_sub-26,rh_middletemporal,2.606894016265869,-0.04058274254202843,9904.455078125,-0.9477792978286743,3145.95263671875,4439
ds004302_sub-26,rh_parahippocampal,2.6832525730133057,-0.035812027752399445,2098.525390625,0.06898067146539688,648.05224609375,1015
ds004302_sub-26,rh_paracentral,2.0990450382232666,-0.01916036196053028,2643.19677734375,0.594287097454071,1233.7720947265625,2011
ds004302_sub-26,rh_parsopercularis,2.3378376960754395,-0.03596915677189827,3457.1435546875,-0.0676603689789772,1357.933349609375,1969
ds004302_sub-26,rh_parsorbitalis,2.3921689987182617,-0.0819658562541008,2369.384521484375,-4.80291748046875,796.16357421875,1076
ds004302_sub-26,rh_parstriangularis,2.353391408920288,-0.027397258207201958,4524.48828125,-0.4036068022251129,1745.032958984375,2549
ds004302_sub-26,rh_pericalcarine,1.67146897315979,0.046976540237665176,2308.7880859375,2.733429431915283,1614.312744140625,2327
ds004302_sub-26,rh_postcentral,1.9828115701675415,-0.04720568284392357,7848.4853515625,-0.9524427652359009,3348.68115234375,5305
ds004302_sub-26,rh_posteriorcingulate,2.3269522190093994,-0.0013802999164909124,2856.978515625,2.6023623943328857,1098.51416015625,1543
ds004302_sub-26,rh_precentral,2.4894604682922363,-0.013583728112280369,10463.4375,0.5259132981300354,3796.66943359375,6256
ds004302_sub-26,rh_precuneus,2.28761625289917,-0.013847161084413528,8310.77734375,1.4491077661514282,3379.16943359375,4908
ds004302_sub-26,rh_rostralanteriorcingulate,2.4005672931671143,-0.004995014052838087,1291.8038330078125,1.7178738117218018,482.473876953125,674
ds004302_sub-26,rh_rostralmiddlefrontal,2.124701499938965,-0.016724849119782448,13526.87109375,0.1984560787677765,5916.22265625,7911
ds004302_sub-26,rh_superiorfrontal,2.4829928874969482,-0.033586014062166214,18261.1796875,-1.0243046283721924,6566.4501953125,9474
ds004302_sub-26,rh_superiorparietal,2.146552562713623,-0.0467543825507164,13404.8955078125,-0.7065696716308594,5426.6142578125,8150
ds004302_sub-26,rh_superiortemporal,2.785993814468384,-0.03377637639641762,10253.4140625,-0.3697894215583801,3129.592041015625,4692
ds004302_sub-26,rh_supramarginal,2.404141902923584,-0.0222777109593153,9270.6220703125,0.5619983077049255,3433.396728515625,5014
ds004302_sub-26,rh_frontalpole,2.426863193511963,-0.14235132932662964,1004.46630859375,-7.738680839538574,315.2276611328125,407
ds004302_sub-26,rh_temporalpole,3.5768637657165527,-0.11402618139982224,2808.063720703125,-8.71008014678955,524.9500122070312,619
ds004302_sub-26,rh_transversetemporal,2.4496817588806152,-0.09388390183448792,739.2838134765625,3.442474365234375,255.11318969726562,425
ds004302_sub-26,rh_insula,3.025383234024048,0.038119833916425705,6166.9130859375,5.953079700469971,1962.46484375,2904
ds004302_sub-27,lh_bankssts,2.2840371131896973,-0.006053311750292778,2825.660888671875,2.295196533203125,1287.326171875,1877
ds004302_sub-27,lh_caudalanteriorcingulate,2.309091091156006,0.005971264559775591,1704.371826171875,2.2092018127441406,638.1937866210938,982
ds004302_sub-27,lh_caudalmiddlefrontal,2.1561644077301025,-0.014441564679145813,5843.13525390625,1.9715348482131958,2571.6328125,3898
ds004302_sub-27,lh_cuneus,1.7419992685317993,-0.026735328137874603,2589.703125,-2.0446128845214844,1417.7620849609375,2038
ds004302_sub-27,lh_entorhinal,2.5813028812408447,-0.08789880573749542,1613.0693359375,-5.071505546569824,456.66485595703125,633
ds004302_sub-27,lh_fusiform,2.62935209274292,-0.025405168533325195,10217.328125,0.8229900002479553,3270.372314453125,4709
ds004302_sub-27,lh_inferiorparietal,2.217302083969116,-0.026947762817144394,10312.75,0.9904835820198059,4365.77978515625,6291
ds004302_sub-27,lh_inferiortemporal,2.613027334213257,-0.0421484000980854,11318.1015625,-1.3237860202789307,3510.48046875,4978
ds004302_sub-27,lh_isthmuscingulate,2.250335216522217,-0.015545064583420753,3184.931640625,-0.41079607605934143,1288.822265625,1838
ds004302_sub-27,lh_lateraloccipital,2.014427423477173,-0.028980471193790436,12618.6962890625,-1.5682862997055054,5715.4052734375,8058
ds004302_sub-27,lh_lateralorbitofrontal,2.4594686031341553,-0.030336549505591393,8128.3369140625,-0.12982936203479767,2995.9296875,4120
ds004302_sub-27,lh_lingual,1.9658674001693726,-0.027217630296945572,7803.66357421875,-0.4357573390007019,3749.8173828125,5060
ds004302_sub-27,lh_medialorbitofrontal,2.157599925994873,-0.03998813405632973,4554.5703125,-1.2793694734573364,1913.3983154296875,2715
ds004302_sub-27,lh_middletemporal,2.4839773178100586,-0.04045914113521576,10258.01171875,-0.5457693934440613,3548.215576171875,5028
ds004302_sub-27,lh_parahippocampal,2.766479730606079,-0.03610914945602417,2209.099609375,-0.9354714751243591,676.4234619140625,1046
ds004302_sub-27,lh_paracentral,2.225917100906372,-0.019870368763804436,2659.12646484375,-0.05905129760503769,1135.296142578125,1831
ds004302_sub-27,lh_parsopercularis,2.2232112884521484,-0.042081091552972794,3995.44921875,-0.8012955784797668,1624.91845703125,2279
ds004302_sub-27,lh_parsorbitalis,2.26615834236145,-0.07449057698249817,2228.171630859375,-4.791034698486328,801.545654296875,1066
ds004302_sub-27,lh_parstriangularis,2.052597761154175,-0.019184457138180733,3828.67138671875,-0.040072958916425705,1687.1287841796875,2321
ds004302_sub-27,lh_pericalcarine,1.4138710498809814,0.06806106865406036,1722.8427734375,3.169492721557617,1463.2882080078125,2066
ds004302_sub-27,lh_postcentral,1.8366948366165161,-0.05747224763035774,7342.59716796875,-1.3254601955413818,3662.51025390625,5626
ds004302_sub-27,lh_posteriorcingulate,2.201270580291748,0.01615588739514351,2992.009765625,2.3223090171813965,1207.68408203125,1698
ds004302_sub-27,lh_precentral,2.379844903945923,-0.030009794980287552,11460.6416015625,0.1282118409872055,4523.796875,7303
ds004302_sub-27,lh_precuneus,2.1922338008880615,-0.0053347633220255375,9602.130859375,1.8825846910476685,4080.95947265625,5928
ds004302_sub-27,lh_rostralanteriorcingulate,2.36149001121521,-0.023082196712493896,1982.4658203125,0.6820741295814514,774.20654296875,1116
ds004302_sub-27,lh_rostralmiddlefrontal,2.0326478481292725,-0.025532782077789307,15094.4150390625,0.22452041506767273,6714.75341796875,8814
ds004302_sub-27,lh_superiorfrontal,2.4722201824188232,-0.02613161690533161,19717.140625,-0.858413815498352,7117.78271484375,10178
ds004302_sub-27,lh_superiorparietal,2.036302089691162,-0.037123098969459534,11267.7333984375,-0.9738680720329285,5073.9189453125,7474
ds004302_sub-27,lh_superiortemporal,2.5840001106262207,-0.03531215712428093,12158.65625,-0.3856140375137329,4219.9990234375,6198
ds004302_sub-27,lh_supramarginal,2.2322378158569336,-0.015355530194938183,9033.38671875,0.6777267456054688,3878.48388671875,5648
ds004302_sub-27,lh_frontalpole,2.4182920455932617,-0.16052651405334473,815.764404296875,-8.117709159851074,249.12408447265625,350
ds004302_sub-27,lh_temporalpole,3.1195719242095947,-0.08954580873250961,2580.781494140625,-7.293901443481445,582.109619140625,804
ds004302_sub-27,lh_transversetemporal,2.4127588272094727,-0.03989507630467415,1104.6473388671875,3.643223762512207,458.28021240234375,715
ds004302_sub-27,lh_insula,2.877786636352539,0.019806893542408943,6788.3056640625,5.654606342315674,2318.53564453125,3456
ds004302_sub-27,rh_bankssts,2.0726938247680664,0.04076527804136276,1823.2607421875,3.9185757637023926,911.00927734375,1382
ds004302_sub-27,rh_caudalanteriorcingulate,2.0461394786834717,0.01097479835152626,1726.87841796875,2.596007823944092,711.3779907226562,1046
ds004302_sub-27,rh_caudalmiddlefrontal,2.259424924850464,-0.013782535679638386,4930.7880859375,2.037874221801758,2123.533447265625,3110
ds004302_sub-27,rh_cuneus,1.7231175899505615,-0.03417853266000748,3112.6376953125,-2.567758083343506,1797.914306640625,2558
ds004302_sub-27,rh_entorhinal,2.995075225830078,-0.04405240714550018,1689.28173828125,-4.588386058807373,436.49786376953125,650
ds004302_sub-27,rh_fusiform,2.6262590885162354,-0.05200032889842987,10150.8359375,0.47181281447410583,3222.919921875,4739
ds004302_sub-27,rh_inferiorparietal,2.25581955909729,-0.025740234181284904,12213.2509765625,0.47093144059181213,5006.33984375,7132
ds004302_sub-27,rh_inferiortemporal,2.4446120262145996,-0.022376133129000664,10277.2763671875,-0.5075876116752625,3603.7236328125,5124
ds004302_sub-27,rh_isthmuscingulate,2.068160057067871,-0.007135801017284393,2097.993408203125,-0.20096604526042938,950.4423828125,1364
ds004302_sub-27,rh_lateraloccipital,2.0851986408233643,-0.021704504266381264,12876.501953125,-1.2920973300933838,5527.126953125,7783
ds004302_sub-27,rh_lateralorbitofrontal,2.537877082824707,-0.017210960388183594,7948.73095703125,0.3020981252193451,2922.59521484375,3953
ds004302_sub-27,rh_lingual,1.9860624074935913,-0.02600134164094925,7033.58056640625,-0.6029017567634583,3366.26904296875,4671
ds004302_sub-27,rh_medialorbitofrontal,2.2742018699645996,-0.04317370429635048,5647.2138671875,-1.799369215965271,2188.966796875,2960
ds004302_sub-27,rh_middletemporal,2.53275728225708,-0.04902317374944687,12796.43359375,-1.5198736190795898,4072.42919921875,5622
ds004302_sub-27,rh_parahippocampal,2.50541615486145,-0.013993234373629093,1853.0589599609375,0.24586337804794312,614.0162963867188,973
ds004302_sub-27,rh_paracentral,2.2658779621124268,-0.030603105202317238,3621.599609375,0.4445594549179077,1492.394775390625,2487
ds004302_sub-27,rh_parsopercularis,2.5648958683013916,-0.015961255878210068,3450.386962890625,0.6340581774711609,1244.2421875,1835
ds004302_sub-27,rh_parsorbitalis,2.4897615909576416,-0.06307353079319,2844.85400390625,-4.5839080810546875,914.98779296875,1206
ds004302_sub-27,rh_parstriangularis,2.2076799869537354,-0.03748808056116104,5063.1259765625,-1.0032031536102295,2024.052001953125,2645
ds004302_sub-27,rh_pericalcarine,1.5325438976287842,0.03415897488594055,2104.30322265625,1.9477462768554688,1501.32666015625,2253
ds004302_sub-27,rh_postcentral,1.904954195022583,-0.05146264284849167,7718.2275390625,-1.1611055135726929,3507.349609375,5466
ds004302_sub-27,rh_posteriorcingulate,2.2169697284698486,-0.011563372798264027,3311.10595703125,1.8747763633728027,1295.439453125,1821
ds004302_sub-27,rh_precentral,2.3523669242858887,-0.02989203855395317,10718.05859375,0.27825045585632324,4154.8916015625,6631
ds004302_sub-27,rh_precuneus,2.2714431285858154,-0.009050129912793636,9524.7109375,1.9524503946304321,4022.5869140625,5831
ds004302_sub-27,rh_rostralanteriorcingulate,2.4422404766082764,-0.008688640780746937,1616.1571044921875,1.407721996307373,620.448974609375,796
ds004302_sub-27,rh_rostralmiddlefrontal,2.020198106765747,-0.01659482531249523,15308.263671875,-0.04792790114879608,6875.50341796875,9014
ds004302_sub-27,rh_superiorfrontal,2.3922786712646484,-0.028195692226290703,18054.974609375,-0.7691248059272766,6855.76611328125,9672
ds004302_sub-27,rh_superiorparietal,2.0921149253845215,-0.03845931962132454,11689.705078125,-0.7511892318725586,5019.02880859375,7549
ds004302_sub-27,rh_superiortemporal,2.6396586894989014,-0.02976071648299694,11111.16015625,-0.37637922167778015,3699.355224609375,5417
ds004302_sub-27,rh_supramarginal,2.2410972118377686,-0.02068561129271984,8250.59765625,0.9801313877105713,3515.43212890625,5096
ds004302_sub-27,rh_frontalpole,2.5264933109283447,-0.15804292261600494,1106.08056640625,-8.665128707885742,363.96673583984375,430
ds004302_sub-27,rh_temporalpole,3.484790325164795,-0.10461866855621338,2804.374755859375,-8.323472023010254,550.44970703125,675
ds004302_sub-27,rh_transversetemporal,2.2833473682403564,-0.031115354970097542,736.7227783203125,4.103052139282227,314.91351318359375,475
ds004302_sub-27,rh_insula,2.9176173210144043,0.02497207373380661,6680.1240234375,5.885634422302246,2238.392822265625,3278
ds004302_sub-28,lh_bankssts,2.152089834213257,0.038050707429647446,1907.8043212890625,3.7535018920898438,941.1945190429688,1442
ds004302_sub-28,lh_caudalanteriorcingulate,2.0527780055999756,0.02492082118988037,1284.6363525390625,2.722940683364868,583.0690307617188,870
ds004302_sub-28,lh_caudalmiddlefrontal,2.323493480682373,-0.01041246298700571,6239.16796875,1.3205710649490356,2583.833740234375,3901
ds004302_sub-28,lh_cuneus,1.8342794179916382,-0.04560783505439758,2615.78173828125,-1.699547529220581,1415.2330322265625,2021
ds004302_sub-28,lh_entorhinal,2.4699549674987793,-0.032026760280132294,1436.978759765625,-4.284771919250488,415.39801025390625,581
ds004302_sub-28,lh_fusiform,2.479811429977417,-0.02845103293657303,8875.232421875,1.3085335493087769,3153.43115234375,4496
ds004302_sub-28,lh_inferiorparietal,2.2369472980499268,-0.020496075972914696,9933.1484375,0.3973310887813568,4262.7841796875,6212
ds004302_sub-28,lh_inferiortemporal,2.4944965839385986,-0.019171379506587982,9906.8515625,-0.6252545118331909,3458.62548828125,4707
ds004302_sub-28,lh_isthmuscingulate,2.0578548908233643,-0.022786829620599747,2506.312255859375,-0.44078999757766724,1100.263916015625,1482
ds004302_sub-28,lh_lateraloccipital,2.182368278503418,-0.04251427203416824,12503.7900390625,-2.1765835285186768,5315.0380859375,7659
ds004302_sub-28,lh_lateralorbitofrontal,2.63657546043396,-0.009693397209048271,6371.1650390625,0.1931685358285904,2171.310791015625,3039
ds004302_sub-28,lh_lingual,1.9953299760818481,-0.0269018542021513,6549.0517578125,0.031109904870390892,3097.5380859375,4226
ds004302_sub-28,lh_medialorbitofrontal,2.413140296936035,-0.03701116144657135,5178.7685546875,-2.0178465843200684,1896.09765625,2659
ds004302_sub-28,lh_middletemporal,2.3670144081115723,-0.04756784811615944,9049.689453125,-1.9348723888397217,3216.38623046875,4471
ds004302_sub-28,lh_parahippocampal,2.348618984222412,-0.04445303604006767,1985.6943359375,-0.7011024951934814,695.9580078125,1054
ds004302_sub-28,lh_paracentral,2.219259023666382,-0.03154536709189415,3075.24658203125,-0.6994443535804749,1322.600341796875,2200
ds004302_sub-28,lh_parsopercularis,2.2979543209075928,-0.04157122224569321,3904.275390625,-0.6784495115280151,1533.3594970703125,2168
ds004302_sub-28,lh_parsorbitalis,2.3692171573638916,-0.09656624495983124,1857.990478515625,-5.426701545715332,638.5869750976562,870
ds004302_sub-28,lh_parstriangularis,2.2349088191986084,-0.01171647384762764,2793.131103515625,0.49893414974212646,1142.5364990234375,1650
ds004302_sub-28,lh_pericalcarine,1.7362630367279053,0.07398819923400879,1714.1556396484375,3.1104841232299805,1144.313720703125,1688
ds004302_sub-28,lh_postcentral,1.9225276708602905,-0.04576374590396881,8920.1875,-0.9247679114341736,4360.4765625,6610
ds004302_sub-28,lh_posteriorcingulate,2.132725238800049,0.007558619137853384,2813.279296875,1.9093983173370361,1180.925537109375,1672
ds004302_sub-28,lh_precentral,2.3768961429595947,-0.023331770673394203,12914.25390625,0.5823464393615723,5140.265625,8090
ds004302_sub-28,lh_precuneus,2.1878292560577393,-0.0010915945749729872,7605.8408203125,1.397387146949768,3493.286376953125,5007
ds004302_sub-28,lh_rostralanteriorcingulate,2.6327548027038574,-0.052378199994564056,2468.211181640625,0.8110871911048889,756.430419921875,1029
ds004302_sub-28,lh_rostralmiddlefrontal,2.2304272651672363,-0.021467965096235275,14492.03125,-0.10339295119047165,5820.7177734375,7865
ds004302_sub-28,lh_superiorfrontal,2.467909097671509,-0.021509835496544838,21214.8125,-0.8052948713302612,7748.3505859375,11311
ds004302_sub-28,lh_superiorparietal,2.062267780303955,-0.021049117669463158,11665.0390625,0.13304798305034637,5446.87109375,7985
ds004302_sub-28,lh_superiortemporal,2.2761802673339844,-0.021395979449152946,10053.556640625,0.23426848649978638,3943.84326171875,6008
ds004302_sub-28,lh_supramarginal,2.361926555633545,-0.022372737526893616,9502.232421875,0.1984444558620453,3919.9619140625,5615
ds004302_sub-28,lh_frontalpole,2.8673479557037354,-0.12039317190647125,954.7679443359375,-8.139978408813477,273.7060852050781,322
ds004302_sub-28,lh_temporalpole,3.351046085357666,-0.1043970063328743,2487.548583984375,-8.773916244506836,519.8250732421875,606
ds004302_sub-28,lh_transversetemporal,1.9646708965301514,-0.03759429231286049,1004.5216064453125,3.0542409420013428,501.57537841796875,736
ds004302_sub-28,lh_insula,2.9505882263183594,0.027018846943974495,6715.74462890625,5.729898452758789,2232.752197265625,3309
ds004302_sub-28,rh_bankssts,2.2582342624664307,0.05120909586548805,2070.98046875,4.686395168304443,1023.422119140625,1499
ds004302_sub-28,rh_caudalanteriorcingulate,2.129314661026001,-0.001935963868163526,1994.9482421875,1.4673793315887451,818.1942749023438,1136
ds004302_sub-28,rh_caudalmiddlefrontal,2.1073060035705566,-0.00787131767719984,5178.12548828125,1.5595636367797852,2246.76318359375,3315
ds004302_sub-28,rh_cuneus,1.827883243560791,-0.04724627733230591,3378.19677734375,-2.547947883605957,1623.6771240234375,2343
ds004302_sub-28,rh_entorhinal,2.336580753326416,-0.04879353567957878,1146.521728515625,-5.557934761047363,351.373779296875,482
ds004302_sub-28,rh_fusiform,2.4262521266937256,-0.01817064918577671,7467.673828125,1.54874849319458,2725.60693359375,3940
ds004302_sub-28,rh_inferiorparietal,2.1904776096343994,-0.025568516924977303,12103.05859375,0.24659128487110138,5161.29345703125,7329
ds004302_sub-28,rh_inferiortemporal,2.348846435546875,-0.03315095230937004,8660.712890625,-1.3218685388565063,3100.759765625,4139
ds004302_sub-28,rh_isthmuscingulate,2.048149347305298,-0.021893296390771866,2185.279052734375,-0.8581401705741882,979.5732421875,1331
ds004302_sub-28,rh_lateraloccipital,2.202104091644287,-0.03519195690751076,11609.41796875,-1.7721405029296875,4679.6533203125,6469
ds004302_sub-28,rh_lateralorbitofrontal,2.314427137374878,-0.019828418269753456,5366.595703125,0.010223036631941795,2185.3955078125,3124
ds004302_sub-28,rh_lingual,2.1596388816833496,-0.04495711997151375,8278.919921875,-1.2033792734146118,3366.986572265625,4652
ds004302_sub-28,rh_medialorbitofrontal,2.3580257892608643,-0.029614517465233803,4886.79150390625,-1.9935307502746582,1773.103515625,2312
ds004302_sub-28,rh_middletemporal,2.5459935665130615,-0.028850313276052475,9530.05078125,-1.4239643812179565,3199.324462890625,4529
ds004302_sub-28,rh_parahippocampal,2.3053901195526123,-0.03124968707561493,1721.392822265625,-0.10140573233366013,633.3280029296875,978
ds004302_sub-28,rh_paracentral,2.224407911300659,-0.023585587739944458,3534.623779296875,0.17448864877223969,1533.216796875,2584
ds004302_sub-28,rh_parsopercularis,2.105278253555298,-0.012441444210708141,2607.958984375,1.2453389167785645,1174.174072265625,1696
ds004302_sub-28,rh_parsorbitalis,2.3071022033691406,-0.08959904313087463,2218.95849609375,-5.1711835861206055,720.8345336914062,973
ds004302_sub-28,rh_parstriangularis,1.97652268409729,-0.015648681670427322,2839.506591796875,-0.28505367040634155,1288.6005859375,1840
ds004302_sub-28,rh_pericalcarine,1.6550352573394775,0.03928028419613838,2021.735107421875,0.9953564405441284,1335.59521484375,1896
ds004302_sub-28,rh_postcentral,1.7959356307983398,-0.04677126184105873,7892.2607421875,-0.9645258188247681,4117.8671875,6346
ds004302_sub-28,rh_posteriorcingulate,2.3562142848968506,-0.0034477224107831717,3135.53515625,1.9209654331207275,1236.823974609375,1800
ds004302_sub-28,rh_precentral,2.265183925628662,-0.010947898961603642,13205.3916015625,0.63474041223526,5521.80908203125,8658
ds004302_sub-28,rh_precuneus,2.1741933822631836,0.007038448005914688,8383.947265625,1.7857695817947388,3876.625,5522
ds004302_sub-28,rh_rostralanteriorcingulate,2.5567257404327393,0.02313113957643509,1284.3662109375,1.5873770713806152,443.6917724609375,642
ds004302_sub-28,rh_rostralmiddlefrontal,2.014873743057251,-0.029518986120820045,14452.5986328125,-0.41462039947509766,6298.783203125,8417
ds004302_sub-28,rh_superiorfrontal,2.486621379852295,-0.027980877086520195,19945.927734375,-0.6431444883346558,7218.69482421875,10408
ds004302_sub-28,rh_superiorparietal,2.025146245956421,-0.030839547514915466,11876.4765625,-0.27921971678733826,5610.99755859375,8255
ds004302_sub-28,rh_superiortemporal,2.4535646438598633,-0.024385834112763405,10611.078125,-0.13435593247413635,3882.1357421875,5865
ds004302_sub-28,rh_supramarginal,2.1994409561157227,-0.01293802447617054,7995.802734375,0.9744203686714172,3429.212158203125,5040
ds004302_sub-28,rh_frontalpole,2.7870826721191406,-0.11802294850349426,1211.375732421875,-8.93647289276123,360.3894348144531,385
ds004302_sub-28,rh_temporalpole,3.149186849594116,-0.10689683258533478,2173.8310546875,-8.795381546020508,471.7950439453125,563
ds004302_sub-28,rh_transversetemporal,2.0289037227630615,-0.09889392554759979,917.580810546875,2.73283314704895,407.7855224609375,660
ds004302_sub-28,rh_insula,2.915576934814453,0.03135146573185921,6579.84814453125,5.834191799163818,2223.3232421875,3283
ds004302_sub-29,lh_bankssts,2.289036273956299,0.036022625863552094,2766.506591796875,3.5618021488189697,1300.1236572265625,1894
ds004302_sub-29,lh_caudalanteriorcingulate,2.5584261417388916,0.030645929276943207,1428.468994140625,2.2792274951934814,564.039306640625,854
ds004302_sub-29,lh_caudalmiddlefrontal,2.527247667312622,-0.03795548528432846,6597.7294921875,0.6056600213050842,2396.23681640625,3770
ds004302_sub-29,lh_cuneus,1.9036905765533447,-0.07038792967796326,3014.874267578125,-3.0093071460723877,1456.119873046875,2156
ds004302_sub-29,lh_entorhinal,3.1771528720855713,-0.10341599583625793,1918.1956787109375,-4.561473846435547,382.04290771484375,576
ds004302_sub-29,lh_fusiform,2.39141845703125,-0.022727767005562782,8075.505859375,1.1291438341140747,3051.20751953125,4443
ds004302_sub-29,lh_inferiorparietal,2.197625160217285,-0.03338230401277542,9891.236328125,0.4974626302719116,4206.328125,6045
ds004302_sub-29,lh_inferiortemporal,2.395739793777466,-0.04031766578555107,10083.162109375,-0.4967632591724396,3838.929931640625,5424
ds004302_sub-29,lh_isthmuscingulate,2.216715097427368,-0.012686191126704216,2484.34033203125,0.394774466753006,1087.200927734375,1638
ds004302_sub-29,lh_lateraloccipital,1.7677159309387207,-0.027091506868600845,8677.986328125,-1.3097918033599854,4674.318359375,6953
ds004302_sub-29,lh_lateralorbitofrontal,2.5450878143310547,-0.018073303624987602,6814.9814453125,0.5047522187232971,2505.17333984375,3532
ds004302_sub-29,lh_lingual,1.9436239004135132,-0.04062294214963913,7655.333984375,-0.7767213582992554,3554.041015625,5094
ds004302_sub-29,lh_medialorbitofrontal,2.13940167427063,-0.035026539117097855,4284.55322265625,-2.217755079269409,1885.499755859375,2615
ds004302_sub-29,lh_middletemporal,2.5671544075012207,-0.05671074241399765,11940.0908203125,-1.876102089881897,3919.061767578125,5423
ds004302_sub-29,lh_parahippocampal,2.2489373683929443,-0.049455463886260986,1798.12646484375,-0.015506810508668423,663.2840576171875,1038
ds004302_sub-29,lh_paracentral,2.268336534500122,-0.02321803756058216,3096.5869140625,-0.28031110763549805,1288.099609375,2093
ds004302_sub-29,lh_parsopercularis,2.3765101432800293,-0.04524824395775795,3880.1171875,-0.26670563220977783,1490.102783203125,2180
ds004302_sub-29,lh_parsorbitalis,2.2855618000030518,-0.08608052134513855,1943.61328125,-4.851907253265381,700.5804443359375,1013
ds004302_sub-29,lh_parstriangularis,2.1771059036254883,-0.01799258030951023,2378.078369140625,0.1588488519191742,1017.941162109375,1539
ds004302_sub-29,lh_pericalcarine,1.608237385749817,0.042959220707416534,2649.88134765625,3.359245777130127,1891.0069580078125,2758
ds004302_sub-29,lh_postcentral,1.9021813869476318,-0.05283719301223755,8620.3291015625,-0.8887919187545776,4149.81982421875,6474
ds004302_sub-29,lh_posteriorcingulate,2.0946314334869385,0.007784646935760975,1935.17431640625,2.1738240718841553,903.0028686523438,1355
ds004302_sub-29,lh_precentral,2.532733201980591,-0.027164537459611893,12258.4765625,0.45915094017982483,4498.55224609375,7698
ds004302_sub-29,lh_precuneus,2.144446611404419,-0.013532431796193123,9350.505859375,0.9739881157875061,4145.5712890625,6044
ds004302_sub-29,lh_rostralanteriorcingulate,2.480815887451172,-0.023698946461081505,2190.23828125,1.261232852935791,793.929443359375,1116
ds004302_sub-29,lh_rostralmiddlefrontal,2.1911628246307373,-0.024189310148358345,12709.728515625,0.3727899491786957,5313.01953125,7473
ds004302_sub-29,lh_superiorfrontal,2.487826347351074,-0.03924320638179779,18327.810546875,-0.9624661803245544,6614.1875,9650
ds004302_sub-29,lh_superiorparietal,1.943955421447754,-0.026859896257519722,11255.9892578125,0.2805424928665161,5395.2177734375,8061
ds004302_sub-29,lh_superiortemporal,2.448974370956421,-0.04029271751642227,10592.83203125,-0.023936593905091286,3812.57861328125,5825
ds004302_sub-29,lh_supramarginal,2.3493714332580566,-0.03508862853050232,10791.50390625,-0.2696269750595093,4282.4296875,6184
ds004302_sub-29,lh_frontalpole,2.414350748062134,-0.1304960548877716,838.331787109375,-9.473901748657227,285.5204162597656,301
ds004302_sub-29,lh_temporalpole,2.951206922531128,-0.13208359479904175,2086.531494140625,-8.198440551757812,496.20037841796875,679
ds004302_sub-29,lh_transversetemporal,2.3217217922210693,-0.03637012094259262,816.2507934570312,4.27842378616333,334.74127197265625,549
ds004302_sub-29,lh_insula,2.9871129989624023,0.04400352016091347,5453.3125,6.158416748046875,1800.075927734375,2762
ds004302_sub-29,rh_bankssts,2.4648430347442627,0.04345330968499184,1963.822265625,5.324718952178955,846.2939453125,1296
ds004302_sub-29,rh_caudalanteriorcingulate,2.3111824989318848,-0.005902396980673075,1928.4302978515625,1.51188063621521,745.4102172851562,973
ds004302_sub-29,rh_caudalmiddlefrontal,2.2588179111480713,-0.02534584142267704,5310.13720703125,1.0656261444091797,2208.01220703125,3321
ds004302_sub-29,rh_cuneus,1.7492085695266724,-0.042225174605846405,3190.6181640625,-2.4128329753875732,1609.520263671875,2416
ds004302_sub-29,rh_entorhinal,2.836989402770996,-0.07602288573980331,1553.9345703125,-4.521783351898193,362.99749755859375,523
ds004302_sub-29,rh_fusiform,2.4527852535247803,-0.027671515941619873,8273.8427734375,1.075488805770874,2940.583740234375,4362
ds004302_sub-29,rh_inferiorparietal,2.1823208332061768,-0.03101964294910431,13041.056640625,0.5480347871780396,5572.5380859375,8043
ds004302_sub-29,rh_inferiortemporal,2.4738614559173584,-0.04219688102602959,11184.05078125,-1.4501879215240479,3760.7939453125,5187
ds004302_sub-29,rh_isthmuscingulate,2.2505664825439453,-0.01939750462770462,2487.49755859375,-0.5566164255142212,1011.0266723632812,1444
ds004302_sub-29,rh_lateraloccipital,1.95322847366333,-0.03641873225569725,9569.373046875,-1.4867031574249268,4575.95068359375,6607
ds004302_sub-29,rh_lateralorbitofrontal,2.3615643978118896,-0.012311834841966629,6136.61767578125,0.9045454263687134,2420.64111328125,3530
ds004302_sub-29,rh_lingual,1.9626070261001587,-0.03197619691491127,8037.10986328125,-0.8683953881263733,3600.24853515625,4986
ds004302_sub-29,rh_medialorbitofrontal,2.2102203369140625,-0.0551704578101635,4454.96728515625,-2.2741410732269287,1935.0009765625,2700
ds004302_sub-29,rh_middletemporal,2.440807580947876,-0.045656830072402954,10639.056640625,-1.1162062883377075,3728.16748046875,5242
ds004302_sub-29,rh_parahippocampal,2.229694128036499,-0.03889159485697746,1751.1416015625,0.657347559928894,673.000732421875,1065
ds004302_sub-29,rh_paracentral,2.2795722484588623,-0.02149363048374653,3661.50732421875,0.49924424290657043,1502.702880859375,2486
ds004302_sub-29,rh_parsopercularis,2.2536959648132324,-0.00677003338932991,2245.50146484375,3.1140036582946777,997.6845703125,1489
ds004302_sub-29,rh_parsorbitalis,2.317901134490967,-0.07778499275445938,2541.45068359375,-4.597532749176025,881.9801025390625,1139
ds004302_sub-29,rh_parstriangularis,2.215980291366577,-0.008884442038834095,2828.39306640625,-0.13097301125526428,1165.4483642578125,1692
ds004302_sub-29,rh_pericalcarine,1.7594420909881592,0.014965971000492573,3203.723388671875,2.1850717067718506,1923.3697509765625,2798
ds004302_sub-29,rh_postcentral,1.8767061233520508,-0.04725746065378189,8280.62109375,-0.9249182343482971,4008.51953125,6273
ds004302_sub-29,rh_posteriorcingulate,2.192671775817871,0.004029204603284597,3052.265625,2.0568861961364746,1244.241943359375,1744
ds004302_sub-29,rh_precentral,2.4271810054779053,-0.023393983021378517,12209.7783203125,0.29391124844551086,4560.265625,7637
ds004302_sub-29,rh_precuneus,2.0666797161102295,-0.02071022428572178,8739.6376953125,0.738141655921936,3969.18994140625,5730
ds004302_sub-29,rh_rostralanteriorcingulate,2.6874470710754395,-0.009058515541255474,1656.818359375,1.229522943496704,569.9955444335938,778
ds004302_sub-29,rh_rostralmiddlefrontal,2.1058061122894287,-0.034283027052879333,12717.7734375,-0.19674384593963623,5429.6669921875,7508
ds004302_sub-29,rh_superiorfrontal,2.4554691314697266,-0.03573882207274437,18221.9921875,-0.5060573220252991,6774.76806640625,9952
ds004302_sub-29,rh_superiorparietal,1.8812098503112793,-0.029116366058588028,10865.796875,-0.1442565619945526,5513.52587890625,8031
ds004302_sub-29,rh_superiortemporal,2.42059326171875,-0.03646943345665932,7923.1845703125,0.002037420868873596,2936.619384765625,4466
ds004302_sub-29,rh_supramarginal,2.379149913787842,-0.03068210743367672,8785.453125,0.3812684118747711,3328.030029296875,4686
ds004302_sub-29,rh_frontalpole,2.193002700805664,-0.17839275300502777,986.6722412109375,-8.872567176818848,350.224365234375,455
ds004302_sub-29,rh_temporalpole,3.377962350845337,-0.09892544150352478,2486.052490234375,-9.040098190307617,504.04962158203125,576
ds004302_sub-29,rh_transversetemporal,2.3277652263641357,-0.034917425364255905,568.8951416015625,4.976428508758545,230.35687255859375,386
ds004302_sub-29,rh_insula,3.0222666263580322,0.04336884617805481,5276.9892578125,6.841507911682129,1679.991455078125,2583
ds004302_sub-30,lh_bankssts,2.442640781402588,0.00988758821040392,2084.472412109375,2.54878830909729,781.4235229492188,1126
ds004302_sub-30,lh_caudalanteriorcingulate,2.473639965057373,0.014324858784675598,1800.138671875,2.077695369720459,672.1385498046875,961
ds004302_sub-30,lh_caudalmiddlefrontal,2.656153440475464,-0.0241561122238636,5424.93505859375,1.0966005325317383,1912.2880859375,2811
ds004302_sub-30,lh_cuneus,1.9597342014312744,-0.034587081521749496,3331.779296875,-2.287299156188965,1540.633544921875,2272
ds004302_sub-30,lh_entorhinal,3.0971343517303467,-0.06743880361318588,1574.293212890625,-4.331954479217529,337.18878173828125,477
ds004302_sub-30,lh_fusiform,2.588275194168091,-0.033958595246076584,9237.646484375,0.556754469871521,3006.658203125,4212
ds004302_sub-30,lh_inferiorparietal,2.418706178665161,-0.013167526572942734,9753.849609375,0.8642051219940186,3740.619384765625,5340
ds004302_sub-30,lh_inferiortemporal,2.5947744846343994,-0.02743280865252018,9838.955078125,-0.6657952070236206,3249.96923828125,4388
ds004302_sub-30,lh_isthmuscingulate,2.2137837409973145,-0.016054850071668625,2373.207275390625,-0.03909747302532196,1013.6509399414062,1404
ds004302_sub-30,lh_lateraloccipital,2.0294015407562256,-0.028905421495437622,11017.0087890625,-1.5721137523651123,5008.96630859375,7342
ds004302_sub-30,lh_lateralorbitofrontal,2.4253551959991455,-0.01823825016617775,5825.013671875,-0.1600574254989624,2150.80322265625,3037
ds004302_sub-30,lh_lingual,1.8420820236206055,-0.00857120007276535,5148.97705078125,0.2809445559978485,2607.99560546875,3469
ds004302_sub-30,lh_medialorbitofrontal,2.191387414932251,-0.03746267408132553,3988.628662109375,-1.7941292524337769,1670.5068359375,2268
ds004302_sub-30,lh_middletemporal,2.57231068611145,-0.03635357320308685,9727.2939453125,-0.8317433595657349,3149.011474609375,4344
ds004302_sub-30,lh_parahippocampal,2.2948946952819824,-0.035163722932338715,1626.6617431640625,0.2574078440666199,618.8781127929688,951
ds004302_sub-30,lh_paracentral,2.5985071659088135,-0.03257548809051514,3593.4267578125,-0.48331892490386963,1220.9481201171875,1958
ds004302_sub-30,lh_parsopercularis,2.4810969829559326,-0.01875271648168564,4228.21337890625,-0.4448135495185852,1534.763671875,2137
ds004302_sub-30,lh_parsorbitalis,2.4444942474365234,-0.08756867051124573,1813.558837890625,-5.502364158630371,596.4849243164062,813
ds004302_sub-30,lh_parstriangularis,2.2168772220611572,-0.03899121284484863,3844.141845703125,-1.0019482374191284,1518.93359375,2110
ds004302_sub-30,lh_pericalcarine,1.2958433628082275,0.06633690744638443,1625.635986328125,1.9684844017028809,1455.0120849609375,2066
ds004302_sub-30,lh_postcentral,1.934241771697998,-0.04775745049118996,7473.427734375,-0.710456371307373,3467.8857421875,5378
ds004302_sub-30,lh_posteriorcingulate,2.1911473274230957,0.01140403002500534,2526.6591796875,2.2737231254577637,1077.949462890625,1530
ds004302_sub-30,lh_precentral,2.4860775470733643,-0.023361796513199806,11310.541015625,0.2689147889614105,4173.0634765625,6697
ds004302_sub-30,lh_precuneus,2.3269312381744385,-0.006859430577605963,8095.15869140625,1.232672929763794,3279.003173828125,4611
ds004302_sub-30,lh_rostralanteriorcingulate,2.856027126312256,-0.04996715858578682,2099.45361328125,0.46788108348846436,642.2860107421875,846
ds004302_sub-30,lh_rostralmiddlefrontal,2.189455270767212,-0.011764125898480415,12257.162109375,0.31388401985168457,5187.2109375,6923
ds004302_sub-30,lh_superiorfrontal,2.4958724975585938,-0.026500387117266655,18780.82421875,-0.7348806858062744,6823.0732421875,9927
ds004302_sub-30,lh_superiorparietal,2.247012138366699,-0.02481924556195736,12091.087890625,0.015771273523569107,4871.4736328125,7167
ds004302_sub-30,lh_superiortemporal,2.657435178756714,-0.02407984249293804,10698.9609375,-0.0090867904946208,3587.82763671875,5376
ds004302_sub-30,lh_supramarginal,2.4905004501342773,-0.03283116966485977,9938.486328125,0.0039914445951581,3611.072265625,5227
ds004302_sub-30,lh_frontalpole,2.1370444297790527,-0.16892683506011963,660.15869140625,-8.530288696289062,238.55120849609375,313
ds004302_sub-30,lh_temporalpole,3.2152209281921387,-0.0761290043592453,2094.114990234375,-7.774248123168945,490.583251953125,630
ds004302_sub-30,lh_transversetemporal,2.4239249229431152,-0.07082433998584747,1279.337158203125,2.2907142639160156,457.6762390136719,679
ds004302_sub-30,lh_insula,3.13682222366333,0.031075051054358482,6466.34375,6.102569580078125,2000.6766357421875,2979
ds004302_sub-30,rh_bankssts,2.372283935546875,0.029782667756080627,1898.0263671875,4.024890422821045,796.2352294921875,1228
ds004302_sub-30,rh_caudalanteriorcingulate,2.188957452774048,0.01955401711165905,1224.1309814453125,2.3929221630096436,549.464599609375,800
ds004302_sub-30,rh_caudalmiddlefrontal,2.238842010498047,-0.016777729615569115,4534.8916015625,1.0810052156448364,1848.0443115234375,2673
ds004302_sub-30,rh_cuneus,1.9768363237380981,-0.03722255304455757,3617.6533203125,-2.913226842880249,1611.9683837890625,2293
ds004302_sub-30,rh_entorhinal,3.0587546825408936,-0.08888567984104156,1774.286376953125,-5.2785234451293945,376.0898742675781,500
ds004302_sub-30,rh_fusiform,2.573671579360962,-0.03266288340091705,7286.1884765625,1.1399005651474,2490.80419921875,3619
ds004302_sub-30,rh_inferiorparietal,2.33172345161438,-0.02236141450703144,11972.19140625,0.30884143710136414,4566.66796875,6256
ds004302_sub-30,rh_inferiortemporal,2.3564367294311523,-0.030983099713921547,6880.40576171875,-0.5143460035324097,2437.617919921875,3345
ds004302_sub-30,rh_isthmuscingulate,2.2347912788391113,-0.010907002724707127,2437.0556640625,-0.07816091179847717,999.3997192382812,1391
ds004302_sub-30,rh_lateraloccipital,2.204712390899658,-0.03231939673423767,12527.3681640625,-1.3348546028137207,5102.6474609375,7218
ds004302_sub-30,rh_lateralorbitofrontal,2.341378688812256,-0.013441693037748337,6079.1826171875,0.0904165506362915,2411.671875,3324
ds004302_sub-30,rh_lingual,2.0207977294921875,-0.014767799526453018,6615.41064453125,0.1410917341709137,2913.28271484375,4011
ds004302_sub-30,rh_medialorbitofrontal,2.2483391761779785,-0.044880639761686325,4571.44970703125,-1.9698386192321777,1868.1748046875,2475
ds004302_sub-30,rh_middletemporal,2.446124315261841,-0.05617687106132507,8721.2099609375,-1.7662049531936646,2943.91064453125,4112
ds004302_sub-30,rh_parahippocampal,2.477928638458252,-0.0367741584777832,1733.564697265625,0.07929319888353348,591.6725463867188,944
ds004302_sub-30,rh_paracentral,2.448939323425293,-0.02221587486565113,3638.24658203125,0.1510462611913681,1397.0618896484375,2240
ds004302_sub-30,rh_parsopercularis,2.423382520675659,-0.028764650225639343,2953.681396484375,0.8035261631011963,1063.9503173828125,1518
ds004302_sub-30,rh_parsorbitalis,2.277535915374756,-0.07243236154317856,2335.10498046875,-5.2124834060668945,861.16845703125,1032
ds004302_sub-30,rh_parstriangularis,2.2773680686950684,-0.02139962650835514,3735.238525390625,-0.6721347570419312,1494.2552490234375,2029
ds004302_sub-30,rh_pericalcarine,1.5957854986190796,0.0596175454556942,2343.814697265625,1.758094310760498,1569.0179443359375,2328
ds004302_sub-30,rh_postcentral,2.0076982975006104,-0.04643826559185982,7607.4404296875,-0.6528998017311096,3359.791015625,5086
ds004302_sub-30,rh_posteriorcingulate,2.3527777194976807,-0.004777765832841396,2841.483642578125,2.020897150039673,1062.6287841796875,1501
ds004302_sub-30,rh_precentral,2.5338048934936523,-0.016817547380924225,13022.08203125,0.4894907772541046,4635.48046875,7317
ds004302_sub-30,rh_precuneus,2.3071906566619873,-0.010853699408471584,8646.7451171875,0.8784001469612122,3591.21337890625,5049
ds004302_sub-30,rh_rostralanteriorcingulate,2.9069273471832275,-0.03960364684462547,1636.6180419921875,1.0391165018081665,470.8672790527344,595
ds004302_sub-30,rh_rostralmiddlefrontal,2.0978167057037354,-0.013162368908524513,12137.453125,0.14976613223552704,5280.44921875,6877
ds004302_sub-30,rh_superiorfrontal,2.4772486686706543,-0.030384022742509842,16954.830078125,-0.9020293354988098,6222.5595703125,8875
ds004302_sub-30,rh_superiorparietal,2.158254623413086,-0.028273513540625572,12272.4228515625,-0.3556806445121765,4904.22509765625,7042
ds004302_sub-30,rh_superiortemporal,2.6039772033691406,-0.03829582780599594,9765.6650390625,-0.22338706254959106,3328.193359375,4997
ds004302_sub-30,rh_supramarginal,2.2871296405792236,-0.021704576909542084,7799.04296875,0.5024837851524353,2968.862060546875,4266
ds004302_sub-30,rh_frontalpole,2.0738017559051514,-0.15465500950813293,796.862548828125,-7.720924377441406,317.47088623046875,415
ds004302_sub-30,rh_temporalpole,3.5648157596588135,-0.09842878580093384,2010.860107421875,-8.727746963500977,398.9609375,486
ds004302_sub-30,rh_transversetemporal,2.5128543376922607,-0.07830291241407394,956.5894775390625,3.1369357109069824,326.09820556640625,520
ds004302_sub-30,rh_insula,3.0610480308532715,0.02955918200314045,6117.7548828125,6.281881809234619,1930.550048828125,2829
ds004302_sub-32,lh_bankssts,2.3432819843292236,0.027527395635843277,1795.25927734375,3.4695327281951904,813.2552490234375,1194
ds004302_sub-32,lh_caudalanteriorcingulate,2.3385567665100098,0.026972267776727676,1391.24853515625,1.4478226900100708,572.5546875,881
ds004302_sub-32,lh_caudalmiddlefrontal,2.6880459785461426,-0.01162860170006752,6186.4541015625,1.86774742603302,2182.521240234375,3330
ds004302_sub-32,lh_cuneus,2.04312801361084,-0.045708805322647095,3477.974609375,-2.5795912742614746,1627.150634765625,2310
ds004302_sub-32,lh_entorhinal,3.177417278289795,-0.09190259873867035,1437.307373046875,-3.7375540733337402,299.2439270019531,425
ds004302_sub-32,lh_fusiform,2.5052857398986816,-0.01643337681889534,7928.341796875,1.5673816204071045,2872.86279296875,4204
ds004302_sub-32,lh_inferiorparietal,2.360944986343384,-0.020886996760964394,9951.9912109375,0.8085916638374329,3944.8193359375,5624
ds004302_sub-32,lh_inferiortemporal,2.5222885608673096,-0.04145634546875954,9769.294921875,-1.3508501052856445,3290.223388671875,4374
ds004302_sub-32,lh_isthmuscingulate,2.4375579357147217,-0.017515767365694046,3724.560791015625,-0.10722262412309647,1299.860107421875,1886
ds004302_sub-32,lh_lateraloccipital,2.0427708625793457,-0.03971335291862488,12030.4697265625,-1.964223027229309,5388.2158203125,7696
ds004302_sub-32,lh_lateralorbitofrontal,2.8315885066986084,-0.010742263868451118,7856.13671875,0.652694582939148,2538.5419921875,3480
ds004302_sub-32,lh_lingual,2.141728639602661,-0.02541159652173519,8538.470703125,-0.27560412883758545,3682.12744140625,4990
ds004302_sub-32,lh_medialorbitofrontal,2.830843210220337,-0.04231831431388855,5711.8525390625,-2.0777347087860107,1832.87890625,2484
ds004302_sub-32,lh_middletemporal,2.736438512802124,-0.047770485281944275,10538.21875,-1.6476926803588867,3068.397705078125,4052
ds004302_sub-32,lh_parahippocampal,2.65272855758667,-0.04452231153845787,1975.997802734375,-0.1040002629160881,614.8958129882812,963
ds004302_sub-32,lh_paracentral,2.384495735168457,-0.026575542986392975,2817.6708984375,0.024278204888105392,1154.281982421875,1824
ds004302_sub-32,lh_parsopercularis,2.6095337867736816,-0.03964713588356972,6039.74560546875,-0.3957912027835846,2032.5296630859375,2926
ds004302_sub-32,lh_parsorbitalis,2.4545321464538574,-0.0718151107430458,2874.499267578125,-4.759425163269043,904.428955078125,1242
ds004302_sub-32,lh_parstriangularis,2.3754100799560547,-0.03064688667654991,4845.3154296875,-0.2597165107727051,1885.854248046875,2595
ds004302_sub-32,lh_pericalcarine,1.677944302558899,0.05987925082445145,2648.708740234375,3.0626964569091797,1810.5797119140625,2629
ds004302_sub-32,lh_postcentral,2.041576385498047,-0.053577255457639694,9469.3046875,-1.0992499589920044,4192.85498046875,6500
ds004302_sub-32,lh_posteriorcingulate,2.46848201751709,0.010895629413425922,3029.4111328125,2.0469839572906494,1122.041259765625,1603
ds004302_sub-32,lh_precentral,2.656348705291748,-0.03150634467601776,13937.642578125,0.33922654390335083,4840.06640625,7985
ds004302_sub-32,lh_precuneus,2.356963872909546,-0.02751084230840206,9414.31640625,0.6264410018920898,3695.11376953125,5101
ds004302_sub-32,lh_rostralanteriorcingulate,2.7121856212615967,-0.0036011619959026575,2165.808837890625,1.2512856721878052,728.3214111328125,1039
ds004302_sub-32,lh_rostralmiddlefrontal,2.1949658393859863,-0.03629249334335327,15426.7041015625,-0.06876096874475479,6093.53173828125,8264
ds004302_sub-32,lh_superiorfrontal,2.8212337493896484,-0.0332796573638916,23335.318359375,-0.7756255865097046,7165.76318359375,10485
ds004302_sub-32,lh_superiorparietal,2.0998313426971436,-0.02323274500668049,12463.27734375,0.6020273566246033,5480.78076171875,8164
ds004302_sub-32,lh_superiortemporal,2.5342416763305664,-0.019589070230722427,11234.185546875,0.0059222993440926075,4093.69677734375,5944
ds004302_sub-32,lh_supramarginal,2.4397170543670654,-0.033998601138591766,12191.78125,0.3849305212497711,4539.0859375,6321
ds004302_sub-32,lh_frontalpole,2.729506492614746,-0.12609992921352386,1072.986572265625,-7.687538146972656,295.7501220703125,372
ds004302_sub-32,lh_temporalpole,3.366891622543335,-0.09722458571195602,2161.583984375,-8.5520601272583,480.18157958984375,565
ds004302_sub-32,lh_transversetemporal,2.461780548095703,-0.08421926945447922,1230.64306640625,2.652554750442505,439.728759765625,684
ds004302_sub-32,lh_insula,2.9972522258758545,0.028332006186246872,7934.001953125,5.431654930114746,2504.065673828125,3697
ds004302_sub-32,rh_bankssts,2.513239860534668,-0.014617463573813438,2039.11181640625,1.5589449405670166,773.93310546875,1115
ds004302_sub-32,rh_caudalanteriorcingulate,2.329784870147705,0.02400897443294525,1458.349853515625,2.774218797683716,627.2711181640625,889
ds004302_sub-32,rh_caudalmiddlefrontal,2.5486562252044678,-0.020869247615337372,6035.78759765625,1.9412338733673096,2080.10498046875,3149
ds004302_sub-32,rh_cuneus,1.8803504705429077,-0.0565871000289917,3420.10302734375,-3.305053234100342,1604.24609375,2349
ds004302_sub-32,rh_entorhinal,3.0483906269073486,-0.035163506865501404,1464.7763671875,-4.318727970123291,332.76483154296875,502
ds004302_sub-32,rh_fusiform,2.6281063556671143,-0.04681606963276863,9217.115234375,0.9671633243560791,3040.737548828125,4381
ds004302_sub-32,rh_inferiorparietal,2.548746109008789,-0.032141055911779404,12224.2626953125,0.46441709995269775,4240.7705078125,5930
ds004302_sub-32,rh_inferiortemporal,2.7235546112060547,-0.052797988057136536,9301.0048828125,-1.5973893404006958,2829.63916015625,3905
ds004302_sub-32,rh_isthmuscingulate,2.5464563369750977,-0.018646322190761566,2413.048828125,0.2164074182510376,866.9385986328125,1313
ds004302_sub-32,rh_lateraloccipital,2.267657995223999,-0.03426029905676842,12875.23828125,-1.4341648817062378,5156.1552734375,7486
ds004302_sub-32,rh_lateralorbitofrontal,2.7200233936309814,-0.007972674444317818,7032.470703125,0.29702913761138916,2359.947509765625,3362
ds004302_sub-32,rh_lingual,2.0917046070098877,-0.033903129398822784,8671.619140625,-0.5269767642021179,3897.61474609375,5220
ds004302_sub-32,rh_medialorbitofrontal,2.566096544265747,-0.033562686294317245,5451.2451171875,-1.583914041519165,1930.50146484375,2539
ds004302_sub-32,rh_middletemporal,2.8201751708984375,-0.046837255358695984,11305.7119140625,-1.6106374263763428,3189.9501953125,4339
ds004302_sub-32,rh_parahippocampal,2.696427345275879,-0.026214201003313065,2089.5556640625,0.9920855760574341,651.0149536132812,1015
ds004302_sub-32,rh_paracentral,2.425696849822998,-0.04354269802570343,3765.61865234375,-0.26387619972229004,1396.8974609375,2294
ds004302_sub-32,rh_parsopercularis,2.659759283065796,-0.022507302463054657,4490.45458984375,-0.5173738598823547,1455.4892578125,2020
ds004302_sub-32,rh_parsorbitalis,2.7509031295776367,-0.09538476914167404,3542.802978515625,-4.6030073165893555,985.0126953125,1277
ds004302_sub-32,rh_parstriangularis,2.5213146209716797,-0.020995333790779114,5698.5078125,-0.29819563031196594,2035.1416015625,2817
ds004302_sub-32,rh_pericalcarine,1.7996277809143066,0.030502768233418465,3210.42236328125,2.6084964275360107,1906.617431640625,2920
ds004302_sub-32,rh_postcentral,2.1467299461364746,-0.04708078131079674,9794.2158203125,-0.7370796799659729,4059.609130859375,6126
ds004302_sub-32,rh_posteriorcingulate,2.3876430988311768,0.0032999450340867043,3233.928466796875,2.2878894805908203,1244.6937255859375,1712
ds004302_sub-32,rh_precentral,2.595723867416382,-0.021117905154824257,13174.619140625,0.6389821767807007,4654.8349609375,7560
ds004302_sub-32,rh_precuneus,2.4028139114379883,-0.018391039222478867,9516.8955078125,0.5865424275398254,3705.099365234375,5312
ds004302_sub-32,rh_rostralanteriorcingulate,3.016631841659546,-0.044196926057338715,1964.4742431640625,0.838240921497345,569.7301025390625,718
ds004302_sub-32,rh_rostralmiddlefrontal,2.3566091060638428,-0.03167574107646942,19707.34765625,-0.1574910581111908,7225.1767578125,10005
ds004302_sub-32,rh_superiorfrontal,2.6798040866851807,-0.023186521604657173,20421.400390625,-0.23527511954307556,6743.56396484375,9945
ds004302_sub-32,rh_superiorparietal,2.091688394546509,-0.034131042659282684,11880.1826171875,-0.573283851146698,5169.7802734375,7601
ds004302_sub-32,rh_superiortemporal,2.70442795753479,-0.014567109756171703,11410.9169921875,-0.1300046592950821,3679.33251953125,5350
ds004302_sub-32,rh_supramarginal,2.6033947467803955,-0.013090892694890499,10312.68359375,1.108837366104126,3638.689697265625,5235
ds004302_sub-32,rh_frontalpole,2.7105443477630615,-0.1790383905172348,1374.551025390625,-8.341732025146484,372.9544677734375,454
ds004302_sub-32,rh_temporalpole,3.5162739753723145,-0.09766233712434769,2432.7158203125,-8.516695022583008,437.5084228515625,524
ds004302_sub-32,rh_transversetemporal,2.371546506881714,-0.07494622468948364,838.4930419921875,4.048927307128906,326.4255065917969,504
ds004302_sub-32,rh_insula,3.197840690612793,0.02750757709145546,7129.83740234375,5.8870625495910645,2176.107421875,3192
ds004302_sub-33,lh_bankssts,2.1187121868133545,0.047693993896245956,1525.478271484375,3.5851187705993652,774.9971923828125,1144
ds004302_sub-33,lh_caudalanteriorcingulate,2.4005959033966064,0.012270862236618996,1294.8560791015625,2.0162599086761475,497.1814880371094,733
ds004302_sub-33,lh_caudalmiddlefrontal,2.2042603492736816,-0.00984168704599142,4120.53173828125,2.3928024768829346,1828.76806640625,2876
ds004302_sub-33,lh_cuneus,1.721490502357483,-0.05275709927082062,2358.90771484375,-2.8070523738861084,1305.5361328125,1848
ds004302_sub-33,lh_entorhinal,2.9954915046691895,-0.06047969311475754,2048.017578125,-3.1933186054229736,465.78851318359375,705
ds004302_sub-33,lh_fusiform,2.551978349685669,-0.04593018814921379,8245.615234375,0.5409082770347595,2759.751953125,4083
ds004302_sub-33,lh_inferiorparietal,2.1766910552978516,-0.02781209535896778,8268.0146484375,0.9105479121208191,3578.35595703125,5236
ds004302_sub-33,lh_inferiortemporal,2.4128286838531494,-0.032902829349040985,7583.80859375,-0.2370316982269287,2729.82763671875,3820
ds004302_sub-33,lh_isthmuscingulate,2.2201685905456543,-0.010883457958698273,1992.673095703125,0.07232914865016937,797.4868774414062,1216
ds004302_sub-33,lh_lateraloccipital,1.8426098823547363,-0.027985891327261925,8237.7109375,-1.2974505424499512,4300.44140625,6317
ds004302_sub-33,lh_lateralorbitofrontal,2.411893367767334,-0.014680135063827038,5387.783203125,-0.283193975687027,2039.091064453125,2736
ds004302_sub-33,lh_lingual,1.865031123161316,-0.026863958686590195,5991.443359375,-0.7829999327659607,2948.24951171875,4104
ds004302_sub-33,lh_medialorbitofrontal,2.410461664199829,-0.034888554364442825,4218.03515625,-1.7222894430160522,1593.7886962890625,2257
ds004302_sub-33,lh_middletemporal,2.434359073638916,-0.0600653812289238,7385.921875,-1.9176610708236694,2537.291015625,3606
ds004302_sub-33,lh_parahippocampal,3.0609028339385986,-0.03494252264499664,1980.334716796875,-0.9543680548667908,541.0946044921875,842
ds004302_sub-33,lh_paracentral,2.384446859359741,-0.04111921042203903,3041.6044921875,-0.6193861365318298,1143.405517578125,1925
ds004302_sub-33,lh_parsopercularis,2.4400553703308105,-0.04082213714718819,3254.57763671875,-0.4292663633823395,1233.17529296875,1777
ds004302_sub-33,lh_parsorbitalis,2.430901527404785,-0.0920245423913002,1622.25927734375,-5.577253341674805,536.1112060546875,737
ds004302_sub-33,lh_parstriangularis,1.917578101158142,-0.01961485482752323,1857.6103515625,-0.13312970101833344,897.4108276367188,1310
ds004302_sub-33,lh_pericalcarine,1.5361088514328003,0.046532731503248215,1872.031982421875,2.1323273181915283,1398.778076171875,2006
ds004302_sub-33,lh_postcentral,1.8325775861740112,-0.04755127429962158,7102.2978515625,-0.7873872518539429,3684.404296875,5756
ds004302_sub-33,lh_posteriorcingulate,2.1814494132995605,0.015286816284060478,1594.7352294921875,3.004124879837036,701.0856323242188,1050
ds004302_sub-33,lh_precentral,2.3012759685516357,-0.023397816345095634,10313.6162109375,0.7716065645217896,4250.8359375,7042
ds004302_sub-33,lh_precuneus,2.2709779739379883,-0.007646698504686356,6632.9345703125,1.5478323698043823,2739.267578125,3977
ds004302_sub-33,lh_rostralanteriorcingulate,2.3373477458953857,-0.03505862131714821,1875.6611328125,0.20435483753681183,681.4429931640625,934
ds004302_sub-33,lh_rostralmiddlefrontal,1.9825993776321411,-0.025543158873915672,10143.140625,-0.04364114999771118,4806.1064453125,6805
ds004302_sub-33,lh_superiorfrontal,2.4793331623077393,-0.03416082635521889,15950.9326171875,-1.0025198459625244,5870.53076171875,8555
ds004302_sub-33,lh_superiorparietal,1.957518219947815,-0.029396235942840576,9332.0830078125,-0.47755348682403564,4366.1298828125,6533
ds004302_sub-33,lh_superiortemporal,2.486630916595459,-0.02683180943131447,8725.228515625,-0.0814751461148262,3123.333984375,4730
ds004302_sub-33,lh_supramarginal,2.407719612121582,-0.02511976659297943,6983.82275390625,1.0217633247375488,2810.34619140625,4024
ds004302_sub-33,lh_frontalpole,2.4678947925567627,-0.14941884577274323,683.851318359375,-9.322468757629395,221.79612731933594,289
ds004302_sub-33,lh_temporalpole,3.0402252674102783,-0.1352268010377884,1691.0374755859375,-8.78921127319336,411.02569580078125,540
ds004302_sub-33,lh_transversetemporal,1.938751220703125,-0.08189613372087479,795.8921508789062,3.5018396377563477,388.648193359375,649
ds004302_sub-33,lh_insula,2.8342885971069336,0.03557131811976433,4941.453125,6.072999954223633,1752.0458984375,2510
ds004302_sub-33,rh_bankssts,2.2040534019470215,0.046627312898635864,1427.8511962890625,3.9358952045440674,710.3961181640625,1035
ds004302_sub-33,rh_caudalanteriorcingulate,2.088421106338501,-0.01868399791419506,1677.6484375,1.9754974842071533,692.684814453125,926
ds004302_sub-33,rh_caudalmiddlefrontal,2.1782045364379883,-0.022479820996522903,4196.7646484375,1.662288784980774,1765.9564208984375,2681
ds004302_sub-33,rh_cuneus,1.6996121406555176,-0.044549938291311264,2984.69921875,-2.2101571559906006,1661.6632080078125,2475
ds004302_sub-33,rh_entorhinal,2.8943843841552734,-0.06948931515216827,1928.50048828125,-4.192562580108643,423.85552978515625,650
ds004302_sub-33,rh_fusiform,2.60054612159729,-0.039570920169353485,8262.8984375,0.32806456089019775,2710.584716796875,3847
ds004302_sub-33,rh_inferiorparietal,2.264003276824951,-0.028697438538074493,11123.998046875,0.848406195640564,4540.14453125,6313
ds004302_sub-33,rh_inferiortemporal,2.3853657245635986,-0.013437341898679733,6209.119140625,0.4053778052330017,2281.9267578125,3333
ds004302_sub-33,rh_isthmuscingulate,2.016667127609253,-0.0419028177857399,1763.230712890625,-0.5758756399154663,764.50390625,1059
ds004302_sub-33,rh_lateraloccipital,1.9578826427459717,-0.01757272705435753,8906.240234375,-0.9285224676132202,4351.07763671875,6374
ds004302_sub-33,rh_lateralorbitofrontal,2.3749887943267822,-0.002750782296061516,4812.6083984375,-0.061293259263038635,1933.763916015625,2719
ds004302_sub-33,rh_lingual,1.954745888710022,-0.034113455563783646,7013.111328125,-1.1231114864349365,3196.3818359375,4398
ds004302_sub-33,rh_medialorbitofrontal,2.3432114124298096,-0.04393560439348221,4582.12890625,-1.897599220275879,1875.8809814453125,2422
ds004302_sub-33,rh_middletemporal,2.5612194538116455,-0.06265004724264145,7915.3408203125,-2.2122015953063965,2589.92041015625,3739
ds004302_sub-33,rh_parahippocampal,2.708096981048584,-0.028134426102042198,1754.427978515625,-0.407219260931015,545.1356811523438,837
ds004302_sub-33,rh_paracentral,2.2142016887664795,-0.025293312966823578,2634.71630859375,0.011753389611840248,1140.096435546875,1877
ds004302_sub-33,rh_parsopercularis,2.254721164703369,-0.0309536624699831,3050.91064453125,-0.15154381096363068,1312.3087158203125,1901
ds004302_sub-33,rh_parsorbitalis,2.1398696899414062,-0.08360999077558517,1990.33154296875,-4.341123580932617,798.914794921875,1053
ds004302_sub-33,rh_parstriangularis,2.0998687744140625,-0.04304918274283409,3643.340576171875,-1.1195240020751953,1539.990234375,2161
ds004302_sub-33,rh_pericalcarine,1.3788707256317139,0.059949491173028946,2027.0487060546875,1.9390441179275513,1597.42431640625,2316
ds004302_sub-33,rh_postcentral,1.9374241828918457,-0.05538491904735565,7165.0361328125,-1.1496785879135132,3354.34228515625,5165
ds004302_sub-33,rh_posteriorcingulate,2.2315826416015625,0.009064765647053719,2331.0029296875,2.378746509552002,966.8412475585938,1291
ds004302_sub-33,rh_precentral,2.3600106239318848,-0.021001622080802917,10396.994140625,0.4769380986690521,4078.592041015625,6624
ds004302_sub-33,rh_precuneus,2.3462865352630615,-0.00808625016361475,7319.03564453125,1.5058246850967407,2954.478759765625,4313
ds004302_sub-33,rh_rostralanteriorcingulate,2.4029006958007812,0.011906541883945465,1120.0716552734375,2.631629228591919,425.57373046875,554
ds004302_sub-33,rh_rostralmiddlefrontal,1.9583840370178223,-0.01921168714761734,9896.16015625,0.4369674026966095,4770.30224609375,6774
ds004302_sub-33,rh_superiorfrontal,2.3725907802581787,-0.026822855696082115,13852.66015625,-0.8192468881607056,5407.28564453125,7893
ds004302_sub-33,rh_superiorparietal,1.9853814840316772,-0.03672849014401436,9320.2685546875,-0.8305687308311462,4155.6044921875,6303
ds004302_sub-33,rh_superiortemporal,2.3898487091064453,-0.0328577384352684,8381.66015625,-0.844722330570221,3077.28076171875,4474
ds004302_sub-33,rh_supramarginal,2.361978054046631,-0.011760079301893711,6203.13525390625,1.8822201490402222,2592.136474609375,3639
ds004302_sub-33,rh_frontalpole,2.408564329147339,-0.18222424387931824,1054.87890625,-9.214452743530273,361.15771484375,410
ds004302_sub-33,rh_temporalpole,3.506831407546997,-0.10872124135494232,2198.54296875,-8.56615924835205,404.2496337890625,496
ds004302_sub-33,rh_transversetemporal,2.223449468612671,-0.07074388861656189,645.3760375976562,3.8175559043884277,267.8312683105469,426
ds004302_sub-33,rh_insula,2.775578260421753,0.04633430764079094,4645.533203125,6.391174793243408,1690.998291015625,2440
ds004302_sub-34,lh_bankssts,2.4744467735290527,0.039091553539037704,2677.69482421875,4.239413738250732,1102.282958984375,1646
ds004302_sub-34,lh_caudalanteriorcingulate,1.8712884187698364,0.025227254256606102,1355.008056640625,1.9365818500518799,654.1211547851562,1045
ds004302_sub-34,lh_caudalmiddlefrontal,2.6466710567474365,-0.025814849883317947,8222.51171875,0.7521937489509583,2843.38330078125,4258
ds004302_sub-34,lh_cuneus,2.1917004585266113,-0.05358504131436348,4201.19775390625,-2.9034423828125,1815.0843505859375,2616
ds004302_sub-34,lh_entorhinal,2.9060676097869873,-0.0659811869263649,2660.336669921875,-3.647399663925171,684.4633178710938,982
ds004302_sub-34,lh_fusiform,2.7049901485443115,-0.0288016889244318,10891.0029296875,1.2892760038375854,3383.88037109375,5034
ds004302_sub-34,lh_inferiorparietal,2.586684465408325,-0.029875127598643303,13096.498046875,0.4151303172111511,4694.56396484375,6705
ds004302_sub-34,lh_inferiortemporal,2.7431507110595703,-0.0357157438993454,11759.3583984375,-1.0640981197357178,3526.560791015625,5065
ds004302_sub-34,lh_isthmuscingulate,2.3837132453918457,-0.0163441002368927,2972.664306640625,-0.30041998624801636,1090.779052734375,1605
ds004302_sub-34,lh_lateraloccipital,2.1656012535095215,-0.0361022911965847,13314.8642578125,-1.5553683042526245,5763.2880859375,8355
ds004302_sub-34,lh_lateralorbitofrontal,2.450063705444336,-0.01956607587635517,7490.8974609375,-0.01411167811602354,2823.01953125,3903
ds004302_sub-34,lh_lingual,2.101310968399048,-0.03393511474132538,8681.4306640625,-0.7929344773292542,3689.61083984375,5061
ds004302_sub-34,lh_medialorbitofrontal,2.328852415084839,-0.04014749825000763,5650.32080078125,-1.222793698310852,2197.5732421875,3093
ds004302_sub-34,lh_middletemporal,2.704669713973999,-0.046178266406059265,10094.9736328125,-1.4926844835281372,3014.83935546875,4093
ds004302_sub-34,lh_parahippocampal,2.9207863807678223,-0.017062684521079063,2120.296875,-0.4453989863395691,662.44482421875,1011
ds004302_sub-34,lh_paracentral,2.537055015563965,-0.022937215864658356,4040.551513671875,-0.2732437551021576,1509.4156494140625,2338
ds004302_sub-34,lh_parsopercularis,2.5843119621276855,-0.02281641773879528,4321.767578125,0.44695746898651123,1459.354736328125,1974
ds004302_sub-34,lh_parsorbitalis,2.647580623626709,-0.0931522473692894,2190.6669921875,-4.921484470367432,623.43798828125,848
ds004302_sub-34,lh_parstriangularis,2.4637060165405273,-0.028803523629903793,3822.525634765625,-0.676196277141571,1371.346923828125,1859
ds004302_sub-34,lh_pericalcarine,1.6103003025054932,0.0514724962413311,2607.1474609375,3.279876708984375,1830.6220703125,2600
ds004302_sub-34,lh_postcentral,2.1145317554473877,-0.05615444853901863,10437.35546875,-1.3436087369918823,4482.509765625,6849
ds004302_sub-34,lh_posteriorcingulate,2.264519453048706,0.01071584690362215,2960.783203125,2.1783790588378906,1159.80322265625,1636
ds004302_sub-34,lh_precentral,2.721973419189453,-0.0228493120521307,15355.244140625,0.44870784878730774,5195.0048828125,8047
ds004302_sub-34,lh_precuneus,2.561725378036499,-0.00994634348899126,10628.591796875,1.6912552118301392,3941.647705078125,5612
ds004302_sub-34,lh_rostralanteriorcingulate,2.386836528778076,-0.04107016697525978,2565.80029296875,0.7058732509613037,887.937744140625,1189
ds004302_sub-34,lh_rostralmiddlefrontal,2.36527419090271,-0.019178789108991623,14773.576171875,-0.08072490245103836,5792.400390625,8050
ds004302_sub-34,lh_superiorfrontal,2.751244068145752,-0.030942142009735107,25875.34765625,-0.5350508689880371,8168.82861328125,11967
ds004302_sub-34,lh_superiorparietal,2.2144575119018555,-0.0269436277449131,12235.265625,0.14513012766838074,5153.87841796875,7625
ds004302_sub-34,lh_superiortemporal,2.8290703296661377,-0.024522431194782257,13416.486328125,-0.05559856444597244,4193.9814453125,6128
ds004302_sub-34,lh_supramarginal,2.733079433441162,-0.02382061630487442,13866.609375,0.33465373516082764,4633.0400390625,6553
ds004302_sub-34,lh_frontalpole,2.4105141162872314,-0.18628649413585663,816.6507568359375,-8.669079780578613,249.73556518554688,341
ds004302_sub-34,lh_temporalpole,3.389988422393799,-0.1119171753525734,2457.17041015625,-6.85498571395874,504.9378967285156,720
ds004302_sub-34,lh_transversetemporal,2.59045672416687,-0.05387340858578682,1654.385986328125,2.9009318351745605,564.5072631835938,915
ds004302_sub-34,lh_insula,3.1442432403564453,0.021558770909905434,6882.03173828125,5.376504898071289,2216.196533203125,3221
ds004302_sub-34,rh_bankssts,2.385573625564575,0.049093324691057205,1912.3966064453125,5.1890339851379395,814.6993408203125,1225
ds004302_sub-34,rh_caudalanteriorcingulate,2.0199668407440186,0.007983427494764328,1613.2203369140625,1.3131413459777832,694.9259643554688,1048
ds004302_sub-34,rh_caudalmiddlefrontal,2.565837860107422,-0.020631153136491776,6884.3994140625,1.1424766778945923,2484.4814453125,3758
ds004302_sub-34,rh_cuneus,2.122178077697754,-0.03786952793598175,3906.493408203125,-2.703233003616333,1760.203857421875,2394
ds004302_sub-34,rh_entorhinal,2.5147976875305176,-0.053410157561302185,1569.1522216796875,-2.8932199478149414,435.7535705566406,643
ds004302_sub-34,rh_fusiform,2.684776782989502,-0.03490928187966347,10285.431640625,0.8859754800796509,3351.222900390625,4879
ds004302_sub-34,rh_inferiorparietal,2.494840145111084,-0.032583992928266525,16777.3203125,0.008601543493568897,6090.43896484375,8561
ds004302_sub-34,rh_inferiortemporal,2.5657479763031006,-0.042995303869247437,10192.8671875,-0.5478938221931458,3418.783447265625,4920
ds004302_sub-34,rh_isthmuscingulate,2.3077805042266846,-0.011292515322566032,2473.674560546875,-0.3785766661167145,948.9759521484375,1387
ds004302_sub-34,rh_lateraloccipital,2.2225899696350098,-0.04268433526158333,14525.908203125,-1.835184931755066,5765.10009765625,8138
ds004302_sub-34,rh_lateralorbitofrontal,2.426682472229004,-0.011353743262588978,7037.63671875,0.4004676640033722,2674.9716796875,3648
ds004302_sub-34,rh_lingual,2.03326153755188,-0.028040584176778793,7867.5068359375,-0.3050515353679657,3572.0849609375,4806
ds004302_sub-34,rh_medialorbitofrontal,2.1612720489501953,-0.05009942501783371,5827.1162109375,-1.1915104389190674,2367.700439453125,3274
ds004302_sub-34,rh_middletemporal,2.795924186706543,-0.04543818533420563,12075.9580078125,-1.5776662826538086,3560.95068359375,5060
ds004302_sub-34,rh_parahippocampal,2.5613114833831787,-0.015914317220449448,1717.760498046875,-0.1168794110417366,579.0977783203125,860
ds004302_sub-34,rh_paracentral,2.483670473098755,-0.030911114066839218,4714.49072265625,-0.17926953732967377,1769.3240966796875,2815
ds004302_sub-34,rh_parsopercularis,2.4640841484069824,-0.02149314247071743,3991.76220703125,0.9436354041099548,1454.31201171875,2008
ds004302_sub-34,rh_parsorbitalis,2.426924228668213,-0.07661958038806915,2616.166259765625,-4.377937316894531,852.2683715820312,1139
ds004302_sub-34,rh_parstriangularis,2.4634337425231934,-0.04149072617292404,4559.37158203125,-0.916327714920044,1578.698486328125,2164
ds004302_sub-34,rh_pericalcarine,1.597691297531128,0.05121830478310585,2430.02099609375,2.314523935317993,1748.34814453125,2344
ds004302_sub-34,rh_postcentral,1.9537954330444336,-0.0551922582089901,12042.798828125,-0.9135018587112427,5577.5205078125,8156
ds004302_sub-34,rh_posteriorcingulate,2.3330233097076416,-0.0027083379682153463,2951.00732421875,2.2087242603302,1171.129638671875,1612
ds004302_sub-34,rh_precentral,2.541346788406372,-0.01296002883464098,14411.931640625,0.37627577781677246,5275.98828125,7967
ds004302_sub-34,rh_precuneus,2.5848543643951416,-0.019690781831741333,11511.10546875,1.387324333190918,4074.77880859375,5920
ds004302_sub-34,rh_rostralanteriorcingulate,2.2628281116485596,-0.010640638880431652,1332.4217529296875,1.1496845483779907,529.94775390625,735
ds004302_sub-34,rh_rostralmiddlefrontal,2.223963975906372,-0.026039842516183853,16263.81640625,-0.18300607800483704,6469.87646484375,8932
ds004302_sub-34,rh_superiorfrontal,2.7845404148101807,-0.028321826830506325,24479.033203125,-0.4637024998664856,7772.90087890625,11127
ds004302_sub-34,rh_superiorparietal,2.2812933921813965,-0.02538420632481575,12445.0390625,0.07562582194805145,4992.32177734375,7387
ds004302_sub-34,rh_superiortemporal,2.9259278774261475,-0.028333256021142006,12020.4912109375,-0.3787482976913452,3531.464111328125,5246
ds004302_sub-34,rh_supramarginal,2.5655276775360107,-0.007529205176979303,10740.611328125,1.4117411375045776,3922.02880859375,5605
ds004302_sub-34,rh_frontalpole,2.6007728576660156,-0.17460471391677856,1126.136962890625,-9.313801765441895,305.9827880859375,388
ds004302_sub-34,rh_temporalpole,3.617640733718872,-0.08049111813306808,2217.037353515625,-7.70269250869751,482.66644287109375,668
ds004302_sub-34,rh_transversetemporal,2.6398837566375732,-0.09332998842000961,1046.60107421875,3.22589373588562,341.22369384765625,529
ds004302_sub-34,rh_insula,3.1193530559539795,0.02646053023636341,6201.40576171875,5.738317966461182,2028.7481689453125,2997
ds004302_sub-36,lh_bankssts,2.315143585205078,0.03947955742478371,1776.8349609375,3.058870792388916,786.7689208984375,1178
ds004302_sub-36,lh_caudalanteriorcingulate,1.8930379152297974,0.02499685250222683,829.956787109375,2.7817296981811523,435.6949462890625,720
ds004302_sub-36,lh_caudalmiddlefrontal,2.411072015762329,-0.032621584832668304,5556.29296875,0.9599559903144836,2146.54150390625,3339
ds004302_sub-36,lh_cuneus,1.7071491479873657,-0.0445387177169323,2474.267822265625,-2.293487548828125,1396.3197021484375,1982
ds004302_sub-36,lh_entorhinal,2.7918248176574707,-0.02768079563975334,2008.2958984375,-3.024686574935913,516.134033203125,756
ds004302_sub-36,lh_fusiform,2.559758186340332,-0.02476073056459427,7833.89208984375,1.2594608068466187,2665.572998046875,3832
ds004302_sub-36,lh_inferiorparietal,2.3765244483947754,-0.03336581960320473,9674.033203125,0.6002278327941895,3781.634765625,5590
ds004302_sub-36,lh_inferiortemporal,2.4643430709838867,-0.03152025490999222,9222.55078125,-0.7032230496406555,3191.69140625,4576
ds004302_sub-36,lh_isthmuscingulate,2.47550630569458,0.0021647403482347727,2025.2220458984375,0.40472182631492615,774.4058837890625,1197
ds004302_sub-36,lh_lateraloccipital,2.0176846981048584,-0.045522283762693405,8896.779296875,-2.0880024433135986,4024.2021484375,6043
ds004302_sub-36,lh_lateralorbitofrontal,2.3870818614959717,-0.01605559140443802,5969.2666015625,0.5619636178016663,2334.964599609375,3383
ds004302_sub-36,lh_lingual,2.072878837585449,-0.03976122662425041,6545.40771484375,-0.3860425055027008,2852.1708984375,4050
ds004302_sub-36,lh_medialorbitofrontal,1.9969723224639893,-0.062084946781396866,4139.94140625,-2.4643490314483643,1895.291748046875,2582
ds004302_sub-36,lh_middletemporal,2.524282217025757,-0.07041171193122864,9152.9208984375,-1.7202873229980469,3124.7724609375,4558
ds004302_sub-36,lh_parahippocampal,2.842909336090088,-0.03513149917125702,1827.9866943359375,-1.1924768686294556,565.6087036132812,888
ds004302_sub-36,lh_paracentral,2.3671188354492188,-0.025345340371131897,2821.45556640625,-0.07252836972475052,1109.845703125,1906
ds004302_sub-36,lh_parsopercularis,2.4173083305358887,-0.030773261561989784,4049.654296875,-0.20067310333251953,1545.04833984375,2258
ds004302_sub-36,lh_parsorbitalis,2.2764551639556885,-0.08353179693222046,1789.8681640625,-5.055185794830322,651.5016479492188,883
ds004302_sub-36,lh_parstriangularis,2.252140522003174,-0.029777998104691505,2973.79736328125,-0.42087674140930176,1183.934326171875,1760
ds004302_sub-36,lh_pericalcarine,1.4678446054458618,0.06366827338933945,1708.1976318359375,2.8847463130950928,1344.690673828125,1935
ds004302_sub-36,lh_postcentral,1.976550817489624,-0.05104326456785202,8532.3916015625,-0.9916418790817261,3992.978515625,6259
ds004302_sub-36,lh_posteriorcingulate,2.250317096710205,0.011650190688669682,2377.9619140625,2.3432090282440186,991.829345703125,1426
ds004302_sub-36,lh_precentral,2.521623373031616,-0.024748174473643303,11946.4287109375,0.7627816796302795,4466.78857421875,7403
ds004302_sub-36,lh_precuneus,2.311333417892456,-0.01191286277025938,7639.845703125,1.4774065017700195,3134.98583984375,4560
ds004302_sub-36,lh_rostralanteriorcingulate,1.8564631938934326,-0.010554912500083447,1313.300537109375,1.205890417098999,649.4601440429688,972
ds004302_sub-36,lh_rostralmiddlefrontal,2.079092502593994,-0.01932884007692337,10342.744140625,-0.09091994911432266,4645.71240234375,6280
ds004302_sub-36,lh_superiorfrontal,2.4531240463256836,-0.028551140800118446,16942.197265625,-0.850778341293335,6359.94287109375,9243
ds004302_sub-36,lh_superiorparietal,2.0726687908172607,-0.02416289784014225,10820.32421875,0.19394342601299286,4873.43310546875,7418
ds004302_sub-36,lh_superiortemporal,2.5450439453125,-0.02830304019153118,10699.04296875,0.20767667889595032,3706.900390625,5677
ds004302_sub-36,lh_supramarginal,2.427563190460205,-0.018048224970698357,8379.8779296875,0.25115400552749634,3206.346923828125,4737
ds004302_sub-36,lh_frontalpole,2.274792432785034,-0.15546409785747528,683.125244140625,-8.9067964553833,243.45001220703125,294
ds004302_sub-36,lh_temporalpole,3.0549216270446777,-0.1024937704205513,2098.224365234375,-8.877286911010742,532.449462890625,662
ds004302_sub-36,lh_transversetemporal,2.1510043144226074,-0.05917181447148323,1039.293701171875,2.2030420303344727,470.38494873046875,710
ds004302_sub-36,lh_insula,2.8070080280303955,0.02713453583419323,6427.51171875,5.141068458557129,2320.00244140625,3327
ds004302_sub-36,rh_bankssts,2.31707501411438,0.05560550466179848,1535.727294921875,4.914709568023682,706.258544921875,1091
ds004302_sub-36,rh_caudalanteriorcingulate,2.428602695465088,0.011040772311389446,1704.23291015625,2.1943047046661377,631.3184814453125,896
ds004302_sub-36,rh_caudalmiddlefrontal,2.426845073699951,-0.01166708953678608,5203.43115234375,1.0727776288986206,2042.373046875,3087
ds004302_sub-36,rh_cuneus,1.7058494091033936,-0.049022283405065536,2732.11181640625,-2.7975165843963623,1519.7276611328125,2134
ds004302_sub-36,rh_entorhinal,3.213772773742676,-0.04685427248477936,1707.4713134765625,-4.489720821380615,396.2723388671875,584
ds004302_sub-36,rh_fusiform,2.6766343116760254,-0.03770102560520172,8279.2236328125,0.6971186995506287,2649.748291015625,3920
ds004302_sub-36,rh_inferiorparietal,2.357907772064209,-0.036226432770490646,12398.966796875,-0.10006564855575562,4769.869140625,6865
ds004302_sub-36,rh_inferiortemporal,2.636090040206909,-0.04158133268356323,9808.009765625,-1.6688207387924194,3211.54443359375,4510
ds004302_sub-36,rh_isthmuscingulate,2.5732264518737793,-0.009650357998907566,2207.025634765625,0.18543529510498047,782.0145874023438,1178
ds004302_sub-36,rh_lateraloccipital,2.080970048904419,-0.027998780831694603,10600.7353515625,-1.3980045318603516,4803.4326171875,6931
ds004302_sub-36,rh_lateralorbitofrontal,2.2609872817993164,-0.026304878294467926,6425.90966796875,0.7790848612785339,2819.129638671875,4013
ds004302_sub-36,rh_lingual,2.004948854446411,-0.023295752704143524,6962.505859375,-0.2558569014072418,3194.1689453125,4460
ds004302_sub-36,rh_medialorbitofrontal,2.281388998031616,-0.05849467217922211,4620.283203125,-1.6020013093948364,1789.7020263671875,2478
ds004302_sub-36,rh_middletemporal,2.675985336303711,-0.03913639858365059,9208.74609375,-0.9156938195228577,3095.17333984375,4448
ds004302_sub-36,rh_parahippocampal,2.683475971221924,-0.027291791513562202,1895.90869140625,0.1057647243142128,592.8914794921875,932
ds004302_sub-36,rh_paracentral,2.2602412700653076,-0.026051310822367668,3249.42431640625,-0.2510811686515808,1354.123779296875,2300
ds004302_sub-36,rh_parsopercularis,2.410619020462036,-0.02825010195374489,3492.19189453125,0.18383990228176117,1317.0447998046875,1875
ds004302_sub-36,rh_parsorbitalis,2.4537675380706787,-0.08021784573793411,2492.88623046875,-5.337676048278809,879.5457763671875,1204
ds004302_sub-36,rh_parstriangularis,2.2645394802093506,-0.05118236318230629,4096.259765625,-0.9400163292884827,1621.4931640625,2216
ds004302_sub-36,rh_pericalcarine,1.4293580055236816,0.06484496593475342,1872.37255859375,2.7524492740631104,1576.556640625,2250
ds004302_sub-36,rh_postcentral,1.9914131164550781,-0.04903944581747055,7623.56640625,-1.2453820705413818,3519.90283203125,5531
ds004302_sub-36,rh_posteriorcingulate,2.245121955871582,0.0054300809279084206,2082.6552734375,2.3766040802001953,878.1641845703125,1300
ds004302_sub-36,rh_precentral,2.441962480545044,-0.01854635402560234,12438.66015625,1.271948218345642,4734.44287109375,7824
ds004302_sub-36,rh_precuneus,2.349024772644043,-0.0038944673724472523,8484.6708984375,1.3396881818771362,3483.45361328125,5059
ds004302_sub-36,rh_rostralanteriorcingulate,2.410210371017456,-0.0288876723498106,1530.0609130859375,1.407845139503479,565.690673828125,817
ds004302_sub-36,rh_rostralmiddlefrontal,2.141169309616089,-0.01976272277534008,11268.015625,-0.25144848227500916,4861.9140625,6656
ds004302_sub-36,rh_superiorfrontal,2.4973416328430176,-0.03116898238658905,15043.837890625,-1.1061650514602661,5513.3759765625,7960
ds004302_sub-36,rh_superiorparietal,2.1478092670440674,-0.03267490863800049,10454.119140625,-0.008242061361670494,4381.31494140625,6644
ds004302_sub-36,rh_superiortemporal,2.520669937133789,-0.03346330672502518,8804.36328125,-0.2286393791437149,3055.629150390625,4705
ds004302_sub-36,rh_supramarginal,2.426077127456665,-0.022315911948680878,6648.65283203125,1.482215166091919,2659.068359375,3732
ds004302_sub-36,rh_frontalpole,2.3574411869049072,-0.1394719034433365,983.4866943359375,-9.122035026550293,333.1187744140625,396
ds004302_sub-36,rh_temporalpole,3.448953866958618,-0.09377571195363998,2512.45703125,-8.087815284729004,548.4766235351562,730
ds004302_sub-36,rh_transversetemporal,2.316056966781616,-0.04604180157184601,635.388671875,3.4651882648468018,259.57000732421875,427
ds004302_sub-36,rh_insula,2.8554396629333496,0.024247804656624794,5695.4365234375,5.297842025756836,1968.506103515625,2919
ds004302_sub-37,lh_bankssts,2.3910863399505615,0.02011765167117119,2449.140625,2.9168670177459717,1028.07177734375,1530
ds004302_sub-37,lh_caudalanteriorcingulate,2.7158045768737793,0.016215361654758453,1629.734130859375,2.3144736289978027,507.73345947265625,786
ds004302_sub-37,lh_caudalmiddlefrontal,2.6013567447662354,-0.015293383970856667,5128.2177734375,1.754206895828247,1769.6998291015625,2748
ds004302_sub-37,lh_cuneus,1.6629478931427002,-0.04766649007797241,2234.72216796875,-2.6811540126800537,1254.14404296875,1800
ds004302_sub-37,lh_entorhinal,2.873332977294922,-0.07861854881048203,1313.8897705078125,-3.127727508544922,312.9600830078125,511
ds004302_sub-37,lh_fusiform,2.6884243488311768,-0.019246602430939674,7803.1123046875,1.950839877128601,2455.27783203125,3751
ds004302_sub-37,lh_inferiorparietal,2.5517966747283936,-0.03527406230568886,12569.830078125,0.38705509901046753,4306.1435546875,6225
ds004302_sub-37,lh_inferiortemporal,2.9714760780334473,-0.052350565791130066,12143.552734375,-1.9382681846618652,3283.85595703125,4592
ds004302_sub-37,lh_isthmuscingulate,2.0745136737823486,-0.01280532218515873,2129.82666015625,0.37205058336257935,883.992431640625,1342
ds004302_sub-37,lh_lateraloccipital,2.1876134872436523,-0.05319440737366676,9954.880859375,-2.352860927581787,4028.30078125,6008
ds004302_sub-37,lh_lateralorbitofrontal,3.0533430576324463,-0.01535316277295351,7378.96337890625,0.5041998624801636,2168.82470703125,3036
ds004302_sub-37,lh_lingual,1.9956822395324707,-0.030193781480193138,5868.2734375,-0.07446163892745972,2528.0234375,3605
ds004302_sub-37,lh_medialorbitofrontal,2.314495801925659,-0.04375748336315155,4154.484375,-2.0378806591033936,1626.5250244140625,2239
ds004302_sub-37,lh_middletemporal,2.821615695953369,-0.03253345936536789,9528.29296875,-0.9422975778579712,2716.522216796875,3782
ds004302_sub-37,lh_parahippocampal,2.645373821258545,-0.06251829117536545,2043.3748779296875,0.47868025302886963,610.890625,1013
ds004302_sub-37,lh_paracentral,2.548612117767334,-0.04481324926018715,3013.1435546875,-0.861659049987793,1075.20263671875,1750
ds004302_sub-37,lh_parsopercularis,2.881270408630371,-0.049474626779556274,4073.670654296875,0.3282773196697235,1254.08154296875,1870
ds004302_sub-37,lh_parsorbitalis,2.7908554077148438,-0.08963741362094879,2656.236572265625,-4.832890510559082,726.6712646484375,1026
ds004302_sub-37,lh_parstriangularis,2.5916805267333984,-0.004355970770120621,2702.955078125,2.2288174629211426,1017.216796875,1473
ds004302_sub-37,lh_pericalcarine,1.8629162311553955,0.06351109594106674,1829.456298828125,2.739624500274658,1099.0830078125,1682
ds004302_sub-37,lh_postcentral,2.1957013607025146,-0.06031419709324837,8653.71484375,-1.2398970127105713,3406.13427734375,5400
ds004302_sub-37,lh_posteriorcingulate,2.339874267578125,0.006567587144672871,2573.73974609375,2.372204065322876,992.6771850585938,1413
ds004302_sub-37,lh_precentral,2.672205686569214,-0.021485846489667892,12710.6240234375,0.6269222497940063,4340.7998046875,7115
ds004302_sub-37,lh_precuneus,2.4872190952301025,-0.006519734859466553,8270.650390625,1.445427656173706,2959.632568359375,4443
ds004302_sub-37,lh_rostralanteriorcingulate,2.8432326316833496,-0.030485227704048157,1886.252197265625,1.0258102416992188,548.0960083007812,716
ds004302_sub-37,lh_rostralmiddlefrontal,2.390882730484009,-0.029038915410637856,13900.455078125,-0.3583873212337494,5152.25634765625,7274
ds004302_sub-37,lh_superiorfrontal,2.8507590293884277,-0.03114231303334236,21030.80859375,-0.9687426090240479,6354.08349609375,9240
ds004302_sub-37,lh_superiorparietal,2.358524799346924,-0.03960784524679184,11738.1640625,-0.05568943917751312,4240.8359375,6504
ds004302_sub-37,lh_superiortemporal,3.0541040897369385,-0.03651113063097,12191.326171875,0.017545973882079124,3281.539306640625,5042
ds004302_sub-37,lh_supramarginal,2.753612995147705,-0.014676450751721859,9595.412109375,0.4633934199810028,3171.1787109375,4676
ds004302_sub-37,lh_frontalpole,2.6454482078552246,-0.18412043154239655,858.6268920898438,-9.165080070495605,237.70523071289062,322
ds004302_sub-37,lh_temporalpole,3.709171772003174,-0.0973479300737381,2424.380859375,-8.025670051574707,450.6282043457031,599
ds004302_sub-37,lh_transversetemporal,2.760409355163574,-0.05676111578941345,1071.8599853515625,4.067966938018799,356.22216796875,575
ds004302_sub-37,lh_insula,3.176530599594116,0.014350539073348045,7866.47509765625,4.954143047332764,2479.14892578125,3599
ds004302_sub-37,rh_bankssts,2.590829610824585,0.0351293571293354,2119.40673828125,4.8902130126953125,845.0156860351562,1301
ds004302_sub-37,rh_caudalanteriorcingulate,2.328434944152832,0.012098205275833607,1622.53271484375,2.239408254623413,567.4044189453125,836
ds004302_sub-37,rh_caudalmiddlefrontal,2.5422539710998535,-0.017170194536447525,5011.83544921875,2.0138351917266846,1769.220458984375,2668
ds004302_sub-37,rh_cuneus,1.8376449346542358,-0.04288315027952194,2911.945068359375,-3.0862905979156494,1373.3211669921875,1910
ds004302_sub-37,rh_entorhinal,3.025021553039551,-0.04469883814454079,1351.990478515625,-3.95404314994812,331.62445068359375,472
ds004302_sub-37,rh_fusiform,2.789844512939453,-0.04188594967126846,8983.712890625,0.774154007434845,2583.2470703125,3772
ds004302_sub-37,rh_inferiorparietal,2.5627212524414062,-0.03038681298494339,14058.5234375,0.3276667892932892,4757.62890625,6900
ds004302_sub-37,rh_inferiortemporal,2.7371842861175537,-0.042852308601140976,10353.853515625,-1.5422323942184448,2970.29296875,4127
ds004302_sub-37,rh_isthmuscingulate,2.358443021774292,-0.022147491574287415,2525.44580078125,-0.08547363430261612,893.6245727539062,1346
ds004302_sub-37,rh_lateraloccipital,2.2219443321228027,-0.04685266688466072,8839.1982421875,-1.9162437915802002,3562.486328125,5133
ds004302_sub-37,rh_lateralorbitofrontal,2.723224401473999,-0.004142047371715307,6625.66015625,0.899958610534668,2210.0263671875,2993
ds004302_sub-37,rh_lingual,2.093937873840332,-0.027367357164621353,6316.4287109375,-0.4749988913536072,2476.454833984375,3525
ds004302_sub-37,rh_medialorbitofrontal,2.487898349761963,-0.05732908472418785,4948.55908203125,-2.554637908935547,1755.7442626953125,2331
ds004302_sub-37,rh_middletemporal,2.9639830589294434,-0.034498777240514755,10194.2685546875,-0.873987078666687,2771.81396484375,3963
ds004302_sub-37,rh_parahippocampal,2.8419699668884277,-0.033536240458488464,2006.282958984375,0.03934573754668236,591.0811157226562,939
ds004302_sub-37,rh_paracentral,2.669099807739258,-0.03368715941905975,3580.34033203125,0.2227121740579605,1209.74169921875,1997
ds004302_sub-37,rh_parsopercularis,2.5913681983947754,-0.03995318338274956,3822.823486328125,-0.568834662437439,1293.9923095703125,1850
ds004302_sub-37,rh_parsorbitalis,2.720271110534668,-0.07452823966741562,2699.77783203125,-4.767640113830566,818.0794067382812,1083
ds004302_sub-37,rh_parstriangularis,2.5968449115753174,-0.0028955647721886635,3366.01220703125,0.34149879217147827,1149.506591796875,1679
ds004302_sub-37,rh_pericalcarine,1.6999576091766357,0.05439000576734543,2109.87451171875,2.104715585708618,1398.87158203125,2024
ds004302_sub-37,rh_postcentral,2.279212474822998,-0.06187911331653595,9107.703125,-1.3535022735595703,3374.171142578125,5214
ds004302_sub-37,rh_posteriorcingulate,2.352872848510742,-0.008757248520851135,3101.9609375,2.0408782958984375,1124.803466796875,1568
ds004302_sub-37,rh_precentral,2.809258460998535,-0.02408505603671074,14477.6982421875,0.5352631211280823,4427.4521484375,7222
ds004302_sub-37,rh_precuneus,2.5195465087890625,-0.01651373878121376,8449.841796875,1.2734317779541016,3031.5,4449
ds004302_sub-37,rh_rostralanteriorcingulate,2.648552656173706,0.028561070561408997,1060.53662109375,2.0176608562469482,384.3740234375,548
ds004302_sub-37,rh_rostralmiddlefrontal,2.381286859512329,-0.03139456361532211,12788.888671875,-0.2101784646511078,4650.935546875,6322
ds004302_sub-37,rh_superiorfrontal,2.929309844970703,-0.03133676201105118,19267.21875,-1.1638606786727905,5778.794921875,8348
ds004302_sub-37,rh_superiorparietal,2.2981109619140625,-0.02327176369726658,10689.59765625,0.35422196984291077,4105.44970703125,6097
ds004302_sub-37,rh_superiortemporal,3.062130928039551,-0.0275254026055336,10857.5322265625,-0.2519839107990265,2947.09521484375,4379
ds004302_sub-37,rh_supramarginal,2.686026096343994,-0.023480482399463654,9639.267578125,0.46896839141845703,3100.25537109375,4418
ds004302_sub-37,rh_frontalpole,2.807387113571167,-0.15104767680168152,1074.154541015625,-8.742674827575684,277.38970947265625,357
ds004302_sub-37,rh_temporalpole,3.9396514892578125,-0.11627674847841263,2831.9501953125,-8.302687644958496,467.822021484375,564
ds004302_sub-37,rh_transversetemporal,2.5920801162719727,-0.08705167472362518,882.2807006835938,3.9921963214874268,298.3210144042969,471
ds004302_sub-37,rh_insula,3.232778787612915,0.03285649046301842,5949.11376953125,6.131312847137451,1810.023193359375,2708
ds004302_sub-38,lh_bankssts,2.1342360973358154,0.03206907585263252,1829.447021484375,2.06425142288208,916.1080322265625,1299
ds004302_sub-38,lh_caudalanteriorcingulate,2.1171131134033203,0.016002703458070755,974.005615234375,2.2424168586730957,474.93511962890625,764
ds004302_sub-38,lh_caudalmiddlefrontal,2.323394536972046,-0.019507646560668945,5780.775390625,1.1213196516036987,2291.30224609375,3553
ds004302_sub-38,lh_cuneus,1.8420429229736328,-0.042064860463142395,2734.57421875,-2.9384045600891113,1310.328857421875,1805
ds004302_sub-38,lh_entorhinal,2.877941608428955,-0.03322556987404823,1614.9827880859375,-4.253334045410156,395.67578125,593
ds004302_sub-38,lh_fusiform,2.2535369396209717,-0.031812332570552826,8327.326171875,0.7631155252456665,3090.765625,4399
ds004302_sub-38,lh_inferiorparietal,2.3215627670288086,-0.016220366582274437,11405.349609375,0.9022942781448364,4669.421875,6757
ds004302_sub-38,lh_inferiortemporal,2.3310694694519043,-0.02742372266948223,9699.0849609375,-0.7295131683349609,3548.2578125,4906
ds004302_sub-38,lh_isthmuscingulate,2.0572681427001953,-0.014880979433655739,2417.60498046875,-0.0362471267580986,1029.920654296875,1503
ds004302_sub-38,lh_lateraloccipital,2.002815008163452,-0.03716247156262398,11456.2041015625,-2.0263783931732178,5283.416015625,7411
ds004302_sub-38,lh_lateralorbitofrontal,2.3362555503845215,-0.012729826383292675,6340.17626953125,-0.18576094508171082,2492.611328125,3462
ds004302_sub-38,lh_lingual,1.94966459274292,-0.029840102419257164,6154.998046875,-0.3129938542842865,2969.013671875,4155
ds004302_sub-38,lh_medialorbitofrontal,2.364384412765503,-0.030275069177150726,5013.75146484375,-1.5815082788467407,1937.2509765625,2676
ds004302_sub-38,lh_middletemporal,2.3501572608947754,-0.04103637859225273,8683.32421875,-0.7776511907577515,3194.85693359375,4417
ds004302_sub-38,lh_parahippocampal,2.6338276863098145,-0.040085989981889725,2181.0126953125,-0.7806494832038879,654.0686645507812,1000
ds004302_sub-38,lh_paracentral,2.302680015563965,-0.038978464901447296,3140.814453125,-0.753921389579773,1246.697265625,1962
ds004302_sub-38,lh_parsopercularis,2.1552417278289795,-0.04624270647764206,4159.53076171875,-0.36706840991973877,1760.537353515625,2511
ds004302_sub-38,lh_parsorbitalis,2.336002826690674,-0.08286621421575546,1940.5625,-5.224606990814209,686.8949584960938,936
ds004302_sub-38,lh_parstriangularis,2.0181503295898438,0.0029940218664705753,2391.23583984375,0.6025596857070923,1135.029541015625,1624
ds004302_sub-38,lh_pericalcarine,1.6448204517364502,0.08114367723464966,1748.94677734375,3.373861074447632,1231.354736328125,1744
ds004302_sub-38,lh_postcentral,2.025118350982666,-0.05741113796830177,9925.578125,-1.4552136659622192,4263.4345703125,6462
ds004302_sub-38,lh_posteriorcingulate,2.198086977005005,0.006067600566893816,2507.372314453125,2.247586965560913,1058.2877197265625,1528
ds004302_sub-38,lh_precentral,2.4462642669677734,-0.017741462215781212,13137.224609375,0.36731263995170593,5012.77197265625,7847
ds004302_sub-38,lh_precuneus,2.245577573776245,-0.010161939077079296,9145.892578125,0.6831240057945251,3763.8388671875,5340
ds004302_sub-38,lh_rostralanteriorcingulate,2.4769580364227295,-0.03668765723705292,2190.530517578125,0.13790488243103027,783.7317504882812,1049
ds004302_sub-38,lh_rostralmiddlefrontal,2.150984287261963,-0.024276720359921455,11138.53125,0.33213984966278076,4899.611328125,6839
ds004302_sub-38,lh_superiorfrontal,2.5261387825012207,-0.030873160809278488,20003.97265625,-0.5122382640838623,7136.71337890625,10509
ds004302_sub-38,lh_superiorparietal,2.136451482772827,-0.020309798419475555,12553.5546875,0.2786349058151245,5451.970703125,8297
ds004302_sub-38,lh_superiortemporal,2.398668050765991,-0.028646614402532578,9581.2626953125,-0.21628181636333466,3674.92333984375,5420
ds004302_sub-38,lh_supramarginal,2.3874824047088623,-0.030996540561318398,7666.9521484375,0.622893750667572,3040.3857421875,4424
ds004302_sub-38,lh_frontalpole,2.0881381034851074,-0.12334185093641281,653.6038208007812,-8.003555297851562,258.9334716796875,335
ds004302_sub-38,lh_temporalpole,3.1812400817871094,-0.08134777843952179,2277.489990234375,-6.963019371032715,501.89288330078125,698
ds004302_sub-38,lh_transversetemporal,2.229541540145874,-0.04604507237672806,857.0545043945312,4.4124627113342285,384.8720397949219,626
ds004302_sub-38,lh_insula,2.9250264167785645,0.032212141901254654,6400.6171875,5.7923126220703125,2163.81005859375,3185
ds004302_sub-38,rh_bankssts,2.361236810684204,0.039108458906412125,1852.1533203125,3.9702720642089844,850.8768310546875,1264
ds004302_sub-38,rh_caudalanteriorcingulate,2.3786981105804443,0.0015031505608931184,1693.4287109375,1.4589929580688477,633.7557983398438,964
ds004302_sub-38,rh_caudalmiddlefrontal,2.4891371726989746,-0.019164450466632843,5638.45654296875,1.5797123908996582,2025.1224365234375,3033
ds004302_sub-38,rh_cuneus,1.8239268064498901,-0.043783146888017654,2960.101806640625,-2.9053196907043457,1579.88037109375,2261
ds004302_sub-38,rh_entorhinal,2.6310606002807617,-0.03577375411987305,1455.85546875,-3.518082857131958,392.5883483886719,592
ds004302_sub-38,rh_fusiform,2.149085521697998,-0.030536267906427383,8255.390625,0.8932519555091858,3284.507080078125,4642
ds004302_sub-38,rh_inferiorparietal,2.4016804695129395,-0.019075952470302582,12122.1162109375,0.659676730632782,4719.6982421875,6728
ds004302_sub-38,rh_inferiortemporal,2.219670295715332,-0.03255559504032135,8148.7890625,-1.018049955368042,3151.658447265625,4289
ds004302_sub-38,rh_isthmuscingulate,2.2634453773498535,-0.01735319383442402,2495.09716796875,-0.2803892493247986,986.34521484375,1403
ds004302_sub-38,rh_lateraloccipital,2.0168700218200684,-0.03378795459866524,11581.150390625,-2.0725255012512207,5329.62646484375,7574
ds004302_sub-38,rh_lateralorbitofrontal,2.3335776329040527,-0.011506035923957825,6580.25634765625,-0.02038268931210041,2667.995849609375,3618
ds004302_sub-38,rh_lingual,1.8651375770568848,-0.01880674809217453,5266.5830078125,0.5032798647880554,2615.01611328125,3800
ds004302_sub-38,rh_medialorbitofrontal,2.2437167167663574,-0.03372430428862572,5030.27197265625,-1.29080069065094,2073.66650390625,2845
ds004302_sub-38,rh_middletemporal,2.4798529148101807,-0.05420234799385071,9810.318359375,-1.481925368309021,3363.68603515625,4801
ds004302_sub-38,rh_parahippocampal,1.9695067405700684,-0.025893116369843483,1490.747802734375,0.3872514069080353,612.373046875,984
ds004302_sub-38,rh_paracentral,2.1807966232299805,-0.03382083401083946,3808.962158203125,-0.6344022750854492,1628.894775390625,2577
ds004302_sub-38,rh_parsopercularis,2.4675889015197754,-0.02418706752359867,3398.827880859375,1.3701921701431274,1238.72607421875,1811
ds004302_sub-38,rh_parsorbitalis,2.365830183029175,-0.07018149644136429,1878.454833984375,-4.32754373550415,664.63330078125,933
ds004302_sub-38,rh_parstriangularis,2.2918174266815186,-0.029314618557691574,3613.2705078125,-0.773374617099762,1344.80078125,1996
ds004302_sub-38,rh_pericalcarine,1.566784381866455,0.05767778679728508,1784.95263671875,1.9687775373458862,1268.9609375,1896
ds004302_sub-38,rh_postcentral,2.0578079223632812,-0.05195872113108635,10040.2431640625,-1.4591825008392334,4077.83154296875,6127
ds004302_sub-38,rh_posteriorcingulate,2.3088538646698,-0.0031545099336653948,2559.69287109375,2.0533735752105713,1052.1697998046875,1508
ds004302_sub-38,rh_precentral,2.5477492809295654,-0.012927127070724964,13582.0830078125,0.5262549519538879,4771.7568359375,7462
ds004302_sub-38,rh_precuneus,2.209805965423584,-0.009834407828748226,8174.0771484375,1.0278743505477905,3585.429931640625,5177
ds004302_sub-38,rh_rostralanteriorcingulate,2.2568204402923584,-0.01086029876023531,1518.3812255859375,1.2144500017166138,576.1845703125,728
ds004302_sub-38,rh_rostralmiddlefrontal,2.2348761558532715,-0.02587411366403103,13816.4990234375,0.07873480021953583,5635.10546875,8006
ds004302_sub-38,rh_superiorfrontal,2.463223695755005,-0.031170930713415146,19105.21484375,-0.7049462199211121,7123.314453125,10329
ds004302_sub-38,rh_superiorparietal,2.2101521492004395,-0.027151895686984062,12564.189453125,0.4019578695297241,5222.37890625,7987
ds004302_sub-38,rh_superiortemporal,2.401618242263794,-0.028735626488924026,8837.564453125,-0.2507229745388031,3381.50390625,5045
ds004302_sub-38,rh_supramarginal,2.3234314918518066,-0.01407103706151247,8032.0029296875,0.907878577709198,3210.087890625,4553
ds004302_sub-38,rh_frontalpole,2.298105001449585,-0.15191183984279633,1303.657958984375,-8.201221466064453,454.8026428222656,554
ds004302_sub-38,rh_temporalpole,3.065770149230957,-0.09792130440473557,2274.106689453125,-7.082693576812744,547.5712890625,757
ds004302_sub-38,rh_transversetemporal,2.0384931564331055,-0.022878380492329597,604.3826904296875,4.483791351318359,296.71685791015625,438
ds004302_sub-38,rh_insula,2.9381418228149414,0.026751961559057236,6233.5400390625,5.349998950958252,2138.4892578125,3078
ds004302_sub-40,lh_bankssts,2.569085121154785,0.030206236988306046,2429.552001953125,2.9050393104553223,974.0951538085938,1439
ds004302_sub-40,lh_caudalanteriorcingulate,2.427185535430908,0.023374412208795547,1271.30615234375,2.0939395427703857,483.252197265625,719
ds004302_sub-40,lh_caudalmiddlefrontal,2.6670875549316406,-0.0016346096526831388,4645.64990234375,1.8005203008651733,1681.382080078125,2579
ds004302_sub-40,lh_cuneus,2.047555923461914,-0.062300629913806915,3218.3193359375,-3.381845712661743,1409.80517578125,2015
ds004302_sub-40,lh_entorhinal,3.3416876792907715,-0.1296370029449463,1813.8280029296875,-5.249139785766602,340.8466796875,503
ds004302_sub-40,lh_fusiform,2.6484198570251465,-0.007870214991271496,9701.861328125,1.618746042251587,3338.7763671875,4794
ds004302_sub-40,lh_inferiorparietal,2.603119373321533,-0.029113218188285828,16448.552734375,0.3172895610332489,5717.12060546875,8444
ds004302_sub-40,lh_inferiortemporal,2.5455613136291504,-0.0332079716026783,9786.3115234375,-0.8231001496315002,3137.841796875,4445
ds004302_sub-40,lh_isthmuscingulate,2.3131375312805176,-0.01480801496654749,3919.775634765625,0.15929481387138367,1484.810791015625,2158
ds004302_sub-40,lh_lateraloccipital,2.215984344482422,-0.04057726636528969,13950.763671875,-1.5891932249069214,5494.2275390625,8101
ds004302_sub-40,lh_lateralorbitofrontal,2.7218480110168457,-0.019344387575984,7070.669921875,0.3433076739311218,2324.61474609375,3341
ds004302_sub-40,lh_lingual,2.208610773086548,-0.03672429919242859,7645.560546875,0.24986839294433594,3121.50244140625,4515
ds004302_sub-40,lh_medialorbitofrontal,2.3997116088867188,-0.038177669048309326,5099.05078125,-2.0628888607025146,1850.577880859375,2482
ds004302_sub-40,lh_middletemporal,2.9676451683044434,-0.05900472775101662,12544.0224609375,-1.875096321105957,3366.334716796875,4906
ds004302_sub-40,lh_parahippocampal,2.223332405090332,-0.05899665877223015,1966.148681640625,0.2904643714427948,758.1121826171875,1190
ds004302_sub-40,lh_paracentral,2.6717357635498047,-0.028544332832098007,3218.477783203125,-0.7738596200942993,1050.559814453125,1668
ds004302_sub-40,lh_parsopercularis,2.5470993518829346,-0.045200224965810776,4436.8544921875,0.0703730508685112,1521.23046875,2271
ds004302_sub-40,lh_parsorbitalis,2.920466661453247,-0.07373654097318649,2845.076171875,-4.459447860717773,733.8677978515625,1046
ds004302_sub-40,lh_parstriangularis,2.478231906890869,-0.03799957036972046,3940.2412109375,-1.045665979385376,1386.65576171875,1990
ds004302_sub-40,lh_pericalcarine,1.4922573566436768,0.06053294986486435,1924.8896484375,2.523189067840576,1449.1513671875,1989
ds004302_sub-40,lh_postcentral,2.218217372894287,-0.043965574353933334,9053.404296875,-0.8098965287208557,3599.59765625,5525
ds004302_sub-40,lh_posteriorcingulate,2.0922725200653076,0.022263139486312866,2481.564208984375,2.3772969245910645,1073.66748046875,1630
ds004302_sub-40,lh_precentral,2.625462293624878,-0.02978711575269699,11582.814453125,0.050903551280498505,3947.149169921875,6300
ds004302_sub-40,lh_precuneus,2.5592987537384033,-0.010750352405011654,11161.3603515625,1.352382779121399,4159.2685546875,5986
ds004302_sub-40,lh_rostralanteriorcingulate,2.487342357635498,-0.017605843022465706,1662.4439697265625,0.3909919857978821,541.4192504882812,785
ds004302_sub-40,lh_rostralmiddlefrontal,2.3919677734375,-0.026851503178477287,15772.771484375,0.18182989954948425,5877.84375,8295
ds004302_sub-40,lh_superiorfrontal,2.8647654056549072,-0.02605512924492359,21129.818359375,-0.8366003036499023,6586.31591796875,9798
ds004302_sub-40,lh_superiorparietal,2.510373592376709,-0.025689320638775826,14270.703125,0.03591737523674965,4913.98046875,7391
ds004302_sub-40,lh_superiortemporal,2.7160749435424805,-0.023639312013983727,10997.619140625,0.4704777002334595,3620.087158203125,5449
ds004302_sub-40,lh_supramarginal,2.650729179382324,-0.03367111459374428,13609.427734375,0.177678644657135,4633.3564453125,6763
ds004302_sub-40,lh_frontalpole,2.5460188388824463,-0.13738411664962769,1010.7498779296875,-8.297148704528809,289.0248107910156,383
ds004302_sub-40,lh_temporalpole,3.4752774238586426,-0.0782371237874031,1658.7216796875,-7.350459098815918,364.21710205078125,489
ds004302_sub-40,lh_transversetemporal,2.5975184440612793,-0.08138979226350784,1299.914306640625,3.3857078552246094,423.7693176269531,710
ds004302_sub-40,lh_insula,3.059985637664795,0.02032899111509323,7161.37451171875,5.0823211669921875,2327.267822265625,3549
ds004302_sub-40,rh_bankssts,2.676923990249634,0.049246396869421005,1777.8978271484375,4.588022232055664,708.45947265625,1100
ds004302_sub-40,rh_caudalanteriorcingulate,2.0374553203582764,0.012007887475192547,1646.93115234375,1.7400236129760742,666.8780517578125,958
ds004302_sub-40,rh_caudalmiddlefrontal,2.5426342487335205,-0.007024499122053385,4405.8056640625,2.381340503692627,1666.386962890625,2503
ds004302_sub-40,rh_cuneus,1.9687026739120483,-0.04823775589466095,3411.650390625,-3.205548048019409,1615.24951171875,2168
ds004302_sub-40,rh_entorhinal,2.7956438064575195,-0.09248574823141098,1611.7020263671875,-3.727734327316284,418.52215576171875,628
ds004302_sub-40,rh_fusiform,2.707637310028076,-0.01840358041226864,9192.7138671875,1.7252190113067627,3059.16455078125,4679
ds004302_sub-40,rh_inferiorparietal,2.6285877227783203,-0.029505154117941856,17750.654296875,0.2044871747493744,5621.17578125,8075
ds004302_sub-40,rh_inferiortemporal,2.6835896968841553,-0.05039772763848305,11462.7431640625,-1.8173518180847168,3447.26513671875,4791
ds004302_sub-40,rh_isthmuscingulate,2.2681994438171387,-0.015158373862504959,2972.31884765625,0.27924779057502747,1168.8486328125,1697
ds004302_sub-40,rh_lateraloccipital,2.3373045921325684,-0.027637656778097153,15359.787109375,-0.9725356698036194,5727.6669921875,8227
ds004302_sub-40,rh_lateralorbitofrontal,2.6192708015441895,-0.007352846208959818,7424.50341796875,0.6130927801132202,2564.46875,3543
ds004302_sub-40,rh_lingual,2.187943935394287,-0.030054915696382523,8433.552734375,-0.2088109850883484,3482.151123046875,4800
ds004302_sub-40,rh_medialorbitofrontal,2.4391369819641113,-0.05105721950531006,5323.62841796875,-1.5865131616592407,1931.1748046875,2653
ds004302_sub-40,rh_middletemporal,2.9301137924194336,-0.038545556366443634,12648.7890625,-1.6475350856781006,3469.84912109375,4810
ds004302_sub-40,rh_parahippocampal,2.431663990020752,-0.029147952795028687,2145.21875,1.39857816696167,760.53369140625,1209
ds004302_sub-40,rh_paracentral,2.5176584720611572,-0.013292759656906128,3857.980712890625,-0.34385478496551514,1482.9658203125,2287
ds004302_sub-40,rh_parsopercularis,2.4638803005218506,-0.0483773909509182,3357.70458984375,0.8676111698150635,1208.5301513671875,1706
ds004302_sub-40,rh_parsorbitalis,2.7920899391174316,-0.04899340495467186,3356.1826171875,-4.158185958862305,989.663818359375,1433
ds004302_sub-40,rh_parstriangularis,2.7379841804504395,-0.047072883695364,4372.2119140625,-0.9910348653793335,1335.2626953125,1936
ds004302_sub-40,rh_pericalcarine,1.4247640371322632,0.06513996422290802,1710.126708984375,1.418163776397705,1397.38134765625,1965
ds004302_sub-40,rh_postcentral,2.067417621612549,-0.032106250524520874,8964.1103515625,-0.5702487826347351,3834.732421875,5709
ds004302_sub-40,rh_posteriorcingulate,2.281881809234619,-0.001758040627464652,3269.415283203125,1.99246084690094,1253.864501953125,1778
ds004302_sub-40,rh_precentral,2.670088529586792,-0.019339269027113914,12470.30078125,0.025265604257583618,4233.23876953125,6456
ds004302_sub-40,rh_precuneus,2.655531406402588,-0.014592648483812809,11378.2685546875,0.9060355424880981,3842.80712890625,5567
ds004302_sub-40,rh_rostralanteriorcingulate,2.6048994064331055,-0.03262055292725563,1720.12841796875,1.2796930074691772,526.7448120117188,699
ds004302_sub-40,rh_rostralmiddlefrontal,2.4340407848358154,-0.02763320878148079,14458.8935546875,-0.33772677183151245,5186.892578125,7132
ds004302_sub-40,rh_superiorfrontal,2.8180789947509766,-0.02539921924471855,20864.01171875,-0.9818054437637329,6611.787109375,9680
ds004302_sub-40,rh_superiorparietal,2.442610263824463,-0.028147052973508835,16901.38671875,0.1012878343462944,5773.6953125,8695
ds004302_sub-40,rh_superiortemporal,2.7042014598846436,-0.018826695159077644,9669.40625,0.3038974702358246,3094.06298828125,4790
ds004302_sub-40,rh_supramarginal,2.5764195919036865,-0.018442735075950623,11521.2578125,0.7551866769790649,3680.82763671875,5364
ds004302_sub-40,rh_frontalpole,2.5576491355895996,-0.10833723843097687,1100.50390625,-8.27440357208252,319.3468322753906,375
ds004302_sub-40,rh_temporalpole,3.86098313331604,-0.09953081607818604,2678.5078125,-8.920146942138672,452.60394287109375,504
ds004302_sub-40,rh_transversetemporal,2.143843650817871,-0.09705902636051178,779.8797607421875,3.2658045291900635,330.10638427734375,501
ds004302_sub-40,rh_insula,3.016650676727295,0.02492133341729641,6723.1123046875,5.18407678604126,2188.82470703125,3259
ds004302_sub-42,lh_bankssts,2.3369369506835938,0.022358130663633347,2731.95263671875,2.446969747543335,1200.11376953125,1766
ds004302_sub-42,lh_caudalanteriorcingulate,2.645158529281616,0.0005766263930127025,1593.325927734375,1.793785572052002,540.6573486328125,778
ds004302_sub-42,lh_caudalmiddlefrontal,2.6583638191223145,-0.028366610407829285,5426.54931640625,1.7528133392333984,1895.115478515625,2837
ds004302_sub-42,lh_cuneus,1.6955891847610474,-0.03479943796992302,2317.97607421875,-1.6267327070236206,1295.9091796875,1896
ds004302_sub-42,lh_entorhinal,3.2323496341705322,-0.09781230241060257,2094.50390625,-5.530968189239502,426.2840576171875,632
ds004302_sub-42,lh_fusiform,2.8042235374450684,-0.04430750384926796,10719.427734375,0.7772804498672485,3274.58203125,4808
ds004302_sub-42,lh_inferiorparietal,2.367283821105957,-0.030336996540427208,10535.8876953125,1.0332049131393433,4117.771484375,5999
ds004302_sub-42,lh_inferiortemporal,2.7569637298583984,-0.0547248013317585,9937.748046875,-1.652899146080017,3048.445068359375,4084
ds004302_sub-42,lh_isthmuscingulate,2.137566089630127,-0.0329023152589798,2612.693603515625,-0.3187570869922638,1075.2818603515625,1538
ds004302_sub-42,lh_lateraloccipital,2.210108518600464,-0.04151534661650658,11904.9501953125,-1.9156004190444946,4696.3505859375,6859
ds004302_sub-42,lh_lateralorbitofrontal,2.6941535472869873,-0.025473451241850853,7114.5224609375,-0.3941058814525604,2348.21875,3241
ds004302_sub-42,lh_lingual,1.8817780017852783,-0.021771196275949478,4514.70703125,0.6944632530212402,2360.3515625,3442
ds004302_sub-42,lh_medialorbitofrontal,2.5822980403900146,-0.02103101648390293,5042.984375,-2.0827956199645996,1760.77099609375,2319
ds004302_sub-42,lh_middletemporal,2.627755641937256,-0.04985392093658447,9398.2177734375,-0.7567985653877258,2987.084716796875,4145
ds004302_sub-42,lh_parahippocampal,3.002358913421631,-0.05076337605714798,2597.093017578125,-0.9580008387565613,694.7286376953125,1015
ds004302_sub-42,lh_paracentral,2.4481425285339355,-0.04897962883114815,3075.65234375,-0.9493486881256104,1113.047119140625,1828
ds004302_sub-42,lh_parsopercularis,2.626317024230957,-0.04032120481133461,4301.916015625,-0.47081971168518066,1429.96044921875,2057
ds004302_sub-42,lh_parsorbitalis,2.8873448371887207,-0.0927223488688469,2340.4814453125,-5.434530258178711,633.646484375,877
ds004302_sub-42,lh_parstriangularis,2.467926025390625,-0.05561594292521477,3496.55615234375,-0.823954164981842,1208.915283203125,1647
ds004302_sub-42,lh_pericalcarine,1.583147644996643,0.04421967267990112,1141.2401123046875,1.1802576780319214,787.593994140625,1184
ds004302_sub-42,lh_postcentral,2.103562116622925,-0.057492945343256,8809.671875,-0.9567657709121704,3693.9755859375,5569
ds004302_sub-42,lh_posteriorcingulate,2.2276997566223145,-0.003932971507310867,2533.164306640625,2.046769142150879,1069.3839111328125,1576
ds004302_sub-42,lh_precentral,2.5819356441497803,-0.03284411504864693,12020.0146484375,0.7491142153739929,4214.86328125,6820
ds004302_sub-42,lh_precuneus,2.2976691722869873,-0.010760416276752949,8734.2431640625,1.8851020336151123,3625.46142578125,5281
ds004302_sub-42,lh_rostralanteriorcingulate,2.8618905544281006,-0.009924131445586681,1886.2083740234375,0.6252052187919617,512.8058471679688,685
ds004302_sub-42,lh_rostralmiddlefrontal,2.315366744995117,-0.03635900467634201,12405.482421875,-0.1305435597896576,4706.48828125,6339
ds004302_sub-42,lh_superiorfrontal,2.6362192630767822,-0.03294837102293968,17702.80859375,-1.0457440614700317,5945.6875,8511
ds004302_sub-42,lh_superiorparietal,2.1668155193328857,-0.0396539568901062,11481.037109375,-0.3151691257953644,4763.4765625,7166
ds004302_sub-42,lh_superiortemporal,2.8093044757843018,-0.034474510699510574,14394.125,0.13401588797569275,4373.634765625,6474
ds004302_sub-42,lh_supramarginal,2.489314079284668,-0.03836331516504288,8997.880859375,0.411859393119812,3242.089599609375,4639
ds004302_sub-42,lh_frontalpole,2.7605338096618652,-0.1487904042005539,930.9282836914062,-9.57992172241211,260.1681823730469,298
ds004302_sub-42,lh_temporalpole,3.308685779571533,-0.10814151912927628,1964.4803466796875,-8.07557201385498,427.1736145019531,565
ds004302_sub-42,lh_transversetemporal,2.213022232055664,-0.08049479871988297,1409.5474853515625,2.748197317123413,568.060546875,896
ds004302_sub-42,lh_insula,3.105142116546631,0.029597410932183266,6435.75341796875,6.049466133117676,2036.241455078125,2950
ds004302_sub-42,rh_bankssts,2.455199718475342,0.015092325396835804,2159.4267578125,4.475673675537109,889.3431396484375,1292
ds004302_sub-42,rh_caudalanteriorcingulate,2.308337688446045,0.012670198455452919,1296.275390625,1.2319154739379883,489.6193542480469,727
ds004302_sub-42,rh_caudalmiddlefrontal,2.559932231903076,-0.028099380433559418,5253.1884765625,1.3693325519561768,1918.33837890625,2850
ds004302_sub-42,rh_cuneus,1.8270167112350464,-0.0414210706949234,3027.4140625,-2.758462905883789,1606.3153076171875,2312
ds004302_sub-42,rh_entorhinal,3.225975275039673,-0.09222790598869324,1952.0648193359375,-6.015585899353027,375.2154846191406,530
ds004302_sub-42,rh_fusiform,2.6478817462921143,-0.024750124663114548,8345.7275390625,1.0985093116760254,2740.2841796875,3968
ds004302_sub-42,rh_inferiorparietal,2.3252487182617188,-0.036154624074697495,13196.3544921875,0.2937524616718292,5095.45458984375,7280
ds004302_sub-42,rh_inferiortemporal,2.758047103881836,-0.06587936729192734,9617.5947265625,-1.3648804426193237,2884.7255859375,3904
ds004302_sub-42,rh_isthmuscingulate,2.182889699935913,-0.034468069672584534,1959.87939453125,-0.9283515214920044,796.7762451171875,1132
ds004302_sub-42,rh_lateraloccipital,2.1727755069732666,-0.033714912831783295,10131.51171875,-1.0189509391784668,4197.02978515625,5838
ds004302_sub-42,rh_lateralorbitofrontal,2.3632097244262695,-0.05058421567082405,6560.9765625,-0.08604778349399567,2559.93994140625,3635
ds004302_sub-42,rh_lingual,2.0886640548706055,-0.041769448667764664,6753.080078125,-0.04126200079917908,2924.777587890625,4369
ds004302_sub-42,rh_medialorbitofrontal,2.3678019046783447,-0.02797245979309082,4926.6796875,-1.7754886150360107,1813.0294189453125,2383
ds004302_sub-42,rh_middletemporal,2.6412103176116943,-0.06213769689202309,10215.513671875,-1.243758201599121,3197.934814453125,4662
ds004302_sub-42,rh_parahippocampal,2.75734281539917,-0.029380617663264275,1985.81591796875,0.0068329875357449055,571.6993408203125,869
ds004302_sub-42,rh_paracentral,2.4455935955047607,-0.0216534361243248,3506.85791015625,0.6958402395248413,1350.47216796875,2195
ds004302_sub-42,rh_parsopercularis,2.674170970916748,-0.046397313475608826,3720.46240234375,0.17956501245498657,1274.14599609375,1780
ds004302_sub-42,rh_parsorbitalis,2.7127292156219482,-0.1042829155921936,2605.798828125,-5.169802665710449,710.527587890625,912
ds004302_sub-42,rh_parstriangularis,2.4167604446411133,-0.017616908997297287,2974.03125,-0.9240626692771912,1107.510009765625,1543
ds004302_sub-42,rh_pericalcarine,1.5401997566223145,0.03758087381720543,1654.1669921875,0.24016566574573517,1143.424560546875,1616
ds004302_sub-42,rh_postcentral,2.0065758228302,-0.056650400161743164,7523.958984375,-0.7242954969406128,3393.198486328125,5323
ds004302_sub-42,rh_posteriorcingulate,2.4259371757507324,0.013059768825769424,2662.6708984375,2.579519510269165,1011.5588989257812,1400
ds004302_sub-42,rh_precentral,2.6673576831817627,-0.03555271029472351,12958.9443359375,0.5139081478118896,4363.4384765625,7013
ds004302_sub-42,rh_precuneus,2.277543067932129,-0.009931376203894615,9026.845703125,1.6126657724380493,3778.335205078125,5528
ds004302_sub-42,rh_rostralanteriorcingulate,2.8662445545196533,-0.01030639186501503,1139.640869140625,2.153162956237793,293.8717041015625,444
ds004302_sub-42,rh_rostralmiddlefrontal,2.2638137340545654,-0.037129420787096024,11775.3857421875,-0.12662997841835022,4514.8046875,5949
ds004302_sub-42,rh_superiorfrontal,2.6136815547943115,-0.03456509858369827,18633.99609375,-0.8274657130241394,6313.61572265625,9126
ds004302_sub-42,rh_superiorparietal,2.109354257583618,-0.04421659931540489,11772.8916015625,-0.6215205788612366,4986.837890625,7218
ds004302_sub-42,rh_superiortemporal,2.8638436794281006,-0.03861617296934128,13437.599609375,-0.5177057981491089,3982.038330078125,5786
ds004302_sub-42,rh_supramarginal,2.5071215629577637,-0.021630428731441498,9334.423828125,1.1908268928527832,3445.98828125,4952
ds004302_sub-42,rh_frontalpole,2.591191053390503,-0.14889398217201233,1385.71142578125,-8.926777839660645,383.00640869140625,424
ds004302_sub-42,rh_temporalpole,3.522481679916382,-0.11152458190917969,2248.4931640625,-8.314984321594238,440.87115478515625,529
ds004302_sub-42,rh_transversetemporal,2.3636820316314697,-0.12031903862953186,968.1633911132812,3.264069080352783,350.30511474609375,569
ds004302_sub-42,rh_insula,3.0249664783477783,0.03429568558931351,5964.5849609375,6.01057767868042,1933.65576171875,2845
ds004302_sub-43,lh_bankssts,2.3601880073547363,0.009926257655024529,2424.12353515625,1.0034533739089966,978.8718872070312,1395
ds004302_sub-43,lh_caudalanteriorcingulate,2.432636260986328,0.022159375250339508,1363.5643310546875,2.1685941219329834,555.4671630859375,841
ds004302_sub-43,lh_caudalmiddlefrontal,2.477342128753662,-0.02803666703402996,7886.5185546875,1.1227736473083496,2927.113525390625,4492
ds004302_sub-43,lh_cuneus,1.8448807001113892,-0.02083626203238964,4130.70458984375,-2.1615469455718994,2037.9342041015625,2857
ds004302_sub-43,lh_entorhinal,2.707628011703491,-0.06556066125631332,1315.1431884765625,-3.24662184715271,333.8511962890625,522
ds004302_sub-43,lh_fusiform,2.6463522911071777,-0.04122290760278702,9816.8740234375,0.7322931289672852,3148.7548828125,4654
ds004302_sub-43,lh_inferiorparietal,2.2839255332946777,-0.028315536677837372,9970.810546875,0.4748059809207916,4064.870361328125,5891
ds004302_sub-43,lh_inferiortemporal,2.638573169708252,-0.018647925928235054,9843.44140625,-0.5466594696044922,3213.19140625,4578
ds004302_sub-43,lh_isthmuscingulate,2.318819999694824,-0.016601162031292915,2573.29345703125,-0.3078446686267853,1053.7713623046875,1395
ds004302_sub-43,lh_lateraloccipital,2.200578451156616,-0.04673079773783684,14178.91796875,-1.9681956768035889,5460.2197265625,8086
ds004302_sub-43,lh_lateralorbitofrontal,2.610095500946045,-0.012352230027318,7164.14794921875,0.2040046751499176,2550.44677734375,3494
ds004302_sub-43,lh_lingual,2.0082767009735107,-0.02638229727745056,7703.06396484375,-0.238409623503685,3612.2392578125,4943
ds004302_sub-43,lh_medialorbitofrontal,2.1832923889160156,-0.02596665360033512,4499.72265625,-1.7103662490844727,1906.9324951171875,2723
ds004302_sub-43,lh_middletemporal,2.5952091217041016,-0.06382830440998077,9971.271484375,-1.7210103273391724,3108.603759765625,4266
ds004302_sub-43,lh_parahippocampal,2.261385679244995,-0.04445131495594978,1579.104248046875,0.0884428396821022,585.481201171875,936
ds004302_sub-43,lh_paracentral,2.4486312866210938,-0.04421276971697807,3658.97509765625,-0.5388608574867249,1390.05126953125,2316
ds004302_sub-43,lh_parsopercularis,2.5112338066101074,-0.043621163815259933,4460.1455078125,-0.3929895758628845,1605.481689453125,2247
ds004302_sub-43,lh_parsorbitalis,2.370513677597046,-0.07190905511379242,2035.625244140625,-4.723136901855469,702.9589233398438,896
ds004302_sub-43,lh_parstriangularis,2.2969088554382324,-0.02764035202562809,3432.999755859375,-0.8890078663825989,1373.4892578125,1876
ds004302_sub-43,lh_pericalcarine,1.579293966293335,0.06675956398248672,2374.80810546875,3.6046879291534424,1704.0382080078125,2484
ds004302_sub-43,lh_postcentral,2.0196332931518555,-0.04837276041507721,9138.271484375,-0.7520426511764526,3988.4453125,6256
ds004302_sub-43,lh_posteriorcingulate,2.4223084449768066,-0.0016049296827986836,3425.875,1.9514491558074951,1303.547119140625,1868
ds004302_sub-43,lh_precentral,2.6566808223724365,-0.03166086599230766,14735.7109375,0.38389331102371216,5009.107421875,8308
ds004302_sub-43,lh_precuneus,2.3112847805023193,-0.016546132043004036,10328.169921875,1.067733645439148,4256.71484375,6027
ds004302_sub-43,lh_rostralanteriorcingulate,2.5206499099731445,-0.04645440727472305,2539.1923828125,0.6834959387779236,905.598876953125,1289
ds004302_sub-43,lh_rostralmiddlefrontal,2.1854584217071533,-0.020900191739201546,14230.8720703125,0.14825524389743805,6211.505859375,8510
ds004302_sub-43,lh_superiorfrontal,2.545912265777588,-0.03146946802735329,19815.7421875,-0.8579854369163513,7190.6787109375,10461
ds004302_sub-43,lh_superiorparietal,2.1927404403686523,-0.03811998292803764,14561.3310546875,-0.1470581591129303,5866.65380859375,8932
ds004302_sub-43,lh_superiortemporal,2.625826835632324,-0.023052282631397247,13112.4130859375,0.23511826992034912,4365.94921875,6503
ds004302_sub-43,lh_supramarginal,2.2673721313476562,-0.026370510458946228,11585.7998046875,0.5516666173934937,4752.88671875,6752
ds004302_sub-43,lh_frontalpole,2.230015277862549,-0.16813337802886963,707.8006591796875,-8.985488891601562,250.40362548828125,333
ds004302_sub-43,lh_temporalpole,3.167503833770752,-0.09271106868982315,2326.28125,-7.073414325714111,581.3392333984375,791
ds004302_sub-43,lh_transversetemporal,2.697261333465576,-0.06050090491771698,1172.5716552734375,3.7010841369628906,423.60748291015625,656
ds004302_sub-43,lh_insula,3.027355670928955,0.027456670999526978,6328.7255859375,6.114428520202637,2060.38525390625,3102
ds004302_sub-43,rh_bankssts,2.3472163677215576,0.03649887442588806,1908.290283203125,4.437448501586914,853.4972534179688,1254
ds004302_sub-43,rh_caudalanteriorcingulate,2.185659170150757,0.0156861525028944,1694.1610107421875,1.9437110424041748,693.6676635742188,1058
ds004302_sub-43,rh_caudalmiddlefrontal,2.4003002643585205,-0.02291869930922985,6453.123046875,1.2704483270645142,2474.5419921875,3743
ds004302_sub-43,rh_cuneus,1.9355703592300415,-0.030358251184225082,4625.92333984375,-2.249521017074585,2051.162841796875,2887
ds004302_sub-43,rh_entorhinal,2.6206676959991455,-0.04287315905094147,892.87109375,-2.877350091934204,262.5904541015625,394
ds004302_sub-43,rh_fusiform,2.6083035469055176,-0.042457155883312225,9869.625,0.8837111592292786,3171.5078125,4609
ds004302_sub-43,rh_inferiorparietal,2.3112916946411133,-0.03291350230574608,15467.140625,0.1871374547481537,6114.22802734375,8812
ds004302_sub-43,rh_inferiortemporal,2.6008968353271484,-0.030896972864866257,9808.19921875,-1.1602442264556885,3097.470703125,4308
ds004302_sub-43,rh_isthmuscingulate,2.422539710998535,-0.01661871001124382,2701.740234375,0.051485925912857056,1026.8681640625,1480
ds004302_sub-43,rh_lateraloccipital,2.1603548526763916,-0.024937011301517487,13762.9326171875,-1.1022204160690308,5842.884765625,8401
ds004302_sub-43,rh_lateralorbitofrontal,2.6473309993743896,-0.026996608823537827,6947.845703125,0.09236650913953781,2416.654052734375,3277
ds004302_sub-43,rh_lingual,2.060920000076294,-0.03144148737192154,9014.85546875,-0.3921072483062744,3866.152099609375,5413
ds004302_sub-43,rh_medialorbitofrontal,2.316340923309326,-0.03185234218835831,4916.05419921875,-1.6016404628753662,1932.44580078125,2719
ds004302_sub-43,rh_middletemporal,2.6347298622131348,-0.05393596738576889,10769.2666015625,-1.9428796768188477,3431.321044921875,4864
ds004302_sub-43,rh_parahippocampal,2.1007285118103027,-0.026175323873758316,1571.8126220703125,0.9439628720283508,637.7597045898438,1042
ds004302_sub-43,rh_paracentral,2.230499744415283,-0.022680509835481644,3225.59765625,0.11886044591665268,1355.716064453125,2334
ds004302_sub-43,rh_parsopercularis,2.4819438457489014,-0.02727760374546051,3535.78955078125,0.1079934611916542,1330.5545654296875,1898
ds004302_sub-43,rh_parsorbitalis,2.57698130607605,-0.07454456388950348,2689.388671875,-4.492909908294678,828.28466796875,1107
ds004302_sub-43,rh_parstriangularis,2.4113450050354004,-0.026443729177117348,4368.3486328125,-0.5687312483787537,1611.958984375,2210
ds004302_sub-43,rh_pericalcarine,1.7280590534210205,0.05146918445825577,2823.39599609375,2.4491477012634277,1848.448486328125,2663
ds004302_sub-43,rh_postcentral,2.0336265563964844,-0.05244883522391319,9571.1220703125,-1.1611467599868774,4074.9580078125,6220
ds004302_sub-43,rh_posteriorcingulate,2.3945517539978027,-0.014459945261478424,3641.4150390625,1.7616596221923828,1366.882568359375,1948
ds004302_sub-43,rh_precentral,2.5342729091644287,-0.02365981787443161,14989.654296875,0.48864051699638367,5231.40576171875,8413
ds004302_sub-43,rh_precuneus,2.2947182655334473,-0.017268532887101173,10441.126953125,1.1224116086959839,4279.69287109375,6232
ds004302_sub-43,rh_rostralanteriorcingulate,2.4150304794311523,-0.05544848367571831,1757.7578125,0.5493919253349304,631.509521484375,823
ds004302_sub-43,rh_rostralmiddlefrontal,2.288728713989258,-0.03089568205177784,15039.791015625,-0.4809761941432953,5905.330078125,8222
ds004302_sub-43,rh_superiorfrontal,2.5760982036590576,-0.02140742912888527,19631.71875,-0.4248095452785492,7159.2646484375,10647
ds004302_sub-43,rh_superiorparietal,2.1071226596832275,-0.03315915912389755,12240.923828125,0.12800529599189758,5374.57177734375,8098
ds004302_sub-43,rh_superiortemporal,2.7364895343780518,-0.027614809572696686,11825.2109375,-0.4876769483089447,3677.167236328125,5419
ds004302_sub-43,rh_supramarginal,2.244961738586426,-0.018393499776721,8350.03125,0.8985782265663147,3475.783203125,4924
ds004302_sub-43,rh_frontalpole,2.459437131881714,-0.15971404314041138,1043.0810546875,-9.642004013061523,333.1483154296875,380
ds004302_sub-43,rh_temporalpole,2.756955862045288,-0.08925241976976395,1950.4632568359375,-7.5992112159729,503.4114990234375,592
ds004302_sub-43,rh_transversetemporal,2.407717227935791,-0.10010012984275818,902.0227661132812,3.462955951690674,320.7742919921875,500
ds004302_sub-43,rh_insula,2.9785714149475098,0.03159801661968231,6339.9560546875,5.973525047302246,2107.99951171875,3150
ds004302_sub-44,lh_bankssts,2.074873208999634,0.04385928809642792,1612.389404296875,4.9164347648620605,844.9483642578125,1254
ds004302_sub-44,lh_caudalanteriorcingulate,2.7093489170074463,0.008541915565729141,1247.043701171875,2.4349446296691895,422.2548828125,619
ds004302_sub-44,lh_caudalmiddlefrontal,2.141840934753418,-0.011392207816243172,4554.14892578125,1.6323164701461792,2004.5618896484375,3023
ds004302_sub-44,lh_cuneus,1.8247040510177612,-0.07093816995620728,2087.08251953125,-3.041639804840088,1057.317626953125,1476
ds004302_sub-44,lh_entorhinal,2.41266131401062,-0.06583773344755173,890.543701171875,-4.1862287521362305,289.1209716796875,369
ds004302_sub-44,lh_fusiform,2.24395489692688,-0.04134007543325424,7204.08251953125,0.036399707198143005,2738.348876953125,3629
ds004302_sub-44,lh_inferiorparietal,1.9875164031982422,-0.0351642481982708,8162.21875,0.8765584826469421,3820.91552734375,5835
ds004302_sub-44,lh_inferiortemporal,2.2315797805786133,-0.0257074236869812,6169.8310546875,-0.5651228427886963,2444.93115234375,3462
ds004302_sub-44,lh_isthmuscingulate,2.4806132316589355,-0.014577390626072884,1844.54638671875,0.30101555585861206,741.3168334960938,1039
ds004302_sub-44,lh_lateraloccipital,1.8095039129257202,-0.03285299241542816,7800.419921875,-1.4530671834945679,4102.77294921875,6015
ds004302_sub-44,lh_lateralorbitofrontal,2.623175621032715,-0.015935393050312996,5733.88818359375,0.41064149141311646,1926.7623291015625,2661
ds004302_sub-44,lh_lingual,1.9189611673355103,-0.03353269770741463,5649.67724609375,-0.332073450088501,2683.033203125,3604
ds004302_sub-44,lh_medialorbitofrontal,2.2760002613067627,-0.06276107579469681,3677.542236328125,-2.3513851165771484,1544.4434814453125,2127
ds004302_sub-44,lh_middletemporal,2.3272039890289307,-0.058679915964603424,6904.015625,-1.9289906024932861,2538.5615234375,3450
ds004302_sub-44,lh_parahippocampal,2.630744218826294,-0.047745730727910995,1983.848388671875,-0.7968448996543884,575.4718017578125,916
ds004302_sub-44,lh_paracentral,1.940596342086792,-0.029913844540715218,2089.782470703125,-0.1322742998600006,1071.471435546875,1734
ds004302_sub-44,lh_parsopercularis,2.1359469890594482,-0.0466252900660038,2731.75830078125,0.6111222505569458,1163.8428955078125,1685
ds004302_sub-44,lh_parsorbitalis,2.4370603561401367,-0.10233907401561737,1526.6881103515625,-4.9993205070495605,484.06304931640625,666
ds004302_sub-44,lh_parstriangularis,2.276590347290039,-0.02543722279369831,2208.483642578125,-0.813726544380188,873.8568725585938,1295
ds004302_sub-44,lh_pericalcarine,1.56560218334198,0.08401067554950714,1367.811767578125,2.900367259979248,1003.038330078125,1353
ds004302_sub-44,lh_postcentral,1.8036539554595947,-0.05829225853085518,6315.6005859375,-1.2216107845306396,3212.279296875,4905
ds004302_sub-44,lh_posteriorcingulate,2.252760887145996,-0.0008877448854036629,1939.356201171875,2.972611665725708,821.3546142578125,1160
ds004302_sub-44,lh_precentral,2.0433669090270996,-0.019508516415953636,8908.564453125,0.509530246257782,4204.45849609375,6531
ds004302_sub-44,lh_precuneus,2.0034003257751465,-0.01154730562120676,5420.6103515625,1.9632480144500732,2617.174560546875,3757
ds004302_sub-44,lh_rostralanteriorcingulate,2.9113898277282715,-0.029832543805241585,1960.9122314453125,1.0034068822860718,550.8557739257812,741
ds004302_sub-44,lh_rostralmiddlefrontal,2.076968193054199,-0.04580853879451752,8858.0341796875,-0.14767177402973175,3923.3173828125,5534
ds004302_sub-44,lh_superiorfrontal,2.3376049995422363,-0.030918773263692856,14308.58203125,-0.7468881607055664,5701.07373046875,8192
ds004302_sub-44,lh_superiorparietal,1.7112921476364136,-0.03886841982603073,7775.396484375,0.014429215341806412,4376.93359375,6780
ds004302_sub-44,lh_superiortemporal,2.4607014656066895,-0.03912521153688431,8886.8564453125,-1.0008660554885864,3062.0107421875,4660
ds004302_sub-44,lh_supramarginal,2.1773598194122314,-0.02386031113564968,6166.642578125,0.7519647479057312,2727.560791015625,3901
ds004302_sub-44,lh_frontalpole,3.022081136703491,-0.19656027853488922,1209.951416015625,-8.382354736328125,299.8475036621094,333
ds004302_sub-44,lh_temporalpole,3.093398332595825,-0.12215525656938553,1851.3624267578125,-7.238580703735352,459.5903015136719,574
ds004302_sub-44,lh_transversetemporal,1.8348027467727661,-0.01913868822157383,641.9034423828125,4.341247081756592,329.0230407714844,508
ds004302_sub-44,lh_insula,2.755290985107422,0.03131859004497528,4650.5478515625,5.76149845123291,1704.297607421875,2502
ds004302_sub-44,rh_bankssts,2.2674922943115234,0.042040400207042694,1680.2083740234375,5.675386428833008,806.689697265625,1217
ds004302_sub-44,rh_caudalanteriorcingulate,2.589179515838623,0.005131515674293041,1633.354736328125,2.2778780460357666,563.28369140625,779
ds004302_sub-44,rh_caudalmiddlefrontal,2.114480495452881,-0.030796129256486893,3862.234375,1.1937206983566284,1789.01123046875,2714
ds004302_sub-44,rh_cuneus,1.6620005369186401,-0.05375548079609871,2125.208984375,-2.9213032722473145,1182.868896484375,1722
ds004302_sub-44,rh_entorhinal,3.484253168106079,-0.09849041700363159,1934.0306396484375,-6.697176933288574,347.2134094238281,452
ds004302_sub-44,rh_fusiform,2.3126628398895264,-0.018001100048422813,6152.455078125,0.23534958064556122,2278.846435546875,3178
ds004302_sub-44,rh_inferiorparietal,2.033928394317627,-0.035447925329208374,9820.484375,0.693173885345459,4402.3896484375,6520
ds004302_sub-44,rh_inferiortemporal,2.1986334323883057,-0.03875518590211868,6566.876953125,-1.2993900775909424,2483.22607421875,3382
ds004302_sub-44,rh_isthmuscingulate,2.4760687351226807,-0.006317737512290478,1795.013427734375,0.010513938032090664,688.8289794921875,989
ds004302_sub-44,rh_lateraloccipital,1.8736121654510498,-0.02744396962225437,8156.96533203125,-1.7087146043777466,4071.625,5766
ds004302_sub-44,rh_lateralorbitofrontal,2.458908796310425,-0.014011616818606853,5062.26220703125,0.34458163380622864,1956.55322265625,2644
ds004302_sub-44,rh_lingual,1.8481656312942505,-0.018107343465089798,5708.779296875,-0.750270426273346,2860.7578125,3931
ds004302_sub-44,rh_medialorbitofrontal,2.5149271488189697,-0.041406553238630295,4450.05322265625,-2.0199272632598877,1617.650146484375,2005
ds004302_sub-44,rh_middletemporal,2.390216827392578,-0.05023985728621483,8108.6318359375,-1.6700689792633057,2878.767333984375,3848
ds004302_sub-44,rh_parahippocampal,2.56347918510437,-0.03410228714346886,2163.690673828125,0.211362823843956,616.2879028320312,1001
ds004302_sub-44,rh_paracentral,2.114053964614868,-0.020715396851301193,2610.233154296875,0.3505784571170807,1203.8695068359375,2021
ds004302_sub-44,rh_parsopercularis,2.3027663230895996,-0.05190246179699898,3161.95166015625,0.6492987871170044,1263.5712890625,1754
ds004302_sub-44,rh_parsorbitalis,2.5829219818115234,-0.07425323128700256,2213.294189453125,-5.344829082489014,653.7158203125,865
ds004302_sub-44,rh_parstriangularis,2.292858600616455,-0.031014157459139824,2796.739990234375,-1.0655471086502075,1103.0008544921875,1484
ds004302_sub-44,rh_pericalcarine,1.5619934797286987,0.046039190143346786,1664.284423828125,2.1829662322998047,1208.1279296875,1665
ds004302_sub-44,rh_postcentral,1.853184700012207,-0.04754042252898216,6308.55078125,-1.3615832328796387,2948.1533203125,4384
ds004302_sub-44,rh_posteriorcingulate,2.261631488800049,-0.006722279824316502,2177.037109375,2.426243543624878,872.309814453125,1224
ds004302_sub-44,rh_precentral,2.017651081085205,-0.014503042213618755,8375.4736328125,0.6661864519119263,4082.63623046875,6205
ds004302_sub-44,rh_precuneus,2.083134651184082,-0.005310409236699343,5800.23974609375,1.5907924175262451,2689.451904296875,3970
ds004302_sub-44,rh_rostralanteriorcingulate,2.722996711730957,0.04826807975769043,800.8186645507812,2.5707576274871826,270.37200927734375,425
ds004302_sub-44,rh_rostralmiddlefrontal,2.1196069717407227,-0.018061915412545204,9604.5732421875,0.35143211483955383,4038.98974609375,5366
ds004302_sub-44,rh_superiorfrontal,2.4033284187316895,-0.038755856454372406,13517.017578125,-0.946336030960083,5259.0751953125,7441
ds004302_sub-44,rh_superiorparietal,1.7309695482254028,-0.029981810599565506,7757.9892578125,0.4787275195121765,4239.8203125,6540
ds004302_sub-44,rh_superiortemporal,2.370621681213379,-0.036615028977394104,8088.91455078125,-0.8958342671394348,2777.244384765625,4130
ds004302_sub-44,rh_supramarginal,2.1555981636047363,-0.007468794006854296,5001.34423828125,1.1619681119918823,2191.80078125,3089
ds004302_sub-44,rh_frontalpole,2.6521449089050293,-0.15714025497436523,1402.676513671875,-8.720504760742188,420.69921875,445
ds004302_sub-44,rh_temporalpole,3.268773317337036,-0.08012962341308594,1944.6654052734375,-8.620648384094238,422.13397216796875,516
ds004302_sub-44,rh_transversetemporal,2.1372833251953125,-0.04032979533076286,529.3489379882812,4.6154303550720215,233.37924194335938,369
ds004302_sub-44,rh_insula,2.7563493251800537,0.022550631314516068,4502.802734375,5.65584135055542,1619.938720703125,2322
ds004302_sub-45,lh_bankssts,1.9830204248428345,0.0011505404254421592,2599.1025390625,1.827410340309143,1311.811767578125,1902
ds004302_sub-45,lh_caudalanteriorcingulate,3.2641420364379883,-7.20548487151973e-05,1910.465576171875,2.2920382022857666,580.2673950195312,832
ds004302_sub-45,lh_caudalmiddlefrontal,2.3678126335144043,-0.026923397555947304,4336.39794921875,1.6828819513320923,1758.98583984375,2768
ds004302_sub-45,lh_cuneus,1.6409388780593872,-0.0665188580751419,2359.3056640625,-3.3449904918670654,1322.5291748046875,1996
ds004302_sub-45,lh_entorhinal,2.7065811157226562,-0.06051909178495407,2069.185302734375,-4.360036373138428,569.3361206054688,798
ds004302_sub-45,lh_fusiform,2.615797519683838,-0.02618873491883278,8945.6953125,0.68907630443573,2864.15380859375,3833
ds004302_sub-45,lh_inferiorparietal,2.1509976387023926,-0.035477712750434875,10157.5078125,0.612954318523407,4343.634765625,6362
ds004302_sub-45,lh_inferiortemporal,2.470992088317871,-0.03852015361189842,9212.935546875,-0.6379662156105042,3270.05908203125,4293
ds004302_sub-45,lh_isthmuscingulate,2.111304521560669,-0.017016632482409477,2639.445068359375,0.022952109575271606,1106.367431640625,1605
ds004302_sub-45,lh_lateraloccipital,1.977486252784729,-0.02862851321697235,9604.337890625,-1.5745748281478882,4382.748046875,6347
ds004302_sub-45,lh_lateralorbitofrontal,2.758418083190918,-0.017189377918839455,6481.4599609375,-0.03452926129102707,2152.859619140625,2770
ds004302_sub-45,lh_lingual,2.0048491954803467,-0.04946275055408478,6634.6103515625,-1.1461293697357178,2738.56201171875,3833
ds004302_sub-45,lh_medialorbitofrontal,2.5781166553497314,-0.04743879660964012,5645.25146484375,-2.247976541519165,1929.2469482421875,2465
ds004302_sub-45,lh_middletemporal,2.586653232574463,-0.05421297252178192,9734.849609375,-1.5713036060333252,3119.27197265625,4112
ds004302_sub-45,lh_parahippocampal,2.627338409423828,-0.037656668573617935,1886.233642578125,-0.2950514554977417,614.1127319335938,912
ds004302_sub-45,lh_paracentral,2.1766183376312256,-0.04016835615038872,2784.80126953125,-0.3302627205848694,1194.305908203125,2085
ds004302_sub-45,lh_parsopercularis,2.2163383960723877,-0.044402461498975754,3163.366943359375,0.30126264691352844,1290.7264404296875,1758
ds004302_sub-45,lh_parsorbitalis,2.5115151405334473,-0.10141431540250778,2074.69677734375,-5.7721662521362305,631.1689453125,786
ds004302_sub-45,lh_parstriangularis,2.3138468265533447,-0.019883202388882637,2873.957275390625,-0.39792510867118835,1086.8675537109375,1494
ds004302_sub-45,lh_pericalcarine,1.574432611465454,0.06206020340323448,1613.224365234375,2.473944902420044,1190.434326171875,1752
ds004302_sub-45,lh_postcentral,1.8793891668319702,-0.05829538032412529,7655.57275390625,-0.7277868986129761,3657.63232421875,5954
ds004302_sub-45,lh_posteriorcingulate,2.4157795906066895,-0.0028486161027103662,3210.462158203125,2.302311658859253,1222.622314453125,1674
ds004302_sub-45,lh_precentral,2.238492488861084,-0.03185730800032616,9882.5283203125,0.6108921766281128,4124.6123046875,6799
ds004302_sub-45,lh_precuneus,2.1938326358795166,-0.001019664341583848,7537.4765625,2.0337419509887695,3237.56396484375,4647
ds004302_sub-45,lh_rostralanteriorcingulate,2.3590469360351562,-0.024158900603652,2162.790283203125,0.9028849005699158,793.7730712890625,1104
ds004302_sub-45,lh_rostralmiddlefrontal,2.1573433876037598,-0.02231588028371334,10796.091796875,0.13748270273208618,4517.55078125,6180
ds004302_sub-45,lh_superiorfrontal,2.5414164066314697,-0.040010977536439896,17412.01953125,-0.7547457218170166,6099.408203125,8910
ds004302_sub-45,lh_superiorparietal,1.853294849395752,-0.04116721823811531,9590.318359375,-0.18918804824352264,4774.8818359375,7313
ds004302_sub-45,lh_superiortemporal,2.493971347808838,-0.0275019071996212,10975.546875,0.25104761123657227,3720.109375,5413
ds004302_sub-45,lh_supramarginal,2.362208604812622,-0.03239872679114342,9055.294921875,0.46091338992118835,3521.174072265625,5095
ds004302_sub-45,lh_frontalpole,2.3923234939575195,-0.16557568311691284,734.103515625,-9.3550386428833,243.17160034179688,294
ds004302_sub-45,lh_temporalpole,3.3524954319000244,-0.13438862562179565,2736.89404296875,-7.857847213745117,594.4412841796875,653
ds004302_sub-45,lh_transversetemporal,1.9911094903945923,-0.04118789732456207,795.875732421875,4.310295581817627,383.16448974609375,609
ds004302_sub-45,lh_insula,3.068000555038452,0.02465939149260521,6638.12890625,5.6799421310424805,2057.693359375,2983
ds004302_sub-45,rh_bankssts,2.329678773880005,0.02950543724000454,1662.033935546875,3.9561028480529785,748.4182739257812,1096
ds004302_sub-45,rh_caudalanteriorcingulate,2.5665664672851562,0.02299533784389496,1647.682373046875,2.33467435836792,548.8294677734375,844
ds004302_sub-45,rh_caudalmiddlefrontal,2.4556329250335693,-0.039700161665678024,4510.8974609375,0.824038028717041,1668.274658203125,2498
ds004302_sub-45,rh_cuneus,1.8562140464782715,-0.07589246332645416,2968.9765625,-4.170539855957031,1333.7476806640625,1980
ds004302_sub-45,rh_entorhinal,2.9757277965545654,-0.04137946292757988,1642.864501953125,-4.821077823638916,405.13128662109375,587
ds004302_sub-45,rh_fusiform,2.5087573528289795,-0.03383792191743851,8448.65234375,0.7977595925331116,2851.96533203125,3901
ds004302_sub-45,rh_inferiorparietal,2.100898504257202,-0.03575758635997772,12246.716796875,0.4448387622833252,5356.26171875,7623
ds004302_sub-45,rh_inferiortemporal,2.6974315643310547,-0.04015018790960312,11797.822265625,-1.3194935321807861,3484.55810546875,4472
ds004302_sub-45,rh_isthmuscingulate,2.084927558898926,-0.011030399240553379,2241.7431640625,-0.33917829394340515,953.154296875,1357
ds004302_sub-45,rh_lateraloccipital,2.148832321166992,-0.03539537638425827,10106.9189453125,-1.7836343050003052,4239.5634765625,6002
ds004302_sub-45,rh_lateralorbitofrontal,2.48055362701416,-0.016683610156178474,5946.505859375,0.3732994794845581,2260.524169921875,3218
ds004302_sub-45,rh_lingual,2.055143356323242,-0.03895540535449982,6897.04345703125,-0.5054131150245667,2873.526123046875,4104
ds004302_sub-45,rh_medialorbitofrontal,2.473367214202881,-0.03548004478216171,5270.95703125,-1.54884934425354,1797.2462158203125,2384
ds004302_sub-45,rh_middletemporal,2.696589708328247,-0.04744129255414009,10657.94921875,-1.6991993188858032,3193.314453125,4221
ds004302_sub-45,rh_parahippocampal,2.460825204849243,-0.02735227532684803,1715.50146484375,-0.23318225145339966,573.525634765625,847
ds004302_sub-45,rh_paracentral,2.0093560218811035,-0.0190449021756649,2603.8759765625,0.73114013671875,1266.4541015625,2175
ds004302_sub-45,rh_parsopercularis,2.4417765140533447,-0.03881699591875076,2990.43310546875,0.37805435061454773,1128.7088623046875,1507
ds004302_sub-45,rh_parsorbitalis,2.6061456203460693,-0.07015340030193329,2223.986572265625,-4.291200160980225,666.8477172851562,816
ds004302_sub-45,rh_parstriangularis,2.3647751808166504,-0.029499227181077003,3311.317626953125,-1.0708625316619873,1243.6512451171875,1676
ds004302_sub-45,rh_pericalcarine,1.5474944114685059,0.051372796297073364,1786.04638671875,1.938067078590393,1326.2755126953125,1875
ds004302_sub-45,rh_postcentral,1.9134190082550049,-0.04655347019433975,7987.220703125,-0.6927253603935242,3713.87939453125,5720
ds004302_sub-45,rh_posteriorcingulate,2.2134506702423096,0.004287529271095991,2565.5751953125,2.2405788898468018,1075.2008056640625,1502
ds004302_sub-45,rh_precentral,2.373323917388916,-0.02207687310874462,10698.595703125,0.6193941235542297,4171.720703125,6620
ds004302_sub-45,rh_precuneus,2.070099353790283,-0.016952311620116234,7329.525390625,1.605661392211914,3393.76025390625,5010
ds004302_sub-45,rh_rostralanteriorcingulate,2.8374176025390625,-0.017429128289222717,1446.2369384765625,2.325296401977539,467.2663269042969,689
ds004302_sub-45,rh_rostralmiddlefrontal,2.14821195602417,-0.04288302734494209,11723.505859375,-0.20135504007339478,4900.6748046875,6523
ds004302_sub-45,rh_superiorfrontal,2.3690123558044434,-0.04482290521264076,17006.869140625,-0.6133527755737305,6379.78662109375,9496
ds004302_sub-45,rh_superiorparietal,1.9056228399276733,-0.03311818838119507,9298.732421875,0.24872265756130219,4539.44482421875,7044
ds004302_sub-45,rh_superiortemporal,2.5634336471557617,-0.033457592129707336,9990.865234375,-0.25760573148727417,3251.231689453125,4716
ds004302_sub-45,rh_supramarginal,2.367401123046875,-0.026918111369013786,8624.6259765625,0.5333309173583984,3203.2958984375,4513
ds004302_sub-45,rh_frontalpole,2.589991569519043,-0.16926148533821106,1247.2890625,-9.22514820098877,320.4901123046875,395
ds004302_sub-45,rh_temporalpole,3.2392971515655518,-0.09855286777019501,2141.035400390625,-7.90492582321167,477.4115295410156,551
ds004302_sub-45,rh_transversetemporal,2.1531920433044434,-0.09683115780353546,655.9414672851562,4.068289756774902,278.14990234375,450
ds004302_sub-45,rh_insula,3.0653085708618164,0.04056830704212189,6794.51953125,6.057249546051025,1945.561767578125,2900
ds004302_sub-46,lh_bankssts,2.2301461696624756,0.019060444086790085,2494.773193359375,2.1515097618103027,1104.4033203125,1673
ds004302_sub-46,lh_caudalanteriorcingulate,2.3867597579956055,0.01760777086019516,1555.45068359375,2.259744882583618,557.82568359375,842
ds004302_sub-46,lh_caudalmiddlefrontal,2.322904109954834,-0.00949876569211483,4073.05029296875,2.974517583847046,1644.3770751953125,2516
ds004302_sub-46,lh_cuneus,1.9062782526016235,-0.047545697540044785,3962.008544921875,-2.427335262298584,1786.8570556640625,2440
ds004302_sub-46,lh_entorhinal,3.0440804958343506,-0.09520308673381805,1228.031005859375,-4.532569885253906,323.14971923828125,482
ds004302_sub-46,lh_fusiform,2.7197182178497314,-0.03614470362663269,9967.8505859375,0.8654318451881409,3222.473876953125,4615
ds004302_sub-46,lh_inferiorparietal,2.278066873550415,-0.02413664571940899,11321.7255859375,0.7863053679466248,4641.91259765625,6741
ds004302_sub-46,lh_inferiortemporal,2.6970441341400146,-0.025029074400663376,9884.123046875,-1.0626611709594727,3140.304443359375,4331
ds004302_sub-46,lh_isthmuscingulate,2.3144805431365967,-0.011677276343107224,2078.61865234375,-0.4162656366825104,828.66357421875,1211
ds004302_sub-46,lh_lateraloccipital,2.099597454071045,-0.034526873379945755,12887.6953125,-1.907005786895752,5462.314453125,7527
ds004302_sub-46,lh_lateralorbitofrontal,2.556640386581421,-0.011674867942929268,6638.8916015625,0.2140389084815979,2319.401123046875,3202
ds004302_sub-46,lh_lingual,1.9478098154067993,-0.01174857933074236,6143.21435546875,0.4410516917705536,2920.39208984375,4046
ds004302_sub-46,lh_medialorbitofrontal,2.4362070560455322,-0.04687635973095894,4808.787109375,-2.271843910217285,1787.1143798828125,2393
ds004302_sub-46,lh_middletemporal,2.7759320735931396,-0.06495197862386703,11724.53515625,-2.185945749282837,3291.65771484375,4591
ds004302_sub-46,lh_parahippocampal,2.504220962524414,-0.06134562939405441,2383.736572265625,0.5457474589347839,791.5054931640625,1200
ds004302_sub-46,lh_paracentral,2.0659451484680176,-0.019880473613739014,2889.6396484375,-0.4613610804080963,1307.8525390625,2052
ds004302_sub-46,lh_parsopercularis,2.396425247192383,-0.043856725096702576,4151.60791015625,-0.8575639724731445,1506.158447265625,2209
ds004302_sub-46,lh_parsorbitalis,2.5173468589782715,-0.07005614042282104,2492.420654296875,-4.144834995269775,752.7474365234375,1039
ds004302_sub-46,lh_parstriangularis,2.280144453048706,-0.037545595318078995,3832.30224609375,-0.7920871376991272,1485.97021484375,2122
ds004302_sub-46,lh_pericalcarine,1.4116765260696411,0.062022268772125244,1608.86181640625,2.993818998336792,1343.7550048828125,1946
ds004302_sub-46,lh_postcentral,1.8781979084014893,-0.055706851184368134,9669.67578125,-0.9631292223930359,4571.40087890625,7122
ds004302_sub-46,lh_posteriorcingulate,2.3164620399475098,0.005749260075390339,2733.7158203125,2.5833182334899902,1069.633056640625,1483
ds004302_sub-46,lh_precentral,2.4587109088897705,-0.030844498425722122,11620.509765625,-0.012818335555493832,4320.81298828125,7176
ds004302_sub-46,lh_precuneus,2.252286911010742,-0.010052340105175972,9392.142578125,1.379164457321167,3924.948974609375,5525
ds004302_sub-46,lh_rostralanteriorcingulate,2.7906436920166016,-0.02086411975324154,2302.166015625,1.3446099758148193,693.2257080078125,966
ds004302_sub-46,lh_rostralmiddlefrontal,2.131312847137451,-0.02705106884241104,15152.5185546875,0.26855868101119995,6349.30078125,8699
ds004302_sub-46,lh_superiorfrontal,2.5909903049468994,-0.028410643339157104,20377.66796875,-0.8797946572303772,6773.8564453125,9793
ds004302_sub-46,lh_superiorparietal,2.0476043224334717,-0.02091127634048462,12287.380859375,0.0372043214738369,5402.77490234375,7961
ds004302_sub-46,lh_superiortemporal,2.733314275741577,-0.01733570359647274,13026.47265625,0.6256648302078247,4260.52587890625,6374
ds004302_sub-46,lh_supramarginal,2.396986961364746,-0.024372093379497528,9999.775390625,0.22693324089050293,3859.54443359375,5639
ds004302_sub-46,lh_frontalpole,2.6406571865081787,-0.1479720026254654,903.3449096679688,-8.637322425842285,265.0084228515625,348
ds004302_sub-46,lh_temporalpole,3.434135913848877,-0.10334905236959457,2473.357421875,-7.327024459838867,459.39349365234375,575
ds004302_sub-46,lh_transversetemporal,2.4126710891723633,-0.10050129890441895,1590.016357421875,2.6090784072875977,576.8497314453125,962
ds004302_sub-46,lh_insula,3.037285089492798,0.019113225862383842,7014.142578125,5.9905524253845215,2282.857421875,3391
ds004302_sub-46,rh_bankssts,2.3149333000183105,0.022065002471208572,1771.1871337890625,4.031972885131836,765.31201171875,1110
ds004302_sub-46,rh_caudalanteriorcingulate,2.2868895530700684,-0.0005467285518534482,1664.665283203125,1.9090226888656616,602.771728515625,896
ds004302_sub-46,rh_caudalmiddlefrontal,2.2894577980041504,-0.019648363813757896,4579.1103515625,1.9413392543792725,1818.734619140625,2738
ds004302_sub-46,rh_cuneus,1.9899448156356812,-0.05912987142801285,3659.673828125,-3.7660067081451416,1658.298095703125,2366
ds004302_sub-46,rh_entorhinal,3.1749980449676514,-0.033445484936237335,1728.853271484375,-3.8886568546295166,372.30712890625,572
ds004302_sub-46,rh_fusiform,2.6103646755218506,-0.03452574461698532,10628.8212890625,0.8665335774421692,3302.778564453125,4740
ds004302_sub-46,rh_inferiorparietal,2.2072088718414307,-0.021222760900855064,11361.263671875,1.117699146270752,4858.5986328125,6881
ds004302_sub-46,rh_inferiortemporal,2.7438182830810547,-0.0439363531768322,10467.0234375,-1.3654330968856812,3174.107421875,4444
ds004302_sub-46,rh_isthmuscingulate,2.1349709033966064,-0.022742262110114098,2717.86474609375,-0.39331167936325073,1106.9073486328125,1605
ds004302_sub-46,rh_lateraloccipital,2.089961051940918,-0.041333094239234924,11863.1025390625,-1.806497573852539,5036.3740234375,7095
ds004302_sub-46,rh_lateralorbitofrontal,2.4804818630218506,-0.011819442734122276,6211.9072265625,-0.09182790666818619,2245.5888671875,3076
ds004302_sub-46,rh_lingual,2.0988502502441406,-0.027122076600790024,7603.32080078125,0.32363051176071167,3166.15625,4431
ds004302_sub-46,rh_medialorbitofrontal,2.4446864128112793,-0.04636356234550476,5831.8984375,-1.85860276222229,2081.5791015625,2659
ds004302_sub-46,rh_middletemporal,2.4757280349731445,-0.02265847846865654,9118.5791015625,-1.0743273496627808,3106.16357421875,4435
ds004302_sub-46,rh_parahippocampal,2.652458429336548,-0.02540847845375538,2208.44970703125,0.7580530047416687,652.2989501953125,1030
ds004302_sub-46,rh_paracentral,2.2063748836517334,-0.02210487425327301,4267.82470703125,-0.0872035026550293,1656.491943359375,2576
ds004302_sub-46,rh_parsopercularis,2.3190298080444336,-0.031059348955750465,3738.24267578125,0.5511029958724976,1441.49658203125,1972
ds004302_sub-46,rh_parsorbitalis,2.652421474456787,-0.06848279386758804,2886.477783203125,-4.7928924560546875,861.213134765625,1174
ds004302_sub-46,rh_parstriangularis,2.321270227432251,-0.04057930037379265,3823.634521484375,-0.8462581038475037,1436.874755859375,1980
ds004302_sub-46,rh_pericalcarine,1.6013810634613037,0.052937161177396774,2090.5810546875,2.6236064434051514,1503.6416015625,2159
ds004302_sub-46,rh_postcentral,1.9921693801879883,-0.048620469868183136,9205.94140625,-1.173874020576477,3981.414306640625,6133
ds004302_sub-46,rh_posteriorcingulate,2.0769240856170654,0.02142912708222866,2558.32861328125,2.469712018966675,1129.8699951171875,1674
ds004302_sub-46,rh_precentral,2.300544261932373,-0.016942979767918587,12406.875,0.03461053967475891,4867.5576171875,7648
ds004302_sub-46,rh_precuneus,2.2442212104797363,-0.012632186524569988,10312.544921875,1.2008171081542969,4099.3466796875,5883
ds004302_sub-46,rh_rostralanteriorcingulate,2.7455670833587646,0.009600956924259663,1426.9097900390625,1.8056291341781616,424.9986267089844,604
ds004302_sub-46,rh_rostralmiddlefrontal,2.1459755897521973,-0.029804034158587456,11573.65625,-0.1059381365776062,4698.68212890625,6434
ds004302_sub-46,rh_superiorfrontal,2.4999425411224365,-0.032375361770391464,21200.23828125,-0.6512734889984131,7206.666015625,10410
ds004302_sub-46,rh_superiorparietal,2.04345440864563,-0.03470214083790779,12579.240234375,-0.4375697374343872,5420.57861328125,8038
ds004302_sub-46,rh_superiortemporal,2.770272731781006,-0.035420652478933334,12132.0380859375,-0.2026558369398117,3698.734619140625,5413
ds004302_sub-46,rh_supramarginal,2.367007255554199,-0.02579856850206852,10086.2236328125,0.6795551180839539,3823.33740234375,5546
ds004302_sub-46,rh_frontalpole,2.6372413635253906,-0.15438325703144073,1132.35595703125,-7.992630958557129,318.88653564453125,413
ds004302_sub-46,rh_temporalpole,3.6069839000701904,-0.09436103701591492,2350.5810546875,-7.5403242111206055,442.00799560546875,562
ds004302_sub-46,rh_transversetemporal,2.4305408000946045,-0.05724422261118889,1114.3751220703125,4.0831780433654785,412.5647888183594,680
ds004302_sub-46,rh_insula,3.004681348800659,0.03328584507107735,6891.84765625,6.426351547241211,2184.379150390625,3234
ds004302_sub-47,lh_bankssts,2.282207489013672,0.029498256742954254,1775.22412109375,3.736994504928589,793.558837890625,1196
ds004302_sub-47,lh_caudalanteriorcingulate,2.2735471725463867,0.0034870419185608625,1315.8720703125,1.7317391633987427,519.648681640625,791
ds004302_sub-47,lh_caudalmiddlefrontal,2.5222058296203613,-0.0023737000301480293,3918.6328125,2.4954988956451416,1507.18212890625,2405
ds004302_sub-47,lh_cuneus,1.9255439043045044,-0.03518149256706238,3542.1884765625,-2.677781105041504,1598.3271484375,2323
ds004302_sub-47,lh_entorhinal,2.910651922225952,-0.008046898990869522,1844.9847412109375,-2.705261468887329,491.6272888183594,732
ds004302_sub-47,lh_fusiform,2.5101370811462402,-0.027367165312170982,8612.8525390625,0.7274720668792725,2933.07373046875,4337
ds004302_sub-47,lh_inferiorparietal,2.330648422241211,-0.024060962721705437,8946.404296875,0.2608879804611206,3560.0146484375,5071
ds004302_sub-47,lh_inferiortemporal,2.5198299884796143,-0.03504283353686333,7796.3330078125,-0.7652551531791687,2631.06494140625,3808
ds004302_sub-47,lh_isthmuscingulate,2.2362945079803467,-0.017046712338924408,2426.343017578125,0.4729613959789276,973.8770751953125,1462
ds004302_sub-47,lh_lateraloccipital,2.0516374111175537,-0.03183986246585846,9930.6767578125,-1.1618316173553467,4441.64453125,6536
ds004302_sub-47,lh_lateralorbitofrontal,2.6431283950805664,-0.026515915989875793,6512.7041015625,-0.7251385450363159,2328.07421875,3187
ds004302_sub-47,lh_lingual,2.075232744216919,-0.04399912431836128,7158.7255859375,-1.1148263216018677,3142.358154296875,4406
ds004302_sub-47,lh_medialorbitofrontal,2.552400588989258,-0.03543257340788841,5249.33447265625,-1.6569353342056274,1956.3203125,2669
ds004302_sub-47,lh_middletemporal,2.619899272918701,-0.047748688608407974,8593.6650390625,-1.9287199974060059,2764.716552734375,3998
ds004302_sub-47,lh_parahippocampal,3.140169143676758,-0.04294130578637123,2458.396728515625,-0.900781512260437,657.874267578125,1028
ds004302_sub-47,lh_paracentral,2.348008394241333,-0.028286049142479897,3095.321533203125,-0.5608381628990173,1201.64111328125,1934
ds004302_sub-47,lh_parsopercularis,2.3472633361816406,-0.04635026305913925,4018.91259765625,0.2306339144706726,1574.978759765625,2269
ds004302_sub-47,lh_parsorbitalis,2.5995161533355713,-0.0748710036277771,2120.01025390625,-5.018460750579834,670.6452026367188,934
ds004302_sub-47,lh_parstriangularis,2.2308382987976074,-0.011485077440738678,2585.4951171875,0.04913295805454254,1087.555419921875,1595
ds004302_sub-47,lh_pericalcarine,1.5213212966918945,0.06579693406820297,1942.6292724609375,2.151735305786133,1438.3818359375,2033
ds004302_sub-47,lh_postcentral,2.0543627738952637,-0.051926519721746445,8130.37890625,-0.8148817420005798,3515.5927734375,5575
ds004302_sub-47,lh_posteriorcingulate,2.2566707134246826,0.00011700591130647808,2584.3408203125,2.3715178966522217,1093.9395751953125,1672
ds004302_sub-47,lh_precentral,2.414917230606079,-0.02035459689795971,10740.73828125,0.5437145829200745,4124.38916015625,6725
ds004302_sub-47,lh_precuneus,2.421830654144287,-0.01896529644727707,8963.3623046875,0.5503541827201843,3420.49658203125,5034
ds004302_sub-47,lh_rostralanteriorcingulate,2.644099235534668,-0.03634721040725708,1456.923095703125,0.6372252702713013,447.6781921386719,629
ds004302_sub-47,lh_rostralmiddlefrontal,2.3587241172790527,-0.016321364790201187,11126.3623046875,0.1076287105679512,4397.552734375,6302
ds004302_sub-47,lh_superiorfrontal,2.526939630508423,-0.036461200565099716,17980.73828125,-1.0004942417144775,6375.4072265625,9588
ds004302_sub-47,lh_superiorparietal,2.14239501953125,-0.018710844218730927,11134.5859375,0.7304308414459229,4883.07421875,7470
ds004302_sub-47,lh_superiortemporal,2.5282185077667236,-0.02799178846180439,9724.158203125,-0.023664038628339767,3458.2431640625,5361
ds004302_sub-47,lh_supramarginal,2.412196159362793,-0.02471424825489521,8486.6259765625,-0.22983203828334808,3275.6650390625,4765
ds004302_sub-47,lh_frontalpole,2.5876760482788086,-0.12391356378793716,704.556396484375,-7.79414176940918,210.46075439453125,283
ds004302_sub-47,lh_temporalpole,3.364624261856079,-0.09121008962392807,1842.4041748046875,-8.013651847839355,395.7705078125,519
ds004302_sub-47,lh_transversetemporal,2.1469805240631104,-0.05146094411611557,958.4019775390625,3.8058698177337646,421.0464172363281,676
ds004302_sub-47,lh_insula,2.744460344314575,0.035164203494787216,5771.591796875,6.0736308097839355,2074.6435546875,3137
ds004302_sub-47,rh_bankssts,2.2091052532196045,0.023366563022136688,1567.565673828125,3.3759374618530273,718.9963989257812,1068
ds004302_sub-47,rh_caudalanteriorcingulate,2.400435209274292,0.002174709690734744,1276.138427734375,1.8698166608810425,505.5081787109375,740
ds004302_sub-47,rh_caudalmiddlefrontal,2.4689862728118896,-0.030068254098296165,4847.86083984375,1.0530887842178345,1818.136474609375,2795
ds004302_sub-47,rh_cuneus,1.813244342803955,-0.04473354294896126,3173.6630859375,-2.1511788368225098,1631.47607421875,2426
ds004302_sub-47,rh_entorhinal,3.2172207832336426,-0.05108677223324776,1417.697998046875,-5.1097798347473145,304.2279052734375,451
ds004302_sub-47,rh_fusiform,2.5837671756744385,-0.020525706931948662,7652.951171875,1.3139398097991943,2591.209716796875,3946
ds004302_sub-47,rh_inferiorparietal,2.419994354248047,-0.0318644642829895,12203.705078125,-0.016414400190114975,4563.900390625,6350
ds004302_sub-47,rh_inferiortemporal,2.2366116046905518,-0.01982833258807659,6573.2763671875,-0.79478919506073,2580.73486328125,3834
ds004302_sub-47,rh_isthmuscingulate,2.042912483215332,-0.02234869822859764,1878.6893310546875,-0.08151640743017197,858.3986206054688,1242
ds004302_sub-47,rh_lateraloccipital,2.055983066558838,-0.03613032028079033,10233.640625,-1.5865471363067627,4483.4736328125,6606
ds004302_sub-47,rh_lateralorbitofrontal,2.4311044216156006,-0.01284615695476532,5639.3623046875,0.1456998586654663,2191.0048828125,3112
ds004302_sub-47,rh_lingual,2.111680030822754,-0.03371518850326538,7254.8125,-0.73835289478302,3033.81982421875,4225
ds004302_sub-47,rh_medialorbitofrontal,2.3841753005981445,-0.03724227845668793,4772.1689453125,-1.8297909498214722,1849.3590087890625,2559
ds004302_sub-47,rh_middletemporal,2.4432525634765625,-0.050424400717020035,9021.1630859375,-1.6983038187026978,3033.97998046875,4133
ds004302_sub-47,rh_parahippocampal,2.644606590270996,-0.02209288626909256,1674.552490234375,-0.6507247686386108,541.6690673828125,875
ds004302_sub-47,rh_paracentral,2.2074854373931885,-0.014440310187637806,2949.707763671875,0.6485211849212646,1228.85302734375,1961
ds004302_sub-47,rh_parsopercularis,2.19205379486084,-0.03509373590350151,2557.72705078125,0.8362115025520325,1107.31298828125,1606
ds004302_sub-47,rh_parsorbitalis,2.4053001403808594,-0.03112274967133999,1949.46142578125,-4.181442737579346,668.7251586914062,955
ds004302_sub-47,rh_parstriangularis,2.4033665657043457,-0.043278954923152924,3572.427978515625,-0.9241464734077454,1307.8740234375,1878
ds004302_sub-47,rh_pericalcarine,1.5324022769927979,0.05412103980779648,1910.59423828125,1.406355857849121,1395.05712890625,2001
ds004302_sub-47,rh_postcentral,2.0719120502471924,-0.04893606901168823,8392.6015625,-0.9450746774673462,3510.82373046875,5425
ds004302_sub-47,rh_posteriorcingulate,2.2656452655792236,0.007332562003284693,2249.43994140625,2.3870503902435303,951.9094848632812,1435
ds004302_sub-47,rh_precentral,2.4134974479675293,-0.012536612339317799,10546.0390625,0.6225636601448059,4004.181884765625,6367
ds004302_sub-47,rh_precuneus,2.25616192817688,-0.015227936208248138,9293.7431640625,0.4387109875679016,3978.8173828125,5782
ds004302_sub-47,rh_rostralanteriorcingulate,2.66296124458313,-0.033269282430410385,1167.8763427734375,1.1574898958206177,355.6593933105469,548
ds004302_sub-47,rh_rostralmiddlefrontal,2.3839759826660156,-0.019929248839616776,13584.4052734375,0.21535924077033997,5140.4697265625,7305
ds004302_sub-47,rh_superiorfrontal,2.5725491046905518,-0.035580702126026154,18380.71875,-0.9315497279167175,6469.962890625,9561
ds004302_sub-47,rh_superiorparietal,2.1693105697631836,-0.02693999372422695,11754.7255859375,-0.14128951728343964,4881.67041015625,7370
ds004302_sub-47,rh_superiortemporal,2.5415773391723633,-0.026889126747846603,9668.5771484375,-0.5278110504150391,3299.86572265625,4961
ds004302_sub-47,rh_supramarginal,2.286810874938965,0.0005306271486915648,7935.7890625,1.5024982690811157,3192.409912109375,4716
ds004302_sub-47,rh_frontalpole,2.4800965785980225,-0.16789713501930237,872.9537353515625,-7.942747592926025,259.12799072265625,379
ds004302_sub-47,rh_temporalpole,3.3336663246154785,-0.09882704168558121,2103.09521484375,-6.875899791717529,447.664306640625,648
ds004302_sub-47,rh_transversetemporal,2.0621707439422607,-0.08023838698863983,675.7879028320312,3.5684447288513184,303.73846435546875,490
ds004302_sub-47,rh_insula,2.7808663845062256,0.031577546149492264,6192.83203125,5.8659586906433105,2157.34765625,3263
ds004302_sub-48,lh_bankssts,2.479431390762329,0.046484194695949554,1869.6263427734375,4.089974403381348,787.29150390625,1206
ds004302_sub-48,lh_caudalanteriorcingulate,2.1219630241394043,0.031609345227479935,1532.831298828125,2.0842769145965576,699.1005859375,1078
ds004302_sub-48,lh_caudalmiddlefrontal,2.5760116577148438,-0.020496373996138573,5288.041015625,1.159803867340088,1955.6396484375,2979
ds004302_sub-48,lh_cuneus,1.7762069702148438,-0.04903272166848183,2623.734375,-2.90148663520813,1373.5196533203125,2071
ds004302_sub-48,lh_entorhinal,2.7214877605438232,-0.021549196913838387,1694.302001953125,-3.298015832901001,440.00970458984375,700
ds004302_sub-48,lh_fusiform,2.5544626712799072,-0.025352688506245613,7266.5654296875,1.0818861722946167,2502.86376953125,3673
ds004302_sub-48,lh_inferiorparietal,2.3022196292877197,-0.02687068283557892,11037.87890625,-0.1974998563528061,4392.8369140625,6506
ds004302_sub-48,lh_inferiortemporal,2.6140940189361572,-0.030092954635620117,9464.68359375,-0.9274141788482666,3106.9833984375,4462
ds004302_sub-48,lh_isthmuscingulate,2.4459073543548584,0.0007535697077400982,2830.394775390625,0.940705418586731,1069.277099609375,1599
ds004302_sub-48,lh_lateraloccipital,2.095207691192627,-0.0399637445807457,10972.921875,-2.0845534801483154,4762.46044921875,6871
ds004302_sub-48,lh_lateralorbitofrontal,2.458122968673706,-0.01786632277071476,6390.89794921875,0.6211936473846436,2391.72607421875,3471
ds004302_sub-48,lh_lingual,1.8501631021499634,-0.01767456717789173,6021.09130859375,0.0563511997461319,3000.20166015625,4243
ds004302_sub-48,lh_medialorbitofrontal,2.0779452323913574,-0.024961039423942566,4827.5576171875,-1.264931082725525,2135.794189453125,3053
ds004302_sub-48,lh_middletemporal,2.679203987121582,-0.039648864418268204,10007.439453125,-1.1181560754776,3177.510498046875,4492
ds004302_sub-48,lh_parahippocampal,2.8954973220825195,-0.05438724160194397,2167.02099609375,-0.5975016951560974,627.9852294921875,1001
ds004302_sub-48,lh_paracentral,2.369581937789917,-0.024122411385178566,3017.1806640625,0.035873737186193466,1198.69140625,1974
ds004302_sub-48,lh_parsopercularis,2.54058837890625,-0.0374734103679657,3912.95263671875,-0.44393637776374817,1380.4130859375,1965
ds004302_sub-48,lh_parsorbitalis,2.4514691829681396,-0.095415860414505,1847.3919677734375,-4.783774375915527,618.64892578125,879
ds004302_sub-48,lh_parstriangularis,2.2158560752868652,-0.023342229425907135,3024.71044921875,0.4084533154964447,1263.262451171875,1813
ds004302_sub-48,lh_pericalcarine,1.586700201034546,0.05305400863289833,2139.1533203125,3.180121898651123,1517.7918701171875,2181
ds004302_sub-48,lh_postcentral,2.006972074508667,-0.050630778074264526,8287.095703125,-0.9301732778549194,3736.5126953125,5903
ds004302_sub-48,lh_posteriorcingulate,2.2543270587921143,0.014458936639130116,2749.2041015625,2.637131690979004,1114.658935546875,1608
ds004302_sub-48,lh_precentral,2.7169697284698486,-0.023979738354682922,11442.771484375,0.7338547110557556,3904.737060546875,6579
ds004302_sub-48,lh_precuneus,2.45733380317688,-0.010211066342890263,9317.705078125,1.186790943145752,3532.83251953125,5163
ds004302_sub-48,lh_rostralanteriorcingulate,2.5073041915893555,-0.06354173272848129,2831.369140625,0.056934282183647156,962.0558471679688,1285
ds004302_sub-48,lh_rostralmiddlefrontal,2.0874619483947754,-0.020901041105389595,10498.51953125,-0.2519916594028473,4715.0654296875,6425
ds004302_sub-48,lh_superiorfrontal,2.6694529056549072,-0.029955515637993813,17569.818359375,-0.7819823622703552,5944.150390625,8787
ds004302_sub-48,lh_superiorparietal,2.063969850540161,-0.02551170065999031,11908.0654296875,0.08767642080783844,5204.3095703125,7935
ds004302_sub-48,lh_superiortemporal,2.597062349319458,-0.02610514499247074,10851.275390625,-0.09671878069639206,3565.661376953125,5358
ds004302_sub-48,lh_supramarginal,2.3467555046081543,-0.01996508240699768,8224.296875,0.4272526204586029,3231.042236328125,4763
ds004302_sub-48,lh_frontalpole,2.3468353748321533,-0.13129541277885437,773.4894409179688,-8.646076202392578,257.9759216308594,297
ds004302_sub-48,lh_temporalpole,3.2085044384002686,-0.09281349182128906,2337.54443359375,-8.032217025756836,548.1724853515625,693
ds004302_sub-48,lh_transversetemporal,2.360530376434326,-0.03785013034939766,910.105224609375,3.760159730911255,388.68328857421875,601
ds004302_sub-48,lh_insula,3.0737016201019287,0.020787673071026802,6175.75341796875,5.5342512130737305,2039.28564453125,3006
ds004302_sub-48,rh_bankssts,2.438349962234497,0.038510024547576904,1813.635986328125,4.844975471496582,754.70703125,1178
ds004302_sub-48,rh_caudalanteriorcingulate,2.192905902862549,0.015671487897634506,1811.6171875,1.896182656288147,655.9627685546875,903
ds004302_sub-48,rh_caudalmiddlefrontal,2.4776523113250732,-0.014639359898865223,4637.1396484375,1.0215224027633667,1792.614501953125,2687
ds004302_sub-48,rh_cuneus,1.6717402935028076,-0.046445462852716446,2533.8916015625,-2.7499401569366455,1460.0240478515625,2142
ds004302_sub-48,rh_entorhinal,3.023569345474243,-0.041551485657691956,1561.4404296875,-5.001473903656006,373.97705078125,552
ds004302_sub-48,rh_fusiform,2.5582315921783447,-0.016661986708641052,8320.0859375,1.5248804092407227,2645.586181640625,3958
ds004302_sub-48,rh_inferiorparietal,2.408721685409546,-0.023113157600164413,13005.0478515625,0.09879564493894577,4926.4716796875,7074
ds004302_sub-48,rh_inferiortemporal,2.595065116882324,-0.03576627001166344,10190.833984375,-1.345415472984314,3147.553466796875,4512
ds004302_sub-48,rh_isthmuscingulate,2.1668453216552734,-0.005877119023352861,2040.47119140625,0.8069130778312683,861.8990478515625,1214
ds004302_sub-48,rh_lateraloccipital,2.2248036861419678,-0.03289707005023956,12438.2255859375,-2.0560708045959473,5068.978515625,7381
ds004302_sub-48,rh_lateralorbitofrontal,2.4240870475769043,-0.021762682124972343,6487.00830078125,0.7500578165054321,2425.005126953125,3458
ds004302_sub-48,rh_lingual,1.920815110206604,-0.031955815851688385,5532.8994140625,-0.5262121558189392,2599.17626953125,3643
ds004302_sub-48,rh_medialorbitofrontal,2.0432538986206055,-0.042674366384744644,4181.5498046875,-1.3632398843765259,1782.5155029296875,2453
ds004302_sub-48,rh_middletemporal,2.636897087097168,-0.04143257066607475,10341.8720703125,-1.3179932832717896,3296.69482421875,4580
ds004302_sub-48,rh_parahippocampal,2.6677348613739014,-0.01875251904129982,1873.06494140625,0.20153507590293884,581.6962890625,903
ds004302_sub-48,rh_paracentral,2.4917593002319336,-0.029739266261458397,4016.3515625,0.561217188835144,1499.6546630859375,2550
ds004302_sub-48,rh_parsopercularis,2.4586915969848633,-0.03484899923205376,3140.98583984375,0.48613786697387695,1164.9825439453125,1683
ds004302_sub-48,rh_parsorbitalis,2.563579559326172,-0.08732166141271591,2314.81201171875,-4.8493332862854,718.1524047851562,1001
ds004302_sub-48,rh_parstriangularis,2.440354108810425,-0.045342348515987396,3435.103515625,-0.233668714761734,1239.279296875,1836
ds004302_sub-48,rh_pericalcarine,1.6608691215515137,0.04603608697652817,2298.36767578125,3.120898723602295,1566.9031982421875,2228
ds004302_sub-48,rh_postcentral,1.973989725112915,-0.04651598259806633,8455.8330078125,-0.8713989853858948,3896.797607421875,6159
ds004302_sub-48,rh_posteriorcingulate,2.267951726913452,0.0013410807587206364,2648.226806640625,1.8117163181304932,1076.237060546875,1528
ds004302_sub-48,rh_precentral,2.6879730224609375,-0.02537064626812935,11877.412109375,0.6525126099586487,4139.919921875,6838
ds004302_sub-48,rh_precuneus,2.294570207595825,0.0014575981767848134,8456.6748046875,1.6692967414855957,3458.5166015625,5069
ds004302_sub-48,rh_rostralanteriorcingulate,2.2900900840759277,-0.015534735284745693,1564.640625,1.621150255203247,574.1030883789062,721
ds004302_sub-48,rh_rostralmiddlefrontal,2.133181571960449,-0.0210751760751009,10472.669921875,-0.32333704829216003,4602.23583984375,6256
ds004302_sub-48,rh_superiorfrontal,2.5039186477661133,-0.03157811239361763,17901.109375,-0.6977149844169617,6427.22216796875,9354
ds004302_sub-48,rh_superiorparietal,2.1010844707489014,-0.02934172935783863,11394.498046875,-0.06140242516994476,4725.7373046875,7146
ds004302_sub-48,rh_superiortemporal,2.442991256713867,-0.031401410698890686,9599.2734375,-0.47485920786857605,3387.875,5152
ds004302_sub-48,rh_supramarginal,2.338710308074951,-0.0112986508756876,8081.56884765625,0.7710228562355042,3220.62890625,4606
ds004302_sub-48,rh_frontalpole,2.1021945476531982,-0.17861801385879517,815.27294921875,-8.623893737792969,295.981201171875,421
ds004302_sub-48,rh_temporalpole,3.6400704383850098,-0.1051546260714531,2446.8330078125,-7.772811412811279,472.43365478515625,649
ds004302_sub-48,rh_transversetemporal,2.244499444961548,-0.04411547631025314,653.0684204101562,3.805793046951294,276.5754699707031,424
ds004302_sub-48,rh_insula,2.8159382343292236,0.011417794972658157,5683.5341796875,5.395140647888184,1984.6756591796875,3017
ds004302_sub-49,lh_bankssts,2.2391955852508545,0.017294686287641525,1764.4093017578125,0.8540721535682678,794.6206665039062,1137
ds004302_sub-49,lh_caudalanteriorcingulate,2.1220691204071045,-0.005518581252545118,1394.1390380859375,1.5208443403244019,589.8580322265625,908
ds004302_sub-49,lh_caudalmiddlefrontal,2.3490960597991943,-0.021880051121115685,5828.39013671875,1.1594692468643188,2369.4873046875,3595
ds004302_sub-49,lh_cuneus,1.9459447860717773,-0.042303964495658875,4171.322265625,-2.715855598449707,1905.8087158203125,2705
ds004302_sub-49,lh_entorhinal,2.9009344577789307,-0.08274266868829727,1812.4163818359375,-4.924764156341553,462.248046875,683
ds004302_sub-49,lh_fusiform,2.5767080783843994,-0.04310671612620354,10976.6982421875,0.6410840749740601,3814.734130859375,5551
ds004302_sub-49,lh_inferiorparietal,2.225430727005005,-0.024715162813663483,12412.5,0.4236079156398773,5352.1474609375,7661
ds004302_sub-49,lh_inferiortemporal,2.492767333984375,-0.03206833824515343,10717.52734375,-1.048062801361084,3935.313232421875,5512
ds004302_sub-49,lh_isthmuscingulate,2.2688112258911133,-0.02547072432935238,3217.260986328125,-0.01098943967372179,1397.392578125,1991
ds004302_sub-49,lh_lateraloccipital,2.0656850337982178,-0.0334373340010643,16153.306640625,-1.6130632162094116,7223.427734375,10471
ds004302_sub-49,lh_lateralorbitofrontal,2.3416945934295654,-0.01195594947785139,7387.93896484375,0.2290838211774826,2970.6025390625,4192
ds004302_sub-49,lh_lingual,2.0012245178222656,-0.023458201438188553,8039.60205078125,0.3632555305957794,3952.486083984375,5717
ds004302_sub-49,lh_medialorbitofrontal,2.3831870555877686,-0.037226151674985886,6033.37353515625,-1.7291767597198486,2323.4326171875,3124
ds004302_sub-49,lh_middletemporal,2.6286275386810303,-0.04158700630068779,12014.2138671875,-0.9064647555351257,3922.09619140625,5280
ds004302_sub-49,lh_parahippocampal,2.395890474319458,-0.045547861605882645,1887.67236328125,-0.3688356280326843,663.6392211914062,1033
ds004302_sub-49,lh_paracentral,2.095111608505249,-0.03058546409010887,3839.373046875,-0.3694392740726471,1780.472900390625,3010
ds004302_sub-49,lh_parsopercularis,2.384943723678589,-0.04113670065999031,3779.85693359375,-0.4250558912754059,1474.8011474609375,2167
ds004302_sub-49,lh_parsorbitalis,2.4729809761047363,-0.10422463715076447,2610.384521484375,-4.739907264709473,874.4976806640625,1177
ds004302_sub-49,lh_parstriangularis,2.1994028091430664,-0.037437427788972855,3683.75341796875,-0.5035052299499512,1526.01318359375,2261
ds004302_sub-49,lh_pericalcarine,1.7296384572982788,0.047707393765449524,2807.7021484375,3.4710705280303955,1832.328125,2777
ds004302_sub-49,lh_postcentral,1.898746132850647,-0.05668569356203079,9425.791015625,-0.7911526560783386,4721.0849609375,7694
ds004302_sub-49,lh_posteriorcingulate,2.175705671310425,-0.0005695499130524695,3230.20654296875,1.8629937171936035,1415.840576171875,1992
ds004302_sub-49,lh_precentral,2.4338936805725098,-0.024322882294654846,13330.9541015625,0.5004671812057495,5183.7509765625,8678
ds004302_sub-49,lh_precuneus,2.046287775039673,-0.01477211993187666,7604.07958984375,1.658668875694275,3602.06640625,5196
ds004302_sub-49,lh_rostralanteriorcingulate,2.3855273723602295,-0.014971351251006126,2113.476806640625,1.8206177949905396,821.1618041992188,1198
ds004302_sub-49,lh_rostralmiddlefrontal,2.175130844116211,-0.014223326928913593,16099.0634765625,0.36680325865745544,6981.642578125,9641
ds004302_sub-49,lh_superiorfrontal,2.3865110874176025,-0.027070138603448868,25235.009765625,-0.7909939885139465,9468.7587890625,13973
ds004302_sub-49,lh_superiorparietal,2.0285983085632324,-0.03378082066774368,11018.443359375,-0.20745743811130524,5137.66162109375,7848
ds004302_sub-49,lh_superiortemporal,2.7328646183013916,-0.03165220469236374,15505.255859375,0.09851113706827164,5202.783203125,7777
ds004302_sub-49,lh_supramarginal,2.240495204925537,-0.02890925295650959,12241.6806640625,0.39240291714668274,5132.7060546875,7530
ds004302_sub-49,lh_frontalpole,2.036241292953491,-0.1715366393327713,880.62109375,-8.245246887207031,347.51458740234375,486
ds004302_sub-49,lh_temporalpole,3.3415181636810303,-0.09125906229019165,2987.68798828125,-7.123715400695801,674.4080200195312,846
ds004302_sub-49,lh_transversetemporal,2.357961416244507,-0.0823226347565651,1692.649169921875,1.224058747291565,631.23046875,1050
ds004302_sub-49,lh_insula,2.8609402179718018,0.02428259886801243,7814.701171875,5.832240104675293,2703.2607421875,4115
ds004302_sub-49,rh_bankssts,2.475126028060913,0.022054390981793404,2144.40185546875,2.223677158355713,898.537353515625,1277
ds004302_sub-49,rh_caudalanteriorcingulate,1.9022589921951294,0.0330343060195446,1567.6650390625,2.7830278873443604,824.5123291015625,1279
ds004302_sub-49,rh_caudalmiddlefrontal,2.3876047134399414,-0.02433856949210167,5252.50390625,1.225658893585205,2061.75927734375,3278
ds004302_sub-49,rh_cuneus,1.9154335260391235,-0.051180675625801086,4254.21142578125,-3.6092023849487305,1969.7137451171875,2919
ds004302_sub-49,rh_entorhinal,2.9905455112457275,-0.04732172563672066,1666.925048828125,-4.328740119934082,428.333740234375,613
ds004302_sub-49,rh_fusiform,2.44168758392334,-0.02594911865890026,11580.458984375,0.6718679666519165,4260.16796875,6089
ds004302_sub-49,rh_inferiorparietal,2.29975962638855,-0.026625629514455795,13383.67578125,0.27504467964172363,5494.6328125,7812
ds004302_sub-49,rh_inferiortemporal,2.5739710330963135,-0.030614184215664864,12520.9453125,-0.9596040844917297,4099.99755859375,5741
ds004302_sub-49,rh_isthmuscingulate,2.255675792694092,-0.03270423412322998,2708.97509765625,-0.9421576857566833,1117.335205078125,1603
ds004302_sub-49,rh_lateraloccipital,2.2233874797821045,-0.03534231334924698,13807.8095703125,-1.267440915107727,5702.833984375,8052
ds004302_sub-49,rh_lateralorbitofrontal,2.4609339237213135,-0.01619732938706875,7183.751953125,0.07840672880411148,2712.4892578125,3907
ds004302_sub-49,rh_lingual,2.0416834354400635,-0.032185621559619904,10226.7578125,-0.2527173161506653,4571.7890625,6714
ds004302_sub-49,rh_medialorbitofrontal,2.2535486221313477,-0.03521467745304108,5646.818359375,-1.4118880033493042,2291.795654296875,3062
ds004302_sub-49,rh_middletemporal,2.6705782413482666,-0.038454342633485794,11556.609375,-0.7205977439880371,3699.5400390625,5143
ds004302_sub-49,rh_parahippocampal,2.326633930206299,-0.010810893960297108,1600.49755859375,1.0226210355758667,638.9384155273438,1026
ds004302_sub-49,rh_paracentral,2.036580801010132,-0.02500849962234497,4388.697265625,0.22182881832122803,2100.20263671875,3524
ds004302_sub-49,rh_parsopercularis,2.5380053520202637,-0.02068551443517208,3348.500244140625,0.48621708154678345,1274.8670654296875,1905
ds004302_sub-49,rh_parsorbitalis,2.385277032852173,-0.07276495546102524,2651.7783203125,-3.8015902042388916,955.552978515625,1247
ds004302_sub-49,rh_parstriangularis,2.439483165740967,-0.03808332607150078,5133.505859375,-0.49883413314819336,1892.94580078125,2707
ds004302_sub-49,rh_pericalcarine,1.744323492050171,0.0133147481828928,4096.3017578125,1.614099144935608,2459.76708984375,3584
ds004302_sub-49,rh_postcentral,1.8418766260147095,-0.04268040135502815,8961.251953125,-0.7101084589958191,4520.3720703125,7087
ds004302_sub-49,rh_posteriorcingulate,2.157827377319336,0.008703273721039295,2806.9521484375,2.167734146118164,1244.1046142578125,1758
ds004302_sub-49,rh_precentral,2.503473997116089,-0.030073100700974464,12894.9912109375,0.2559373378753662,4845.2822265625,7979
ds004302_sub-49,rh_precuneus,2.137277126312256,-0.006356275640428066,9472.7890625,1.3681261539459229,4320.171875,6238
ds004302_sub-49,rh_rostralanteriorcingulate,2.392836332321167,-0.026283422484993935,2714.5615234375,1.1451153755187988,942.1275024414062,1275
ds004302_sub-49,rh_rostralmiddlefrontal,2.2412586212158203,-0.02500133030116558,19049.58984375,0.03702086582779884,7785.5546875,10595
ds004302_sub-49,rh_superiorfrontal,2.4181694984436035,-0.03371623903512955,22991.994140625,-0.9016333222389221,8554.92578125,12498
ds004302_sub-49,rh_superiorparietal,1.9921523332595825,-0.03554897755384445,11611.9775390625,-0.29574769735336304,5509.8330078125,8450
ds004302_sub-49,rh_superiortemporal,2.694078207015991,-0.027306219562888145,13186.103515625,-0.14397995173931122,4352.796875,6497
ds004302_sub-49,rh_supramarginal,2.247903347015381,-0.0231353547424078,12197.564453125,0.6670121550559998,5099.9013671875,7386
ds004302_sub-49,rh_frontalpole,2.410029888153076,-0.14382341504096985,1291.852294921875,-8.918560981750488,421.05572509765625,506
ds004302_sub-49,rh_temporalpole,3.396233320236206,-0.06997568160295486,3087.3154296875,-7.788173198699951,687.3161010742188,716
ds004302_sub-49,rh_transversetemporal,2.318770408630371,-0.10320837795734406,1237.594970703125,2.2045416831970215,459.7071228027344,744
ds004302_sub-49,rh_insula,2.7947027683258057,0.03195221722126007,7690.24755859375,5.728140354156494,2679.580810546875,4048
ds004302_sub-50,lh_bankssts,2.5691678524017334,0.007171557750552893,3359.349609375,0.6569306254386902,1287.8367919921875,1803
ds004302_sub-50,lh_caudalanteriorcingulate,2.0065042972564697,0.019932804629206657,1173.247802734375,2.214975357055664,583.0328369140625,901
ds004302_sub-50,lh_caudalmiddlefrontal,2.475815534591675,-0.026743026450276375,5100.93359375,1.339961051940918,1949.6138916015625,3072
ds004302_sub-50,lh_cuneus,1.7783812284469604,-0.048909299075603485,2860.41845703125,-2.3381879329681396,1459.546875,2241
ds004302_sub-50,lh_entorhinal,2.9680585861206055,-0.1077360212802887,1912.555419921875,-4.900520324707031,425.6502380371094,603
ds004302_sub-50,lh_fusiform,2.4666738510131836,-0.04250006377696991,8567.8203125,0.3101442754268646,3054.7607421875,4470
ds004302_sub-50,lh_inferiorparietal,2.3847463130950928,-0.03212961554527283,10232.220703125,0.6271862387657166,4056.548828125,5965
ds004302_sub-50,lh_inferiortemporal,2.4883947372436523,-0.019719818606972694,8083.32080078125,-0.783370852470398,2819.75390625,3918
ds004302_sub-50,lh_isthmuscingulate,2.0514044761657715,-0.023097964003682137,2616.72021484375,-0.4502544701099396,1099.31103515625,1597
ds004302_sub-50,lh_lateraloccipital,2.114612579345703,-0.03461809828877449,12183.0390625,-1.4550704956054688,5213.662109375,7950
ds004302_sub-50,lh_lateralorbitofrontal,2.3705694675445557,-0.01985829882323742,6260.55078125,-0.15300099551677704,2440.579833984375,3560
ds004302_sub-50,lh_lingual,2.1306588649749756,-0.0461694709956646,6654.0810546875,0.12488286197185516,2776.5048828125,4229
ds004302_sub-50,lh_medialorbitofrontal,2.2758257389068604,-0.05066895857453346,5218.26220703125,-1.3387483358383179,2146.892578125,3041
ds004302_sub-50,lh_middletemporal,2.5525970458984375,-0.0522734560072422,9767.48046875,-1.1405993700027466,3220.77685546875,4578
ds004302_sub-50,lh_parahippocampal,2.2384655475616455,-0.04896160215139389,1789.7427978515625,0.10657817870378494,680.7122192382812,1074
ds004302_sub-50,lh_paracentral,2.409010171890259,-0.038182180374860764,3109.516845703125,-0.5213358998298645,1226.418212890625,2080
ds004302_sub-50,lh_parsopercularis,2.5149424076080322,-0.05354307219386101,4335.9609375,-0.3915754556655884,1594.8609619140625,2373
ds004302_sub-50,lh_parsorbitalis,2.6433255672454834,-0.10229555517435074,2064.44091796875,-5.54663610458374,649.4534301757812,866
ds004302_sub-50,lh_parstriangularis,2.2058610916137695,-0.038244910538196564,3182.973388671875,-0.39123982191085815,1319.385986328125,1907
ds004302_sub-50,lh_pericalcarine,1.5809590816497803,0.048481255769729614,1657.3280029296875,2.58705735206604,1164.9300537109375,1800
ds004302_sub-50,lh_postcentral,1.9831339120864868,-0.054741207510232925,7351.9833984375,-0.7738418579101562,3463.1669921875,5563
ds004302_sub-50,lh_posteriorcingulate,2.154801845550537,0.011111258529126644,2610.412841796875,2.011796474456787,1175.572021484375,1703
ds004302_sub-50,lh_precentral,2.6598167419433594,-0.034403230994939804,11967.302734375,0.17786908149719238,4154.349609375,7143
ds004302_sub-50,lh_precuneus,2.2632157802581787,-0.008631889708340168,9234.515625,1.3668245077133179,3906.63818359375,5812
ds004302_sub-50,lh_rostralanteriorcingulate,2.7119498252868652,-0.013514921069145203,1880.3814697265625,0.9998730421066284,579.495361328125,846
ds004302_sub-50,lh_rostralmiddlefrontal,2.2989606857299805,-0.025225289165973663,12593.984375,0.010764996521174908,5255.708984375,7364
ds004302_sub-50,lh_superiorfrontal,2.6213717460632324,-0.031086815521121025,20633.033203125,-0.7436293363571167,7218.087890625,10900
ds004302_sub-50,lh_superiorparietal,2.159769058227539,-0.03558534011244774,12084.71875,-0.2839049696922302,5180.60888671875,7931
ds004302_sub-50,lh_superiortemporal,2.5168542861938477,-0.020054778084158897,11262.8203125,-0.09137562662363052,4065.83837890625,6126
ds004302_sub-50,lh_supramarginal,2.355203151702881,-0.02071371115744114,10669.9755859375,0.19381669163703918,4355.0546875,6245
ds004302_sub-50,lh_frontalpole,2.7562859058380127,-0.1448526680469513,1000.9243774414062,-8.346709251403809,278.6751708984375,378
ds004302_sub-50,lh_temporalpole,3.094862699508667,-0.07100721448659897,2129.68603515625,-7.158588409423828,526.6871337890625,725
ds004302_sub-50,lh_transversetemporal,2.284569263458252,-0.08745584636926651,1263.10986328125,3.226854085922241,480.74560546875,796
ds004302_sub-50,lh_insula,2.8827686309814453,0.02415667101740837,7122.3125,5.910161972045898,2476.6181640625,3717
ds004302_sub-50,rh_bankssts,2.298563003540039,0.03289549797773361,1713.62451171875,3.425848960876465,772.0192260742188,1196
ds004302_sub-50,rh_caudalanteriorcingulate,2.0901172161102295,0.011169271543622017,1953.9893798828125,1.197219729423523,867.97216796875,1294
ds004302_sub-50,rh_caudalmiddlefrontal,2.3674519062042236,-0.017496176064014435,4243.119140625,1.3221054077148438,1730.69287109375,2669
ds004302_sub-50,rh_cuneus,1.905152440071106,-0.05411279946565628,3224.87646484375,-3.484313488006592,1518.081787109375,2349
ds004302_sub-50,rh_entorhinal,3.3467442989349365,-0.08789027482271194,1575.2628173828125,-4.580772399902344,285.19891357421875,423
ds004302_sub-50,rh_fusiform,2.4873616695404053,-0.038197554647922516,9269.146484375,1.4440630674362183,3281.23193359375,4892
ds004302_sub-50,rh_inferiorparietal,2.2736334800720215,-0.022122684866189957,11708.6015625,0.9166253209114075,4876.77001953125,7131
ds004302_sub-50,rh_inferiortemporal,2.4819605350494385,-0.02674134634435177,9812.6982421875,-0.6479131579399109,3474.551025390625,4869
ds004302_sub-50,rh_isthmuscingulate,2.251572847366333,-0.0314316488802433,2947.29052734375,-0.6485415697097778,1137.615234375,1607
ds004302_sub-50,rh_lateraloccipital,2.0218377113342285,-0.02854115329682827,10158.52734375,-1.26419198513031,4770.34375,7141
ds004302_sub-50,rh_lateralorbitofrontal,2.40718674659729,-0.016171112656593323,7352.236328125,0.11234608292579651,2904.7900390625,4230
ds004302_sub-50,rh_lingual,2.0399537086486816,-0.0354824997484684,6782.59912109375,-0.43729525804519653,3118.482421875,4573
ds004302_sub-50,rh_medialorbitofrontal,2.2668702602386475,-0.03839854523539543,4997.3935546875,-1.7420860528945923,1990.3173828125,2774
ds004302_sub-50,rh_middletemporal,2.6445577144622803,-0.06040521338582039,11705.8818359375,-2.3695948123931885,3638.519775390625,5002
ds004302_sub-50,rh_parahippocampal,1.9549814462661743,-0.029800118878483772,1694.915283203125,1.1250733137130737,787.076171875,1238
ds004302_sub-50,rh_paracentral,2.414435863494873,-0.03092844970524311,3575.477294921875,0.05604621395468712,1431.78125,2420
ds004302_sub-50,rh_parsopercularis,2.443075656890869,-0.03377648815512657,3573.195556640625,0.9684904217720032,1359.42822265625,1974
ds004302_sub-50,rh_parsorbitalis,2.331408977508545,-0.06305400282144547,2399.83544921875,-4.263587951660156,857.982421875,1217
ds004302_sub-50,rh_parstriangularis,2.426158905029297,-0.038152944296598434,3826.304931640625,-1.0927455425262451,1440.331787109375,2131
ds004302_sub-50,rh_pericalcarine,1.577723741531372,0.05098624899983406,2036.9984130859375,1.9576548337936401,1431.60693359375,2159
ds004302_sub-50,rh_postcentral,1.9576148986816406,-0.04758954048156738,7691.380859375,-0.8769205212593079,3576.811767578125,5692
ds004302_sub-50,rh_posteriorcingulate,2.174734115600586,0.011506407521665096,3066.51513671875,2.0905046463012695,1302.450439453125,1829
ds004302_sub-50,rh_precentral,2.5813591480255127,-0.02345058135688305,11551.9404296875,0.3398996591567993,4170.220703125,6875
ds004302_sub-50,rh_precuneus,2.389655351638794,-0.01563866250216961,10037.921875,1.1243406534194946,4020.540771484375,5947
ds004302_sub-50,rh_rostralanteriorcingulate,2.34588360786438,-0.03395245969295502,2108.24169921875,0.6793621182441711,732.9331665039062,955
ds004302_sub-50,rh_rostralmiddlefrontal,2.308547019958496,-0.029637601226568222,13715.939453125,-0.27797332406044006,5563.95751953125,7756
ds004302_sub-50,rh_superiorfrontal,2.6911377906799316,-0.03398129716515541,19069.361328125,-0.7808322906494141,6578.08740234375,9994
ds004302_sub-50,rh_superiorparietal,2.142070770263672,-0.03489634022116661,11605.349609375,0.09936604648828506,5069.2890625,7818
ds004302_sub-50,rh_superiortemporal,2.6432063579559326,-0.0266399048268795,11093.0615234375,-0.3981192409992218,3770.79248046875,5658
ds004302_sub-50,rh_supramarginal,2.3761563301086426,-0.035880010575056076,10713.271484375,0.13048937916755676,4185.9677734375,6072
ds004302_sub-50,rh_frontalpole,2.552462577819824,-0.14816491305828094,1036.932861328125,-8.15742015838623,319.04400634765625,425
ds004302_sub-50,rh_temporalpole,3.530684232711792,-0.09074418991804123,2237.995849609375,-8.269454956054688,470.3599853515625,586
ds004302_sub-50,rh_transversetemporal,2.3718714714050293,-0.08554510027170181,937.857177734375,2.7928991317749023,357.32513427734375,624
ds004302_sub-50,rh_insula,2.9557366371154785,0.01977156475186348,7653.7119140625,5.74024772644043,2561.78271484375,3838
ds004302_sub-53,lh_bankssts,2.1549136638641357,0.016674553975462914,2864.97705078125,2.4741268157958984,1331.675048828125,1957
ds004302_sub-53,lh_caudalanteriorcingulate,2.1935486793518066,0.03250158578157425,1113.184814453125,2.300560474395752,507.6551513671875,794
ds004302_sub-53,lh_caudalmiddlefrontal,2.280970573425293,-0.024422449991106987,5291.0693359375,1.2872989177703857,2141.321533203125,3333
ds004302_sub-53,lh_cuneus,1.9595441818237305,-0.05968567728996277,2850.6650390625,-3.5947012901306152,1275.7294921875,1885
ds004302_sub-53,lh_entorhinal,3.6073343753814697,-0.08427690714597702,1543.62158203125,-5.457714080810547,298.1754150390625,424
ds004302_sub-53,lh_fusiform,2.7667410373687744,-0.025174317881464958,8631.4091796875,1.2183510065078735,2681.171875,3953
ds004302_sub-53,lh_inferiorparietal,2.307387590408325,-0.03372707962989807,9744.7080078125,0.7959450483322144,3921.7685546875,5658
ds004302_sub-53,lh_inferiortemporal,2.639042854309082,-0.05367923900485039,10092.4453125,-2.181947946548462,3129.0244140625,4280
ds004302_sub-53,lh_isthmuscingulate,2.379955768585205,-0.007578233722597361,2727.07861328125,0.031276166439056396,1040.8323974609375,1574
ds004302_sub-53,lh_lateraloccipital,1.987463116645813,-0.032635144889354706,10713.447265625,-1.2733064889907837,4992.9892578125,7424
ds004302_sub-53,lh_lateralorbitofrontal,2.4259932041168213,-0.023629842326045036,6192.12109375,-0.04191691800951958,2308.7841796875,3139
ds004302_sub-53,lh_lingual,1.9913536310195923,-0.028811832889914513,5506.8955078125,0.5276268124580383,2421.271484375,3633
ds004302_sub-53,lh_medialorbitofrontal,2.2253458499908447,-0.04791809991002083,4344.03271484375,-1.825434923171997,1826.249267578125,2562
ds004302_sub-53,lh_middletemporal,2.6737170219421387,-0.06478223949670792,9340.236328125,-1.7010416984558105,2887.7392578125,3925
ds004302_sub-53,lh_parahippocampal,2.6473023891448975,-0.045477841049432755,1960.470458984375,0.9182400107383728,623.8190307617188,958
ds004302_sub-53,lh_paracentral,2.284072160720825,-0.04345497116446495,2990.18115234375,-0.6209489107131958,1195.488525390625,1926
ds004302_sub-53,lh_parsopercularis,2.3796377182006836,-0.04000827297568321,3835.86572265625,-0.34401240944862366,1455.7861328125,2143
ds004302_sub-53,lh_parsorbitalis,2.417998790740967,-0.080065056681633,1807.88818359375,-4.733555793762207,567.3677978515625,776
ds004302_sub-53,lh_parstriangularis,2.062302589416504,-0.04287107288837433,2456.396240234375,-0.26344144344329834,1082.1856689453125,1606
ds004302_sub-53,lh_pericalcarine,1.588423728942871,0.061053551733493805,1633.147216796875,2.7571306228637695,1149.47998046875,1742
ds004302_sub-53,lh_postcentral,1.8078583478927612,-0.06534869223833084,6555.11083984375,-0.8096951842308044,3315.214111328125,5126
ds004302_sub-53,lh_posteriorcingulate,2.172283172607422,0.013774563558399677,2501.248046875,2.365103006362915,1009.0205078125,1465
ds004302_sub-53,lh_precentral,2.3820533752441406,-0.04010072723031044,11856.259765625,0.05837462097406387,4487.07958984375,7272
ds004302_sub-53,lh_precuneus,2.295438051223755,-0.015580588020384312,7167.58447265625,0.8224707841873169,2874.558349609375,4183
ds004302_sub-53,lh_rostralanteriorcingulate,2.604487895965576,-0.052105244249105453,2409.466796875,0.45287907123565674,783.6678466796875,1060
ds004302_sub-53,lh_rostralmiddlefrontal,2.051518678665161,-0.034523919224739075,10356.224609375,0.13266614079475403,4695.2265625,6629
ds004302_sub-53,lh_superiorfrontal,2.4226865768432617,-0.04221746325492859,18060.369140625,-0.7621574997901917,6722.24609375,9846
ds004302_sub-53,lh_superiorparietal,2.1693708896636963,-0.038800910115242004,11451.8056640625,0.5255457162857056,4785.6904296875,7316
ds004302_sub-53,lh_superiortemporal,2.4304349422454834,-0.0338270477950573,10777.654296875,-0.2168383002281189,3943.39404296875,5835
ds004302_sub-53,lh_supramarginal,2.3579788208007812,-0.03150968998670578,10934.634765625,0.2594180107116699,4194.4375,6180
ds004302_sub-53,lh_frontalpole,2.1165995597839355,-0.15766753256320953,619.8109741210938,-7.9783148765563965,230.3650360107422,311
ds004302_sub-53,lh_temporalpole,2.7708842754364014,-0.12061982601881027,1393.681884765625,-7.777200222015381,412.28741455078125,531
ds004302_sub-53,lh_transversetemporal,1.7014293670654297,-0.09449218958616257,1095.401611328125,2.6373281478881836,592.926025390625,842
ds004302_sub-53,lh_insula,2.7644002437591553,0.03143661096692085,6002.1875,5.959877967834473,2043.1376953125,3049
ds004302_sub-53,rh_bankssts,2.4221742153167725,0.03155438229441643,1995.5152587890625,3.536813259124756,833.909912109375,1232
ds004302_sub-53,rh_caudalanteriorcingulate,2.3587803840637207,0.0044057066552340984,1844.2222900390625,1.621652364730835,663.8098754882812,927
ds004302_sub-53,rh_caudalmiddlefrontal,2.3903157711029053,-0.02641436830163002,5561.8310546875,1.4955204725265503,2168.3955078125,3315
ds004302_sub-53,rh_cuneus,1.888940453529358,-0.0634363666176796,3550.97119140625,-3.5397284030914307,1493.4237060546875,2276
ds004302_sub-53,rh_entorhinal,3.3090970516204834,-0.06857634335756302,1553.1654052734375,-4.326249122619629,328.70281982421875,472
ds004302_sub-53,rh_fusiform,2.7188966274261475,-0.03027890808880329,8200.7119140625,1.034109354019165,2512.060791015625,3731
ds004302_sub-53,rh_inferiorparietal,2.3098747730255127,-0.037177134305238724,10553.1103515625,0.24685323238372803,4166.322265625,6035
ds004302_sub-53,rh_inferiortemporal,2.599004030227661,-0.06367660313844681,9755.5830078125,-1.437744140625,3115.123046875,4353
ds004302_sub-53,rh_isthmuscingulate,2.2513577938079834,-0.02635199949145317,2680.32421875,-0.04613920673727989,1009.9179077148438,1491
ds004302_sub-53,rh_lateraloccipital,2.097355365753174,-0.043768856674432755,10963.0146484375,-1.5969157218933105,4615.8681640625,6881
ds004302_sub-53,rh_lateralorbitofrontal,2.414734363555908,-0.016925299540162086,5616.9345703125,-0.019728437066078186,2143.8505859375,2943
ds004302_sub-53,rh_lingual,2.004749298095703,-0.02882586419582367,6656.0234375,0.23973716795444489,2937.3896484375,4295
ds004302_sub-53,rh_medialorbitofrontal,2.4495484828948975,-0.03438081592321396,4425.70654296875,-1.9867924451828003,1648.0537109375,2206
ds004302_sub-53,rh_middletemporal,2.602367401123047,-0.044810645282268524,10204.9892578125,-0.9863307476043701,3288.2021484375,4645
ds004302_sub-53,rh_parahippocampal,2.7776689529418945,-0.03116568550467491,1983.1021728515625,0.750438392162323,584.150390625,931
ds004302_sub-53,rh_paracentral,2.386658191680908,-0.03447430953383446,2856.7236328125,-0.24634745717048645,1124.405029296875,1862
ds004302_sub-53,rh_parsopercularis,2.452958583831787,-0.04288856312632561,3011.71826171875,0.12483058869838715,1110.8258056640625,1560
ds004302_sub-53,rh_parsorbitalis,2.3051254749298096,-0.08157069236040115,1977.2503662109375,-4.549936771392822,705.0562744140625,862
ds004302_sub-53,rh_parstriangularis,2.096829652786255,-0.02830117754638195,2944.0498046875,-0.2867915630340576,1280.31494140625,1795
ds004302_sub-53,rh_pericalcarine,1.4472410678863525,0.05460427701473236,1784.9730224609375,2.084789514541626,1396.809814453125,2068
ds004302_sub-53,rh_postcentral,2.004645347595215,-0.06598246097564697,9446.18359375,-1.1410471200942993,3865.13427734375,5982
ds004302_sub-53,rh_posteriorcingulate,2.097846508026123,-0.005768593866378069,2658.10595703125,2.0683181285858154,1119.963623046875,1547
ds004302_sub-53,rh_precentral,2.3235676288604736,-0.022407345473766327,12007.6826171875,0.7020788192749023,4571.77001953125,7229
ds004302_sub-53,rh_precuneus,2.297207832336426,-0.028266947716474533,7910.3994140625,0.758516252040863,3201.705810546875,4625
ds004302_sub-53,rh_rostralanteriorcingulate,2.470663547515869,-0.023040032014250755,1578.9444580078125,0.7593783140182495,547.2947998046875,717
ds004302_sub-53,rh_rostralmiddlefrontal,2.076031446456909,-0.02820659801363945,11672.3583984375,0.17982885241508484,5121.08642578125,7095
ds004302_sub-53,rh_superiorfrontal,2.333841562271118,-0.04325880482792854,16055.388671875,-1.0724749565124512,6244.69287109375,9188
ds004302_sub-53,rh_superiorparietal,2.078932523727417,-0.02859952114522457,9431.8447265625,0.8238695859909058,4341.7080078125,6553
ds004302_sub-53,rh_superiortemporal,2.5157580375671387,-0.037100788205862045,10393.244140625,-0.2372569590806961,3581.96728515625,5228
ds004302_sub-53,rh_supramarginal,2.3827972412109375,-0.02151852287352085,9247.373046875,0.6758759617805481,3418.61181640625,4958
ds004302_sub-53,rh_frontalpole,2.2363624572753906,-0.17507816851139069,885.7677612304688,-9.147435188293457,317.1236267089844,383
ds004302_sub-53,rh_temporalpole,3.348369598388672,-0.10630574822425842,1911.3592529296875,-8.071039199829102,430.07098388671875,540
ds004302_sub-53,rh_transversetemporal,1.9767121076583862,-0.05862273648381233,699.90478515625,4.132016658782959,353.1015625,519
ds004302_sub-53,rh_insula,2.8490712642669678,0.02931501902639866,6129.73828125,5.7527031898498535,1987.2998046875,3025
ds004302_sub-54,lh_bankssts,2.3314881324768066,0.032464370131492615,2217.39306640625,2.9019830226898193,1008.7152099609375,1433
ds004302_sub-54,lh_caudalanteriorcingulate,2.4813950061798096,-0.030505836009979248,1492.865234375,2.54451322555542,531.298583984375,729
ds004302_sub-54,lh_caudalmiddlefrontal,2.5588901042938232,-0.025818539783358574,6484.5947265625,1.042022705078125,2200.5361328125,3283
ds004302_sub-54,lh_cuneus,1.8161836862564087,-0.040543295443058014,3212.46826171875,-2.2949328422546387,1685.5958251953125,2314
ds004302_sub-54,lh_entorhinal,3.3053133487701416,-0.11004392802715302,1912.4891357421875,-4.534770965576172,365.361572265625,494
ds004302_sub-54,lh_fusiform,2.6941275596618652,-0.02803700417280197,8958.14453125,1.134938359260559,2979.2158203125,4293
ds004302_sub-54,lh_inferiorparietal,2.3395309448242188,-0.03198267146945,11384.751953125,1.1132417917251587,4353.626953125,6305
ds004302_sub-54,lh_inferiortemporal,2.7533810138702393,-0.04033192619681358,12290.6669921875,-1.040927767753601,3810.7744140625,5218
ds004302_sub-54,lh_isthmuscingulate,2.5022261142730713,-0.007888145744800568,2674.7158203125,0.28659674525260925,992.2337036132812,1425
ds004302_sub-54,lh_lateraloccipital,1.9711265563964844,-0.025744149461388588,10638.166015625,-1.449108600616455,5112.765625,7413
ds004302_sub-54,lh_lateralorbitofrontal,2.6169559955596924,-0.028474604710936546,7256.951171875,-0.10747669637203217,2556.72509765625,3232
ds004302_sub-54,lh_lingual,2.126758337020874,-0.035016801208257675,9047.603515625,-0.6437386274337769,3526.7333984375,4730
ds004302_sub-54,lh_medialorbitofrontal,2.253185272216797,-0.04121638834476471,4541.7275390625,-1.6000264883041382,1784.722900390625,2496
ds004302_sub-54,lh_middletemporal,2.7763054370880127,-0.0536932647228241,11530.0478515625,-1.228286862373352,3372.86181640625,4669
ds004302_sub-54,lh_parahippocampal,2.440598964691162,-0.05252408981323242,1896.060791015625,0.8591687083244324,651.6334838867188,974
ds004302_sub-54,lh_paracentral,2.416222333908081,-0.015943724662065506,2835.840087890625,0.28626546263694763,1120.796630859375,1833
ds004302_sub-54,lh_parsopercularis,2.5200767517089844,-0.05192878097295761,3897.20263671875,0.018452495336532593,1346.96630859375,1833
ds004302_sub-54,lh_parsorbitalis,2.6073615550994873,-0.12029386311769485,2161.17822265625,-5.014718055725098,656.5870971679688,825
ds004302_sub-54,lh_parstriangularis,2.4650754928588867,-0.004265486262738705,3213.3291015625,0.4626324474811554,1152.951904296875,1636
ds004302_sub-54,lh_pericalcarine,1.545298457145691,0.06397362053394318,2133.30419921875,2.860671281814575,1561.35400390625,2156
ds004302_sub-54,lh_postcentral,2.151221990585327,-0.05404072627425194,10702.359375,-1.0555059909820557,4429.3203125,6790
ds004302_sub-54,lh_posteriorcingulate,2.5966343879699707,0.006651049479842186,2670.6259765625,2.1374623775482178,905.2597045898438,1254
ds004302_sub-54,lh_precentral,2.512791395187378,-0.02513725869357586,13042.3076171875,0.6435325145721436,4695.13720703125,7582
ds004302_sub-54,lh_precuneus,2.356003761291504,-0.019571799784898758,8998.71484375,1.3956810235977173,3467.26611328125,4881
ds004302_sub-54,lh_rostralanteriorcingulate,2.6426525115966797,-0.03611694276332855,2793.340087890625,0.8374117016792297,913.2285766601562,1211
ds004302_sub-54,lh_rostralmiddlefrontal,2.2660484313964844,-0.03160569444298744,14622.552734375,-0.13310664892196655,5572.55322265625,7103
ds004302_sub-54,lh_superiorfrontal,2.701979160308838,-0.033246129751205444,22292.794921875,-0.9374130368232727,7126.029296875,10095
ds004302_sub-54,lh_superiorparietal,2.099205493927002,-0.03687196597456932,12747.125,-0.30338242650032043,5201.37548828125,7529
ds004302_sub-54,lh_superiortemporal,2.7053229808807373,-0.02724098414182663,10720.07421875,0.1853495091199875,3466.994384765625,5240
ds004302_sub-54,lh_supramarginal,2.454699754714966,-0.02459041401743889,10932.255859375,0.43976208567619324,3995.93017578125,5612
ds004302_sub-54,lh_frontalpole,2.571681022644043,-0.16071990132331848,895.3895263671875,-8.879983901977539,274.7648620605469,328
ds004302_sub-54,lh_temporalpole,3.3861210346221924,-0.10669978708028793,2186.364501953125,-7.5361409187316895,504.0608825683594,607
ds004302_sub-54,lh_transversetemporal,2.065523147583008,-0.08842756599187851,1097.90283203125,2.528059244155884,491.04425048828125,706
ds004302_sub-54,lh_insula,3.06246280670166,0.0176173597574234,7548.32958984375,5.29469108581543,2363.583984375,3515
ds004302_sub-54,rh_bankssts,2.4595203399658203,0.0510147400200367,1933.3997802734375,4.8242902755737305,824.2451171875,1222
ds004302_sub-54,rh_caudalanteriorcingulate,2.1761474609375,0.015984920784831047,1967.1800537109375,1.803794264793396,726.6563110351562,1035
ds004302_sub-54,rh_caudalmiddlefrontal,2.4877817630767822,-0.027363203465938568,5904.37548828125,0.9945077300071716,2121.80126953125,3167
ds004302_sub-54,rh_cuneus,2.1021621227264404,-0.047780923545360565,4523.0771484375,-3.1730475425720215,1641.9176025390625,2274
ds004302_sub-54,rh_entorhinal,2.868853807449341,-0.0966121256351471,1734.255615234375,-4.156226634979248,389.22607421875,559
ds004302_sub-54,rh_fusiform,2.625621795654297,-0.025052817538380623,7748.8984375,1.834886074066162,2562.80078125,3722
ds004302_sub-54,rh_inferiorparietal,2.360692024230957,-0.028871573507785797,13108.8935546875,0.5601730942726135,5014.26171875,6973
ds004302_sub-54,rh_inferiortemporal,2.6651058197021484,-0.01572229340672493,10453.818359375,-0.5888739824295044,3293.725341796875,4437
ds004302_sub-54,rh_isthmuscingulate,2.2670392990112305,-0.018145296722650528,2556.08984375,-0.07233239710330963,990.5184936523438,1320
ds004302_sub-54,rh_lateraloccipital,2.161360740661621,-0.04296990483999252,13586.052734375,-1.8490948677062988,5440.5615234375,7727
ds004302_sub-54,rh_lateralorbitofrontal,2.5619423389434814,-0.013525662012398243,6561.94775390625,0.736663818359375,2398.60595703125,3409
ds004302_sub-54,rh_lingual,2.0392706394195557,-0.041439238935709,7223.6904296875,-0.471303254365921,3313.335693359375,4497
ds004302_sub-54,rh_medialorbitofrontal,2.41890287399292,-0.040623050183057785,5590.51513671875,-1.2802280187606812,2099.7333984375,2811
ds004302_sub-54,rh_middletemporal,2.7879889011383057,-0.05917482450604439,12351.517578125,-1.5956579446792603,3598.41064453125,4728
ds004302_sub-54,rh_parahippocampal,2.5837416648864746,-0.009168670512735844,1840.315185546875,0.27008992433547974,580.0599975585938,899
ds004302_sub-54,rh_paracentral,2.5144238471984863,-0.017575053498148918,3408.84130859375,-0.0833468809723854,1222.078125,1945
ds004302_sub-54,rh_parsopercularis,2.3827931880950928,-0.03503892198204994,3630.75341796875,0.7795161008834839,1359.436279296875,1963
ds004302_sub-54,rh_parsorbitalis,2.899698257446289,-0.09063120931386948,2927.98974609375,-5.287911891937256,806.6717529296875,1015
ds004302_sub-54,rh_parstriangularis,2.546337604522705,-0.02877749502658844,4100.869140625,-0.007752818986773491,1403.5015869140625,1961
ds004302_sub-54,rh_pericalcarine,1.6556638479232788,0.058067768812179565,2571.02001953125,2.511237859725952,1702.3143310546875,2443
ds004302_sub-54,rh_postcentral,2.1395204067230225,-0.055849816650152206,10291.35546875,-1.0085117816925049,4213.1123046875,6404
ds004302_sub-54,rh_posteriorcingulate,2.195321798324585,0.02873470075428486,2391.5390625,2.456655979156494,946.5227661132812,1357
ds004302_sub-54,rh_precentral,2.6173081398010254,-0.01870831288397312,12441.0166015625,0.7352229952812195,4302.84375,6858
ds004302_sub-54,rh_precuneus,2.3436503410339355,-0.016131727024912834,9001.2421875,1.438478708267212,3556.810546875,5061
ds004302_sub-54,rh_rostralanteriorcingulate,2.4854564666748047,-0.013619264587759972,1717.938720703125,1.3147753477096558,588.298095703125,741
ds004302_sub-54,rh_rostralmiddlefrontal,2.1986961364746094,-0.031938470900058746,14584.11328125,-0.3886948823928833,5784.8203125,7855
ds004302_sub-54,rh_superiorfrontal,2.629518747329712,-0.03423435240983963,21756.73828125,-0.817640483379364,7246.13330078125,10340
ds004302_sub-54,rh_superiorparietal,2.10154390335083,-0.029873209074139595,12124.923828125,-0.14559049904346466,5157.73681640625,7630
ds004302_sub-54,rh_superiortemporal,2.6678853034973145,-0.04557172209024429,9999.1298828125,-0.5362217426300049,3229.350830078125,4724
ds004302_sub-54,rh_supramarginal,2.5963680744171143,-0.028470585122704506,9412.0546875,0.4552355706691742,3246.367919921875,4474
ds004302_sub-54,rh_frontalpole,2.599297046661377,-0.15131568908691406,1116.715087890625,-8.96872329711914,299.5394287109375,329
ds004302_sub-54,rh_temporalpole,3.653775453567505,-0.11645554006099701,2640.556640625,-8.112701416015625,471.67401123046875,591
ds004302_sub-54,rh_transversetemporal,2.5368833541870117,-0.09012019634246826,861.38916015625,3.4894464015960693,297.51837158203125,462
ds004302_sub-54,rh_insula,3.1455752849578857,0.036383915692567825,6611.5927734375,6.435262203216553,1978.3275146484375,2983
ds004302_sub-55,lh_bankssts,2.428145170211792,0.007689198479056358,2108.5126953125,1.5427128076553345,860.9927368164062,1257
ds004302_sub-55,lh_caudalanteriorcingulate,2.714435577392578,0.02207992784678936,1515.199951171875,2.2028393745422363,499.781005859375,767
ds004302_sub-55,lh_caudalmiddlefrontal,2.4751925468444824,-0.025514261797070503,5421.9091796875,1.0703104734420776,2021.0635986328125,3106
ds004302_sub-55,lh_cuneus,1.8436944484710693,-0.049237433820962906,3078.25146484375,-1.9805160760879517,1520.732421875,2251
ds004302_sub-55,lh_entorhinal,2.8738443851470947,-0.043062929064035416,1592.204345703125,-3.356637954711914,392.8409729003906,601
ds004302_sub-55,lh_fusiform,2.6277847290039062,-0.03664954751729965,10597.943359375,0.9775940179824829,3480.65966796875,4984
ds004302_sub-55,lh_inferiorparietal,2.4534666538238525,-0.04005961865186691,9786.287109375,1.094950795173645,3608.65771484375,5417
ds004302_sub-55,lh_inferiortemporal,2.539027452468872,-0.027000926434993744,9300.646484375,-0.4181442856788635,3005.9150390625,4164
ds004302_sub-55,lh_isthmuscingulate,2.280749797821045,-0.03262091428041458,2857.5390625,-0.08192573487758636,1102.8541259765625,1652
ds004302_sub-55,lh_lateraloccipital,1.9473122358322144,-0.02726168744266033,11738.447265625,-1.7637726068496704,5551.50439453125,8234
ds004302_sub-55,lh_lateralorbitofrontal,2.6353209018707275,-0.018978700041770935,6862.20849609375,-0.1005711704492569,2293.46826171875,3141
ds004302_sub-55,lh_lingual,1.9061695337295532,-0.03120042197406292,6659.8525390625,-0.5385411381721497,3030.011962890625,4342
ds004302_sub-55,lh_medialorbitofrontal,2.292308807373047,-0.03372891619801521,4270.8759765625,-1.790031909942627,1590.04248046875,2110
ds004302_sub-55,lh_middletemporal,2.7233238220214844,-0.07782883197069168,11391.63671875,-1.8652517795562744,3208.676513671875,4501
ds004302_sub-55,lh_parahippocampal,2.5740580558776855,-0.05151059851050377,2085.565185546875,0.5967891812324524,673.732666015625,1070
ds004302_sub-55,lh_paracentral,2.26516056060791,-0.03363418951630592,2955.80224609375,-0.5077559947967529,1209.8941650390625,2000
ds004302_sub-55,lh_parsopercularis,2.4049103260040283,-0.02746320329606533,4528.658203125,-0.2506955564022064,1616.586181640625,2359
ds004302_sub-55,lh_parsorbitalis,2.6596720218658447,-0.1014157310128212,2662.97607421875,-5.6047749519348145,742.4501342773438,981
ds004302_sub-55,lh_parstriangularis,2.200761556625366,-0.030348245054483414,3231.420166015625,-0.43093186616897583,1276.8372802734375,1834
ds004302_sub-55,lh_pericalcarine,1.5794448852539062,0.04084649682044983,1865.10546875,2.6323766708374023,1314.735595703125,1974
ds004302_sub-55,lh_postcentral,1.9407726526260376,-0.05319738760590553,9294.505859375,-0.9051957726478577,4257.9912109375,6745
ds004302_sub-55,lh_posteriorcingulate,2.2774531841278076,0.003991605248302221,2778.26123046875,2.187225818634033,1087.0810546875,1590
ds004302_sub-55,lh_precentral,2.3633875846862793,-0.02725309506058693,11948.734375,0.7101055383682251,4619.63623046875,7481
ds004302_sub-55,lh_precuneus,2.385457992553711,-0.014129740186035633,8100.6279296875,1.4741235971450806,3121.841552734375,4578
ds004302_sub-55,lh_rostralanteriorcingulate,2.2952141761779785,-0.04146566614508629,2079.1845703125,0.870177686214447,770.8734130859375,1138
ds004302_sub-55,lh_rostralmiddlefrontal,2.214150905609131,-0.028870414942502975,13483.88671875,0.1885567158460617,5465.63623046875,7649
ds004302_sub-55,lh_superiorfrontal,2.5477652549743652,-0.04123532399535179,20278.65625,-1.087522268295288,6946.33447265625,10166
ds004302_sub-55,lh_superiorparietal,2.165653705596924,-0.0341821014881134,12511.513671875,0.05992171913385391,5104.7197265625,7759
ds004302_sub-55,lh_superiortemporal,2.5255579948425293,-0.02539692632853985,12561.7421875,0.025370536372065544,4385.25,6490
ds004302_sub-55,lh_supramarginal,2.498605728149414,-0.03404223918914795,10554.83984375,0.4024011194705963,3880.594482421875,5678
ds004302_sub-55,lh_frontalpole,2.4272027015686035,-0.15028727054595947,861.0496826171875,-8.638215065002441,270.84747314453125,345
ds004302_sub-55,lh_temporalpole,2.951404571533203,-0.11263158172369003,2056.136474609375,-7.408146858215332,487.79913330078125,599
ds004302_sub-55,lh_transversetemporal,2.3608930110931396,-0.06902630627155304,1054.7447509765625,3.5132439136505127,413.0572204589844,708
ds004302_sub-55,lh_insula,3.0653293132781982,0.016536535695195198,5799.9638671875,6.051534652709961,1858.287353515625,2829
ds004302_sub-55,rh_bankssts,2.3599281311035156,0.04735177755355835,1610.343017578125,4.835669994354248,718.716796875,1087
ds004302_sub-55,rh_caudalanteriorcingulate,2.238762855529785,0.019424956291913986,1541.2918701171875,2.2045602798461914,669.4142456054688,960
ds004302_sub-55,rh_caudalmiddlefrontal,2.4713103771209717,-0.006442336831241846,4738.302734375,1.765981912612915,1857.0224609375,2851
ds004302_sub-55,rh_cuneus,1.707610011100769,-0.04751073569059372,3223.645263671875,-2.916114091873169,1705.5001220703125,2526
ds004302_sub-55,rh_entorhinal,3.257829189300537,-0.10796365886926651,1663.025146484375,-4.499140739440918,334.43780517578125,473
ds004302_sub-55,rh_fusiform,2.766554832458496,-0.03689328953623772,8324.0146484375,1.5862705707550049,2616.441650390625,3662
ds004302_sub-55,rh_inferiorparietal,2.416980504989624,-0.03446986898779869,12496.068359375,0.4230380356311798,4552.228515625,6552
ds004302_sub-55,rh_inferiortemporal,2.730680227279663,-0.04605335742235184,11148.623046875,-1.4269028902053833,3399.860107421875,4505
ds004302_sub-55,rh_isthmuscingulate,2.253145217895508,-0.034511689096689224,2604.919921875,-0.06882265955209732,991.1007690429688,1532
ds004302_sub-55,rh_lateraloccipital,2.137852430343628,-0.029636921361088753,13043.28125,-1.5242390632629395,5317.537109375,7635
ds004302_sub-55,rh_lateralorbitofrontal,2.4297919273376465,-0.016758324578404427,6661.3359375,0.07121671736240387,2498.64306640625,3313
ds004302_sub-55,rh_lingual,1.9463801383972168,-0.03385361284017563,7982.8896484375,-0.5732885599136353,3526.138427734375,5201
ds004302_sub-55,rh_medialorbitofrontal,2.3500545024871826,-0.03667591139674187,5026.0361328125,-1.5876989364624023,1816.07861328125,2498
ds004302_sub-55,rh_middletemporal,2.702660083770752,-0.0491042286157608,11029.4970703125,-1.8125433921813965,3232.59033203125,4445
ds004302_sub-55,rh_parahippocampal,2.398691415786743,-0.03709634765982628,1965.560546875,1.0345460176467896,686.2020874023438,1087
ds004302_sub-55,rh_paracentral,2.2063050270080566,-0.01637108251452446,3085.2001953125,0.15011651813983917,1334.552978515625,2197
ds004302_sub-55,rh_parsopercularis,2.41850209236145,-0.03971925005316734,3399.376220703125,1.0378437042236328,1287.981689453125,1798
ds004302_sub-55,rh_parsorbitalis,2.4961740970611572,-0.09319628775119781,2790.9296875,-5.087846755981445,833.7178955078125,1041
ds004302_sub-55,rh_parstriangularis,2.1006181240081787,-0.01776045747101307,3417.32568359375,-0.13837240636348724,1439.8968505859375,2077
ds004302_sub-55,rh_pericalcarine,1.5690109729766846,0.033135123550891876,2441.24365234375,1.9748985767364502,1713.7257080078125,2593
ds004302_sub-55,rh_postcentral,2.0624842643737793,-0.05642923712730408,11105.0517578125,-0.9521915912628174,4637.40625,7255
ds004302_sub-55,rh_posteriorcingulate,2.148664712905884,0.002617682795971632,2789.28076171875,1.884788155555725,1186.365234375,1668
ds004302_sub-55,rh_precentral,2.4701130390167236,-0.022392941638827324,11765.921875,0.6930290460586548,4297.91162109375,6927
ds004302_sub-55,rh_precuneus,2.237159252166748,-0.01742391288280487,8567.529296875,1.2376731634140015,3504.343505859375,5137
ds004302_sub-55,rh_rostralanteriorcingulate,2.7404532432556152,-0.06495878100395203,2052.8583984375,0.43494129180908203,620.7552490234375,794
ds004302_sub-55,rh_rostralmiddlefrontal,2.2254581451416016,-0.030933940783143044,15184.947265625,0.02563941478729248,5990.08349609375,8389
ds004302_sub-55,rh_superiorfrontal,2.558518648147583,-0.03252740949392319,19360.14453125,-0.8069621324539185,6733.70068359375,9910
ds004302_sub-55,rh_superiorparietal,2.1804006099700928,-0.029993318021297455,11528.0859375,0.05263238027691841,4697.62109375,7047
ds004302_sub-55,rh_superiortemporal,2.6039178371429443,-0.028996869921684265,10315.9296875,-0.17999523878097534,3229.065673828125,4687
ds004302_sub-55,rh_supramarginal,2.4207465648651123,-0.03132050484418869,9488.330078125,0.7002857327461243,3535.323486328125,4975
ds004302_sub-55,rh_frontalpole,2.6117188930511475,-0.16254596412181854,1014.7169189453125,-9.077737808227539,297.0939636230469,387
ds004302_sub-55,rh_temporalpole,3.5432379245758057,-0.10568498075008392,2737.539306640625,-9.39168643951416,505.19879150390625,576
ds004302_sub-55,rh_transversetemporal,2.252720355987549,-0.01722770184278488,827.43310546875,4.349567413330078,349.7126770019531,576
ds004302_sub-55,rh_insula,3.144030809402466,0.02937649004161358,6043.46728515625,6.3078837394714355,1803.259765625,2646
ds004302_sub-56,lh_bankssts,2.355154037475586,0.01415766030550003,2143.673583984375,1.3901442289352417,902.3959350585938,1348
ds004302_sub-56,lh_caudalanteriorcingulate,2.571829319000244,0.006268895231187344,2048.35791015625,2.1872193813323975,675.248046875,1038
ds004302_sub-56,lh_caudalmiddlefrontal,2.401984214782715,-0.019757689908146858,5748.8818359375,1.273851990699768,2218.511962890625,3271
ds004302_sub-56,lh_cuneus,1.9401259422302246,-0.04601019620895386,3383.5361328125,-2.9079749584198,1643.113037109375,2212
ds004302_sub-56,lh_entorhinal,2.605876922607422,-0.031959690153598785,1510.5712890625,-4.648980617523193,457.82110595703125,630
ds004302_sub-56,lh_fusiform,2.61360502243042,-0.037839438766241074,9749.140625,0.9672672748565674,3203.03369140625,4554
ds004302_sub-56,lh_inferiorparietal,2.3576743602752686,-0.020442185923457146,10211.1591796875,0.6505842804908752,4017.87646484375,5580
ds004302_sub-56,lh_inferiortemporal,2.635826349258423,-0.01363308448344469,10411.5927734375,-0.7197694182395935,3483.978515625,4751
ds004302_sub-56,lh_isthmuscingulate,2.2137486934661865,-0.019584013149142265,2772.8154296875,-0.16176001727581024,1089.769775390625,1542
ds004302_sub-56,lh_lateraloccipital,2.331307888031006,-0.041715510189533234,15066.015625,-2.635627269744873,5560.6650390625,7505
ds004302_sub-56,lh_lateralorbitofrontal,2.5460257530212402,-0.000137795097543858,7441.4033203125,0.2433188408613205,2664.3759765625,3737
ds004302_sub-56,lh_lingual,2.1013882160186768,-0.021020647138357162,6824.33447265625,0.18140041828155518,2932.474853515625,4070
ds004302_sub-56,lh_medialorbitofrontal,2.730388641357422,-0.03535321727395058,5789.41748046875,-2.2767088413238525,1784.4395751953125,2478
ds004302_sub-56,lh_middletemporal,2.60884165763855,-0.05069038271903992,10786.0,-1.5915148258209229,3422.21923828125,4675
ds004302_sub-56,lh_parahippocampal,2.787442684173584,-0.03314799815416336,2242.25439453125,-0.2657782733440399,649.4066162109375,988
ds004302_sub-56,lh_paracentral,2.3429112434387207,-0.021294472739100456,3345.344970703125,-0.1574282944202423,1358.0020751953125,2173
ds004302_sub-56,lh_parsopercularis,2.4896819591522217,-0.028284067288041115,4579.8076171875,-0.06123732402920723,1660.7203369140625,2379
ds004302_sub-56,lh_parsorbitalis,2.561929225921631,-0.09748487174510956,2737.50390625,-6.22493314743042,820.5616455078125,1059
ds004302_sub-56,lh_parstriangularis,2.477222442626953,-0.023485491052269936,3325.8935546875,0.22871240973472595,1206.5301513671875,1771
ds004302_sub-56,lh_pericalcarine,1.809116244316101,0.0512753427028656,2343.05810546875,3.6163692474365234,1418.2955322265625,2003
ds004302_sub-56,lh_postcentral,2.0707955360412598,-0.04427434131503105,10998.2939453125,-0.7498366832733154,4759.935546875,7211
ds004302_sub-56,lh_posteriorcingulate,2.336031675338745,0.011019186116755009,3780.3408203125,2.339268445968628,1498.2115478515625,2074
ds004302_sub-56,lh_precentral,2.612086534500122,-0.020663421601057053,14612.8203125,0.3620631694793701,5124.74267578125,8325
ds004302_sub-56,lh_precuneus,2.361510753631592,-0.0012142437044531107,10443.064453125,1.7794935703277588,4228.94677734375,5820
ds004302_sub-56,lh_rostralanteriorcingulate,2.5537726879119873,-0.012652749195694923,2172.4189453125,1.5583993196487427,700.8530883789062,1036
ds004302_sub-56,lh_rostralmiddlefrontal,2.3972980976104736,-0.031283777207136154,14859.5244140625,-0.03775353357195854,5512.0751953125,7402
ds004302_sub-56,lh_superiorfrontal,2.7077462673187256,-0.028982188552618027,23135.51171875,-0.7622224688529968,7393.98583984375,10739
ds004302_sub-56,lh_superiorparietal,2.155893087387085,-0.025318022817373276,14417.1064453125,-0.5281635522842407,6259.38232421875,9300
ds004302_sub-56,lh_superiortemporal,2.5423948764801025,-0.021918555721640587,13621.515625,0.263771653175354,4705.697265625,7024
ds004302_sub-56,lh_supramarginal,2.347508430480957,-0.013547088950872421,14885.3720703125,0.8587431311607361,5861.912109375,8432
ds004302_sub-56,lh_frontalpole,2.7434511184692383,-0.14873497188091278,1126.778564453125,-8.739519119262695,312.23199462890625,335
ds004302_sub-56,lh_temporalpole,3.037672281265259,-0.08181605488061905,2355.592529296875,-7.6836442947387695,613.844970703125,770
ds004302_sub-56,lh_transversetemporal,2.2761776447296143,-0.0843496322631836,1407.990234375,2.0321083068847656,535.3715209960938,831
ds004302_sub-56,lh_insula,2.994703769683838,0.028531625866889954,7209.8564453125,5.98568058013916,2374.67919921875,3530
ds004302_sub-56,rh_bankssts,2.4190750122070312,0.04641217365860939,2247.16650390625,5.205994606018066,986.7152099609375,1507
ds004302_sub-56,rh_caudalanteriorcingulate,2.3010506629943848,0.004903699271380901,1591.8609619140625,1.413116693496704,604.2339477539062,959
ds004302_sub-56,rh_caudalmiddlefrontal,2.3391854763031006,-0.012056726962327957,5834.67919921875,1.8739701509475708,2285.64697265625,3324
ds004302_sub-56,rh_cuneus,2.122169256210327,-0.06372924894094467,4542.09033203125,-3.659982204437256,1755.6346435546875,2515
ds004302_sub-56,rh_entorhinal,2.8259501457214355,-0.06097337603569031,2066.694091796875,-5.562049865722656,482.8431396484375,708
ds004302_sub-56,rh_fusiform,2.489534854888916,-0.018828267231583595,9876.228515625,1.4871628284454346,3368.707763671875,4822
ds004302_sub-56,rh_inferiorparietal,2.421772003173828,-0.015530805103480816,16656.646484375,0.39079713821411133,6173.49560546875,8852
ds004302_sub-56,rh_inferiortemporal,2.4522809982299805,-0.02779305726289749,10486.779296875,-0.8882072567939758,3614.52880859375,5029
ds004302_sub-56,rh_isthmuscingulate,2.1904098987579346,-0.021921146661043167,2399.802978515625,-0.20359687507152557,969.7409057617188,1330
ds004302_sub-56,rh_lateraloccipital,2.499544858932495,-0.03694530576467514,15043.66015625,-2.172550678253174,5168.2841796875,7097
ds004302_sub-56,rh_lateralorbitofrontal,2.339601755142212,-0.022060343995690346,6835.6513671875,-0.0493207648396492,2569.357666015625,3585
ds004302_sub-56,rh_lingual,2.1798477172851562,-0.03832932561635971,7640.6259765625,-0.8293097019195557,3145.510009765625,4417
ds004302_sub-56,rh_medialorbitofrontal,2.2889153957366943,-0.04395275563001633,5520.466796875,-1.373252272605896,2007.177490234375,2830
ds004302_sub-56,rh_middletemporal,2.685333728790283,-0.04391855373978615,13512.99609375,-1.616588830947876,4141.640625,5734
ds004302_sub-56,rh_parahippocampal,2.3263111114501953,-0.0069791097193956375,1654.524658203125,0.8473075032234192,555.797607421875,875
ds004302_sub-56,rh_paracentral,2.136272668838501,-0.006893057841807604,3385.492919921875,1.008825659751892,1565.4349365234375,2442
ds004302_sub-56,rh_parsopercularis,2.4448256492614746,-0.028404276818037033,4550.50634765625,0.5241055488586426,1701.978759765625,2405
ds004302_sub-56,rh_parsorbitalis,2.593113422393799,-0.07836191356182098,3049.8662109375,-4.834900379180908,911.892822265625,1237
ds004302_sub-56,rh_parstriangularis,2.408201217651367,-0.020859135314822197,4558.208984375,-0.30083876848220825,1626.3773193359375,2241
ds004302_sub-56,rh_pericalcarine,1.8388848304748535,0.030613167211413383,2602.6669921875,1.5838812589645386,1519.980712890625,2132
ds004302_sub-56,rh_postcentral,2.0857880115509033,-0.03774328902363777,11284.5556640625,-0.9845861196517944,4708.3525390625,7123
ds004302_sub-56,rh_posteriorcingulate,2.314368486404419,-0.000731948297470808,3128.810546875,1.8437834978103638,1267.210205078125,1748
ds004302_sub-56,rh_precentral,2.525209426879883,-0.024103624746203423,15133.8642578125,0.04087265208363533,5349.96337890625,8386
ds004302_sub-56,rh_precuneus,2.4480881690979004,-0.00409957068040967,11206.6396484375,2.221071720123291,4436.2431640625,6389
ds004302_sub-56,rh_rostralanteriorcingulate,2.3665549755096436,-0.019996585324406624,1555.057861328125,1.4848333597183228,561.71435546875,800
ds004302_sub-56,rh_rostralmiddlefrontal,2.254925489425659,-0.02608405612409115,13124.0732421875,-0.21696437895298004,5022.55859375,6757
ds004302_sub-56,rh_superiorfrontal,2.6638669967651367,-0.023713966831564903,21835.341796875,-0.451468288898468,7204.3916015625,10595
ds004302_sub-56,rh_superiorparietal,2.184605836868286,-0.02756172977387905,14536.6689453125,-0.4912625551223755,6016.97119140625,9073
ds004302_sub-56,rh_superiortemporal,2.713050365447998,-0.03501291200518608,11539.501953125,-0.2869333326816559,3605.654052734375,5457
ds004302_sub-56,rh_supramarginal,2.368469476699829,-0.014604548923671246,8428.58984375,0.8135378956794739,3099.09130859375,4546
ds004302_sub-56,rh_frontalpole,2.6692893505096436,-0.17596985399723053,1419.3544921875,-8.53154468536377,368.3311767578125,469
ds004302_sub-56,rh_temporalpole,3.305600643157959,-0.12917202711105347,2571.81396484375,-7.643637180328369,545.0408325195312,685
ds004302_sub-56,rh_transversetemporal,2.849588632583618,-0.028945472091436386,900.8298950195312,3.997105836868286,301.89031982421875,473
ds004302_sub-56,rh_insula,2.9781036376953125,0.022181587293744087,6863.32568359375,6.0368781089782715,2202.94091796875,3309
ds004302_sub-57,lh_bankssts,2.325162172317505,0.039095085114240646,1814.085205078125,5.115289211273193,849.7318115234375,1234
ds004302_sub-57,lh_caudalanteriorcingulate,2.224127769470215,0.005457663908600807,955.4581298828125,2.7126331329345703,440.0071105957031,661
ds004302_sub-57,lh_caudalmiddlefrontal,2.1766929626464844,-0.013528838753700256,3913.82666015625,1.9339604377746582,1688.3048095703125,2574
ds004302_sub-57,lh_cuneus,1.6408185958862305,-0.037839170545339584,2262.057373046875,-2.1670567989349365,1353.203369140625,1935
ds004302_sub-57,lh_entorhinal,3.2948267459869385,-0.05371424928307533,1855.025634765625,-4.892582893371582,433.6767578125,631
ds004302_sub-57,lh_fusiform,2.6845226287841797,-0.03561635687947273,8892.82421875,0.7968090176582336,2804.85791015625,4114
ds004302_sub-57,lh_inferiorparietal,2.287259578704834,-0.017811212688684464,9929.666015625,0.9052606821060181,4107.2744140625,5969
ds004302_sub-57,lh_inferiortemporal,2.5967183113098145,-0.024377094581723213,8750.7802734375,-0.44850465655326843,2980.614501953125,4275
ds004302_sub-57,lh_isthmuscingulate,2.0405921936035156,-0.0019828020595014095,1839.987060546875,0.4901295602321625,851.7222900390625,1302
ds004302_sub-57,lh_lateraloccipital,1.9617165327072144,-0.04350566864013672,8980.951171875,-1.5709706544876099,4291.8037109375,6457
ds004302_sub-57,lh_lateralorbitofrontal,2.58836030960083,-0.015228400006890297,5761.87548828125,0.06286320090293884,2130.76806640625,3023
ds004302_sub-57,lh_lingual,2.0179617404937744,-0.031161729246377945,5630.71728515625,-0.24306200444698334,2493.1064453125,3562
ds004302_sub-57,lh_medialorbitofrontal,2.205157995223999,-0.04449015110731125,3821.59130859375,-1.9092210531234741,1598.40234375,2293
ds004302_sub-57,lh_middletemporal,2.591318368911743,-0.06620331108570099,8483.7890625,-2.1399083137512207,2751.5029296875,3853
ds004302_sub-57,lh_parahippocampal,2.9753365516662598,-0.04802386462688446,2306.02587890625,-0.7202005982398987,637.3960571289062,973
ds004302_sub-57,lh_paracentral,2.2101221084594727,-0.043088026344776154,2595.6044921875,-0.5652071833610535,1100.6754150390625,1802
ds004302_sub-57,lh_parsopercularis,2.242582321166992,-0.04295960068702698,2803.92822265625,-0.8522739410400391,1131.144775390625,1616
ds004302_sub-57,lh_parsorbitalis,2.3177995681762695,-0.08985075354576111,1853.047607421875,-4.530210494995117,655.2252807617188,887
ds004302_sub-57,lh_parstriangularis,2.157008171081543,-0.03049984760582447,2321.6962890625,-0.07117266952991486,993.0111083984375,1441
ds004302_sub-57,lh_pericalcarine,1.4466705322265625,0.06830962747335434,1414.81787109375,2.444485902786255,1122.727294921875,1661
ds004302_sub-57,lh_postcentral,1.9022690057754517,-0.061365727335214615,7328.61181640625,-0.732915997505188,3452.98583984375,5332
ds004302_sub-57,lh_posteriorcingulate,2.1130874156951904,0.023090718314051628,2194.544677734375,2.5005698204040527,1023.7642211914062,1492
ds004302_sub-57,lh_precentral,2.324388027191162,-0.03303367272019386,10213.4091796875,0.4461996555328369,4021.352294921875,6702
ds004302_sub-57,lh_precuneus,2.1408095359802246,-0.022554554045200348,7373.96337890625,1.2207673788070679,3247.6611328125,4687
ds004302_sub-57,lh_rostralanteriorcingulate,2.410778522491455,-0.06811702996492386,1614.0107421875,0.4513821303844452,609.7720336914062,836
ds004302_sub-57,lh_rostralmiddlefrontal,2.0695295333862305,-0.02690650150179863,11577.521484375,0.08113431185483932,4953.7275390625,6862
ds004302_sub-57,lh_superiorfrontal,2.3623270988464355,-0.029548855498433113,16588.328125,-0.9597398042678833,6344.08544921875,9283
ds004302_sub-57,lh_superiorparietal,2.0643813610076904,-0.03125668317079544,10291.404296875,-0.21815283596515656,4517.63623046875,6834
ds004302_sub-57,lh_superiortemporal,2.51936674118042,-0.0302201509475708,8645.63671875,-0.07268182188272476,3122.8896484375,4569
ds004302_sub-57,lh_supramarginal,2.3674564361572266,-0.03180563077330589,7518.82470703125,0.1359574943780899,2934.40087890625,4200
ds004302_sub-57,lh_frontalpole,2.062668800354004,-0.12186247110366821,552.9715576171875,-6.948805809020996,220.48422241210938,277
ds004302_sub-57,lh_temporalpole,3.313688278198242,-0.10530846565961838,2330.856201171875,-8.039558410644531,508.06561279296875,695
ds004302_sub-57,lh_transversetemporal,2.263611078262329,-0.045431412756443024,821.9645385742188,3.972285747528076,355.23687744140625,580
ds004302_sub-57,lh_insula,2.8398876190185547,0.021685516461730003,5467.13623046875,5.5584564208984375,1947.3857421875,2862
ds004302_sub-57,rh_bankssts,2.339315176010132,0.0500672422349453,2003.5894775390625,5.102363109588623,914.6285400390625,1379
ds004302_sub-57,rh_caudalanteriorcingulate,2.2865054607391357,0.005293882917612791,1474.5430908203125,1.9509305953979492,609.9776611328125,855
ds004302_sub-57,rh_caudalmiddlefrontal,2.0708587169647217,-0.018968159332871437,3413.66015625,1.7718560695648193,1519.1748046875,2349
ds004302_sub-57,rh_cuneus,1.7605565786361694,-0.04230407252907753,2820.806640625,-2.6136271953582764,1473.1705322265625,2076
ds004302_sub-57,rh_entorhinal,3.4163899421691895,-0.0709121897816658,2103.409423828125,-5.073344707489014,456.56414794921875,669
ds004302_sub-57,rh_fusiform,2.660303831100464,-0.03423541039228439,8830.86328125,0.8436936736106873,2851.077880859375,4165
ds004302_sub-57,rh_inferiorparietal,2.3312690258026123,-0.029297299683094025,9991.087890625,0.5105960369110107,3944.50048828125,5683
ds004302_sub-57,rh_inferiortemporal,2.5345816612243652,-0.04288454353809357,8457.0625,-0.9515752196311951,2907.13818359375,4096
ds004302_sub-57,rh_isthmuscingulate,2.280717611312866,0.002412578323855996,1749.966064453125,0.054724011570215225,684.684326171875,1029
ds004302_sub-57,rh_lateraloccipital,2.039736747741699,-0.03679730370640755,10366.1044921875,-1.3872147798538208,4620.072265625,6759
ds004302_sub-57,rh_lateralorbitofrontal,2.49954891204834,-0.014667906798422337,5478.41015625,0.0598343089222908,2015.75146484375,2902
ds004302_sub-57,rh_lingual,2.0690982341766357,-0.03648849204182625,5786.47607421875,-0.1612103134393692,2483.359375,3645
ds004302_sub-57,rh_medialorbitofrontal,2.278249979019165,-0.03675565868616104,4313.42236328125,-2.088003635406494,1760.0771484375,2406
ds004302_sub-57,rh_middletemporal,2.5297555923461914,-0.04225146025419235,8321.9072265625,-1.3089823722839355,2936.4365234375,4078
ds004302_sub-57,rh_parahippocampal,2.8710622787475586,-0.03521667793393135,1622.3717041015625,-0.6872826218605042,489.7186279296875,762
ds004302_sub-57,rh_paracentral,2.1852896213531494,-0.02112927846610546,2880.18115234375,0.36418336629867554,1230.564697265625,2087
ds004302_sub-57,rh_parsopercularis,2.2390780448913574,-0.03826301172375679,2747.2255859375,-0.19275151193141937,1117.9830322265625,1617
ds004302_sub-57,rh_parsorbitalis,2.4719929695129395,-0.06540420651435852,2432.919921875,-3.8883509635925293,785.4786376953125,1100
ds004302_sub-57,rh_parstriangularis,2.183429002761841,-0.030761541798710823,2904.10595703125,-0.7285318374633789,1268.84033203125,1739
ds004302_sub-57,rh_pericalcarine,1.545943260192871,0.05308092385530472,1746.3583984375,2.1844863891601562,1253.023681640625,1950
ds004302_sub-57,rh_postcentral,1.8702855110168457,-0.04897356778383255,7494.74951171875,-0.5962820649147034,3659.787109375,5471
ds004302_sub-57,rh_posteriorcingulate,2.0199131965637207,0.0047757807187736034,2312.49267578125,2.201014757156372,1064.657958984375,1530
ds004302_sub-57,rh_precentral,2.30535888671875,-0.022369982674717903,9961.041015625,0.39983800053596497,3972.0234375,6451
ds004302_sub-57,rh_precuneus,2.231017589569092,-0.018500642850995064,7550.74609375,1.3318482637405396,3206.1396484375,4666
ds004302_sub-57,rh_rostralanteriorcingulate,2.3005828857421875,-0.038542184978723526,1143.25634765625,1.3017827272415161,456.0560302734375,604
ds004302_sub-57,rh_rostralmiddlefrontal,2.1251206398010254,-0.026537375524640083,10831.5751953125,0.22672221064567566,4769.2880859375,6414
ds004302_sub-57,rh_superiorfrontal,2.387272357940674,-0.031135303899645805,15268.017578125,-1.1794395446777344,5762.53515625,8409
ds004302_sub-57,rh_superiorparietal,2.1276426315307617,-0.03017984889447689,9604.2802734375,0.010239463299512863,4043.50830078125,6153
ds004302_sub-57,rh_superiortemporal,2.489360809326172,-0.02536054514348507,8313.6845703125,-0.07358922809362411,3006.60986328125,4534
ds004302_sub-57,rh_supramarginal,2.347374677658081,-0.030973585322499275,7783.7236328125,-0.15969780087471008,3057.942626953125,4350
ds004302_sub-57,rh_frontalpole,2.5409560203552246,-0.13058212399482727,948.796630859375,-7.877995014190674,335.7691650390625,405
ds004302_sub-57,rh_temporalpole,3.477128505706787,-0.110391765832901,2152.15625,-8.413354873657227,459.93902587890625,635
ds004302_sub-57,rh_transversetemporal,2.314516305923462,-0.06127070263028145,687.3724365234375,4.229104995727539,278.44610595703125,423
ds004302_sub-57,rh_insula,2.946620464324951,0.021991360932588577,5327.9912109375,5.725604057312012,1852.769287109375,2710
ds004302_sub-58,lh_bankssts,2.300550937652588,0.028504347428679466,1958.4478759765625,1.902312159538269,901.48046875,1339
ds004302_sub-58,lh_caudalanteriorcingulate,2.274705648422241,0.03831111267209053,1244.543212890625,2.8384673595428467,528.5509033203125,808
ds004302_sub-58,lh_caudalmiddlefrontal,2.5567495822906494,-0.02142433635890484,4931.16064453125,1.6246827840805054,1805.8658447265625,2785
ds004302_sub-58,lh_cuneus,1.9960181713104248,-0.04102277010679245,3221.2705078125,-1.4516929388046265,1550.26123046875,2262
ds004302_sub-58,lh_entorhinal,2.9429962635040283,-0.007735671475529671,1551.380859375,-2.1985459327697754,423.9759521484375,653
ds004302_sub-58,lh_fusiform,2.78369402885437,-0.03934338316321373,10647.69921875,0.41727927327156067,3291.30517578125,4838
ds004302_sub-58,lh_inferiorparietal,2.542184829711914,-0.024929694831371307,10702.4970703125,0.6422508358955383,3806.318359375,5531
ds004302_sub-58,lh_inferiortemporal,2.4402236938476562,-0.032320182770490646,9417.2734375,-0.34165653586387634,3388.48291015625,4788
ds004302_sub-58,lh_isthmuscingulate,2.436479330062866,-0.015480759553611279,2607.16357421875,0.06930559128522873,995.346923828125,1415
ds004302_sub-58,lh_lateraloccipital,2.204709053039551,-0.02804219350218773,13650.6884765625,-0.9465765357017517,5811.52099609375,8570
ds004302_sub-58,lh_lateralorbitofrontal,2.6234469413757324,-0.007502199616283178,7077.38330078125,0.3765981197357178,2491.52294921875,3516
ds004302_sub-58,lh_lingual,2.133319854736328,-0.03172469139099121,5894.576171875,0.3199094831943512,2478.556884765625,3645
ds004302_sub-58,lh_medialorbitofrontal,1.9958769083023071,-0.06709989160299301,4813.19384765625,-1.2407231330871582,2099.38525390625,3064
ds004302_sub-58,lh_middletemporal,2.6562674045562744,-0.06201013922691345,10535.380859375,-2.0466010570526123,3236.49609375,4598
ds004302_sub-58,lh_parahippocampal,3.030329465866089,-0.04370769485831261,2289.87255859375,-0.44013646245002747,620.8412475585938,924
ds004302_sub-58,lh_paracentral,2.686326026916504,-0.04293457046151161,3793.55078125,-0.8908939361572266,1286.5372314453125,2115
ds004302_sub-58,lh_parsopercularis,2.502261161804199,-0.03311878442764282,4447.80859375,-0.3945142328739166,1627.279541015625,2384
ds004302_sub-58,lh_parsorbitalis,2.6988844871520996,-0.06545049697160721,2572.334716796875,-4.049383163452148,800.1832275390625,1140
ds004302_sub-58,lh_parstriangularis,2.3756444454193115,-0.035071298480033875,3641.8056640625,-0.3183954358100891,1336.6004638671875,1935
ds004302_sub-58,lh_pericalcarine,1.6961771249771118,0.05795809626579285,1677.599853515625,2.9928860664367676,1162.5367431640625,1682
ds004302_sub-58,lh_postcentral,2.2153007984161377,-0.057471007108688354,9733.283203125,-1.1632665395736694,3863.798828125,5931
ds004302_sub-58,lh_posteriorcingulate,2.4458277225494385,0.010658182203769684,2581.288330078125,2.1256377696990967,990.6319580078125,1453
ds004302_sub-58,lh_precentral,2.694237232208252,-0.02234466001391411,13553.0205078125,0.462738037109375,4725.89697265625,7742
ds004302_sub-58,lh_precuneus,2.611168622970581,-0.004570445511490107,9586.42578125,1.05308198928833,3387.08056640625,4875
ds004302_sub-58,lh_rostralanteriorcingulate,2.4256978034973145,-0.03537283092737198,2335.1787109375,1.011757254600525,860.9815673828125,1210
ds004302_sub-58,lh_rostralmiddlefrontal,2.1803081035614014,-0.03318832442164421,12395.0537109375,-0.276530921459198,5138.73779296875,7113
ds004302_sub-58,lh_superiorfrontal,2.738830327987671,-0.032572247087955475,24011.875,-0.57380610704422,7798.0244140625,11783
ds004302_sub-58,lh_superiorparietal,2.4494481086730957,-0.03114902600646019,13561.123046875,-0.16852085292339325,4871.380859375,7298
ds004302_sub-58,lh_superiortemporal,2.5638370513916016,-0.01743137463927269,11598.974609375,0.5717881321907043,4090.46484375,6252
ds004302_sub-58,lh_supramarginal,2.6393492221832275,-0.03203937038779259,12161.767578125,-0.23178760707378387,4169.10400390625,5965
ds004302_sub-58,lh_frontalpole,2.7222487926483154,-0.1742478907108307,843.312255859375,-9.297791481018066,225.15151977539062,307
ds004302_sub-58,lh_temporalpole,3.3060481548309326,-0.10401632636785507,2300.4130859375,-7.632236003875732,494.3443603515625,726
ds004302_sub-58,lh_transversetemporal,2.5321462154388428,-0.0935625359416008,1515.8975830078125,1.6488996744155884,523.5834350585938,795
ds004302_sub-58,lh_insula,3.0928990840911865,0.026524145156145096,6997.21044921875,5.850136756896973,2297.028076171875,3342
ds004302_sub-58,rh_bankssts,2.235903739929199,0.05841511860489845,1778.66650390625,4.719326019287109,822.0015869140625,1255
ds004302_sub-58,rh_caudalanteriorcingulate,2.2695162296295166,0.020869234576821327,1872.214111328125,2.1338605880737305,732.2403564453125,1078
ds004302_sub-58,rh_caudalmiddlefrontal,2.7524607181549072,-0.009604637511074543,5177.3203125,1.9155339002609253,1801.650390625,2840
ds004302_sub-58,rh_cuneus,2.156136989593506,-0.050276678055524826,4935.56640625,-2.8477861881256104,1979.39111328125,2736
ds004302_sub-58,rh_entorhinal,2.7050604820251465,-0.02504565380513668,1369.4764404296875,-3.1053152084350586,355.84625244140625,539
ds004302_sub-58,rh_fusiform,2.7478244304656982,-0.037569791078567505,9356.09765625,0.7708525657653809,2837.521240234375,4192
ds004302_sub-58,rh_inferiorparietal,2.546281337738037,-0.02056516520678997,15514.5888671875,0.6930831670761108,5403.65869140625,7774
ds004302_sub-58,rh_inferiortemporal,2.6252565383911133,-0.042290858924388885,10998.2587890625,-0.6881632804870605,3489.263671875,5079
ds004302_sub-58,rh_isthmuscingulate,2.137721061706543,-0.006643269676715136,2310.341796875,0.2731896936893463,979.6719360351562,1404
ds004302_sub-58,rh_lateraloccipital,2.37345814704895,-0.02279992215335369,14260.32421875,-0.4627665579319,5494.4814453125,8056
ds004302_sub-58,rh_lateralorbitofrontal,2.6123788356781006,-0.022092768922448158,6529.48583984375,0.3787508010864258,2332.54736328125,3452
ds004302_sub-58,rh_lingual,2.17568039894104,-0.051337357610464096,7268.67919921875,-0.7047634720802307,3000.68359375,4256
ds004302_sub-58,rh_medialorbitofrontal,2.121406078338623,-0.04155099764466286,4894.755859375,-1.4690947532653809,2068.9228515625,2810
ds004302_sub-58,rh_middletemporal,2.5543901920318604,-0.04033126309514046,11367.720703125,-1.4029918909072876,3584.396240234375,5142
ds004302_sub-58,rh_parahippocampal,2.615361452102661,-0.02339884079992771,1857.8272705078125,0.3289898931980133,606.7615356445312,989
ds004302_sub-58,rh_paracentral,2.621060848236084,-0.031161151826381683,3625.797607421875,-0.7803481221199036,1315.0455322265625,2110
ds004302_sub-58,rh_parsopercularis,2.515446186065674,-0.022690050303936005,3129.67822265625,0.6543951630592346,1112.31884765625,1636
ds004302_sub-58,rh_parsorbitalis,2.7160191535949707,-0.08493436127901077,2931.810546875,-5.285271644592285,875.1716918945312,1218
ds004302_sub-58,rh_parstriangularis,2.2580971717834473,-0.011623107828199863,3576.638427734375,0.38873255252838135,1443.831787109375,1998
ds004302_sub-58,rh_pericalcarine,1.808797001838684,0.03913155198097229,2275.310546875,1.1318132877349854,1490.4288330078125,1998
ds004302_sub-58,rh_postcentral,2.123852252960205,-0.04357854649424553,9215.18359375,-1.1053452491760254,3682.037353515625,5738
ds004302_sub-58,rh_posteriorcingulate,2.4100229740142822,0.0068237814120948315,2936.592529296875,2.356205701828003,1147.1090087890625,1637
ds004302_sub-58,rh_precentral,2.731675386428833,-0.024472275748848915,13978.44921875,0.20188887417316437,4646.29833984375,7554
ds004302_sub-58,rh_precuneus,2.7185075283050537,-0.00733282370492816,10451.236328125,1.4047068357467651,3726.7001953125,5364
ds004302_sub-58,rh_rostralanteriorcingulate,2.3134398460388184,-0.013418180868029594,1520.7650146484375,1.3578349351882935,574.315185546875,759
ds004302_sub-58,rh_rostralmiddlefrontal,2.272137403488159,-0.029534948989748955,16035.03125,-0.3853486180305481,6219.0947265625,8546
ds004302_sub-58,rh_superiorfrontal,2.706362247467041,-0.03326914459466934,21789.4453125,-0.7775050401687622,7098.3017578125,10643
ds004302_sub-58,rh_superiorparietal,2.4256255626678467,-0.026235975325107574,13151.5673828125,-0.48458603024482727,4803.4921875,7055
ds004302_sub-58,rh_superiortemporal,2.64338755607605,-0.02813979983329773,10145.802734375,-0.27765002846717834,3257.017578125,4861
ds004302_sub-58,rh_supramarginal,2.7192413806915283,-0.013977781869471073,8650.39453125,0.7925898432731628,2709.53515625,4031
ds004302_sub-58,rh_frontalpole,2.418991804122925,-0.14379757642745972,1213.8631591796875,-7.899017810821533,385.4635009765625,482
ds004302_sub-58,rh_temporalpole,3.3752565383911133,-0.10616786032915115,2299.7451171875,-7.848797798156738,489.83941650390625,710
ds004302_sub-58,rh_transversetemporal,2.445894956588745,-0.09048610180616379,969.884765625,3.0301687717437744,342.8632507324219,505
ds004302_sub-58,rh_insula,3.040043354034424,0.030248984694480896,7290.888671875,5.830804824829102,2324.73046875,3383
ds004302_sub-59,lh_bankssts,2.464696168899536,-0.0005650273524224758,2704.23828125,1.5356231927871704,1041.117431640625,1544
ds004302_sub-59,lh_caudalanteriorcingulate,2.2621817588806152,0.021704256534576416,1826.2061767578125,2.2831478118896484,644.8709106445312,925
ds004302_sub-59,lh_caudalmiddlefrontal,2.6019363403320312,-0.009661744348704815,4416.3974609375,2.2847111225128174,1642.09130859375,2528
ds004302_sub-59,lh_cuneus,1.7137730121612549,-0.03701135888695717,2833.0771484375,-2.13961124420166,1591.777099609375,2396
ds004302_sub-59,lh_entorhinal,3.0169806480407715,-0.04392042011022568,1542.950439453125,-2.878614664077759,375.2058410644531,581
ds004302_sub-59,lh_fusiform,2.6427359580993652,-0.03962652385234833,9228.09375,0.4526837468147278,3031.519775390625,4366
ds004302_sub-59,lh_inferiorparietal,2.3659064769744873,-0.03262081742286682,10068.921875,0.7818925380706787,3996.7158203125,5865
ds004302_sub-59,lh_inferiortemporal,2.4659340381622314,-0.03580666333436966,9942.8876953125,-0.7807148098945618,3534.73974609375,4984
ds004302_sub-59,lh_isthmuscingulate,2.012141704559326,-0.015019072219729424,2491.087890625,0.6095625162124634,1165.40966796875,1741
ds004302_sub-59,lh_lateraloccipital,2.0114119052886963,-0.04101875051856041,11304.0654296875,-1.61313796043396,5200.1708984375,7829
ds004302_sub-59,lh_lateralorbitofrontal,2.7358179092407227,-0.003406108357012272,7792.16357421875,0.44867295026779175,2562.42431640625,3523
ds004302_sub-59,lh_lingual,1.9509491920471191,-0.040327612310647964,6952.22265625,0.2663390040397644,3385.947998046875,4893
ds004302_sub-59,lh_medialorbitofrontal,2.4125378131866455,-0.04551750794053078,4748.9091796875,-2.2794547080993652,1857.87353515625,2562
ds004302_sub-59,lh_middletemporal,2.723594903945923,-0.04532921314239502,11144.0703125,-1.139443039894104,3348.0146484375,4702
ds004302_sub-59,lh_parahippocampal,2.775977373123169,-0.04868142679333687,2182.37646484375,-0.21984022855758667,630.2947998046875,999
ds004302_sub-59,lh_paracentral,2.40791654586792,-0.05070631206035614,3667.685546875,-1.1019957065582275,1396.739990234375,2279
ds004302_sub-59,lh_parsopercularis,2.730778455734253,-0.04058855399489403,3901.65625,0.41206663846969604,1244.2774658203125,1700
ds004302_sub-59,lh_parsorbitalis,2.6961488723754883,-0.08433858305215836,2282.470703125,-5.332207679748535,660.2117309570312,899
ds004302_sub-59,lh_parstriangularis,2.483144521713257,-0.028369702398777008,2579.13037109375,0.00813930481672287,938.47314453125,1363
ds004302_sub-59,lh_pericalcarine,1.6488173007965088,0.06017649173736572,2015.7767333984375,3.4380180835723877,1411.1463623046875,2107
ds004302_sub-59,lh_postcentral,1.9428670406341553,-0.053068798035383224,8412.65625,-0.8581836819648743,4007.275390625,6311
ds004302_sub-59,lh_posteriorcingulate,2.1376683712005615,0.0123252859339118,2564.57666015625,2.551950693130493,1117.132080078125,1635
ds004302_sub-59,lh_precentral,2.611262559890747,-0.02907819300889969,12649.7578125,0.6807145476341248,4469.3017578125,7280
ds004302_sub-59,lh_precuneus,2.239687442779541,-0.021282613277435303,8875.54296875,0.6168186664581299,3715.1044921875,5381
ds004302_sub-59,lh_rostralanteriorcingulate,2.539858818054199,-0.029390469193458557,1966.8931884765625,0.8403778076171875,634.1495361328125,840
ds004302_sub-59,lh_rostralmiddlefrontal,2.4276530742645264,-0.03616216406226158,14706.23046875,-0.07413300126791,5389.13525390625,7596
ds004302_sub-59,lh_superiorfrontal,2.713160514831543,-0.027871832251548767,20117.73828125,-0.8460397124290466,6676.50146484375,9816
ds004302_sub-59,lh_superiorparietal,2.125549554824829,-0.03247246891260147,11083.927734375,0.4815055727958679,4917.9541015625,7543
ds004302_sub-59,lh_superiortemporal,2.684803009033203,-0.02084895595908165,11793.064453125,0.17550937831401825,3862.15185546875,5785
ds004302_sub-59,lh_supramarginal,2.5052006244659424,-0.03188788890838623,11876.525390625,0.08276916295289993,4353.48876953125,6288
ds004302_sub-59,lh_frontalpole,2.6791534423828125,-0.1370646357536316,1085.1151123046875,-8.222379684448242,303.5554504394531,413
ds004302_sub-59,lh_temporalpole,3.518460750579834,-0.09570131450891495,2852.435546875,-7.712682723999023,604.48095703125,785
ds004302_sub-59,lh_transversetemporal,2.2651493549346924,-0.07312016189098358,1044.8377685546875,3.2070231437683105,403.94091796875,595
ds004302_sub-59,lh_insula,3.1386919021606445,0.021325144916772842,6936.5595703125,4.4862260818481445,2203.236083984375,3200
ds004302_sub-59,rh_bankssts,2.483659267425537,0.030300701037049294,2335.4375,5.370003700256348,972.8290405273438,1447
ds004302_sub-59,rh_caudalanteriorcingulate,2.243926525115967,0.0072823166847229,1945.0552978515625,1.9520059823989868,781.9912719726562,1124
ds004302_sub-59,rh_caudalmiddlefrontal,2.5443472862243652,-0.028353828936815262,4014.2861328125,1.6041185855865479,1461.54248046875,2425
ds004302_sub-59,rh_cuneus,1.7201753854751587,-0.04628438875079155,2967.615234375,-2.327465057373047,1575.414794921875,2356
ds004302_sub-59,rh_entorhinal,2.948362112045288,-0.003027478000149131,1756.91064453125,-2.4862282276153564,437.5646057128906,664
ds004302_sub-59,rh_fusiform,2.7849009037017822,-0.03477093577384949,9788.400390625,0.6830081343650818,2956.707275390625,4229
ds004302_sub-59,rh_inferiorparietal,2.4201231002807617,-0.03727532550692558,11705.828125,-0.25717321038246155,4320.390625,6121
ds004302_sub-59,rh_inferiortemporal,2.3808820247650146,-0.023622987791895866,8858.203125,-1.0207428932189941,3206.0615234375,4425
ds004302_sub-59,rh_isthmuscingulate,2.0890655517578125,-0.019221849739551544,2458.46875,-0.18905214965343475,1063.4425048828125,1559
ds004302_sub-59,rh_lateraloccipital,2.084218978881836,-0.034029170870780945,12547.2158203125,-1.2836264371871948,5553.9599609375,8210
ds004302_sub-59,rh_lateralorbitofrontal,2.5162625312805176,-0.0075281229801476,7354.4658203125,0.6540308594703674,2730.704345703125,3591
ds004302_sub-59,rh_lingual,2.0065526962280273,-0.03649750351905823,7890.380859375,-0.19186855852603912,3598.686767578125,5256
ds004302_sub-59,rh_medialorbitofrontal,2.505549669265747,-0.04978202283382416,6084.98828125,-1.9102387428283691,2181.775390625,2746
ds004302_sub-59,rh_middletemporal,2.6852664947509766,-0.04762383922934532,11463.71875,-0.824313223361969,3537.01318359375,5039
ds004302_sub-59,rh_parahippocampal,2.7108795642852783,-0.0352693572640419,1920.984375,0.09252982586622238,594.361572265625,917
ds004302_sub-59,rh_paracentral,2.083010673522949,-0.0439731702208519,2821.494140625,-0.6926673054695129,1260.529052734375,2009
ds004302_sub-59,rh_parsopercularis,2.6107382774353027,-0.03185918554663658,3205.069580078125,-1.8295775651931763,1102.244384765625,1670
ds004302_sub-59,rh_parsorbitalis,2.561823606491089,-0.04877656325697899,3168.082763671875,-3.8669888973236084,992.7669677734375,1406
ds004302_sub-59,rh_parstriangularis,2.497326612472534,-0.029779205098748207,5728.09814453125,0.18309997022151947,2066.115234375,2877
ds004302_sub-59,rh_pericalcarine,1.484175205230713,0.051982682198286057,2010.7220458984375,2.525578022003174,1516.90576171875,2268
ds004302_sub-59,rh_postcentral,2.4948973655700684,-0.03242587298154831,6536.68359375,1.3914852142333984,2466.556640625,3538
ds004302_sub-59,rh_posteriorcingulate,2.3432981967926025,0.0077728452160954475,3235.26171875,2.6146793365478516,1245.209228515625,1740
ds004302_sub-59,rh_precentral,1.914880394935608,-0.02691539004445076,7968.6884765625,0.18771134316921234,3985.78662109375,6187
ds004302_sub-59,rh_precuneus,2.2828357219696045,-0.022773852571845055,9397.0126953125,0.4283177852630615,3917.95654296875,5879
ds004302_sub-59,rh_rostralanteriorcingulate,2.597142219543457,0.01885591633617878,1044.8193359375,2.0204672813415527,393.45294189453125,589
ds004302_sub-59,rh_rostralmiddlefrontal,2.4952335357666016,-0.024347515776753426,22725.92578125,0.7173648476600647,8347.74609375,11814
ds004302_sub-59,rh_superiorfrontal,2.77422833442688,-0.04344574362039566,23517.58984375,-1.3453963994979858,7596.685546875,11448
ds004302_sub-59,rh_superiorparietal,2.182464838027954,-0.03964577615261078,8206.6337890625,0.10302659869194031,3428.2978515625,5249
ds004302_sub-59,rh_superiortemporal,2.830246686935425,-0.03578885272145271,11581.7802734375,-0.5424235463142395,3545.08837890625,5339
ds004302_sub-59,rh_supramarginal,2.4582018852233887,-0.0166704710572958,6614.927734375,0.35058900713920593,2449.910400390625,3489
ds004302_sub-59,rh_frontalpole,2.5246329307556152,-0.13620710372924805,1385.1419677734375,-8.00522232055664,430.46417236328125,533
ds004302_sub-59,rh_temporalpole,3.451709032058716,-0.09254346787929535,2566.84375,-7.960695743560791,548.12744140625,644
ds004302_sub-59,rh_transversetemporal,2.225348472595215,-0.06761406362056732,700.9434204101562,3.970045804977417,288.448974609375,472
ds004302_sub-59,rh_insula,2.973877191543579,0.017109913751482964,5868.619140625,5.6977691650390625,1923.250244140625,2816
ds004302_sub-60,lh_bankssts,2.4590046405792236,0.04707610234618187,2205.17041015625,3.714493989944458,916.75244140625,1346
ds004302_sub-60,lh_caudalanteriorcingulate,2.665888547897339,0.014690489508211613,1978.62646484375,2.103675365447998,623.9664306640625,916
ds004302_sub-60,lh_caudalmiddlefrontal,2.371356248855591,-0.00796643365174532,5914.5771484375,1.7877440452575684,2274.71142578125,3311
ds004302_sub-60,lh_cuneus,1.726010799407959,-0.02874300628900528,2301.131103515625,-2.126087188720703,1341.331787109375,1811
ds004302_sub-60,lh_entorhinal,2.6168088912963867,-0.07549440860748291,1754.2303466796875,-5.186005592346191,464.2780456542969,639
ds004302_sub-60,lh_fusiform,2.5164971351623535,-0.008733476512134075,9025.5732421875,1.2550674676895142,3142.68994140625,4449
ds004302_sub-60,lh_inferiorparietal,2.189357042312622,-0.012899411842226982,7995.1640625,1.1176419258117676,3445.01416015625,4936
ds004302_sub-60,lh_inferiortemporal,2.5386598110198975,-0.030851716175675392,9235.318359375,-0.7369030714035034,3146.702392578125,4259
ds004302_sub-60,lh_isthmuscingulate,2.33109450340271,-0.008516054600477219,2076.96728515625,0.027232332155108452,829.4698486328125,1189
ds004302_sub-60,lh_lateraloccipital,1.9915114641189575,-0.03723110258579254,10215.4453125,-2.196998119354248,4576.658203125,6613
ds004302_sub-60,lh_lateralorbitofrontal,2.5790634155273438,-0.01770348660647869,6891.1982421875,0.1758575588464737,2470.88720703125,3177
ds004302_sub-60,lh_lingual,1.9761470556259155,-0.0222367811948061,7173.51123046875,-0.3899848759174347,3321.62255859375,4473
ds004302_sub-60,lh_medialorbitofrontal,2.4996514320373535,-0.026571381837129593,5830.33544921875,-1.5722434520721436,2112.06982421875,2688
ds004302_sub-60,lh_middletemporal,2.674490451812744,-0.05047811195254326,10617.53515625,-1.714573621749878,3295.9287109375,4281
ds004302_sub-60,lh_parahippocampal,2.9203689098358154,-0.05302499607205391,2632.477783203125,-0.48772844672203064,695.211181640625,1040
ds004302_sub-60,lh_paracentral,2.26796555519104,-0.035224899649620056,3437.36181640625,-0.4827464818954468,1479.766845703125,2291
ds004302_sub-60,lh_parsopercularis,2.4080798625946045,-0.027706585824489594,4427.47265625,-0.1170458197593689,1623.16748046875,2260
ds004302_sub-60,lh_parsorbitalis,2.396965265274048,-0.0889625996351242,2151.91748046875,-4.57479190826416,702.476806640625,884
ds004302_sub-60,lh_parstriangularis,2.3086354732513428,-0.026630057021975517,3246.75830078125,-0.9066128730773926,1202.4312744140625,1675
ds004302_sub-60,lh_pericalcarine,1.6499930620193481,0.07191529870033264,1868.361328125,3.2370851039886475,1331.058837890625,1943
ds004302_sub-60,lh_postcentral,1.987966537475586,-0.046701908111572266,8768.96484375,-1.2345713376998901,3980.4609375,5980
ds004302_sub-60,lh_posteriorcingulate,2.311429023742676,0.012119975872337818,2817.4560546875,2.804368257522583,1097.6656494140625,1526
ds004302_sub-60,lh_precentral,2.533935785293579,-0.016610536724328995,12509.5283203125,0.4511606991291046,4594.2138671875,7202
ds004302_sub-60,lh_precuneus,2.218515157699585,-0.006447823252528906,8631.7578125,1.3072137832641602,3764.04345703125,5292
ds004302_sub-60,lh_rostralanteriorcingulate,2.5349791049957275,-0.05764094740152359,3315.748046875,0.48908114433288574,1094.7109375,1434
ds004302_sub-60,lh_rostralmiddlefrontal,2.1747469902038574,-0.024019604548811913,12805.390625,-0.21405178308486938,5358.03515625,6990
ds004302_sub-60,lh_superiorfrontal,2.6123600006103516,-0.018390849232673645,22922.8125,-0.6181363463401794,7868.333984375,10920
ds004302_sub-60,lh_superiorparietal,2.0620946884155273,-0.023472348228096962,11366.4453125,-0.18610641360282898,4977.9326171875,7360
ds004302_sub-60,lh_superiortemporal,2.601473808288574,-0.01701025851070881,11898.3779296875,0.2377254217863083,4153.400390625,5880
ds004302_sub-60,lh_supramarginal,2.4261176586151123,-0.02488882467150688,12923.421875,-0.08727197349071503,4938.3583984375,6768
ds004302_sub-60,lh_frontalpole,2.1694235801696777,-0.13842715322971344,793.3358154296875,-8.480550765991211,283.56158447265625,338
ds004302_sub-60,lh_temporalpole,3.582404136657715,-0.09303966909646988,2495.8271484375,-7.457537651062012,528.88720703125,698
ds004302_sub-60,lh_transversetemporal,2.3810274600982666,-0.08184858411550522,1317.21435546875,2.7977097034454346,499.7596130371094,712
ds004302_sub-60,lh_insula,3.1405622959136963,0.025182195007801056,6880.9169921875,5.866238594055176,2098.51708984375,3079
ds004302_sub-60,rh_bankssts,2.343920946121216,0.019502870738506317,1882.61474609375,4.21742057800293,780.8114624023438,1105
ds004302_sub-60,rh_caudalanteriorcingulate,2.3578267097473145,-0.0038443258963525295,2324.922607421875,2.1074225902557373,854.1741943359375,1195
ds004302_sub-60,rh_caudalmiddlefrontal,2.4254226684570312,-0.020017355680465698,6585.17236328125,0.8673877120018005,2278.58837890625,3300
ds004302_sub-60,rh_cuneus,1.835721492767334,-0.04778725281357765,3236.128173828125,-2.8109824657440186,1707.79736328125,2356
ds004302_sub-60,rh_entorhinal,2.4439427852630615,-0.056688033044338226,1568.382568359375,-4.552676200866699,451.9630432128906,626
ds004302_sub-60,rh_fusiform,2.334115505218506,-0.006984904874116182,8755.126953125,1.7204070091247559,3238.50439453125,4620
ds004302_sub-60,rh_inferiorparietal,2.234400987625122,-0.023704690858721733,11805.1640625,0.19402822852134705,4788.94775390625,6590
ds004302_sub-60,rh_inferiortemporal,2.406062364578247,-0.026992183178663254,9560.921875,-0.5165067315101624,3389.90185546875,4565
ds004302_sub-60,rh_isthmuscingulate,2.206634759902954,-0.017751889303326607,1973.514404296875,-0.17155970633029938,795.0733642578125,1098
ds004302_sub-60,rh_lateraloccipital,2.012279510498047,-0.03620455414056778,11497.9609375,-2.0940210819244385,4890.228515625,6917
ds004302_sub-60,rh_lateralorbitofrontal,2.390035390853882,0.0001650596095714718,6296.869140625,0.5246233940124512,2441.501220703125,3224
ds004302_sub-60,rh_lingual,2.0348196029663086,-0.03345220163464546,7481.4658203125,-0.5956996083259583,3038.409912109375,4280
ds004302_sub-60,rh_medialorbitofrontal,2.488581895828247,-0.03588535264134407,6474.73779296875,-1.740036129951477,2269.298583984375,2951
ds004302_sub-60,rh_middletemporal,2.493425130844116,-0.04143659025430679,10541.0869140625,-1.5600104331970215,3444.276611328125,4698
ds004302_sub-60,rh_parahippocampal,2.782975673675537,-0.03515026718378067,1804.8177490234375,-0.49723464250564575,512.0396728515625,771
ds004302_sub-60,rh_paracentral,2.071021556854248,-0.019486986100673676,3456.0634765625,0.17249581217765808,1562.0711669921875,2410
ds004302_sub-60,rh_parsopercularis,2.4537127017974854,-0.024105558171868324,3340.920166015625,0.5857218503952026,1258.43408203125,1771
ds004302_sub-60,rh_parsorbitalis,2.3547768592834473,-0.0643923431634903,2644.6689453125,-4.5045247077941895,879.7235107421875,1034
ds004302_sub-60,rh_parstriangularis,2.155259370803833,-0.021204106509685516,3893.596435546875,-0.812885046005249,1576.980224609375,2145
ds004302_sub-60,rh_pericalcarine,1.5827479362487793,0.05093103647232056,1986.987060546875,1.901869535446167,1437.9398193359375,2070
ds004302_sub-60,rh_postcentral,2.043428421020508,-0.0381273552775383,9263.46875,-1.1727935075759888,3930.609619140625,5907
ds004302_sub-60,rh_posteriorcingulate,2.193175792694092,0.00688459537923336,3161.831787109375,2.5427229404449463,1304.9281005859375,1796
ds004302_sub-60,rh_precentral,2.5103509426116943,-0.0031554352026432753,12818.57421875,0.5128268003463745,4723.3173828125,7237
ds004302_sub-60,rh_precuneus,2.2077293395996094,0.0025519677437841892,8331.8046875,2.228947401046753,3608.965087890625,5128
ds004302_sub-60,rh_rostralanteriorcingulate,2.599665880203247,-0.015964465215802193,2069.87451171875,1.331342339515686,649.0732421875,825
ds004302_sub-60,rh_rostralmiddlefrontal,2.1362600326538086,-0.021458692848682404,13174.34765625,-0.25058335065841675,5394.54345703125,7296
ds004302_sub-60,rh_superiorfrontal,2.511279582977295,-0.02195229008793831,20558.2109375,-0.7023813724517822,7300.31982421875,10276
ds004302_sub-60,rh_superiorparietal,2.0217413902282715,-0.020118732005357742,12419.685546875,-0.40066730976104736,5464.119140625,8047
ds004302_sub-60,rh_superiortemporal,2.573288917541504,-0.017449963837862015,11166.2900390625,-0.010385552421212196,3886.3779296875,5571
ds004302_sub-60,rh_supramarginal,2.2823405265808105,-0.011823631823062897,10547.509765625,1.078959584236145,4279.7666015625,6085
ds004302_sub-60,rh_frontalpole,2.380678653717041,-0.12780480086803436,1195.96337890625,-8.618803977966309,370.7904052734375,447
ds004302_sub-60,rh_temporalpole,3.4611706733703613,-0.08607224375009537,2909.17919921875,-8.70769214630127,577.2564697265625,666
ds004302_sub-60,rh_transversetemporal,2.5097298622131348,-0.07884684950113297,1233.50634765625,2.9369330406188965,446.0121154785156,702
ds004302_sub-60,rh_insula,3.2034478187561035,0.030323859304189682,6619.607421875,6.190988063812256,1998.67626953125,2941
ds004302_sub-61,lh_bankssts,2.3169097900390625,0.028572795912623405,2262.08935546875,4.248570919036865,1046.924560546875,1551
ds004302_sub-61,lh_caudalanteriorcingulate,2.1129395961761475,0.017720000818371773,1906.2568359375,1.9121935367584229,795.6783447265625,1158
ds004302_sub-61,lh_caudalmiddlefrontal,2.2709579467773438,-0.02559414505958557,5786.1181640625,1.1075257062911987,2274.8623046875,3436
ds004302_sub-61,lh_cuneus,1.6763923168182373,-0.03638194873929024,2867.6884765625,-2.709003448486328,1623.1961669921875,2355
ds004302_sub-61,lh_entorhinal,3.0014538764953613,-0.08458530157804489,2256.238525390625,-5.329328536987305,550.6378784179688,774
ds004302_sub-61,lh_fusiform,2.541552782058716,-0.02743191458284855,9888.87890625,1.232267141342163,3353.091796875,4766
ds004302_sub-61,lh_inferiorparietal,2.2360012531280518,-0.029093677178025246,8710.7607421875,0.6366727352142334,3560.781005859375,5082
ds004302_sub-61,lh_inferiortemporal,2.5040016174316406,-0.030272746458649635,11281.703125,-1.1065558195114136,3768.9853515625,5348
ds004302_sub-61,lh_isthmuscingulate,2.052819013595581,-0.01456906832754612,2705.57763671875,0.29368773102760315,1207.888427734375,1713
ds004302_sub-61,lh_lateraloccipital,2.0930120944976807,-0.037563201040029526,12489.900390625,-1.2118955850601196,5483.99462890625,7963
ds004302_sub-61,lh_lateralorbitofrontal,2.5850820541381836,-0.012928567826747894,7233.7626953125,-0.14042118191719055,2584.306640625,3588
ds004302_sub-61,lh_lingual,1.9309170246124268,-0.03523489460349083,7302.8046875,-0.40258917212486267,3367.847900390625,4767
ds004302_sub-61,lh_medialorbitofrontal,2.3857080936431885,-0.032176777720451355,5839.16748046875,-1.3492810726165771,2225.6943359375,3097
ds004302_sub-61,lh_middletemporal,2.4683890342712402,-0.06091604381799698,11051.96875,-1.2921714782714844,3663.138671875,5104
ds004302_sub-61,lh_parahippocampal,2.759739637374878,-0.045201901346445084,2471.33349609375,-0.35277077555656433,718.0035400390625,1085
ds004302_sub-61,lh_paracentral,2.2551517486572266,-0.034662894904613495,3209.07861328125,-0.4679698646068573,1296.2724609375,2099
ds004302_sub-61,lh_parsopercularis,2.503571033477783,-0.031360141932964325,3804.57470703125,-0.21249592304229736,1373.7822265625,1937
ds004302_sub-61,lh_parsorbitalis,2.413235664367676,-0.11157036572694778,2500.575439453125,-5.252957820892334,870.5360107421875,1116
ds004302_sub-61,lh_parstriangularis,2.1330745220184326,-0.01254959311336279,2827.44970703125,0.8865393996238708,1195.611083984375,1765
ds004302_sub-61,lh_pericalcarine,1.6861227750778198,0.055136654525995255,2275.595947265625,2.8288016319274902,1529.9554443359375,2253
ds004302_sub-61,lh_postcentral,1.9366716146469116,-0.04842645674943924,9587.0595703125,-0.6750079393386841,4588.1337890625,7061
ds004302_sub-61,lh_posteriorcingulate,2.1467745304107666,0.010016783140599728,3062.49658203125,2.4596810340881348,1299.052001953125,1790
ds004302_sub-61,lh_precentral,2.4444103240966797,-0.02995736338198185,12811.9970703125,0.4170874059200287,4764.25830078125,7843
ds004302_sub-61,lh_precuneus,2.2302119731903076,-0.014247307553887367,9137.181640625,1.5139954090118408,3864.38720703125,5485
ds004302_sub-61,lh_rostralanteriorcingulate,2.5184741020202637,-0.02751961350440979,2331.1875,0.6457710266113281,779.140869140625,1021
ds004302_sub-61,lh_rostralmiddlefrontal,2.086229085922241,-0.023846156895160675,13819.3984375,0.4909574091434479,6048.2353515625,8299
ds004302_sub-61,lh_superiorfrontal,2.522693395614624,-0.033440962433815,20928.150390625,-0.9390464425086975,7309.61181640625,10613
ds004302_sub-61,lh_superiorparietal,2.088829517364502,-0.03311336413025856,12928.5205078125,-0.29117122292518616,5386.857421875,8084
ds004302_sub-61,lh_superiortemporal,2.7989675998687744,-0.025487838312983513,12726.4248046875,0.006361587904393673,3865.572265625,5818
ds004302_sub-61,lh_supramarginal,2.330838441848755,-0.03560429438948631,11350.4658203125,-0.37409383058547974,4347.5654296875,6256
ds004302_sub-61,lh_frontalpole,2.507075548171997,-0.1770937442779541,927.27392578125,-9.23511791229248,281.4145812988281,387
ds004302_sub-61,lh_temporalpole,3.2632029056549072,-0.07726629078388214,2763.01953125,-6.8082051277160645,623.4697875976562,812
ds004302_sub-61,lh_transversetemporal,2.3144617080688477,-0.06730953603982925,1066.7457275390625,3.2322046756744385,409.9102783203125,663
ds004302_sub-61,lh_insula,3.042250633239746,0.028290146961808205,6739.3359375,5.75211238861084,2133.85595703125,3277
ds004302_sub-61,rh_bankssts,2.224766492843628,0.041669584810733795,1924.4261474609375,4.94136905670166,909.1427001953125,1396
ds004302_sub-61,rh_caudalanteriorcingulate,2.2932467460632324,-0.017621012404561043,2644.3408203125,1.6457167863845825,1111.40673828125,1533
ds004302_sub-61,rh_caudalmiddlefrontal,2.2948250770568848,-0.021091019734740257,3940.96875,1.781433343887329,1570.53759765625,2381
ds004302_sub-61,rh_cuneus,1.8697538375854492,-0.05016487464308739,3890.318359375,-3.1695096492767334,1796.919677734375,2635
ds004302_sub-61,rh_entorhinal,3.848439931869507,-0.081352099776268,3176.008056640625,-5.322084426879883,589.66796875,863
ds004302_sub-61,rh_fusiform,2.6594927310943604,-0.029465708881616592,9521.8955078125,1.0295785665512085,3048.645751953125,4465
ds004302_sub-61,rh_inferiorparietal,2.1849379539489746,-0.02432028017938137,12649.4794921875,0.7878640294075012,5131.638671875,7389
ds004302_sub-61,rh_inferiortemporal,2.4912688732147217,-0.04325120523571968,10610.537109375,-0.7589941620826721,3633.41259765625,5154
ds004302_sub-61,rh_isthmuscingulate,2.127300500869751,-0.014530380256474018,2638.88037109375,-0.27037906646728516,1102.854736328125,1578
ds004302_sub-61,rh_lateraloccipital,2.0550038814544678,-0.037386756390333176,12330.115234375,-1.2301466464996338,5373.27734375,7827
ds004302_sub-61,rh_lateralorbitofrontal,2.499488353729248,-0.02463388256728649,7619.1943359375,-0.09627734869718552,2875.54736328125,4031
ds004302_sub-61,rh_lingual,2.000541925430298,-0.037803202867507935,7886.3671875,-0.4502063989639282,3449.01025390625,4917
ds004302_sub-61,rh_medialorbitofrontal,2.284945011138916,-0.04137614741921425,5990.89501953125,-1.510594367980957,2246.96142578125,3025
ds004302_sub-61,rh_middletemporal,2.6664397716522217,-0.044766880571842194,12657.12890625,-1.4883047342300415,3908.5390625,5465
ds004302_sub-61,rh_parahippocampal,2.82857608795166,-0.04413400962948799,2183.777099609375,-0.7848115563392639,635.7562255859375,1008
ds004302_sub-61,rh_paracentral,2.21160888671875,-0.017206018790602684,3401.17236328125,0.5986191630363464,1443.228271484375,2361
ds004302_sub-61,rh_parsopercularis,2.4377329349517822,-0.03130549564957619,3562.45166015625,0.014288963750004768,1256.4781494140625,1812
ds004302_sub-61,rh_parsorbitalis,2.556126356124878,-0.09194596856832504,2870.200927734375,-4.705252170562744,880.1282958984375,1163
ds004302_sub-61,rh_parstriangularis,2.279254913330078,-0.030335724353790283,5123.373046875,0.06495503336191177,1997.531005859375,2799
ds004302_sub-61,rh_pericalcarine,1.5531299114227295,0.044996071606874466,2325.41357421875,2.6178770065307617,1691.8985595703125,2552
ds004302_sub-61,rh_postcentral,1.8456528186798096,-0.049151770770549774,7945.93798828125,-0.757104754447937,3939.08642578125,6056
ds004302_sub-61,rh_posteriorcingulate,2.2658495903015137,0.002974281320348382,3674.6875,2.078909158706665,1483.44775390625,2152
ds004302_sub-61,rh_precentral,2.3814713954925537,-0.030508296564221382,11171.2724609375,-0.0572793111205101,4083.31591796875,6785
ds004302_sub-61,rh_precuneus,2.2499911785125732,-0.010770661756396294,9275.794921875,1.8338322639465332,3964.32275390625,5805
ds004302_sub-61,rh_rostralanteriorcingulate,2.2434072494506836,-0.03733301907777786,2072.34228515625,1.1282027959823608,773.623291015625,1063
ds004302_sub-61,rh_rostralmiddlefrontal,2.198559522628784,-0.01783539541065693,16688.1484375,0.33258575201034546,6642.97705078125,9211
ds004302_sub-61,rh_superiorfrontal,2.4626598358154297,-0.030338795855641365,18503.69921875,-1.2454633712768555,6556.74462890625,9517
ds004302_sub-61,rh_superiorparietal,2.0711300373077393,-0.039514243602752686,12873.7392578125,-0.35313838720321655,5541.48193359375,8331
ds004302_sub-61,rh_superiortemporal,2.7706549167633057,-0.03142281994223595,12494.974609375,-0.10671227425336838,3841.92236328125,5831
ds004302_sub-61,rh_supramarginal,2.2558295726776123,-0.027205143123865128,9071.490234375,0.5633593201637268,3537.8759765625,5195
ds004302_sub-61,rh_frontalpole,2.589157819747925,-0.16789603233337402,1120.306396484375,-9.817266464233398,328.72015380859375,399
ds004302_sub-61,rh_temporalpole,3.5780582427978516,-0.08675979822874069,2867.84521484375,-7.5594305992126465,604.2017822265625,723
ds004302_sub-61,rh_transversetemporal,2.4059760570526123,-0.09791843593120575,865.7401123046875,3.4278180599212646,332.18133544921875,526
ds004302_sub-61,rh_insula,3.07774019241333,0.030076030641794205,6587.48876953125,6.081231117248535,2051.77197265625,3107
ds004302_sub-62,lh_bankssts,2.4200563430786133,0.038595590740442276,1883.0577392578125,4.341092109680176,833.4732055664062,1281
ds004302_sub-62,lh_caudalanteriorcingulate,2.3815903663635254,0.016576725989580154,1620.538330078125,1.592335820198059,618.888916015625,881
ds004302_sub-62,lh_caudalmiddlefrontal,2.388507604598999,-0.014158927835524082,5001.14697265625,2.0725173950195312,2006.733642578125,3137
ds004302_sub-62,lh_cuneus,1.7075586318969727,-0.0357247069478035,2565.688232421875,-2.117220878601074,1498.183837890625,2181
ds004302_sub-62,lh_entorhinal,2.8289785385131836,-0.1191815659403801,1397.48095703125,-3.8359827995300293,342.5538330078125,497
ds004302_sub-62,lh_fusiform,2.5914223194122314,-0.02435390278697014,7392.5263671875,1.3959734439849854,2547.15869140625,3710
ds004302_sub-62,lh_inferiorparietal,2.3734045028686523,-0.03144976869225502,9708.1875,0.4125882089138031,3792.2958984375,5599
ds004302_sub-62,lh_inferiortemporal,2.6056504249572754,-0.0435226708650589,9279.177734375,-1.2253679037094116,3032.2900390625,4226
ds004302_sub-62,lh_isthmuscingulate,2.1345043182373047,-0.02149149961769581,2408.09912109375,-0.2727692127227783,973.4209594726562,1441
ds004302_sub-62,lh_lateraloccipital,2.0672757625579834,-0.029115518555045128,11572.21484375,-1.2906955480575562,5236.84326171875,7810
ds004302_sub-62,lh_lateralorbitofrontal,2.55171799659729,-0.0325477160513401,6507.423828125,-0.19358296692371368,2268.748046875,3083
ds004302_sub-62,lh_lingual,2.0494275093078613,-0.03927277773618698,6296.8115234375,-0.9087692499160767,2794.115478515625,4054
ds004302_sub-62,lh_medialorbitofrontal,2.2418930530548096,-0.03716167435050011,3593.5673828125,-1.6971529722213745,1533.0242919921875,2052
ds004302_sub-62,lh_middletemporal,2.606884241104126,-0.06112667918205261,9261.5517578125,-1.7509503364562988,2966.14013671875,4225
ds004302_sub-62,lh_parahippocampal,2.629812479019165,-0.05803906172513962,1755.2574462890625,-0.770051121711731,542.1640014648438,865
ds004302_sub-62,lh_paracentral,2.380739688873291,-0.023640647530555725,2912.7138671875,0.08655926585197449,1135.81640625,1904
ds004302_sub-62,lh_parsopercularis,2.582925319671631,-0.04184851050376892,3957.10400390625,-0.3176458775997162,1398.9208984375,2046
ds004302_sub-62,lh_parsorbitalis,2.9724068641662598,-0.09062840789556503,1877.5252685546875,-5.298973560333252,495.87908935546875,693
ds004302_sub-62,lh_parstriangularis,2.506260871887207,-0.015339822508394718,3075.31494140625,0.3719252943992615,1124.11572265625,1639
ds004302_sub-62,lh_pericalcarine,1.5433764457702637,0.0493050217628479,1665.43798828125,2.4948904514312744,1304.1148681640625,1905
ds004302_sub-62,lh_postcentral,2.012082099914551,-0.05938826501369476,8948.884765625,-0.9696124792098999,4021.72265625,6224
ds004302_sub-62,lh_posteriorcingulate,2.2244269847869873,0.0011462714755907655,2529.337646484375,2.219414472579956,1037.351806640625,1386
ds004302_sub-62,lh_precentral,2.4011573791503906,-0.035376034677028656,11789.029296875,0.36495885252952576,4497.2470703125,7567
ds004302_sub-62,lh_precuneus,2.291391134262085,-0.008436881005764008,7780.9013671875,1.8680052757263184,3258.5517578125,4718
ds004302_sub-62,lh_rostralanteriorcingulate,2.445631265640259,-0.05016195774078369,2305.55859375,-0.286085307598114,789.5255126953125,1029
ds004302_sub-62,lh_rostralmiddlefrontal,2.3481462001800537,-0.0281648188829422,13269.8671875,-0.3028317391872406,5254.48681640625,7183
ds004302_sub-62,lh_superiorfrontal,2.5261616706848145,-0.02958090230822563,17915.0546875,-0.6170899868011475,6474.54296875,9514
ds004302_sub-62,lh_superiorparietal,2.011641263961792,-0.03436148166656494,11367.78125,0.3869284689426422,5181.48681640625,7720
ds004302_sub-62,lh_superiortemporal,2.654147148132324,-0.03182710334658623,10906.349609375,-0.2715696096420288,3648.1357421875,5427
ds004302_sub-62,lh_supramarginal,2.414074659347534,-0.029265034943819046,9339.8095703125,-0.09762480854988098,3588.179443359375,5238
ds004302_sub-62,lh_frontalpole,2.6303277015686035,-0.14750084280967712,955.9966430664062,-8.588143348693848,270.254150390625,338
ds004302_sub-62,lh_temporalpole,3.174043893814087,-0.09678332507610321,1791.9141845703125,-8.572832107543945,429.38458251953125,495
ds004302_sub-62,lh_transversetemporal,2.377383232116699,-0.05227087438106537,935.3885498046875,3.386493444442749,391.0870361328125,625
ds004302_sub-62,lh_insula,2.785703182220459,0.01866908185184002,7051.58154296875,5.083156108856201,2525.88818359375,3718
ds004302_sub-62,rh_bankssts,2.537371873855591,0.0225421953946352,2089.57958984375,4.719014644622803,861.2891845703125,1298
ds004302_sub-62,rh_caudalanteriorcingulate,2.2338919639587402,0.0007910740678198636,1629.562255859375,1.5985100269317627,642.3226928710938,867
ds004302_sub-62,rh_caudalmiddlefrontal,2.3960978984832764,-0.02744259499013424,5455.1845703125,1.1345748901367188,2090.202880859375,3222
ds004302_sub-62,rh_cuneus,1.8348711729049683,-0.057441990822553635,3114.86083984375,-2.914640188217163,1491.158935546875,2211
ds004302_sub-62,rh_entorhinal,2.369537830352783,-0.11827856302261353,1204.735107421875,-3.526080846786499,328.5173034667969,542
ds004302_sub-62,rh_fusiform,2.6024973392486572,-0.021445637568831444,6702.4609375,1.7594445943832397,2360.358154296875,3606
ds004302_sub-62,rh_inferiorparietal,2.3086555004119873,-0.0239016804844141,13146.880859375,0.4456026554107666,5162.87109375,7138
ds004302_sub-62,rh_inferiortemporal,2.5150890350341797,-0.0442926287651062,7978.5205078125,-1.3940025568008423,2777.597900390625,3648
ds004302_sub-62,rh_isthmuscingulate,2.110140800476074,-0.0162830650806427,2218.0146484375,0.3037571310997009,906.5524291992188,1293
ds004302_sub-62,rh_lateraloccipital,2.2421066761016846,-0.03999950736761093,12231.37109375,-1.5565210580825806,4837.58056640625,6959
ds004302_sub-62,rh_lateralorbitofrontal,2.4539225101470947,-0.013287979178130627,5142.5068359375,0.7054353356361389,1943.9703369140625,2693
ds004302_sub-62,rh_lingual,2.046995162963867,-0.042109716683626175,7243.87109375,-0.7352844476699829,3055.8505859375,4454
ds004302_sub-62,rh_medialorbitofrontal,2.330244302749634,-0.05950451269745827,5097.935546875,-1.2938889265060425,1977.3873291015625,2614
ds004302_sub-62,rh_middletemporal,2.6853389739990234,-0.05065794661641121,9651.2783203125,-1.3923845291137695,2953.7529296875,4258
ds004302_sub-62,rh_parahippocampal,2.4520599842071533,-0.035682693123817444,1551.2694091796875,0.2671021521091461,538.64306640625,850
ds004302_sub-62,rh_paracentral,2.296189546585083,-0.026984943076968193,3299.675048828125,0.35594499111175537,1340.15869140625,2292
ds004302_sub-62,rh_parsopercularis,2.477760076522827,-0.03773139789700508,3428.033203125,0.37528350949287415,1278.78564453125,1808
ds004302_sub-62,rh_parsorbitalis,2.8071401119232178,-0.0889904648065567,2422.62939453125,-5.700299263000488,690.0616455078125,949
ds004302_sub-62,rh_parstriangularis,2.485551118850708,-0.03205791488289833,3501.61474609375,0.12154034525156021,1247.76513671875,1792
ds004302_sub-62,rh_pericalcarine,1.4805607795715332,0.0537998341023922,1865.62841796875,2.037254571914673,1439.6875,2158
ds004302_sub-62,rh_postcentral,2.0779621601104736,-0.055434126406908035,9011.0087890625,-0.957556426525116,3762.78955078125,5874
ds004302_sub-62,rh_posteriorcingulate,2.2286734580993652,0.005903914105147123,2780.29345703125,1.9418057203292847,1103.72900390625,1551
ds004302_sub-62,rh_precentral,2.3701586723327637,-0.026758668944239616,12737.1279296875,0.418458491563797,4828.50634765625,7871
ds004302_sub-62,rh_precuneus,2.20294451713562,-0.0071501825004816055,8556.2724609375,1.6419380903244019,3753.9970703125,5485
ds004302_sub-62,rh_rostralanteriorcingulate,2.973614454269409,0.03131803870201111,1193.34228515625,2.171130895614624,387.03558349609375,575
ds004302_sub-62,rh_rostralmiddlefrontal,2.292405605316162,-0.03698079288005829,13127.2958984375,-0.42987412214279175,5158.388671875,7016
ds004302_sub-62,rh_superiorfrontal,2.431903600692749,-0.03259454295039177,16751.5859375,-0.6108052134513855,6219.59521484375,9156
ds004302_sub-62,rh_superiorparietal,1.9881426095962524,-0.04298081621527672,10339.34765625,-0.7744130492210388,4767.005859375,7135
ds004302_sub-62,rh_superiortemporal,2.57722806930542,-0.03223511949181557,10065.6064453125,-0.691750168800354,3376.732177734375,5083
ds004302_sub-62,rh_supramarginal,2.428830862045288,-0.018758457154035568,7797.89599609375,1.2707908153533936,2921.4521484375,4193
ds004302_sub-62,rh_frontalpole,2.628425121307373,-0.14886870980262756,1169.2626953125,-7.53561544418335,331.718505859375,397
ds004302_sub-62,rh_temporalpole,3.2641873359680176,-0.11587487161159515,1920.146484375,-8.06784439086914,432.7975769042969,593
ds004302_sub-62,rh_transversetemporal,2.2681939601898193,-0.10180992633104324,753.9157104492188,3.263963222503662,290.2683410644531,480
ds004302_sub-62,rh_insula,2.849601984024048,0.026471631601452827,5603.5693359375,5.913559913635254,1961.87109375,2891
ds004302_sub-63,lh_bankssts,2.2395946979522705,0.053830042481422424,2144.546875,3.6788229942321777,1042.7681884765625,1543
ds004302_sub-63,lh_caudalanteriorcingulate,2.1923141479492188,0.014742153696715832,1717.584228515625,1.9557133913040161,683.86083984375,1015
ds004302_sub-63,lh_caudalmiddlefrontal,2.2542734146118164,-0.009415623731911182,5550.02294921875,1.626104474067688,2347.97021484375,3458
ds004302_sub-63,lh_cuneus,1.6392945051193237,-0.03934048116207123,2278.232177734375,-2.37982177734375,1390.0625,2032
ds004302_sub-63,lh_entorhinal,2.847424030303955,-0.04013582691550255,1835.46826171875,-4.815644264221191,512.106689453125,759
ds004302_sub-63,lh_fusiform,2.584914207458496,-0.03520302101969719,10181.7373046875,0.2849382162094116,3333.93505859375,4795
ds004302_sub-63,lh_inferiorparietal,2.263760566711426,-0.02315598353743553,10183.26953125,0.9709020256996155,4195.05859375,6203
ds004302_sub-63,lh_inferiortemporal,2.321887731552124,-0.027811942622065544,8728.197265625,-0.1494385302066803,3424.184326171875,4694
ds004302_sub-63,lh_isthmuscingulate,2.119631052017212,-0.01727592758834362,2444.72314453125,0.016519563272595406,1044.9765625,1514
ds004302_sub-63,lh_lateraloccipital,1.9905595779418945,-0.03897842392325401,11882.6083984375,-1.7731006145477295,5544.49609375,8240
ds004302_sub-63,lh_lateralorbitofrontal,2.631317377090454,-0.004139356780797243,8192.076171875,0.25394925475120544,2972.455810546875,4107
ds004302_sub-63,lh_lingual,1.9319326877593994,-0.025035027414560318,6060.7265625,0.004450668580830097,2918.804443359375,4125
ds004302_sub-63,lh_medialorbitofrontal,2.3428852558135986,-0.05265231058001518,5814.392578125,-1.5477404594421387,2229.310546875,3085
ds004302_sub-63,lh_middletemporal,2.531492233276367,-0.06278125196695328,10200.9228515625,-2.0925636291503906,3320.69775390625,4452
ds004302_sub-63,lh_parahippocampal,2.631894588470459,-0.0399424210190773,2162.0078125,-0.1663568913936615,666.3369140625,974
ds004302_sub-63,lh_paracentral,2.2048022747039795,-0.028675124049186707,3453.539306640625,-0.36181142926216125,1492.4208984375,2435
ds004302_sub-63,lh_parsopercularis,2.390352487564087,-0.035694003105163574,4570.3154296875,-0.3099406361579895,1743.287841796875,2470
ds004302_sub-63,lh_parsorbitalis,2.443199872970581,-0.11156769841909409,2183.15283203125,-4.674363136291504,749.5298461914062,1048
ds004302_sub-63,lh_parstriangularis,2.282853126525879,-0.021606698632240295,3464.879638671875,-0.0029964852146804333,1403.40869140625,2023
ds004302_sub-63,lh_pericalcarine,1.424196720123291,0.08526982367038727,1325.0869140625,3.2874581813812256,1120.466796875,1669
ds004302_sub-63,lh_postcentral,1.8428016901016235,-0.055735018104314804,9379.939453125,-0.9846610426902771,4608.04296875,7297
ds004302_sub-63,lh_posteriorcingulate,2.2099335193634033,0.01281107310205698,3102.1513671875,2.091486930847168,1251.0255126953125,1801
ds004302_sub-63,lh_precentral,2.321729898452759,-0.026405859738588333,13167.4287109375,0.6319658160209656,5235.25830078125,8457
ds004302_sub-63,lh_precuneus,2.194458484649658,-0.013952258042991161,10135.8427734375,0.9494569301605225,4227.97900390625,6142
ds004302_sub-63,lh_rostralanteriorcingulate,2.4106035232543945,-0.032301027327775955,2008.1966552734375,-0.09486602246761322,665.667236328125,895
ds004302_sub-63,lh_rostralmiddlefrontal,2.0622823238372803,-0.022114260122179985,13626.791015625,0.5594629049301147,6006.44677734375,8224
ds004302_sub-63,lh_superiorfrontal,2.3990232944488525,-0.033636678010225296,24082.765625,-0.687293291091919,8876.173828125,13029
ds004302_sub-63,lh_superiorparietal,2.0142641067504883,-0.026578061282634735,13760.09375,0.024880027398467064,6155.68798828125,9317
ds004302_sub-63,lh_superiortemporal,2.3735744953155518,-0.02411799132823944,11453.5234375,-0.05009451135993004,4322.4345703125,6493
ds004302_sub-63,lh_supramarginal,2.2925467491149902,-0.03303945064544678,13232.1171875,0.018263449892401695,5291.208984375,7781
ds004302_sub-63,lh_frontalpole,2.6553256511688232,-0.15661802887916565,987.1878662109375,-8.309818267822266,294.7097473144531,370
ds004302_sub-63,lh_temporalpole,3.3163185119628906,-0.10435782372951508,2294.325927734375,-8.059837341308594,504.4052734375,603
ds004302_sub-63,lh_transversetemporal,2.140268325805664,-0.10207099467515945,1319.050048828125,2.423187255859375,529.489013671875,798
ds004302_sub-63,lh_insula,3.0949196815490723,0.026752090081572533,6778.6064453125,6.208042144775391,2121.9296875,3041
ds004302_sub-63,rh_bankssts,2.477419137954712,0.04742056876420975,1995.1175537109375,4.973093509674072,847.4243774414062,1237
ds004302_sub-63,rh_caudalanteriorcingulate,2.1224470138549805,-0.02324988879263401,2122.53662109375,1.916430950164795,884.7000732421875,1268
ds004302_sub-63,rh_caudalmiddlefrontal,2.280219316482544,-0.016775550320744514,5694.39306640625,1.2287330627441406,2232.765869140625,3251
ds004302_sub-63,rh_cuneus,1.8458278179168701,-0.03704424574971199,3620.434326171875,-2.9321177005767822,1719.072021484375,2448
ds004302_sub-63,rh_entorhinal,2.600090265274048,-0.08296304196119308,1956.1337890625,-5.578063488006592,537.9486083984375,708
ds004302_sub-63,rh_fusiform,2.459254264831543,-0.045422472059726715,9292.017578125,0.2075275480747223,3331.641357421875,4753
ds004302_sub-63,rh_inferiorparietal,2.346203327178955,-0.02810363657772541,16276.466796875,0.1989089697599411,6174.82763671875,8725
ds004302_sub-63,rh_inferiortemporal,2.5262234210968018,-0.021992994472384453,9616.8896484375,-0.30670082569122314,3420.26806640625,4693
ds004302_sub-63,rh_isthmuscingulate,2.2053520679473877,-0.014740637503564358,2342.68115234375,-0.236258864402771,910.7600708007812,1305
ds004302_sub-63,rh_lateraloccipital,2.0818002223968506,-0.024851707741618156,12599.111328125,-1.2812219858169556,5365.2431640625,7645
ds004302_sub-63,rh_lateralorbitofrontal,2.6416611671447754,0.00040152890142053366,8479.3583984375,0.05849232152104378,3071.1630859375,4023
ds004302_sub-63,rh_lingual,1.9178822040557861,-0.016740260645747185,6780.9921875,-0.103169746696949,3288.06298828125,4605
ds004302_sub-63,rh_medialorbitofrontal,2.4595565795898438,-0.04181660711765289,5673.1123046875,-1.4388389587402344,2089.39453125,2823
ds004302_sub-63,rh_middletemporal,2.645134925842285,-0.03742324560880661,11781.01171875,-1.564653754234314,3673.472412109375,5120
ds004302_sub-63,rh_parahippocampal,2.4806253910064697,-0.01888730749487877,1639.4140625,0.571418821811676,548.9954223632812,839
ds004302_sub-63,rh_paracentral,2.2581803798675537,-0.024359513074159622,4156.35498046875,0.4109722375869751,1741.568359375,2837
ds004302_sub-63,rh_parsopercularis,2.4806807041168213,-0.02853194624185562,3625.529541015625,0.09460052102804184,1411.981201171875,1906
ds004302_sub-63,rh_parsorbitalis,2.5868752002716064,-0.055315740406513214,2876.361572265625,-4.147047519683838,960.6934814453125,1264
ds004302_sub-63,rh_parstriangularis,2.37434720993042,-0.04630281776189804,4454.55859375,-1.0689697265625,1634.84716796875,2229
ds004302_sub-63,rh_pericalcarine,1.451808214187622,0.06431204080581665,1699.2142333984375,1.5899931192398071,1343.83056640625,1939
ds004302_sub-63,rh_postcentral,1.8552334308624268,-0.048028312623500824,8783.576171875,-0.9947115182876587,4349.7197265625,6876
ds004302_sub-63,rh_posteriorcingulate,2.2610936164855957,0.0038295064587146044,3168.15771484375,1.9997141361236572,1294.671630859375,1790
ds004302_sub-63,rh_precentral,2.338669776916504,-0.01752558909356594,13801.7421875,0.7465325593948364,5399.1806640625,8571
ds004302_sub-63,rh_precuneus,2.297736644744873,-0.009117783978581429,9658.455078125,1.3718783855438232,3880.71826171875,5742
ds004302_sub-63,rh_rostralanteriorcingulate,2.5088584423065186,-0.004935925826430321,1907.757080078125,1.3252710103988647,624.1666870117188,851
ds004302_sub-63,rh_rostralmiddlefrontal,2.1176342964172363,-0.02852252498269081,14309.052734375,-0.1366487294435501,6163.521484375,8061
ds004302_sub-63,rh_superiorfrontal,2.427382230758667,-0.0273399967700243,23472.375,-0.36595237255096436,8592.119140625,12358
ds004302_sub-63,rh_superiorparietal,2.040264368057251,-0.027584072202444077,14543.544921875,-0.05691883713006973,6357.5234375,9399
ds004302_sub-63,rh_superiortemporal,2.5874505043029785,-0.027951685711741447,11712.41796875,-0.21084332466125488,4132.7529296875,6056
ds004302_sub-63,rh_supramarginal,2.3636701107025146,-0.01565271057188511,9780.220703125,0.8283277750015259,3724.747314453125,5283
ds004302_sub-63,rh_frontalpole,2.470961809158325,-0.147795170545578,996.7691040039062,-8.53861141204834,335.51617431640625,396
ds004302_sub-63,rh_temporalpole,3.70215106010437,-0.09661798179149628,2881.41455078125,-7.658791542053223,559.9390869140625,727
ds004302_sub-63,rh_transversetemporal,2.034224271774292,-0.08241294324398041,839.6468505859375,3.1568965911865234,390.367919921875,571
ds004302_sub-63,rh_insula,3.0670690536499023,0.024526065215468407,6402.03125,5.819575309753418,2019.51904296875,3038
ds004302_sub-64,lh_bankssts,2.485191822052002,0.03131139278411865,2781.860595703125,3.58880877494812,1083.417724609375,1638
ds004302_sub-64,lh_caudalanteriorcingulate,2.1738121509552,0.025622040033340454,1696.90478515625,1.9944484233856201,690.117919921875,1015
ds004302_sub-64,lh_caudalmiddlefrontal,2.6159377098083496,-0.028314368799328804,8132.31494140625,1.1004638671875,2855.19482421875,4304
ds004302_sub-64,lh_cuneus,1.8074119091033936,-0.041171398013830185,3469.497802734375,-2.4259657859802246,1765.3837890625,2428
ds004302_sub-64,lh_entorhinal,3.256700038909912,-0.01494370587170124,2217.847900390625,-3.4887919425964355,540.96337890625,797
ds004302_sub-64,lh_fusiform,2.6481690406799316,-0.027326570823788643,12041.900390625,0.9883651733398438,3855.771240234375,5666
ds004302_sub-64,lh_inferiorparietal,2.6200788021087646,-0.029260916635394096,12727.3984375,-0.21200108528137207,4404.91650390625,6324
ds004302_sub-64,lh_inferiortemporal,2.6367709636688232,-0.027227092534303665,12315.6064453125,-1.1347429752349854,3837.774658203125,5382
ds004302_sub-64,lh_isthmuscingulate,2.4623823165893555,-0.036309633404016495,2637.2578125,-0.8593624234199524,972.9478759765625,1408
ds004302_sub-64,lh_lateraloccipital,2.26263165473938,-0.03315084055066109,13249.8203125,-2.0151097774505615,5221.4912109375,7762
ds004302_sub-64,lh_lateralorbitofrontal,2.629348039627075,-0.02126847766339779,8357.365234375,0.21397541463375092,2934.17431640625,3899
ds004302_sub-64,lh_lingual,1.843275785446167,-0.013774247840046883,6145.02734375,0.05189341679215431,3269.37744140625,4609
ds004302_sub-64,lh_medialorbitofrontal,2.3386809825897217,-0.04580451175570488,6160.7626953125,-1.4854485988616943,2355.96533203125,3197
ds004302_sub-64,lh_middletemporal,2.7874643802642822,-0.058015722781419754,11213.908203125,-1.1779710054397583,3198.865478515625,4373
ds004302_sub-64,lh_parahippocampal,2.60107421875,-0.01995176263153553,2158.462158203125,-0.36754149198532104,723.587646484375,1132
ds004302_sub-64,lh_paracentral,2.4541234970092773,-0.03432503715157509,4388.66064453125,-0.4189184606075287,1616.583251953125,2622
ds004302_sub-64,lh_parsopercularis,2.672274351119995,-0.04303940385580063,5218.44384765625,-0.5774117708206177,1745.35107421875,2427
ds004302_sub-64,lh_parsorbitalis,2.5229432582855225,-0.08434724062681198,2674.85205078125,-4.750305652618408,845.4945068359375,1089
ds004302_sub-64,lh_parstriangularis,2.2642133235931396,-0.014588862657546997,3989.45556640625,0.11863155663013458,1588.8114013671875,2208
ds004302_sub-64,lh_pericalcarine,1.439394235610962,0.06258002668619156,1978.30810546875,2.3525779247283936,1506.6474609375,2245
ds004302_sub-64,lh_postcentral,2.1120636463165283,-0.04831015318632126,10866.8271484375,-1.0273910760879517,4580.4248046875,7121
ds004302_sub-64,lh_posteriorcingulate,2.4587666988372803,0.010347118601202965,3204.599609375,2.37359356880188,1203.318115234375,1691
ds004302_sub-64,lh_precentral,2.644017219543457,-0.024101555347442627,15307.65625,0.6437169909477234,5293.0947265625,8687
ds004302_sub-64,lh_precuneus,2.496173143386841,-0.007682307157665491,10975.65234375,1.6672836542129517,4146.86767578125,6095
ds004302_sub-64,lh_rostralanteriorcingulate,2.5847878456115723,-0.03581112623214722,3116.2197265625,1.1114898920059204,1072.9224853515625,1427
ds004302_sub-64,lh_rostralmiddlefrontal,2.1166670322418213,-0.023040546104311943,16188.138671875,0.23340007662773132,6965.59375,9513
ds004302_sub-64,lh_superiorfrontal,2.709707260131836,-0.02672431990504265,28626.3671875,-0.4529303312301636,9324.7841796875,13781
ds004302_sub-64,lh_superiorparietal,2.4129810333251953,-0.02610091120004654,13916.931640625,-0.04490996524691582,5075.5634765625,7544
ds004302_sub-64,lh_superiortemporal,2.6826586723327637,-0.03715342655777931,13739.486328125,-0.03766253963112831,4506.599609375,6805
ds004302_sub-64,lh_supramarginal,2.5123696327209473,-0.030320702120661736,14296.8642578125,0.3481130003929138,5072.80908203125,7385
ds004302_sub-64,lh_frontalpole,2.2908265590667725,-0.163918599486351,809.941650390625,-9.627607345581055,279.91082763671875,319
ds004302_sub-64,lh_temporalpole,3.1677639484405518,-0.07549051195383072,2783.06494140625,-6.229760646820068,691.5795288085938,944
ds004302_sub-64,lh_transversetemporal,2.570422887802124,-0.025279905647039413,1063.257080078125,4.188835144042969,420.6018371582031,652
ds004302_sub-64,lh_insula,3.139831781387329,0.023466069251298904,7684.140625,5.726724147796631,2297.34521484375,3424
ds004302_sub-64,rh_bankssts,2.69667649269104,0.051804110407829285,2287.33154296875,4.802659511566162,925.2674560546875,1403
ds004302_sub-64,rh_caudalanteriorcingulate,2.411045551300049,-0.016398919746279716,2520.5380859375,1.8785145282745361,879.2498779296875,1310
ds004302_sub-64,rh_caudalmiddlefrontal,2.5397801399230957,-0.023803673684597015,7008.59228515625,1.1021113395690918,2415.829833984375,3622
ds004302_sub-64,rh_cuneus,2.05470871925354,-0.05475739389657974,4563.912109375,-3.811929702758789,1899.7630615234375,2623
ds004302_sub-64,rh_entorhinal,3.242948055267334,-0.023679066449403763,2530.76220703125,-3.5164361000061035,573.2847900390625,873
ds004302_sub-64,rh_fusiform,2.5702812671661377,-0.028946053236722946,11899.9873046875,1.3445618152618408,3919.056640625,5744
ds004302_sub-64,rh_inferiorparietal,2.579200029373169,-0.03331371396780014,15034.140625,-0.16636760532855988,5074.63720703125,7165
ds004302_sub-64,rh_inferiortemporal,2.751941680908203,-0.03211219236254692,11769.7177734375,-0.8805015683174133,3624.6962890625,5115
ds004302_sub-64,rh_isthmuscingulate,2.2939999103546143,-0.011117176152765751,2828.2431640625,0.29041099548339844,1116.745849609375,1527
ds004302_sub-64,rh_lateraloccipital,2.281355381011963,-0.027882827445864677,14796.4150390625,-1.3328919410705566,5686.08642578125,8289
ds004302_sub-64,rh_lateralorbitofrontal,2.609340190887451,-0.0056443288922309875,8334.853515625,0.7345679998397827,2905.3583984375,4235
ds004302_sub-64,rh_lingual,1.8952757120132446,-0.021724918857216835,7296.2470703125,-0.3632288873195648,3622.46533203125,5132
ds004302_sub-64,rh_medialorbitofrontal,2.5890395641326904,-0.027789507061243057,7365.37744140625,-0.8761387467384338,2511.59765625,3441
ds004302_sub-64,rh_middletemporal,2.9243831634521484,-0.03548248112201691,12913.09375,-1.2777999639511108,3589.5966796875,4908
ds004302_sub-64,rh_parahippocampal,2.3621323108673096,-0.01327222865074873,1532.3759765625,0.4066048264503479,572.8958740234375,909
ds004302_sub-64,rh_paracentral,2.364447832107544,-0.0071755992248654366,3533.40966796875,0.22346627712249756,1477.633056640625,2357
ds004302_sub-64,rh_parsopercularis,2.556323289871216,-0.011252702213823795,3694.25927734375,0.47171449661254883,1371.50732421875,1957
ds004302_sub-64,rh_parsorbitalis,2.7795863151550293,-0.07844718545675278,3593.9169921875,-4.689007759094238,1041.119384765625,1340
ds004302_sub-64,rh_parstriangularis,2.392179012298584,-0.023979810997843742,4323.98583984375,0.056325819343328476,1578.457763671875,2161
ds004302_sub-64,rh_pericalcarine,1.4724923372268677,0.06902400404214859,2307.66015625,3.449028491973877,1848.6376953125,2658
ds004302_sub-64,rh_postcentral,2.122114658355713,-0.04774659499526024,10462.82421875,-1.260122537612915,4206.5791015625,6392
ds004302_sub-64,rh_posteriorcingulate,2.2907967567443848,-0.00011041839752579108,3509.774658203125,2.298276901245117,1382.41015625,1909
ds004302_sub-64,rh_precentral,2.6394412517547607,-0.018077382817864418,16061.76953125,0.457010954618454,5424.0166015625,8707
ds004302_sub-64,rh_precuneus,2.4635324478149414,-0.0076152789406478405,10674.16796875,1.4819329977035522,4097.9853515625,5953
ds004302_sub-64,rh_rostralanteriorcingulate,2.825958490371704,0.027942469343543053,1580.64794921875,3.028449058532715,491.6666259765625,760
ds004302_sub-64,rh_rostralmiddlefrontal,2.282419204711914,-0.03143976628780365,20098.28515625,-0.19832712411880493,7804.96630859375,10535
ds004302_sub-64,rh_superiorfrontal,2.709620475769043,-0.02744501829147339,24659.60546875,-0.7348098158836365,8108.1904296875,11816
ds004302_sub-64,rh_superiorparietal,2.283135175704956,-0.024418260902166367,12923.6484375,-0.30234724283218384,5055.03173828125,7491
ds004302_sub-64,rh_superiortemporal,2.965709924697876,-0.02957591973245144,14221.37890625,-0.42443612217903137,4211.091796875,6339
ds004302_sub-64,rh_supramarginal,2.6006643772125244,-0.022002993151545525,10962.359375,0.2013399749994278,3815.27587890625,5334
ds004302_sub-64,rh_frontalpole,2.201784133911133,-0.15867644548416138,1048.4530029296875,-8.907005310058594,392.49200439453125,464
ds004302_sub-64,rh_temporalpole,3.516904354095459,-0.08810438215732574,2813.6201171875,-8.31653881072998,571.0875244140625,716
ds004302_sub-64,rh_transversetemporal,2.4359850883483887,-0.052227165549993515,908.5966186523438,3.5865509510040283,343.1253967285156,509
ds004302_sub-64,rh_insula,3.107706069946289,0.030884910374879837,7055.2890625,6.0657429695129395,2191.0244140625,3178
ds004302_sub-65,lh_bankssts,2.185641288757324,0.030391870066523552,1901.2860107421875,4.466798305511475,917.2728881835938,1376
ds004302_sub-65,lh_caudalanteriorcingulate,2.620049238204956,0.04190804436802864,1761.57421875,1.6999335289001465,717.6033935546875,1055
ds004302_sub-65,lh_caudalmiddlefrontal,2.5157134532928467,-0.02664632350206375,5635.55078125,2.234937906265259,2097.885986328125,3227
ds004302_sub-65,lh_cuneus,1.692179799079895,-0.037727292627096176,2533.259765625,-2.0434353351593018,1445.2933349609375,2083
ds004302_sub-65,lh_entorhinal,2.991328239440918,-0.0292106531560421,1813.83935546875,-3.0718345642089844,468.04510498046875,720
ds004302_sub-65,lh_fusiform,2.663346767425537,-0.03266460448503494,9463.923828125,0.8681463599205017,3130.230712890625,4573
ds004302_sub-65,lh_inferiorparietal,2.2825777530670166,-0.02161291427910328,11657.248046875,0.7499678730964661,4727.9033203125,6744
ds004302_sub-65,lh_inferiortemporal,2.541443109512329,-0.04376480355858803,11848.7578125,-0.9083269834518433,4137.2265625,5934
ds004302_sub-65,lh_isthmuscingulate,2.105668306350708,-0.013849848881363869,2394.251953125,-0.4054766893386841,1055.6044921875,1579
ds004302_sub-65,lh_lateraloccipital,2.0188775062561035,-0.03885267302393913,11929.09765625,-2.164334774017334,5270.84423828125,7674
ds004302_sub-65,lh_lateralorbitofrontal,2.7777326107025146,-0.03351784497499466,8163.953125,0.024225899949669838,2706.98583984375,3621
ds004302_sub-65,lh_lingual,2.0054709911346436,-0.030877169221639633,7109.9677734375,-0.63168865442276,3319.796875,4741
ds004302_sub-65,lh_medialorbitofrontal,2.4694204330444336,-0.036418698728084564,5826.59814453125,-1.602856159210205,2142.85986328125,3013
ds004302_sub-65,lh_middletemporal,2.521650791168213,-0.050922691822052,11913.81640625,-1.7871453762054443,3977.15966796875,5448
ds004302_sub-65,lh_parahippocampal,2.533379316329956,-0.04004445672035217,1922.86083984375,0.11075696349143982,664.1800537109375,1045
ds004302_sub-65,lh_paracentral,2.2589914798736572,-0.03961606323719025,3569.397216796875,0.4799994230270386,1456.59423828125,2421
ds004302_sub-65,lh_parsopercularis,2.3997175693511963,-0.02705075964331627,4140.50732421875,0.29798266291618347,1583.6190185546875,2252
ds004302_sub-65,lh_parsorbitalis,2.5438363552093506,-0.08654843270778656,2405.45947265625,-4.8221611976623535,752.2109375,1050
ds004302_sub-65,lh_parstriangularis,2.1630842685699463,-0.04228651151061058,3311.01904296875,-1.5532548427581787,1351.53076171875,1869
ds004302_sub-65,lh_pericalcarine,1.4962365627288818,0.05058307945728302,1822.425537109375,2.9232025146484375,1396.2052001953125,2068
ds004302_sub-65,lh_postcentral,1.9569975137710571,-0.05388703569769859,9389.07421875,-0.8686129450798035,4468.32421875,7061
ds004302_sub-65,lh_posteriorcingulate,2.236398696899414,0.012382947839796543,2870.625,2.3885419368743896,1176.801513671875,1767
ds004302_sub-65,lh_precentral,2.432547092437744,-0.03179309517145157,11604.978515625,0.6065474152565002,4474.583984375,7307
ds004302_sub-65,lh_precuneus,2.167971134185791,-0.008362406864762306,9997.84765625,1.3238420486450195,4195.2578125,5941
ds004302_sub-65,lh_rostralanteriorcingulate,2.5630369186401367,-0.05002894252538681,3101.218017578125,0.41566991806030273,1079.8134765625,1467
ds004302_sub-65,lh_rostralmiddlefrontal,2.297076940536499,-0.03579113259911537,14726.421875,-0.04459404572844505,5854.994140625,8177
ds004302_sub-65,lh_superiorfrontal,2.559945583343506,-0.02734687551856041,21329.1640625,-0.6842890381813049,7615.61328125,11196
ds004302_sub-65,lh_superiorparietal,2.172186851501465,-0.03547040745615959,13870.6962890625,-0.36949148774147034,5683.49072265625,8437
ds004302_sub-65,lh_superiortemporal,2.421374797821045,-0.03202546387910843,9399.91796875,-0.04090255871415138,3524.04345703125,5491
ds004302_sub-65,lh_supramarginal,2.271289587020874,-0.021800681948661804,10814.5703125,0.5426720976829529,4423.978515625,6553
ds004302_sub-65,lh_frontalpole,2.4743587970733643,-0.16769903898239136,1011.361328125,-7.787544250488281,313.187744140625,421
ds004302_sub-65,lh_temporalpole,3.1397273540496826,-0.09293176233768463,2257.946044921875,-7.218891143798828,532.1934204101562,705
ds004302_sub-65,lh_transversetemporal,2.0993266105651855,-0.04981447756290436,852.7965087890625,4.049563407897949,389.7296447753906,634
ds004302_sub-65,lh_insula,2.665105104446411,0.028932249173521996,6168.7900390625,5.8674421310424805,2193.6494140625,3273
ds004302_sub-65,rh_bankssts,2.2036540508270264,0.0484769307076931,2479.93408203125,4.976037502288818,1193.7711181640625,1733
ds004302_sub-65,rh_caudalanteriorcingulate,2.279524087905884,0.00462006963789463,2387.45556640625,1.2760347127914429,897.382568359375,1283
ds004302_sub-65,rh_caudalmiddlefrontal,2.625270366668701,-0.02928891032934189,5067.58056640625,1.067824363708496,1742.15771484375,2663
ds004302_sub-65,rh_cuneus,1.775940179824829,-0.06863174587488174,3393.746337890625,-3.3773868083953857,1698.5380859375,2432
ds004302_sub-65,rh_entorhinal,2.985032796859741,-0.036112334579229355,2012.6231689453125,-3.65158748626709,490.66412353515625,734
ds004302_sub-65,rh_fusiform,2.4871580600738525,-0.050385769456624985,10004.30078125,0.5624037981033325,3562.26123046875,5092
ds004302_sub-65,rh_inferiorparietal,2.1683826446533203,-0.023186974227428436,15784.9541015625,1.0700609683990479,6552.64794921875,9411
ds004302_sub-65,rh_inferiortemporal,2.447075605392456,-0.03006034344434738,10599.064453125,-0.2145303636789322,3707.50244140625,5304
ds004302_sub-65,rh_isthmuscingulate,1.9145914316177368,-0.007718103937804699,2254.994140625,-0.41493016481399536,1033.78271484375,1502
ds004302_sub-65,rh_lateraloccipital,2.10123610496521,-0.03341931849718094,10521.84765625,-1.524747610092163,4386.322265625,6338
ds004302_sub-65,rh_lateralorbitofrontal,2.569669008255005,-0.02564137615263462,7682.20849609375,-0.011191263794898987,2801.89208984375,3836
ds004302_sub-65,rh_lingual,1.8808770179748535,-0.04628971591591835,6643.98876953125,-1.1359951496124268,3157.57763671875,4635
ds004302_sub-65,rh_medialorbitofrontal,2.4150991439819336,-0.043719224631786346,6267.283203125,-1.6276296377182007,2422.87060546875,3261
ds004302_sub-65,rh_middletemporal,2.5358736515045166,-0.059876326471567154,12264.9931640625,-1.986020803451538,4002.3359375,5688
ds004302_sub-65,rh_parahippocampal,2.0983691215515137,-0.021401623263955116,1449.346435546875,0.6062523722648621,614.0057373046875,967
ds004302_sub-65,rh_paracentral,2.0454068183898926,-0.025504257529973984,3210.35791015625,0.28600916266441345,1495.8670654296875,2404
ds004302_sub-65,rh_parsopercularis,2.4173824787139893,-0.034928109496831894,4377.2080078125,-0.483997642993927,1607.361328125,2312
ds004302_sub-65,rh_parsorbitalis,2.558819055557251,-0.07008154690265656,2701.56005859375,-4.88701868057251,849.2750244140625,1129
ds004302_sub-65,rh_parstriangularis,2.247776746749878,-0.04062343016266823,4715.67822265625,-0.8901339769363403,1907.633544921875,2659
ds004302_sub-65,rh_pericalcarine,1.5016300678253174,0.029757479205727577,2222.988037109375,2.312880754470825,1623.2529296875,2385
ds004302_sub-65,rh_postcentral,1.80692458152771,-0.045170858502388,8423.5751953125,-1.0198779106140137,4210.89599609375,6389
ds004302_sub-65,rh_posteriorcingulate,2.164741039276123,0.014373007230460644,3108.449462890625,1.8346089124679565,1281.756103515625,1724
ds004302_sub-65,rh_precentral,2.325227975845337,-0.018428601324558258,11033.810546875,0.5927852392196655,4430.0234375,6914
ds004302_sub-65,rh_precuneus,2.327378511428833,-0.0028923130594193935,9954.3818359375,1.4945789575576782,3854.7490234375,5494
ds004302_sub-65,rh_rostralanteriorcingulate,2.6906752586364746,-0.041152793914079666,2392.023681640625,0.4406357407569885,796.5302124023438,977
ds004302_sub-65,rh_rostralmiddlefrontal,2.3190698623657227,-0.027440723031759262,16250.0830078125,0.36099088191986084,6334.4755859375,8807
ds004302_sub-65,rh_superiorfrontal,2.6053929328918457,-0.03804432600736618,18277.4375,-0.902773916721344,6320.94140625,9112
ds004302_sub-65,rh_superiorparietal,2.2246806621551514,-0.03538891300559044,14865.736328125,-0.48820367455482483,5761.85302734375,8311
ds004302_sub-65,rh_superiortemporal,2.443480968475342,-0.02819068729877472,9651.76953125,-0.3470776081085205,3550.52197265625,5255
ds004302_sub-65,rh_supramarginal,2.2277350425720215,-0.03066917136311531,10116.908203125,0.6662634015083313,4133.04052734375,5800
ds004302_sub-65,rh_frontalpole,2.524486780166626,-0.10584307461977005,1351.236328125,-7.251402854919434,438.6863708496094,547
ds004302_sub-65,rh_temporalpole,3.251795768737793,-0.09084071218967438,2265.131591796875,-6.887780666351318,569.589599609375,776
ds004302_sub-65,rh_transversetemporal,2.085374116897583,-0.08659255504608154,704.44189453125,3.687554359436035,308.620849609375,499
ds004302_sub-65,rh_insula,2.8001410961151123,0.02527838572859764,6079.6943359375,5.963206768035889,2101.1396484375,3114
ds004302_sub-66,lh_bankssts,2.012878656387329,0.06092967465519905,1713.058349609375,3.574328899383545,914.5210571289062,1348
ds004302_sub-66,lh_caudalanteriorcingulate,2.36871337890625,-0.013396210968494415,1012.851318359375,2.247511863708496,377.03253173828125,605
ds004302_sub-66,lh_caudalmiddlefrontal,2.300853967666626,0.0038095919881016016,3449.794921875,2.7248191833496094,1451.953857421875,2213
ds004302_sub-66,lh_cuneus,1.7756049633026123,-0.028987592086195946,2502.823974609375,-2.186924934387207,1325.267822265625,1915
ds004302_sub-66,lh_entorhinal,3.056814670562744,-0.05239797383546829,1583.659912109375,-4.663800239562988,369.7327575683594,532
ds004302_sub-66,lh_fusiform,2.3554723262786865,-0.021932179108262062,7290.7197265625,0.8503237366676331,2806.78857421875,3912
ds004302_sub-66,lh_inferiorparietal,2.1598851680755615,-0.0278857983648777,7665.6728515625,0.9672205448150635,3326.2080078125,4973
ds004302_sub-66,lh_inferiortemporal,2.51318097114563,-0.031474899500608444,8105.3759765625,-1.0620169639587402,2707.4619140625,3701
ds004302_sub-66,lh_isthmuscingulate,2.193028688430786,-0.016927361488342285,2100.39404296875,0.11281321197748184,858.4464111328125,1271
ds004302_sub-66,lh_lateraloccipital,1.950621485710144,-0.0395604744553566,9168.96484375,-2.280961513519287,4204.8876953125,6176
ds004302_sub-66,lh_lateralorbitofrontal,2.5360286235809326,-0.013314874842762947,6561.9580078125,-0.11824434250593185,2433.39794921875,3419
ds004302_sub-66,lh_lingual,1.8803225755691528,-0.02658558078110218,4663.5615234375,0.19949930906295776,2247.48779296875,3231
ds004302_sub-66,lh_medialorbitofrontal,2.3902227878570557,-0.04209106042981148,5074.55908203125,-1.6839706897735596,1902.406005859375,2676
ds004302_sub-66,lh_middletemporal,2.3249447345733643,-0.04542706906795502,7879.4755859375,-1.816596508026123,2822.564208984375,3887
ds004302_sub-66,lh_parahippocampal,2.4428000450134277,-0.05255388095974922,1873.604248046875,-0.3197188675403595,605.9683837890625,955
ds004302_sub-66,lh_paracentral,2.175438404083252,-0.019292907789349556,2896.84375,-0.5474552512168884,1255.019775390625,1990
ds004302_sub-66,lh_parsopercularis,2.3009698390960693,-0.05090908706188202,3443.091064453125,0.13721886277198792,1338.4451904296875,1927
ds004302_sub-66,lh_parsorbitalis,2.3060805797576904,-0.0629739910364151,2055.1875,-4.160959720611572,683.866943359375,934
ds004302_sub-66,lh_parstriangularis,2.0804214477539062,-0.015796532854437828,2237.85009765625,-0.11071348190307617,993.1341552734375,1479
ds004302_sub-66,lh_pericalcarine,1.554009199142456,0.0583898201584816,1501.0347900390625,2.3073513507843018,1096.291259765625,1650
ds004302_sub-66,lh_postcentral,1.7066837549209595,-0.05242297425866127,6365.5185546875,-1.0158393383026123,3536.906494140625,5481
ds004302_sub-66,lh_posteriorcingulate,2.3148555755615234,0.006936365272849798,2036.5198974609375,2.4943668842315674,824.1949462890625,1251
ds004302_sub-66,lh_precentral,2.2814877033233643,-0.0116385817527771,10145.30859375,0.263529896736145,4254.96484375,7002
ds004302_sub-66,lh_precuneus,2.2448484897613525,-0.007584670092910528,7173.5654296875,0.8952813148498535,3052.277587890625,4323
ds004302_sub-66,lh_rostralanteriorcingulate,2.747313976287842,-0.0364023819565773,1937.5650634765625,0.41523852944374084,633.517578125,835
ds004302_sub-66,lh_rostralmiddlefrontal,2.106356143951416,-0.03520038723945618,11252.3193359375,-0.35554248094558716,4770.2646484375,6556
ds004302_sub-66,lh_superiorfrontal,2.419290781021118,-0.01522541232407093,17355.568359375,-0.6075512766838074,6407.27294921875,9141
ds004302_sub-66,lh_superiorparietal,2.0010406970977783,-0.0212397500872612,10937.0419921875,0.6865605711936951,5037.669921875,7693
ds004302_sub-66,lh_superiortemporal,2.3962836265563965,-0.0230483990162611,10184.013671875,-0.5805140733718872,3812.3359375,5582
ds004302_sub-66,lh_supramarginal,2.2329177856445312,-0.020265810191631317,10443.396484375,0.2457239180803299,4415.83056640625,6350
ds004302_sub-66,lh_frontalpole,2.4229683876037598,-0.13971708714962006,869.9215698242188,-9.006597518920898,300.6385803222656,354
ds004302_sub-66,lh_temporalpole,3.3043644428253174,-0.09487557411193848,1863.3123779296875,-8.693258285522461,391.78448486328125,474
ds004302_sub-66,lh_transversetemporal,2.218803644180298,-0.03164660185575485,1013.6951904296875,3.9183313846588135,436.733154296875,699
ds004302_sub-66,lh_insula,2.981520175933838,0.03184674307703972,6068.28759765625,5.818933010101318,1935.796875,2962
ds004302_sub-66,rh_bankssts,2.065537214279175,0.05197140946984291,1535.577392578125,4.83104133605957,793.3543701171875,1187
ds004302_sub-66,rh_caudalanteriorcingulate,2.3271119594573975,0.024830855429172516,1178.292236328125,1.8203827142715454,488.8878173828125,735
ds004302_sub-66,rh_caudalmiddlefrontal,2.26424503326416,-0.02102343738079071,3920.23779296875,1.578572392463684,1645.63623046875,2474
ds004302_sub-66,rh_cuneus,1.7757599353790283,-0.033553894609212875,2474.59521484375,-2.4353690147399902,1341.3001708984375,1938
ds004302_sub-66,rh_entorhinal,3.3115696907043457,-0.07233576476573944,1562.76123046875,-5.096723556518555,309.6122131347656,455
ds004302_sub-66,rh_fusiform,2.4333655834198,-0.030599739402532578,8004.92333984375,1.048768162727356,2808.80615234375,4070
ds004302_sub-66,rh_inferiorparietal,2.2949628829956055,-0.014184187166392803,12256.36328125,0.8840961456298828,4720.802734375,6564
ds004302_sub-66,rh_inferiortemporal,2.4848220348358154,-0.013603601604700089,7478.5068359375,-0.9423284530639648,2620.21923828125,3469
ds004302_sub-66,rh_isthmuscingulate,2.0867815017700195,-0.03134221211075783,1946.845947265625,-0.2392549365758896,831.815673828125,1220
ds004302_sub-66,rh_lateraloccipital,2.079587459564209,-0.028849365189671516,12272.4052734375,-1.9204809665679932,5080.927734375,7063
ds004302_sub-66,rh_lateralorbitofrontal,2.5179667472839355,-0.01190904900431633,7190.24072265625,0.1716407686471939,2655.34375,3410
ds004302_sub-66,rh_lingual,1.945854902267456,-0.028408871963620186,4364.6875,-0.31034600734710693,2116.3740234375,3041
ds004302_sub-66,rh_medialorbitofrontal,2.2654707431793213,-0.041377607733011246,4758.2236328125,-1.6131833791732788,1922.42333984375,2436
ds004302_sub-66,rh_middletemporal,2.533782958984375,-0.054237786680459976,9987.884765625,-2.1589670181274414,3125.28662109375,4270
ds004302_sub-66,rh_parahippocampal,2.5048935413360596,-0.0324946790933609,1819.4295654296875,0.5098097324371338,600.71337890625,949
ds004302_sub-66,rh_paracentral,2.197617530822754,-0.01418799627572298,3383.736083984375,0.5798739790916443,1492.0999755859375,2284
ds004302_sub-66,rh_parsopercularis,2.3584210872650146,-0.045534487813711166,2886.282470703125,0.6555507779121399,1082.61767578125,1556
ds004302_sub-66,rh_parsorbitalis,2.492845058441162,-0.06880438327789307,2397.80859375,-4.439233303070068,758.4786376953125,975
ds004302_sub-66,rh_parstriangularis,2.1559672355651855,-0.01445169560611248,2573.416259765625,-0.6379417181015015,1097.8720703125,1573
ds004302_sub-66,rh_pericalcarine,1.6327810287475586,0.036054931581020355,1756.25732421875,2.240635395050049,1180.478271484375,1709
ds004302_sub-66,rh_postcentral,1.8133422136306763,-0.03569595888257027,7257.90625,-1.1765573024749756,3594.0498046875,5343
ds004302_sub-66,rh_posteriorcingulate,2.3783671855926514,0.01671002246439457,2205.750244140625,2.8331027030944824,864.0093994140625,1250
ds004302_sub-66,rh_precentral,2.2454211711883545,-0.005435785744339228,10486.720703125,0.44623395800590515,4465.4619140625,7211
ds004302_sub-66,rh_precuneus,2.2266647815704346,-0.0028533476870507,8100.09228515625,1.114792823791504,3586.2763671875,5077
ds004302_sub-66,rh_rostralanteriorcingulate,2.7007882595062256,-0.023139560595154762,1800.9173583984375,0.9872779846191406,548.8026733398438,718
ds004302_sub-66,rh_rostralmiddlefrontal,2.0083727836608887,-0.03230193257331848,10278.8447265625,-0.5000987648963928,4611.263671875,6333
ds004302_sub-66,rh_superiorfrontal,2.5209293365478516,-0.02559034526348114,16669.15625,-0.7848759889602661,6075.47900390625,8532
ds004302_sub-66,rh_superiorparietal,1.9552851915359497,-0.02489376813173294,10386.701171875,-0.16901972889900208,4954.48828125,7441
ds004302_sub-66,rh_superiortemporal,2.3768763542175293,-0.022262563928961754,8648.2421875,-0.7355362176895142,3173.669921875,4589
ds004302_sub-66,rh_supramarginal,2.360806941986084,-0.003367047291249037,8539.3779296875,1.1226661205291748,3315.697021484375,4637
ds004302_sub-66,rh_frontalpole,2.241987466812134,-0.0751018300652504,935.747314453125,-6.634268283843994,344.90234375,425
ds004302_sub-66,rh_temporalpole,3.75573468208313,-0.11465860903263092,2047.63525390625,-8.612035751342773,376.2940673828125,476
ds004302_sub-66,rh_transversetemporal,2.292773723602295,-0.08146277070045471,665.2208862304688,3.721776008605957,254.36184692382812,423
ds004302_sub-66,rh_insula,2.8498494625091553,0.03520073741674423,5485.95947265625,6.04681921005249,1829.573974609375,2741
ds004302_sub-67,lh_bankssts,2.2651283740997314,0.039406660944223404,2057.67333984375,3.6221678256988525,974.1025390625,1472
ds004302_sub-67,lh_caudalanteriorcingulate,2.5485284328460693,0.014801446348428726,1276.376953125,2.0658724308013916,484.9046630859375,750
ds004302_sub-67,lh_caudalmiddlefrontal,2.4329159259796143,-0.01731366477906704,4702.35498046875,1.531984806060791,1794.386474609375,2723
ds004302_sub-67,lh_cuneus,1.755944013595581,-0.04494772106409073,2089.116455078125,-2.1373069286346436,1127.552978515625,1645
ds004302_sub-67,lh_entorhinal,2.7903599739074707,-0.1472928375005722,1204.14794921875,-5.551079750061035,324.2611389160156,471
ds004302_sub-67,lh_fusiform,2.5865321159362793,-0.037578076124191284,8217.7509765625,0.6474781036376953,2631.9228515625,3786
ds004302_sub-67,lh_inferiorparietal,2.2654364109039307,-0.03804560378193855,11091.0419921875,0.5753461122512817,4411.54833984375,6665
ds004302_sub-67,lh_inferiortemporal,2.3832552433013916,-0.034094423055648804,8722.9375,-0.6228508949279785,3064.76806640625,4225
ds004302_sub-67,lh_isthmuscingulate,2.393476963043213,-0.02519148588180542,2407.03173828125,-0.4353657066822052,898.6198120117188,1359
ds004302_sub-67,lh_lateraloccipital,1.9641401767730713,-0.02998902089893818,10380.708984375,-1.5382952690124512,4688.80322265625,6768
ds004302_sub-67,lh_lateralorbitofrontal,2.504608392715454,-0.0155025040730834,6314.42236328125,0.04410020634531975,2272.5546875,3152
ds004302_sub-67,lh_lingual,2.116485595703125,-0.034241482615470886,7250.8994140625,0.2816064655780792,3006.61865234375,4240
ds004302_sub-67,lh_medialorbitofrontal,2.2792537212371826,-0.04969903081655502,4596.525390625,-1.4388757944107056,1757.575927734375,2533
ds004302_sub-67,lh_middletemporal,2.57895565032959,-0.054480474442243576,9834.134765625,-1.7935090065002441,3000.982421875,4106
ds004302_sub-67,lh_parahippocampal,2.6555464267730713,-0.06399085372686386,2200.18115234375,-0.5611324906349182,633.4586181640625,1026
ds004302_sub-67,lh_paracentral,2.363741397857666,-0.025798356160521507,3037.6708984375,-0.9822785258293152,1135.0517578125,1829
ds004302_sub-67,lh_parsopercularis,2.3715479373931885,-0.03593510389328003,3811.19580078125,0.12664012610912323,1422.184326171875,2043
ds004302_sub-67,lh_parsorbitalis,2.7214791774749756,-0.06955842673778534,2425.79833984375,-4.555564880371094,709.3544921875,920
ds004302_sub-67,lh_parstriangularis,2.228330135345459,-0.039215970784425735,2891.492431640625,-0.9324194192886353,1153.8966064453125,1640
ds004302_sub-67,lh_pericalcarine,1.385866403579712,0.08008193224668503,1155.4720458984375,1.2073616981506348,938.1751708984375,1383
ds004302_sub-67,lh_postcentral,2.0532755851745605,-0.05139443650841713,8215.80078125,-0.7973544001579285,3528.25,5457
ds004302_sub-67,lh_posteriorcingulate,2.283939838409424,-0.016416262835264206,2036.1519775390625,2.4859790802001953,821.585693359375,1185
ds004302_sub-67,lh_precentral,2.4570298194885254,-0.021764719858765602,12627.7490234375,0.3816134035587311,4641.5087890625,7302
ds004302_sub-67,lh_precuneus,2.3260443210601807,-0.002901831641793251,8415.05078125,2.0037519931793213,3485.4501953125,5082
ds004302_sub-67,lh_rostralanteriorcingulate,2.481217384338379,-0.04257184639573097,2039.7750244140625,0.5668416619300842,705.7799072265625,894
ds004302_sub-67,lh_rostralmiddlefrontal,2.2768049240112305,-0.024820227175951004,11553.984375,-0.11841617524623871,4486.3251953125,6337
ds004302_sub-67,lh_superiorfrontal,2.6292898654937744,-0.025057870894670486,19299.875,-0.7891967296600342,6430.52978515625,9209
ds004302_sub-67,lh_superiorparietal,2.1196179389953613,-0.03290741145610809,11997.904296875,-0.4087069630622864,4901.767578125,7319
ds004302_sub-67,lh_superiortemporal,2.512932062149048,-0.027700627222657204,10789.4052734375,0.14426372945308685,3609.115478515625,5356
ds004302_sub-67,lh_supramarginal,2.4208898544311523,-0.027903933078050613,10724.5634765625,0.4674836993217468,3981.4638671875,5996
ds004302_sub-67,lh_frontalpole,2.4268109798431396,-0.1747998148202896,803.0799560546875,-9.137251853942871,235.23193359375,319
ds004302_sub-67,lh_temporalpole,2.782210350036621,-0.1167585477232933,1827.788330078125,-8.10898494720459,460.45880126953125,527
ds004302_sub-67,lh_transversetemporal,2.10435152053833,-0.06800688058137894,1031.6602783203125,3.458498239517212,440.54998779296875,692
ds004302_sub-67,lh_insula,3.052724838256836,0.026752471923828125,6008.46826171875,5.487410068511963,1870.019287109375,2850
ds004302_sub-67,rh_bankssts,2.5501132011413574,0.029405077919363976,1844.954345703125,3.715937852859497,749.6812133789062,1130
ds004302_sub-67,rh_caudalanteriorcingulate,2.0355072021484375,0.029071228578686714,1312.990234375,2.0749130249023438,534.53125,781
ds004302_sub-67,rh_caudalmiddlefrontal,2.227175235748291,-0.008502920158207417,4200.2333984375,1.6285948753356934,1786.078369140625,2555
ds004302_sub-67,rh_cuneus,1.789764404296875,-0.04052821919322014,2642.486328125,-1.7170956134796143,1359.7998046875,1961
ds004302_sub-67,rh_entorhinal,2.5257205963134766,-0.06722824275493622,1129.954345703125,-3.538971424102783,337.89569091796875,489
ds004302_sub-67,rh_fusiform,2.6121060848236084,-0.03801311179995537,7915.5009765625,0.9773386120796204,2455.306396484375,3611
ds004302_sub-67,rh_inferiorparietal,2.26643967628479,-0.02673666551709175,13029.44921875,0.7883592247962952,5260.41162109375,7436
ds004302_sub-67,rh_inferiortemporal,2.4245455265045166,-0.039056506007909775,8142.2216796875,-1.2897924184799194,2727.707275390625,3790
ds004302_sub-67,rh_isthmuscingulate,2.006634473800659,-0.014905999414622784,1763.58251953125,-0.21929632127285004,834.954833984375,1154
ds004302_sub-67,rh_lateraloccipital,2.0544772148132324,-0.02701723761856556,10789.18359375,-1.7343131303787231,4752.9951171875,6856
ds004302_sub-67,rh_lateralorbitofrontal,2.341547966003418,-0.02132129669189453,5807.498046875,-0.07666689902544022,2180.50244140625,3054
ds004302_sub-67,rh_lingual,2.050109624862671,-0.03113735467195511,7082.45849609375,0.43308669328689575,2917.5791015625,4201
ds004302_sub-67,rh_medialorbitofrontal,2.2386980056762695,-0.045353710651397705,4799.65380859375,-1.5039303302764893,1816.2230224609375,2516
ds004302_sub-67,rh_middletemporal,2.584359884262085,-0.04884379729628563,9806.09765625,-1.6197463274002075,3027.3837890625,4095
ds004302_sub-67,rh_parahippocampal,2.660975217819214,-0.0410618782043457,1951.75341796875,0.04160464182496071,592.638671875,947
ds004302_sub-67,rh_paracentral,2.3106441497802734,-0.027814339846372604,3497.13525390625,-0.3312097489833832,1405.994384765625,2184
ds004302_sub-67,rh_parsopercularis,2.525265693664551,-0.039400793612003326,3311.271484375,-0.37068983912467957,1152.6220703125,1654
ds004302_sub-67,rh_parsorbitalis,2.2604007720947266,-0.06399143487215042,2369.8115234375,-5.136557102203369,807.5502319335938,1049
ds004302_sub-67,rh_parstriangularis,2.3653135299682617,-0.004694369155913591,3310.7509765625,0.771930456161499,1222.5120849609375,1759
ds004302_sub-67,rh_pericalcarine,1.5334564447402954,0.039607662707567215,1384.4967041015625,0.8761122226715088,945.94921875,1413
ds004302_sub-67,rh_postcentral,2.0692238807678223,-0.04299524053931236,8582.064453125,-0.7368152737617493,3687.754150390625,5553
ds004302_sub-67,rh_posteriorcingulate,2.18855357170105,0.01399279199540615,2753.8623046875,2.1918351650238037,1107.1552734375,1466
ds004302_sub-67,rh_precentral,2.4657108783721924,-0.015986904501914978,12429.2685546875,0.5880758166313171,4388.5498046875,6761
ds004302_sub-67,rh_precuneus,2.2669694423675537,-0.00606869999319315,8093.92236328125,1.564841628074646,3336.9404296875,4769
ds004302_sub-67,rh_rostralanteriorcingulate,2.448219060897827,-0.007757182233035564,1112.2354736328125,2.0127503871917725,392.33447265625,531
ds004302_sub-67,rh_rostralmiddlefrontal,2.2747292518615723,-0.01795775629580021,13551.552734375,-0.2174464613199234,5157.458984375,6929
ds004302_sub-67,rh_superiorfrontal,2.5722336769104004,-0.02461962215602398,17624.29296875,-1.3052648305892944,5952.8515625,8265
ds004302_sub-67,rh_superiorparietal,2.062812089920044,-0.03976715728640556,11448.4404296875,-0.45559170842170715,4922.798828125,7292
ds004302_sub-67,rh_superiortemporal,2.7072153091430664,-0.027757413685321808,10651.931640625,-0.4055534601211548,3417.6044921875,5104
ds004302_sub-67,rh_supramarginal,2.4391191005706787,-0.02441297471523285,9834.1201171875,0.5614232420921326,3490.074951171875,5109
ds004302_sub-67,rh_frontalpole,2.207279920578003,-0.1392325609922409,811.0025634765625,-8.067436218261719,288.65948486328125,373
ds004302_sub-67,rh_temporalpole,3.4544200897216797,-0.09335242956876755,2162.5478515625,-7.511962413787842,409.26788330078125,537
ds004302_sub-67,rh_transversetemporal,2.4813461303710938,-0.10428109019994736,973.2211303710938,3.425825357437134,335.0606689453125,555
ds004302_sub-67,rh_insula,3.0030510425567627,0.035954151302576065,6396.0126953125,5.829957485198975,2015.0931396484375,3008
ds004302_sub-68,lh_bankssts,2.481680393218994,-0.005940078757703304,2280.02685546875,-0.102846160531044,848.626708984375,1182
ds004302_sub-68,lh_caudalanteriorcingulate,2.3126437664031982,-0.033477045595645905,2007.9501953125,1.4772801399230957,773.9749755859375,1087
ds004302_sub-68,lh_caudalmiddlefrontal,2.6835460662841797,-0.01816832832992077,6404.19384765625,1.4711134433746338,2252.2734375,3406
ds004302_sub-68,lh_cuneus,2.0556716918945312,-0.04945940896868706,3244.249755859375,-2.306889295578003,1538.25537109375,2210
ds004302_sub-68,lh_entorhinal,2.81967830657959,-0.05789201706647873,1506.5654296875,-4.103705883026123,387.90631103515625,581
ds004302_sub-68,lh_fusiform,2.7333521842956543,-0.053417857736349106,11006.873046875,0.21234464645385742,3458.142333984375,4976
ds004302_sub-68,lh_inferiorparietal,2.5204482078552246,-0.03358408808708191,13787.650390625,0.35705703496932983,5090.77294921875,7278
ds004302_sub-68,lh_inferiortemporal,2.5324490070343018,-0.027897022664546967,10535.546875,-0.3299289047718048,3584.9697265625,4967
ds004302_sub-68,lh_isthmuscingulate,2.2726922035217285,-0.010432685725390911,2561.30517578125,0.03186860308051109,993.6028442382812,1456
ds004302_sub-68,lh_lateraloccipital,2.2312843799591064,-0.02990751713514328,12886.6015625,-1.4945024251937866,5430.8115234375,7959
ds004302_sub-68,lh_lateralorbitofrontal,2.513808250427246,-0.01460487861186266,6934.0859375,-0.08544692397117615,2507.13037109375,3410
ds004302_sub-68,lh_lingual,2.145927906036377,-0.04069129377603531,7061.32763671875,-0.4334266185760498,3118.7294921875,4511
ds004302_sub-68,lh_medialorbitofrontal,2.161877155303955,-0.05410447344183922,4275.3701171875,-2.0977275371551514,1788.86083984375,2532
ds004302_sub-68,lh_middletemporal,2.668229818344116,-0.05052591487765312,11623.03125,-1.007266879081726,3593.5009765625,4741
ds004302_sub-68,lh_parahippocampal,2.3634231090545654,-0.03051781840622425,1749.951171875,0.23729468882083893,624.438720703125,968
ds004302_sub-68,lh_paracentral,2.257211208343506,-0.028986500576138496,3063.57861328125,-0.6070205569267273,1293.492431640625,1962
ds004302_sub-68,lh_parsopercularis,2.6726789474487305,-0.03769409656524658,5797.23046875,-0.4587637186050415,1989.92529296875,2682
ds004302_sub-68,lh_parsorbitalis,2.360375165939331,-0.11741673946380615,2055.16455078125,-5.722230434417725,673.24267578125,919
ds004302_sub-68,lh_parstriangularis,2.319923162460327,-0.011126875877380371,3489.17919921875,0.19514033198356628,1369.3944091796875,1893
ds004302_sub-68,lh_pericalcarine,1.8573886156082153,0.05154813826084137,1946.971435546875,2.774625778198242,1191.6221923828125,1720
ds004302_sub-68,lh_postcentral,2.152367353439331,-0.047123394906520844,11691.791015625,-0.7322890758514404,4923.08642578125,7370
ds004302_sub-68,lh_posteriorcingulate,2.405531167984009,0.0027611451223492622,3353.369140625,2.2851085662841797,1288.6279296875,1846
ds004302_sub-68,lh_precentral,2.677682399749756,-0.01987261138856411,14263.267578125,0.3729051351547241,4970.21728515625,7713
ds004302_sub-68,lh_precuneus,2.5597100257873535,-0.008743952959775925,9563.84375,1.3815464973449707,3502.17333984375,5092
ds004302_sub-68,lh_rostralanteriorcingulate,2.5718884468078613,-0.017830058932304382,2530.3359375,2.048628091812134,867.253173828125,1218
ds004302_sub-68,lh_rostralmiddlefrontal,2.2912561893463135,-0.031341053545475006,13238.830078125,-0.07114648073911667,5280.61376953125,7082
ds004302_sub-68,lh_superiorfrontal,2.7454185485839844,-0.02641177363693714,23744.818359375,-0.7950253486633301,7692.9072265625,11343
ds004302_sub-68,lh_superiorparietal,2.2728731632232666,-0.030853835865855217,12913.9541015625,0.12323826551437378,5087.095703125,7567
ds004302_sub-68,lh_superiortemporal,2.7032358646392822,-0.02348107472062111,12620.560546875,0.5468971729278564,4090.19091796875,6029
ds004302_sub-68,lh_supramarginal,2.516864776611328,-0.023104161024093628,12209.990234375,0.5796166658401489,4433.02734375,6071
ds004302_sub-68,lh_frontalpole,2.681356191635132,-0.15385815501213074,880.7434692382812,-9.019142150878906,248.74688720703125,314
ds004302_sub-68,lh_temporalpole,3.5392723083496094,-0.1075291782617569,2749.8369140625,-7.879663944244385,584.496826171875,698
ds004302_sub-68,lh_transversetemporal,2.4671900272369385,-0.08135918527841568,1121.80078125,3.409224510192871,388.53521728515625,633
ds004302_sub-68,lh_insula,3.078918933868408,0.019128205254673958,8097.6923828125,4.832303524017334,2513.4541015625,3693
ds004302_sub-68,rh_bankssts,2.6407675743103027,0.04493201524019241,2323.414794921875,4.979373931884766,919.34716796875,1340
ds004302_sub-68,rh_caudalanteriorcingulate,2.310185432434082,0.011398130096495152,1506.7109375,1.4891276359558105,606.7055053710938,874
ds004302_sub-68,rh_caudalmiddlefrontal,2.6111810207366943,-0.0283734779804945,6495.88623046875,1.6032958030700684,2234.42041015625,3294
ds004302_sub-68,rh_cuneus,1.9257372617721558,-0.03935842216014862,3696.8515625,-2.364985466003418,1847.261474609375,2510
ds004302_sub-68,rh_entorhinal,2.914210081100464,-0.04991321638226509,1313.56884765625,-3.9716603755950928,340.337890625,473
ds004302_sub-68,rh_fusiform,2.699751853942871,-0.044510554522275925,10748.9736328125,0.02712666615843773,3414.23876953125,4701
ds004302_sub-68,rh_inferiorparietal,2.521472692489624,-0.036325741559267044,18413.85546875,-0.0840030238032341,6405.4140625,8827
ds004302_sub-68,rh_inferiortemporal,2.5742757320404053,-0.006403894629329443,8722.7373046875,0.030138831585645676,3077.25,4343
ds004302_sub-68,rh_isthmuscingulate,2.4053292274475098,0.00032221272704191506,2667.36279296875,0.09441834688186646,1018.814697265625,1480
ds004302_sub-68,rh_lateraloccipital,2.2762317657470703,-0.034287355840206146,12760.427734375,-1.274320125579834,5103.39990234375,7257
ds004302_sub-68,rh_lateralorbitofrontal,2.519409418106079,-0.013822694309055805,6685.64453125,-0.09716355055570602,2453.45556640625,3349
ds004302_sub-68,rh_lingual,2.1278188228607178,-0.040007613599300385,8226.25,-0.8567163944244385,3508.61865234375,4979
ds004302_sub-68,rh_medialorbitofrontal,2.4318559169769287,-0.04668215289711952,5331.44921875,-1.7842079401016235,2047.7828369140625,2829
ds004302_sub-68,rh_middletemporal,2.7657275199890137,-0.06647485494613647,12164.22265625,-1.6126024723052979,3602.55859375,4917
ds004302_sub-68,rh_parahippocampal,2.408001661300659,-0.02414529211819172,1661.0478515625,0.7187474966049194,584.4830322265625,912
ds004302_sub-68,rh_paracentral,2.438978433609009,-0.016921723261475563,4203.17919921875,0.3809972107410431,1603.30029296875,2448
ds004302_sub-68,rh_parsopercularis,2.7008492946624756,-0.03659766539931297,3978.478515625,-0.2547711431980133,1361.0443115234375,1948
ds004302_sub-68,rh_parsorbitalis,2.473235845565796,-0.07393267750740051,2765.6640625,-4.848726272583008,911.1929931640625,1159
ds004302_sub-68,rh_parstriangularis,2.537665367126465,-0.026167819276452065,4573.0693359375,0.02775411680340767,1670.2957763671875,2278
ds004302_sub-68,rh_pericalcarine,1.501502513885498,0.06090675666928291,1934.791015625,1.6516021490097046,1500.466064453125,2071
ds004302_sub-68,rh_postcentral,2.0989840030670166,-0.0413823127746582,9434.228515625,-0.6820791363716125,4093.17431640625,6096
ds004302_sub-68,rh_posteriorcingulate,2.3681607246398926,0.002387240994721651,3156.26171875,2.034719467163086,1230.430908203125,1798
ds004302_sub-68,rh_precentral,2.6383612155914307,-0.016080336645245552,15111.3984375,0.5104921460151672,5255.45263671875,8023
ds004302_sub-68,rh_precuneus,2.603107452392578,-0.01643700711429119,10772.509765625,1.165337324142456,3779.60888671875,5442
ds004302_sub-68,rh_rostralanteriorcingulate,2.747279644012451,-0.055433038622140884,1826.55078125,0.5418909788131714,565.732421875,694
ds004302_sub-68,rh_rostralmiddlefrontal,2.3087289333343506,-0.027269791811704636,12449.458984375,-0.292182058095932,4952.32373046875,6636
ds004302_sub-68,rh_superiorfrontal,2.7877249717712402,-0.025592492893338203,23050.62109375,-0.6758625507354736,7468.03955078125,10868
ds004302_sub-68,rh_superiorparietal,2.311769485473633,-0.029804451391100883,13176.1416015625,-0.029462331905961037,5187.7578125,7546
ds004302_sub-68,rh_superiortemporal,2.981254816055298,-0.029910843819379807,12392.658203125,-0.05595122650265694,3706.527099609375,5374
ds004302_sub-68,rh_supramarginal,2.6483654975891113,-0.016350606456398964,10996.419921875,1.399904727935791,3815.169921875,5435
ds004302_sub-68,rh_frontalpole,2.9910802841186523,-0.1585746556520462,1121.75927734375,-9.008395195007324,258.6169128417969,330
ds004302_sub-68,rh_temporalpole,3.871652841567993,-0.11372305452823639,2630.3583984375,-8.880528450012207,459.2107849121094,565
ds004302_sub-68,rh_transversetemporal,2.4482421875,-0.0905207172036171,1078.04541015625,3.435209035873413,387.2818603515625,559
ds004302_sub-68,rh_insula,3.2657124996185303,0.038874123245477676,7041.1669921875,6.123255729675293,2065.18994140625,3084
ds004302_sub-69,lh_bankssts,2.242724895477295,0.010501415468752384,2648.66650390625,3.09663724899292,1181.386962890625,1727
ds004302_sub-69,lh_caudalanteriorcingulate,2.2470550537109375,0.02921801246702671,1967.623779296875,2.2493271827697754,809.3053588867188,1207
ds004302_sub-69,lh_caudalmiddlefrontal,2.448838233947754,0.0024610375985503197,5462.8583984375,2.213545799255371,2139.64111328125,3211
ds004302_sub-69,lh_cuneus,1.7944939136505127,-0.03756663575768471,3081.70751953125,-2.4028189182281494,1512.8974609375,2179
ds004302_sub-69,lh_entorhinal,2.729954481124878,-0.030762990936636925,1888.316650390625,-3.922919511795044,452.1672058105469,618
ds004302_sub-69,lh_fusiform,2.3401405811309814,-0.018474631011486053,7327.2236328125,1.5528007745742798,2797.697998046875,4048
ds004302_sub-69,lh_inferiorparietal,2.277066469192505,-0.04107600077986717,11372.89453125,0.3975350856781006,4652.48486328125,6578
ds004302_sub-69,lh_inferiortemporal,2.286583185195923,-0.054075807332992554,11409.046875,-1.8815120458602905,3951.750732421875,5250
ds004302_sub-69,lh_isthmuscingulate,2.0937345027923584,-0.025663433596491814,2812.158447265625,-0.006685251370072365,1192.6644287109375,1741
ds004302_sub-69,lh_lateraloccipital,1.8342533111572266,-0.03739071264863014,10011.7216796875,-2.073201894760132,5141.349609375,7494
ds004302_sub-69,lh_lateralorbitofrontal,2.3548755645751953,-0.026756873354315758,6929.6396484375,-0.20543210208415985,2698.198486328125,3720
ds004302_sub-69,lh_lingual,1.9137722253799438,-0.03174005076289177,6648.42236328125,-0.514073371887207,3189.5576171875,4427
ds004302_sub-69,lh_medialorbitofrontal,2.3031389713287354,-0.0324784480035305,5318.74853515625,-1.5369023084640503,1999.25830078125,2764
ds004302_sub-69,lh_middletemporal,2.3979406356811523,-0.04426053166389465,9086.916015625,-1.2141404151916504,3175.30712890625,4221
ds004302_sub-69,lh_parahippocampal,2.419968843460083,-0.035232070833444595,2050.38330078125,-0.25071296095848083,673.54248046875,1002
ds004302_sub-69,lh_paracentral,2.1873579025268555,-0.018000859767198563,3148.521484375,-0.41041770577430725,1346.007080078125,2027
ds004302_sub-69,lh_parsopercularis,2.3109443187713623,-0.025586098432540894,4966.29248046875,0.23832674324512482,1982.864013671875,2863
ds004302_sub-69,lh_parsorbitalis,2.2292730808258057,-0.0925992950797081,2101.904296875,-5.378737449645996,773.14306640625,1058
ds004302_sub-69,lh_parstriangularis,2.0900347232818604,-0.02730070799589157,3561.958740234375,-0.2856031656265259,1537.06982421875,2168
ds004302_sub-69,lh_pericalcarine,1.5491267442703247,0.04850560799241066,2141.01171875,3.430116891860962,1514.8447265625,2257
ds004302_sub-69,lh_postcentral,1.8329488039016724,-0.043012142181396484,8624.591796875,-1.1145362854003906,4374.27392578125,6566
ds004302_sub-69,lh_posteriorcingulate,2.1567671298980713,-0.011872941628098488,3182.59326171875,1.9473000764846802,1360.645751953125,1946
ds004302_sub-69,lh_precentral,2.1773359775543213,-0.011443618685007095,12197.8740234375,0.1700349748134613,5227.26611328125,7985
ds004302_sub-69,lh_precuneus,2.234278917312622,-0.017005180940032005,8957.44140625,0.9305643439292908,3752.844482421875,5435
ds004302_sub-69,lh_rostralanteriorcingulate,2.2114131450653076,-0.02114497311413288,2067.02490234375,1.0703413486480713,791.58544921875,1089
ds004302_sub-69,lh_rostralmiddlefrontal,2.2221057415008545,-0.027241935953497887,14140.2529296875,0.014470723457634449,5780.4287109375,7641
ds004302_sub-69,lh_superiorfrontal,2.4885060787200928,-0.03028821386396885,20990.328125,-1.0851929187774658,7485.6171875,10754
ds004302_sub-69,lh_superiorparietal,2.15255069732666,-0.027603566646575928,12541.802734375,0.12724897265434265,5418.6298828125,7924
ds004302_sub-69,lh_superiortemporal,2.4794209003448486,-0.028044898062944412,8748.6123046875,0.5874531865119934,3284.343505859375,4801
ds004302_sub-69,lh_supramarginal,2.2576332092285156,-0.02305135875940323,11733.21484375,0.34041914343833923,4952.9365234375,7039
ds004302_sub-69,lh_frontalpole,2.1288557052612305,-0.13061054050922394,768.6112060546875,-8.595812797546387,286.4159851074219,351
ds004302_sub-69,lh_temporalpole,3.295729875564575,-0.11051133275032043,3210.110107421875,-6.253591060638428,546.9713134765625,666
ds004302_sub-69,lh_transversetemporal,2.040632486343384,-0.08406753093004227,921.0545043945312,3.3344058990478516,410.40863037109375,731
ds004302_sub-69,lh_insula,2.9590039253234863,0.014565519988536835,7442.06591796875,5.577572345733643,2405.13818359375,3653
ds004302_sub-69,rh_bankssts,2.2613179683685303,0.04018000140786171,1767.970947265625,4.885716915130615,803.23486328125,1262
ds004302_sub-69,rh_caudalanteriorcingulate,1.9617215394973755,0.01432731468230486,1150.700439453125,2.526271104812622,605.6574096679688,928
ds004302_sub-69,rh_caudalmiddlefrontal,2.3781745433807373,-0.02554100565612316,6232.9541015625,0.9317381978034973,2219.3623046875,3250
ds004302_sub-69,rh_cuneus,1.8897037506103516,-0.05354927107691765,3299.90283203125,-3.4397335052490234,1569.667236328125,2240
ds004302_sub-69,rh_entorhinal,2.4852688312530518,-0.058259811252355576,1210.5936279296875,-4.852001190185547,340.83349609375,496
ds004302_sub-69,rh_fusiform,2.282959461212158,-0.02278231456875801,7553.5498046875,1.3184326887130737,2840.49951171875,4135
ds004302_sub-69,rh_inferiorparietal,2.3004770278930664,-0.019783668220043182,13246.8505859375,0.7444165945053101,5238.828125,7331
ds004302_sub-69,rh_inferiortemporal,2.296255111694336,-0.04311565309762955,8937.904296875,-1.1401216983795166,3315.0810546875,4516
ds004302_sub-69,rh_isthmuscingulate,2.1139206886291504,-0.03008480742573738,2594.634521484375,-0.33935585618019104,1077.9609375,1555
ds004302_sub-69,rh_lateraloccipital,2.028599500656128,-0.0344688780605793,13459.1123046875,-1.3849804401397705,5848.99560546875,8444
ds004302_sub-69,rh_lateralorbitofrontal,2.3629202842712402,-0.02469632402062416,6787.69921875,0.3034610450267792,2617.71484375,3620
ds004302_sub-69,rh_lingual,1.9216866493225098,-0.03343929722905159,7182.681640625,-0.4237692952156067,3335.7373046875,4792
ds004302_sub-69,rh_medialorbitofrontal,2.189175844192505,-0.035805489867925644,5173.46875,-1.9300428628921509,2036.487548828125,2778
ds004302_sub-69,rh_middletemporal,2.5131731033325195,-0.057913124561309814,10301.1875,-1.5095881223678589,3396.6005859375,4628
ds004302_sub-69,rh_parahippocampal,2.386737108230591,-0.04006920009851456,1680.4993896484375,-0.3488817512989044,550.8746337890625,841
ds004302_sub-69,rh_paracentral,2.0226926803588867,-0.00584536325186491,3468.9140625,0.22374463081359863,1677.4638671875,2482
ds004302_sub-69,rh_parsopercularis,2.3900656700134277,-0.048597585409879684,3720.104736328125,-0.4224209189414978,1392.326904296875,1968
ds004302_sub-69,rh_parsorbitalis,2.096558094024658,-0.08277155458927155,2292.505859375,-4.470829010009766,887.2537231445312,1217
ds004302_sub-69,rh_parstriangularis,2.0601015090942383,0.003944024443626404,3050.5126953125,0.8286113142967224,1321.2344970703125,1924
ds004302_sub-69,rh_pericalcarine,1.6248810291290283,0.01686430349946022,2756.37060546875,2.753812074661255,1822.3271484375,2725
ds004302_sub-69,rh_postcentral,1.906963586807251,-0.028788955882191658,9844.720703125,-0.9687824249267578,4573.869140625,6688
ds004302_sub-69,rh_posteriorcingulate,2.2508389949798584,0.0044848984107375145,2905.05419921875,2.280083179473877,1203.091064453125,1696
ds004302_sub-69,rh_precentral,2.309420108795166,-0.007521545048803091,13752.892578125,0.39298391342163086,5392.8818359375,8120
ds004302_sub-69,rh_precuneus,2.1277756690979004,-0.022144092246890068,8769.275390625,0.45116138458251953,3878.0146484375,5564
ds004302_sub-69,rh_rostralanteriorcingulate,2.2831907272338867,-0.020619796589016914,1455.168701171875,1.3127902746200562,569.303466796875,815
ds004302_sub-69,rh_rostralmiddlefrontal,2.1228392124176025,-0.02668885327875614,12730.552734375,0.09638296067714691,5380.1787109375,7224
ds004302_sub-69,rh_superiorfrontal,2.4474353790283203,-0.03165370598435402,22690.169921875,-0.8472903966903687,8184.4462890625,11720
ds004302_sub-69,rh_superiorparietal,2.1840765476226807,-0.029168346896767616,12076.0009765625,-0.23893627524375916,4955.6337890625,7183
ds004302_sub-69,rh_superiortemporal,2.3774960041046143,-0.027279483154416084,8727.71875,-0.4501059651374817,3209.993896484375,4891
ds004302_sub-69,rh_supramarginal,2.4028005599975586,-0.03399195522069931,10200.5341796875,0.15545450150966644,3727.24658203125,5138
ds004302_sub-69,rh_frontalpole,2.3165853023529053,-0.14663375914096832,1165.2869873046875,-7.69518518447876,393.634033203125,435
ds004302_sub-69,rh_temporalpole,3.464726686477661,-0.09324212372303009,2293.510009765625,-7.944794178009033,472.01507568359375,588
ds004302_sub-69,rh_transversetemporal,1.8936331272125244,-0.045932620763778687,577.5584716796875,4.493463039398193,301.9932556152344,466
ds004302_sub-69,rh_insula,2.7320592403411865,0.029853884130716324,6653.51318359375,5.610002517700195,2450.73681640625,3651
ds004302_sub-70,lh_bankssts,2.3652305603027344,0.04581122845411301,2502.98486328125,4.159604549407959,1141.8359375,1625
ds004302_sub-70,lh_caudalanteriorcingulate,1.8005305528640747,0.013927038758993149,1394.50927734375,2.079113006591797,766.5028686523438,1200
ds004302_sub-70,lh_caudalmiddlefrontal,2.406195640563965,-0.03049083612859249,8182.7734375,1.3766438961029053,3072.86767578125,5068
ds004302_sub-70,lh_cuneus,1.6902652978897095,-0.0495002344250679,3821.29052734375,-2.3271915912628174,2190.0615234375,2991
ds004302_sub-70,lh_entorhinal,2.9057798385620117,-0.06878583878278732,1707.091796875,-3.94213604927063,401.65789794921875,578
ds004302_sub-70,lh_fusiform,2.5186214447021484,-0.02835015393793583,10150.62109375,1.1071652173995972,3551.316162109375,5164
ds004302_sub-70,lh_inferiorparietal,2.279994487762451,-0.03279983624815941,10720.54296875,0.23705101013183594,4428.4853515625,6296
ds004302_sub-70,lh_inferiortemporal,2.504331111907959,-0.03522487357258797,11246.888671875,-0.9950947761535645,3936.994140625,5407
ds004302_sub-70,lh_isthmuscingulate,2.216128349304199,-0.019722044467926025,2062.166015625,0.2385503500699997,892.543701171875,1311
ds004302_sub-70,lh_lateraloccipital,1.8481757640838623,-0.028616387397050858,11331.3984375,-1.1325894594192505,5995.18115234375,8629
ds004302_sub-70,lh_lateralorbitofrontal,2.429720878601074,-0.027033068239688873,7277.85546875,-0.09547361731529236,2659.0576171875,3770
ds004302_sub-70,lh_lingual,1.7885099649429321,-0.019360965117812157,6721.74658203125,-0.039464324712753296,3421.553955078125,4747
ds004302_sub-70,lh_medialorbitofrontal,2.1600446701049805,-0.02854793891310692,5111.58251953125,-1.2042617797851562,2216.686279296875,3062
ds004302_sub-70,lh_middletemporal,2.4649269580841064,-0.06376683712005615,11319.12890625,-1.3518409729003906,3856.631591796875,5277
ds004302_sub-70,lh_parahippocampal,2.0071191787719727,-0.053041402250528336,1476.546630859375,0.7421187162399292,648.6922607421875,1039
ds004302_sub-70,lh_paracentral,2.1640756130218506,-0.03968469798564911,3742.538818359375,-0.5121333599090576,1501.0885009765625,2140
ds004302_sub-70,lh_parsopercularis,2.353208541870117,-0.038715511560440063,4381.3359375,-0.2648700773715973,1678.331298828125,2507
ds004302_sub-70,lh_parsorbitalis,2.288616180419922,-0.1072368249297142,2268.85498046875,-5.2934794425964355,823.4830322265625,1086
ds004302_sub-70,lh_parstriangularis,2.109699249267578,-0.024793194606900215,3145.29443359375,0.5233038067817688,1371.859619140625,1942
ds004302_sub-70,lh_pericalcarine,1.3039562702178955,0.0559222437441349,2228.20849609375,3.3359768390655518,2006.371826171875,2881
ds004302_sub-70,lh_postcentral,2.2366676330566406,-0.06019815802574158,8802.2109375,-0.6851994395256042,3514.56494140625,4907
ds004302_sub-70,lh_posteriorcingulate,2.1609299182891846,-0.0045946757309138775,2535.52001953125,2.411912679672241,1138.611328125,1533
ds004302_sub-70,lh_precentral,1.9630364179611206,-0.03898518532514572,12467.0087890625,-0.5577300190925598,5901.76611328125,9083
ds004302_sub-70,lh_precuneus,2.2414727210998535,-0.011746769770979881,7321.39794921875,1.706146001815796,3103.635498046875,4532
ds004302_sub-70,lh_rostralanteriorcingulate,2.62774920463562,-0.04245747625827789,2546.041259765625,0.047635287046432495,919.0988159179688,1229
ds004302_sub-70,lh_rostralmiddlefrontal,2.150712728500366,-0.033932946622371674,16432.63671875,-0.04646860063076019,7044.275390625,9875
ds004302_sub-70,lh_superiorfrontal,2.415226936340332,-0.0269294623285532,24308.634765625,-0.7536634802818298,9083.8525390625,13495
ds004302_sub-70,lh_superiorparietal,2.1067702770233154,-0.01958979107439518,8814.4619140625,-0.19873133301734924,3851.225830078125,5660
ds004302_sub-70,lh_superiortemporal,2.60951828956604,-0.03588453307747841,13442.17578125,-0.17875340580940247,4543.013671875,6662
ds004302_sub-70,lh_supramarginal,2.3519721031188965,-0.03286905586719513,6121.08984375,0.43012145161628723,2509.76611328125,3662
ds004302_sub-70,lh_frontalpole,2.1159327030181885,-0.13525301218032837,946.4335327148438,-6.7990875244140625,360.3519287109375,471
ds004302_sub-70,lh_temporalpole,3.1038382053375244,-0.10807709395885468,2618.53955078125,-6.952759742736816,604.19580078125,750
ds004302_sub-70,lh_transversetemporal,2.187335252761841,-0.0714670941233635,1107.279052734375,3.434419870376587,460.0627746582031,766
ds004302_sub-70,lh_insula,2.7415578365325928,0.022660668939352036,7196.1884765625,5.498325824737549,2524.19287109375,3812
ds004302_sub-70,rh_bankssts,2.305819511413574,0.0178705882281065,1861.04931640625,3.7421321868896484,821.8681030273438,1228
ds004302_sub-70,rh_caudalanteriorcingulate,2.23429536819458,-0.017820393666625023,2294.4287109375,1.1233868598937988,955.37841796875,1430
ds004302_sub-70,rh_caudalmiddlefrontal,2.454267978668213,0.000898494035936892,4313.962890625,2.8803834915161133,1635.8740234375,2542
ds004302_sub-70,rh_cuneus,1.9717093706130981,-0.056395504623651505,5722.240234375,-2.9558541774749756,2334.419921875,3307
ds004302_sub-70,rh_entorhinal,3.2516605854034424,-0.10155816376209259,1616.0577392578125,-3.867912530899048,308.03973388671875,475
ds004302_sub-70,rh_fusiform,2.633894920349121,-0.021360250189900398,9625.51171875,1.628542184829712,3218.445556640625,4821
ds004302_sub-70,rh_inferiorparietal,2.223865032196045,-0.028489362448453903,14042.6748046875,0.6643145084381104,5638.751953125,7966
ds004302_sub-70,rh_inferiortemporal,2.393472671508789,-0.049959950149059296,11107.4140625,-1.49859619140625,3974.30615234375,5456
ds004302_sub-70,rh_isthmuscingulate,2.240846872329712,-0.022826001048088074,2586.39599609375,-0.13124538958072662,1059.9052734375,1536
ds004302_sub-70,rh_lateraloccipital,2.052412509918213,-0.04834269732236862,11554.7314453125,-1.9583271741867065,4999.70703125,7198
ds004302_sub-70,rh_lateralorbitofrontal,2.2657079696655273,-0.024985497817397118,5653.5107421875,-0.026200007647275925,2328.67333984375,3292
ds004302_sub-70,rh_lingual,1.8451817035675049,-0.019967930391430855,7941.134765625,-0.44899964332580566,4285.603515625,5578
ds004302_sub-70,rh_medialorbitofrontal,2.082064390182495,-0.039347488433122635,4726.68115234375,-1.5045334100723267,2018.995849609375,2809
ds004302_sub-70,rh_middletemporal,2.509432077407837,-0.03972611203789711,11330.037109375,-0.9164375066757202,3755.97802734375,5094
ds004302_sub-70,rh_parahippocampal,2.314479351043701,-0.03317777439951897,1841.9508056640625,1.7134841680526733,680.6275024414062,1100
ds004302_sub-70,rh_paracentral,2.115997552871704,-0.02139391005039215,2837.53369140625,-0.22035682201385498,1308.219482421875,2059
ds004302_sub-70,rh_parsopercularis,2.4305779933929443,-0.027138210833072662,3831.49853515625,0.08851248770952225,1333.302978515625,2026
ds004302_sub-70,rh_parsorbitalis,2.2818796634674072,-0.07435484975576401,2656.992919921875,-4.331634998321533,950.84033203125,1326
ds004302_sub-70,rh_parstriangularis,2.1808979511260986,-0.04424666613340378,4473.923828125,-0.5308802127838135,1832.986328125,2519
ds004302_sub-70,rh_pericalcarine,1.3010528087615967,0.061607956886291504,2762.484619140625,2.8993396759033203,2567.845947265625,3541
ds004302_sub-70,rh_postcentral,1.8109278678894043,-0.047075025737285614,8613.638671875,-0.9658342003822327,4350.39599609375,6761
ds004302_sub-70,rh_posteriorcingulate,2.184180498123169,-0.019660545513033867,2963.64453125,2.08180570602417,1267.651611328125,1796
ds004302_sub-70,rh_precentral,2.358546733856201,-0.030139291658997536,12364.0234375,0.19081510603427887,4656.06689453125,7438
ds004302_sub-70,rh_precuneus,2.213275671005249,-0.014168706722557545,8772.505859375,1.5243114233016968,3881.134765625,5459
ds004302_sub-70,rh_rostralanteriorcingulate,2.267458915710449,-0.058065325021743774,1972.7467041015625,0.08731821924448013,736.09375,951
ds004302_sub-70,rh_rostralmiddlefrontal,2.1539969444274902,-0.026194153353571892,16215.6494140625,0.10793165862560272,6642.91796875,9079
ds004302_sub-70,rh_superiorfrontal,2.3954854011535645,-0.026302071288228035,17425.615234375,-0.9308348298072815,6591.42626953125,9437
ds004302_sub-70,rh_superiorparietal,1.9957860708236694,-0.028365042060613632,11796.88671875,-0.6966350674629211,5480.4931640625,8044
ds004302_sub-70,rh_superiortemporal,2.6466503143310547,-0.03660735860466957,12824.90234375,-0.7220008969306946,4245.33203125,6166
ds004302_sub-70,rh_supramarginal,2.2588932514190674,-0.026807788759469986,10634.970703125,0.8115538358688354,4273.5458984375,6154
ds004302_sub-70,rh_frontalpole,2.4917712211608887,-0.14392265677452087,1335.5992431640625,-8.22730541229248,397.1221923828125,501
ds004302_sub-70,rh_temporalpole,3.770414352416992,-0.07957280427217484,2687.5546875,-7.631645202636719,498.63214111328125,614
ds004302_sub-70,rh_transversetemporal,2.1666152477264404,-0.10007727891206741,904.2238159179688,1.9770748615264893,365.2110900878906,583
ds004302_sub-70,rh_insula,2.791297197341919,0.02570536360144615,7737.861328125,5.5965657234191895,2610.1884765625,3975
ds004302_sub-71,lh_bankssts,2.4219486713409424,0.03841016814112663,1973.2073974609375,3.1746809482574463,856.096923828125,1248
ds004302_sub-71,lh_caudalanteriorcingulate,2.0419259071350098,0.044626384973526,1070.3050537109375,2.7806339263916016,564.5672607421875,879
ds004302_sub-71,lh_caudalmiddlefrontal,2.1984686851501465,-0.017354266718029976,4462.7080078125,1.4809200763702393,1904.7713623046875,2893
ds004302_sub-71,lh_cuneus,1.8035798072814941,-0.04744116589426994,2741.14990234375,-3.128366470336914,1443.9345703125,1803
ds004302_sub-71,lh_entorhinal,3.030132532119751,-0.02748621255159378,1498.90380859375,-4.870204925537109,346.68853759765625,506
ds004302_sub-71,lh_fusiform,2.4748330116271973,-0.013419907540082932,7661.13427734375,1.226578712463379,2750.41845703125,3895
ds004302_sub-71,lh_inferiorparietal,2.3771841526031494,-0.028693903237581253,12092.849609375,0.6719487905502319,4781.248046875,6487
ds004302_sub-71,lh_inferiortemporal,2.4503214359283447,-0.022031374275684357,9655.8974609375,-1.021700143814087,3290.990966796875,4338
ds004302_sub-71,lh_isthmuscingulate,2.308722734451294,-0.015048030763864517,2024.90576171875,-0.1640985608100891,855.6612548828125,1245
ds004302_sub-71,lh_lateraloccipital,1.941658854484558,-0.032630279660224915,9482.5830078125,-2.160061836242676,4595.22705078125,6455
ds004302_sub-71,lh_lateralorbitofrontal,2.5848474502563477,-0.012792268767952919,5537.1396484375,-0.49165648221969604,1922.5198974609375,2668
ds004302_sub-71,lh_lingual,1.913131594657898,-0.03398609161376953,5945.8603515625,-0.7515904307365417,2897.6875,3870
ds004302_sub-71,lh_medialorbitofrontal,2.3732848167419434,-0.03845283389091492,4998.13818359375,-1.847858190536499,1869.7904052734375,2542
ds004302_sub-71,lh_middletemporal,2.416311502456665,-0.03277686610817909,9410.61328125,-1.1022555828094482,3220.7548828125,4085
ds004302_sub-71,lh_parahippocampal,1.978114128112793,-0.050926174968481064,1377.9453125,-0.7659857273101807,580.6510009765625,950
ds004302_sub-71,lh_paracentral,2.0851030349731445,-0.03125222027301788,2759.947021484375,-0.5787636041641235,1245.2279052734375,2006
ds004302_sub-71,lh_parsopercularis,2.1919898986816406,-0.03024805337190628,2856.572021484375,0.09067615121603012,1154.040283203125,1586
ds004302_sub-71,lh_parsorbitalis,2.280404806137085,-0.030951498076319695,1516.751708984375,-4.715153217315674,512.4880981445312,715
ds004302_sub-71,lh_parstriangularis,2.052499294281006,-0.034388236701488495,2496.0859375,0.31930920481681824,1064.060546875,1489
ds004302_sub-71,lh_pericalcarine,1.582614779472351,0.07117550820112228,1797.9813232421875,2.886585235595703,1330.70703125,1835
ds004302_sub-71,lh_postcentral,1.925775170326233,-0.04831644147634506,8192.212890625,-0.7184489965438843,3857.548828125,5915
ds004302_sub-71,lh_posteriorcingulate,2.426438808441162,0.005649598315358162,2273.554931640625,2.822413444519043,958.240966796875,1359
ds004302_sub-71,lh_precentral,2.232975721359253,-0.016657227650284767,10241.267578125,0.526145339012146,4358.34375,6752
ds004302_sub-71,lh_precuneus,2.240445852279663,0.0071154250763356686,8013.111328125,1.7438381910324097,3551.512939453125,4875
ds004302_sub-71,lh_rostralanteriorcingulate,2.681522846221924,-0.0485319122672081,2626.142333984375,0.6468069553375244,870.339111328125,1194
ds004302_sub-71,lh_rostralmiddlefrontal,2.0662431716918945,-0.02284824848175049,11226.806640625,0.26254400610923767,4886.7548828125,6708
ds004302_sub-71,lh_superiorfrontal,2.29152250289917,-0.030066071078181267,16267.1796875,-0.963405966758728,6232.26171875,8872
ds004302_sub-71,lh_superiorparietal,2.137117385864258,-0.025707019492983818,12496.724609375,0.2321871966123581,5321.158203125,7690
ds004302_sub-71,lh_superiortemporal,2.169402837753296,-0.026741551235318184,9458.443359375,-0.7051626443862915,3761.55322265625,5439
ds004302_sub-71,lh_supramarginal,2.353726863861084,-0.019616737961769104,9152.650390625,0.08709597587585449,3661.8662109375,4810
ds004302_sub-71,lh_frontalpole,2.5406970977783203,-0.09368214011192322,983.2916870117188,-7.508084774017334,274.36053466796875,310
ds004302_sub-71,lh_temporalpole,3.4077377319335938,-0.09590966999530792,3049.8642578125,-7.945790767669678,580.2554931640625,682
ds004302_sub-71,lh_transversetemporal,1.718521237373352,-0.060778822749853134,644.7736206054688,3.656048536300659,380.57305908203125,605
ds004302_sub-71,lh_insula,3.0652527809143066,0.020297667011618614,6902.6005859375,5.824262619018555,2155.28466796875,3148
ds004302_sub-71,rh_bankssts,2.3756842613220215,0.0480273999273777,1748.211669921875,4.716245651245117,818.3675537109375,1176
ds004302_sub-71,rh_caudalanteriorcingulate,2.5756947994232178,0.001724900328554213,2177.01416015625,1.6774942874908447,708.2012939453125,940
ds004302_sub-71,rh_caudalmiddlefrontal,2.2727901935577393,-0.02724853903055191,4212.02099609375,1.3429181575775146,1658.9583740234375,2465
ds004302_sub-71,rh_cuneus,1.994600534439087,-0.06539547443389893,3262.939208984375,-3.8922228813171387,1496.174560546875,2138
ds004302_sub-71,rh_entorhinal,3.160778522491455,-0.07222304493188858,1507.663330078125,-5.953578948974609,332.2528991699219,514
ds004302_sub-71,rh_fusiform,2.3429369926452637,-0.02015935257077217,7458.3173828125,0.960871160030365,2688.3955078125,3820
ds004302_sub-71,rh_inferiorparietal,2.287402391433716,-0.03583380579948425,13561.23046875,0.048761479556560516,5134.2548828125,6931
ds004302_sub-71,rh_inferiortemporal,2.3920390605926514,-0.020015692338347435,7527.095703125,-0.5611720085144043,2606.8916015625,3609
ds004302_sub-71,rh_isthmuscingulate,2.3869056701660156,-0.010238571092486382,2118.4443359375,-0.0776369571685791,855.1865234375,1233
ds004302_sub-71,rh_lateraloccipital,2.062833786010742,-0.02807694487273693,10640.849609375,-1.0843745470046997,4913.19482421875,6994
ds004302_sub-71,rh_lateralorbitofrontal,2.43710994720459,-0.005467724986374378,5279.94384765625,0.3099686801433563,2015.1043701171875,2644
ds004302_sub-71,rh_lingual,1.980628252029419,-0.04157876968383789,6853.8125,-0.8643962740898132,3236.66357421875,4658
ds004302_sub-71,rh_medialorbitofrontal,2.3258955478668213,-0.041053418070077896,4782.5830078125,-2.395097017288208,1710.390380859375,2275
ds004302_sub-71,rh_middletemporal,2.621185541152954,-0.04975685477256775,10032.7392578125,-1.9117947816848755,3048.02978515625,3923
ds004302_sub-71,rh_parahippocampal,1.856488823890686,-0.03451204672455788,1230.357177734375,-0.2643466591835022,610.83056640625,966
ds004302_sub-71,rh_paracentral,2.268800735473633,-0.028706029057502747,3652.981201171875,0.2262515276670456,1585.052734375,2591
ds004302_sub-71,rh_parsopercularis,2.438415050506592,-0.01717989332973957,2752.197265625,1.071049690246582,1042.4371337890625,1387
ds004302_sub-71,rh_parsorbitalis,2.4942843914031982,-0.08922304213047028,1899.7196044921875,-5.665807723999023,576.1275634765625,747
ds004302_sub-71,rh_parstriangularis,2.2008161544799805,-0.019296295940876007,2521.69140625,0.3429000675678253,987.2755126953125,1359
ds004302_sub-71,rh_pericalcarine,1.704768419265747,0.03668636828660965,2494.2587890625,2.6299965381622314,1651.244384765625,2300
ds004302_sub-71,rh_postcentral,1.9807279109954834,-0.04387807473540306,9008.7158203125,-0.6415082216262817,4161.7294921875,6401
ds004302_sub-71,rh_posteriorcingulate,2.3848633766174316,-0.019174765795469284,2646.67822265625,1.811589002609253,1079.8602294921875,1548
ds004302_sub-71,rh_precentral,2.1859099864959717,-0.013411715626716614,10222.0546875,0.6238670945167542,4523.9736328125,7069
ds004302_sub-71,rh_precuneus,2.214390754699707,0.00124348234385252,7765.10205078125,1.499489426612854,3393.28076171875,4666
ds004302_sub-71,rh_rostralanteriorcingulate,2.8775949478149414,-0.02094394899904728,1763.76513671875,1.5618343353271484,488.6232604980469,673
ds004302_sub-71,rh_rostralmiddlefrontal,2.072737216949463,-0.02597603015601635,10936.029296875,-0.30428117513656616,4336.36328125,5892
ds004302_sub-71,rh_superiorfrontal,2.3773772716522217,-0.027742531150579453,16770.12109375,-0.9868224263191223,5960.1767578125,8479
ds004302_sub-71,rh_superiorparietal,2.145005702972412,-0.035363033413887024,10535.265625,0.11350882798433304,4588.26318359375,6662
ds004302_sub-71,rh_superiortemporal,2.258509635925293,-0.029217805713415146,8689.259765625,-0.7644183039665222,3252.825439453125,4723
ds004302_sub-71,rh_supramarginal,2.4123647212982178,-0.018669597804546356,7670.52734375,0.9104871153831482,2948.05908203125,4116
ds004302_sub-71,rh_frontalpole,2.517411708831787,-0.15367858111858368,1024.588623046875,-8.299264907836914,283.94146728515625,329
ds004302_sub-71,rh_temporalpole,3.4047563076019287,-0.11392292380332947,2633.931640625,-8.94784164428711,468.1981201171875,557
ds004302_sub-71,rh_transversetemporal,2.779082775115967,-0.059811487793922424,776.855712890625,4.343197822570801,250.22125244140625,456
ds004302_sub-71,rh_insula,2.8675308227539062,0.022978538647294044,6619.0478515625,5.55853796005249,2111.433349609375,3021
ds004302_sub-72,lh_bankssts,2.3912277221679688,0.041017524898052216,2062.8994140625,3.0751733779907227,907.5833740234375,1356
ds004302_sub-72,lh_caudalanteriorcingulate,1.9626911878585815,0.0027042264118790627,1046.8291015625,2.2097504138946533,529.2740478515625,841
ds004302_sub-72,lh_caudalmiddlefrontal,2.570431709289551,-0.0070694368332624435,4957.1357421875,2.2936456203460693,1875.172119140625,2955
ds004302_sub-72,lh_cuneus,1.5706278085708618,-0.04028540849685669,2198.41064453125,-2.616546869277954,1295.768798828125,1907
ds004302_sub-72,lh_entorhinal,3.2649474143981934,-0.09043390303850174,1783.7969970703125,-5.1731390953063965,348.645263671875,526
ds004302_sub-72,lh_fusiform,2.6554410457611084,-0.022977245971560478,9166.384765625,1.5044742822647095,3001.141357421875,4442
ds004302_sub-72,lh_inferiorparietal,2.394207239151001,-0.02901557832956314,11461.615234375,0.4450829029083252,4482.1796875,6686
ds004302_sub-72,lh_inferiortemporal,2.7237539291381836,-0.031193727627396584,9653.86328125,-1.0930233001708984,3018.236328125,4361
ds004302_sub-72,lh_isthmuscingulate,2.032818555831909,-0.025970090180635452,2567.8046875,-0.15109707415103912,1131.547607421875,1659
ds004302_sub-72,lh_lateraloccipital,2.0575881004333496,-0.03757071867585182,9840.134765625,-1.85454523563385,4372.72265625,6531
ds004302_sub-72,lh_lateralorbitofrontal,2.5527842044830322,-0.01786215975880623,7228.62109375,-0.06019260734319687,2636.653564453125,3720
ds004302_sub-72,lh_lingual,1.8555632829666138,-0.03716674819588661,6385.462890625,-0.5471674203872681,3083.010498046875,4485
ds004302_sub-72,lh_medialorbitofrontal,2.171131134033203,-0.02739727310836315,4746.130859375,-1.6227842569351196,2000.102783203125,2949
ds004302_sub-72,lh_middletemporal,2.851440906524658,-0.06070949137210846,10316.22265625,-2.2306320667266846,2971.873291015625,4403
ds004302_sub-72,lh_parahippocampal,2.4822378158569336,-0.05517544969916344,2220.71435546875,-0.13673824071884155,744.2525024414062,1196
ds004302_sub-72,lh_paracentral,2.2946934700012207,-0.019954754039645195,2990.66943359375,0.32519495487213135,1257.51904296875,2132
ds004302_sub-72,lh_parsopercularis,2.4534287452697754,-0.038598667830228806,3888.7822265625,-0.38789650797843933,1433.40283203125,2163
ds004302_sub-72,lh_parsorbitalis,2.6957931518554688,-0.07351064682006836,1882.6300048828125,-4.252921104431152,590.3848266601562,891
ds004302_sub-72,lh_parstriangularis,2.4091475009918213,-0.01815859042108059,3351.445556640625,0.11495336145162582,1244.013916015625,1844
ds004302_sub-72,lh_pericalcarine,1.5173958539962769,0.03899453952908516,2021.0303955078125,2.8653993606567383,1515.02099609375,2068
ds004302_sub-72,lh_postcentral,1.9983195066452026,-0.05616006255149841,7971.796875,-1.0005298852920532,3647.8994140625,6024
ds004302_sub-72,lh_posteriorcingulate,2.1249632835388184,-0.00696070771664381,2497.095703125,1.723244309425354,1107.4091796875,1646
ds004302_sub-72,lh_precentral,2.4838621616363525,-0.03276662901043892,11858.669921875,0.40263062715530396,4423.81201171875,7586
ds004302_sub-72,lh_precuneus,2.2326605319976807,-0.0069565922021865845,8741.2373046875,1.3674218654632568,3779.327392578125,5417
ds004302_sub-72,lh_rostralanteriorcingulate,2.540469169616699,-0.04721572622656822,2353.1318359375,0.1359349638223648,789.6792602539062,1128
ds004302_sub-72,lh_rostralmiddlefrontal,2.3777713775634766,-0.026175031438469887,13497.01953125,0.007927601225674152,5310.82421875,7725
ds004302_sub-72,lh_superiorfrontal,2.6259593963623047,-0.03050379641354084,19937.384765625,-0.6998808979988098,6874.861328125,10465
ds004302_sub-72,lh_superiorparietal,2.175926923751831,-0.028503237292170525,12045.25,-0.2583950161933899,5014.83203125,7792
ds004302_sub-72,lh_superiortemporal,2.549720525741577,-0.032011646777391434,10601.8603515625,0.26626458764076233,3756.83740234375,5807
ds004302_sub-72,lh_supramarginal,2.491206169128418,-0.028462590649724007,12277.462890625,0.15366148948669434,4625.5673828125,6859
ds004302_sub-72,lh_frontalpole,2.7070672512054443,-0.15386702120304108,894.3712158203125,-8.851921081542969,244.70106506347656,326
ds004302_sub-72,lh_temporalpole,3.797006130218506,-0.09192121773958206,2736.2314453125,-8.104907035827637,485.90850830078125,652
ds004302_sub-72,lh_transversetemporal,2.2058091163635254,-0.061220306903123856,856.9913330078125,3.9234461784362793,380.0133972167969,638
ds004302_sub-72,lh_insula,2.7299811840057373,0.024785712361335754,6319.796875,5.665562629699707,2274.449951171875,3399
ds004302_sub-72,rh_bankssts,2.3888635635375977,0.029170800000429153,2035.6004638671875,3.5572099685668945,850.2268676757812,1345
ds004302_sub-72,rh_caudalanteriorcingulate,2.059654712677002,-0.004423631355166435,1203.1678466796875,1.1225398778915405,530.471435546875,784
ds004302_sub-72,rh_caudalmiddlefrontal,2.352721691131592,-0.022016001865267754,5101.63037109375,1.7725467681884766,2027.283447265625,3182
ds004302_sub-72,rh_cuneus,1.663030982017517,-0.07307285070419312,2857.3134765625,-3.702239751815796,1364.67138671875,2019
ds004302_sub-72,rh_entorhinal,3.249931812286377,-0.03131744638085365,2217.02783203125,-3.4100677967071533,480.38623046875,712
ds004302_sub-72,rh_fusiform,2.567652463912964,-0.03738125041127205,8927.6318359375,0.8254505395889282,2941.19677734375,4409
ds004302_sub-72,rh_inferiorparietal,2.3806183338165283,-0.026922358199954033,14010.283203125,0.02571588195860386,4972.36279296875,7395
ds004302_sub-72,rh_inferiortemporal,2.4403395652770996,-0.023418983444571495,8103.8935546875,-0.6735034584999084,2836.83544921875,4211
ds004302_sub-72,rh_isthmuscingulate,2.1574771404266357,-0.023920368403196335,2321.41748046875,-0.6789628267288208,944.6494140625,1366
ds004302_sub-72,rh_lateraloccipital,2.087113857269287,-0.026612840592861176,11507.6103515625,-1.7062747478485107,4661.994140625,6958
ds004302_sub-72,rh_lateralorbitofrontal,2.3188183307647705,-0.010977844707667828,6184.13037109375,0.09314123541116714,2563.1103515625,3602
ds004302_sub-72,rh_lingual,1.8347792625427246,-0.025524122640490532,6989.32568359375,0.03724933788180351,3589.00927734375,5090
ds004302_sub-72,rh_medialorbitofrontal,2.4239048957824707,-0.04155544936656952,5454.0166015625,-1.7040451765060425,2040.226318359375,2829
ds004302_sub-72,rh_middletemporal,2.7500743865966797,-0.05373717471957207,11658.67578125,-1.8179454803466797,3413.58447265625,5011
ds004302_sub-72,rh_parahippocampal,2.315518379211426,-0.038491833955049515,2100.30322265625,0.6213507652282715,763.1319580078125,1251
ds004302_sub-72,rh_paracentral,2.332263708114624,-0.017298849299550056,4179.51171875,0.6401540637016296,1697.351806640625,2772
ds004302_sub-72,rh_parsopercularis,2.386418581008911,-0.03521442413330078,4100.06689453125,0.4168279767036438,1570.00830078125,2246
ds004302_sub-72,rh_parsorbitalis,2.6598992347717285,-0.087652787566185,2388.85302734375,-4.69484806060791,709.952880859375,961
ds004302_sub-72,rh_parstriangularis,2.2739670276641846,-0.006650287192314863,3088.30859375,-0.6068994998931885,1243.9891357421875,1779
ds004302_sub-72,rh_pericalcarine,1.5486823320388794,0.035036850720644,2199.194091796875,2.2416703701019287,1576.363525390625,2157
ds004302_sub-72,rh_postcentral,1.9663496017456055,-0.04618475213646889,8765.4404296875,-0.9901867508888245,4149.12646484375,6563
ds004302_sub-72,rh_posteriorcingulate,2.4104206562042236,-0.002900119870901108,2486.990966796875,1.524842381477356,974.3392333984375,1414
ds004302_sub-72,rh_precentral,2.5764997005462646,-0.023171549662947655,12842.1953125,0.29727107286453247,4534.52783203125,7453
ds004302_sub-72,rh_precuneus,2.200373411178589,-0.003319456707686186,8732.6259765625,1.4371947050094604,3736.099609375,5442
ds004302_sub-72,rh_rostralanteriorcingulate,2.5811948776245117,-0.010197860188782215,1290.008056640625,1.548757791519165,432.21990966796875,609
ds004302_sub-72,rh_rostralmiddlefrontal,2.274801015853882,-0.013495496474206448,11967.6220703125,-0.01218269020318985,4794.10302734375,6710
ds004302_sub-72,rh_superiorfrontal,2.666600465774536,-0.03229091316461563,20075.013671875,-0.7320868968963623,6804.7783203125,10295
ds004302_sub-72,rh_superiorparietal,2.0114858150482178,-0.03590879589319229,11459.8427734375,-0.13135848939418793,5120.673828125,7973
ds004302_sub-72,rh_superiortemporal,2.3834805488586426,-0.0295548252761364,9741.0419921875,0.36808210611343384,3595.783203125,5589
ds004302_sub-72,rh_supramarginal,2.451227903366089,-0.023544952273368835,11319.552734375,0.5733403563499451,3991.66455078125,6002
ds004302_sub-72,rh_frontalpole,2.5443379878997803,-0.11340510100126266,1158.214599609375,-8.219826698303223,344.07440185546875,486
ds004302_sub-72,rh_temporalpole,3.812795400619507,-0.07644885778427124,2542.12451171875,-7.683462142944336,469.6923522949219,657
ds004302_sub-72,rh_transversetemporal,2.3039743900299072,-0.06278471648693085,797.1363525390625,3.9374637603759766,312.521240234375,520
ds004302_sub-72,rh_insula,2.6874711513519287,0.036320243030786514,6434.060546875,5.8560991287231445,2324.101806640625,3395
ds004302_sub-73,lh_bankssts,2.553013801574707,0.03592627868056297,2148.828125,3.4560067653656006,914.6740112304688,1286
ds004302_sub-73,lh_caudalanteriorcingulate,2.2835514545440674,0.02977883815765381,1421.387451171875,2.4414634704589844,577.0989990234375,863
ds004302_sub-73,lh_caudalmiddlefrontal,2.3980751037597656,-0.004878535401076078,4910.25390625,1.882927417755127,1955.732666015625,2872
ds004302_sub-73,lh_cuneus,1.7951949834823608,-0.039422355592250824,2961.10546875,-3.0245201587677,1480.076171875,2068
ds004302_sub-73,lh_entorhinal,3.27143931388855,-0.035890791565179825,1321.8421630859375,-4.044546604156494,282.5328369140625,399
ds004302_sub-73,lh_fusiform,2.7124295234680176,-0.0482795313000679,9556.55078125,-0.1031472235918045,3014.0458984375,4183
ds004302_sub-73,lh_inferiorparietal,2.4241907596588135,-0.03244397044181824,11056.203125,0.6290543079376221,4061.99658203125,5843
ds004302_sub-73,lh_inferiortemporal,2.6654632091522217,-0.03862452507019043,9932.837890625,-0.8887403011322021,3226.41357421875,4260
ds004302_sub-73,lh_isthmuscingulate,2.662590503692627,-0.028445959091186523,3060.610107421875,0.06202642247080803,1011.98681640625,1455
ds004302_sub-73,lh_lateraloccipital,2.0051608085632324,-0.02769394963979721,9233.771484375,-1.2106637954711914,4375.7724609375,6340
ds004302_sub-73,lh_lateralorbitofrontal,2.5349206924438477,-0.02716634050011635,6770.22119140625,-0.346095472574234,2356.7841796875,3191
ds004302_sub-73,lh_lingual,2.105377435684204,-0.04276035726070404,6956.80078125,-1.3533461093902588,2863.356689453125,4031
ds004302_sub-73,lh_medialorbitofrontal,2.40287709236145,-0.05392790585756302,5540.63232421875,-1.7070499658584595,2119.078125,2902
ds004302_sub-73,lh_middletemporal,2.895005702972412,-0.05709226801991463,10752.830078125,-1.725253939628601,2949.751953125,3935
ds004302_sub-73,lh_parahippocampal,2.7576706409454346,-0.05326298251748085,2009.71044921875,-0.050051357597112656,620.8634643554688,977
ds004302_sub-73,lh_paracentral,2.3473615646362305,-0.014148050919175148,2576.335205078125,-0.11446359753608704,1050.2073974609375,1693
ds004302_sub-73,lh_parsopercularis,2.4917209148406982,-0.043230146169662476,4227.19384765625,-0.6940692663192749,1449.1070556640625,1882
ds004302_sub-73,lh_parsorbitalis,2.5653462409973145,-0.11854001879692078,2095.5458984375,-5.805956840515137,621.1856079101562,794
ds004302_sub-73,lh_parstriangularis,2.259193181991577,-0.027955813333392143,3605.55908203125,-0.4869531989097595,1369.79443359375,1808
ds004302_sub-73,lh_pericalcarine,1.5287892818450928,0.06999730318784714,2013.0936279296875,3.2017550468444824,1555.091064453125,2287
ds004302_sub-73,lh_postcentral,2.0956010818481445,-0.056331463158130646,8475.611328125,-1.1232151985168457,3582.94189453125,5507
ds004302_sub-73,lh_posteriorcingulate,2.359558582305908,0.017062010243535042,2963.04443359375,2.9044132232666016,1125.056640625,1674
ds004302_sub-73,lh_precentral,2.550999641418457,-0.02945447713136673,12696.0166015625,0.594269335269928,4578.3662109375,7199
ds004302_sub-73,lh_precuneus,2.3907690048217773,-0.014893944375216961,9586.69140625,1.0130724906921387,3606.29541015625,5166
ds004302_sub-73,lh_rostralanteriorcingulate,3.042130708694458,-0.02667517028748989,2254.3046875,0.7029297351837158,618.0526733398438,803
ds004302_sub-73,lh_rostralmiddlefrontal,2.2927279472351074,-0.026305677369236946,11865.2802734375,0.2492128163576126,4526.42138671875,6064
ds004302_sub-73,lh_superiorfrontal,2.673665761947632,-0.029717177152633667,19086.09375,-0.8865087032318115,6283.6826171875,8676
ds004302_sub-73,lh_superiorparietal,2.101466178894043,-0.02821272425353527,12251.2529296875,-0.07582540065050125,5273.22265625,7658
ds004302_sub-73,lh_superiortemporal,2.764984607696533,-0.02849053218960762,10301.107421875,0.33062314987182617,3278.233154296875,4938
ds004302_sub-73,lh_supramarginal,2.4777991771698,-0.0170579943805933,9696.2255859375,0.6402290463447571,3533.50146484375,4946
ds004302_sub-73,lh_frontalpole,2.125887870788574,-0.10031775385141373,853.180908203125,-7.775338649749756,312.0633544921875,347
ds004302_sub-73,lh_temporalpole,4.2227935791015625,-0.1268063485622406,2645.68212890625,-8.650155067443848,404.81951904296875,496
ds004302_sub-73,lh_transversetemporal,2.598984479904175,-0.05286954343318939,1118.7098388671875,3.9916417598724365,412.0994873046875,629
ds004302_sub-73,lh_insula,3.2674763202667236,0.022358903661370277,7175.93359375,5.527104377746582,2169.44384765625,3165
ds004302_sub-73,rh_bankssts,2.344611644744873,0.01546458899974823,2464.79248046875,3.2757866382598877,1039.48388671875,1450
ds004302_sub-73,rh_caudalanteriorcingulate,2.455986976623535,0.003214895026758313,1752.0235595703125,2.337946891784668,663.9927978515625,921
ds004302_sub-73,rh_caudalmiddlefrontal,2.405578851699829,-0.029986346140503883,5258.4873046875,0.6919234991073608,2032.930419921875,2933
ds004302_sub-73,rh_cuneus,1.9009183645248413,-0.04773801565170288,3270.2705078125,-2.952399492263794,1525.1103515625,2100
ds004302_sub-73,rh_entorhinal,3.3088130950927734,-0.06006592884659767,1463.2476806640625,-4.029267311096191,283.6735534667969,400
ds004302_sub-73,rh_fusiform,2.6456148624420166,-0.034835927188396454,7607.16796875,1.1510353088378906,2506.130126953125,3510
ds004302_sub-73,rh_inferiorparietal,2.3546416759490967,-0.025504320859909058,11595.49609375,0.6957852244377136,4447.556640625,5962
ds004302_sub-73,rh_inferiortemporal,2.5517122745513916,-0.03716164454817772,8345.853515625,-1.1597672700881958,2752.4814453125,3737
ds004302_sub-73,rh_isthmuscingulate,2.526432991027832,-0.015085531398653984,2454.72509765625,-0.10093232989311218,851.4042358398438,1245
ds004302_sub-73,rh_lateraloccipital,2.077601194381714,-0.03637346625328064,8816.3671875,-1.8782038688659668,3830.402587890625,5306
ds004302_sub-73,rh_lateralorbitofrontal,2.570699453353882,-0.010359491221606731,6498.46484375,-0.14202333986759186,2248.1142578125,2911
ds004302_sub-73,rh_lingual,2.0119569301605225,-0.03722813352942467,6981.60595703125,-1.1200660467147827,3074.777099609375,4141
ds004302_sub-73,rh_medialorbitofrontal,2.3583481311798096,-0.05893201008439064,5076.83056640625,-2.0895800590515137,1803.46435546875,2373
ds004302_sub-73,rh_middletemporal,2.799887180328369,-0.06640738248825073,11213.9736328125,-1.6776922941207886,3270.706298828125,4179
ds004302_sub-73,rh_parahippocampal,2.586890459060669,-0.030361203476786613,1961.54296875,1.1317964792251587,617.1351318359375,993
ds004302_sub-73,rh_paracentral,2.38527250289917,-0.0393793024122715,3801.646240234375,-1.0815645456314087,1510.3863525390625,2377
ds004302_sub-73,rh_parsopercularis,2.4020726680755615,-0.042825501412153244,3284.44970703125,0.1507982313632965,1231.66650390625,1677
ds004302_sub-73,rh_parsorbitalis,2.5486247539520264,-0.09517590701580048,2625.59716796875,-5.35786247253418,794.895263671875,1004
ds004302_sub-73,rh_parstriangularis,2.344136953353882,-0.04556820169091225,4287.880859375,-0.9786922335624695,1554.291748046875,1987
ds004302_sub-73,rh_pericalcarine,1.5412847995758057,0.06416356563568115,2357.58837890625,2.637723684310913,1775.183837890625,2538
ds004302_sub-73,rh_postcentral,1.9367250204086304,-0.04557260498404503,7082.33349609375,-1.0302222967147827,3338.321533203125,5054
ds004302_sub-73,rh_posteriorcingulate,2.2701125144958496,0.0036772971507161856,2954.26904296875,2.6756069660186768,1151.4248046875,1654
ds004302_sub-73,rh_precentral,2.3994228839874268,-0.013851042836904526,11237.333984375,1.1375004053115845,4438.03515625,6938
ds004302_sub-73,rh_precuneus,2.4215972423553467,-0.006730750203132629,9010.6494140625,1.3266453742980957,3501.744140625,5012
ds004302_sub-73,rh_rostralanteriorcingulate,2.807243824005127,-0.0032697070855647326,1625.763916015625,1.671924114227295,497.4250793457031,658
ds004302_sub-73,rh_rostralmiddlefrontal,2.131187915802002,-0.018928809091448784,11072.73046875,0.5209746956825256,4707.365234375,5932
ds004302_sub-73,rh_superiorfrontal,2.6859333515167236,-0.03565867617726326,19403.91796875,-1.0933606624603271,6446.8818359375,8792
ds004302_sub-73,rh_superiorparietal,2.0874862670898438,-0.03492667153477669,11858.216796875,-0.24511107802391052,5062.41455078125,7346
ds004302_sub-73,rh_superiortemporal,2.734166145324707,-0.028109101578593254,11088.3955078125,-0.35190609097480774,3443.160400390625,5031
ds004302_sub-73,rh_supramarginal,2.5556018352508545,-0.02763146534562111,8431.611328125,0.919223964214325,2943.50439453125,4037
ds004302_sub-73,rh_frontalpole,2.675882577896118,-0.17675280570983887,1196.826904296875,-9.057088851928711,324.3592529296875,405
ds004302_sub-73,rh_temporalpole,4.143531799316406,-0.1087818369269371,2741.3837890625,-8.505566596984863,388.0404357910156,449
ds004302_sub-73,rh_transversetemporal,2.590914726257324,-0.07611314207315445,869.04296875,4.187262535095215,289.7973327636719,471
ds004302_sub-73,rh_insula,3.173252582550049,0.026616664603352547,6420.57763671875,5.941359996795654,1995.430908203125,2947
ds004302_sub-74,lh_bankssts,2.2304487228393555,0.03678981587290764,1814.6002197265625,2.911250591278076,854.134521484375,1240
ds004302_sub-74,lh_caudalanteriorcingulate,2.0757477283477783,0.005731203593313694,1155.4697265625,1.588523507118225,534.663330078125,835
ds004302_sub-74,lh_caudalmiddlefrontal,2.15666127204895,-0.023171205073595047,4736.30859375,1.7119759321212769,2122.28125,3198
ds004302_sub-74,lh_cuneus,1.6759001016616821,-0.04396892338991165,2581.4677734375,-1.913751244544983,1574.3291015625,2206
ds004302_sub-74,lh_entorhinal,3.0651869773864746,-0.07733874022960663,1464.755615234375,-4.439456939697266,338.45379638671875,511
ds004302_sub-74,lh_fusiform,2.6307427883148193,-0.03928515687584877,9973.2509765625,0.4880734980106354,3320.2353515625,4770
ds004302_sub-74,lh_inferiorparietal,2.4003055095672607,-0.040231358259916306,10337.287109375,0.2879248559474945,3899.265625,5620
ds004302_sub-74,lh_inferiortemporal,2.568999767303467,-0.01883762888610363,8391.107421875,-0.3733621835708618,2928.40625,4098
ds004302_sub-74,lh_isthmuscingulate,2.3737261295318604,-0.03303989768028259,2723.14306640625,-0.6852961182594299,1005.2579956054688,1425
ds004302_sub-74,lh_lateraloccipital,2.1104965209960938,-0.036146752536296844,13235.7314453125,-1.8637291193008423,5584.369140625,7807
ds004302_sub-74,lh_lateralorbitofrontal,2.5259883403778076,-0.02612156793475151,6707.9228515625,-0.23530322313308716,2540.72998046875,3436
ds004302_sub-74,lh_lingual,1.9269992113113403,-0.034668125212192535,6461.9755859375,0.23579467833042145,3074.720703125,4313
ds004302_sub-74,lh_medialorbitofrontal,2.2854392528533936,-0.032955851405858994,5104.21484375,-1.40803861618042,2009.38330078125,2838
ds004302_sub-74,lh_middletemporal,2.556993007659912,-0.05355927720665932,8852.0546875,-1.7606557607650757,2934.629638671875,4096
ds004302_sub-74,lh_parahippocampal,2.4791624546051025,-0.046998366713523865,1936.545654296875,0.252808541059494,648.9673461914062,1015
ds004302_sub-74,lh_paracentral,2.17714524269104,-0.031753912568092346,3433.5,-0.3487411439418793,1487.88330078125,2428
ds004302_sub-74,lh_parsopercularis,2.311967372894287,-0.04759625717997551,4407.66162109375,-0.37532320618629456,1751.61474609375,2478
ds004302_sub-74,lh_parsorbitalis,2.32468318939209,-0.07337672263383865,2070.23779296875,-4.750377655029297,739.6983032226562,993
ds004302_sub-74,lh_parstriangularis,2.0773398876190186,-0.015374410897493362,2977.802978515625,0.1866031438112259,1344.21435546875,1919
ds004302_sub-74,lh_pericalcarine,1.3298076391220093,0.07148265093564987,1517.84326171875,3.58534574508667,1360.9298095703125,1970
ds004302_sub-74,lh_postcentral,1.9340143203735352,-0.05369718372821808,8333.7509765625,-0.8892735838890076,4036.117431640625,6239
ds004302_sub-74,lh_posteriorcingulate,2.1947407722473145,0.007788818329572678,2698.33984375,2.3153538703918457,1158.436767578125,1624
ds004302_sub-74,lh_precentral,2.257577657699585,-0.02625623345375061,11923.0703125,0.6109837889671326,4954.31298828125,8038
ds004302_sub-74,lh_precuneus,2.25919508934021,-0.008794414810836315,8802.052734375,1.2730979919433594,3807.967041015625,5391
ds004302_sub-74,lh_rostralanteriorcingulate,2.350719451904297,-0.027401482686400414,2217.36328125,0.46569472551345825,812.1853637695312,1214
ds004302_sub-74,lh_rostralmiddlefrontal,2.115560531616211,-0.03101573884487152,11825.05078125,0.03759300336241722,5216.9775390625,7136
ds004302_sub-74,lh_superiorfrontal,2.3900513648986816,-0.03168449550867081,21215.482421875,-0.7480661273002625,8123.7470703125,11953
ds004302_sub-74,lh_superiorparietal,2.025958776473999,-0.029118116945028305,11826.287109375,-0.2526988685131073,5383.19287109375,8081
ds004302_sub-74,lh_superiortemporal,2.698547124862671,-0.03873182460665703,13429.1875,-0.1667470484972,4532.310546875,6651
ds004302_sub-74,lh_supramarginal,2.475799322128296,-0.02781788259744644,9697.3740234375,0.27862969040870667,3758.407470703125,5444
ds004302_sub-74,lh_frontalpole,2.2743079662323,-0.1136738732457161,693.7208251953125,-8.39051342010498,264.458740234375,342
ds004302_sub-74,lh_temporalpole,3.8993406295776367,-0.11626777052879333,2389.328857421875,-8.116878509521484,449.3250427246094,606
ds004302_sub-74,lh_transversetemporal,2.2647693157196045,-0.013960900716483593,1229.801513671875,4.131330966949463,542.3488159179688,830
ds004302_sub-74,lh_insula,3.0652859210968018,0.024588365107774734,7377.3828125,5.801628112792969,2490.06689453125,3621
ds004302_sub-74,rh_bankssts,2.328922748565674,0.035668399184942245,1859.316650390625,3.2630367279052734,781.6334228515625,1139
ds004302_sub-74,rh_caudalanteriorcingulate,2.4297139644622803,-6.45691980025731e-05,1975.7265625,1.467263102531433,740.874755859375,1050
ds004302_sub-74,rh_caudalmiddlefrontal,2.14705228805542,-0.028283294290304184,5062.55615234375,1.0390688180923462,2249.23193359375,3373
ds004302_sub-74,rh_cuneus,1.604704737663269,-0.03538233041763306,2809.8720703125,-1.5875929594039917,1731.0587158203125,2488
ds004302_sub-74,rh_entorhinal,3.2048046588897705,-0.044428303837776184,1680.224365234375,-4.804494380950928,369.69775390625,538
ds004302_sub-74,rh_fusiform,2.64106822013855,-0.0439249649643898,10783.9111328125,0.4653490483760834,3538.1103515625,5081
ds004302_sub-74,rh_inferiorparietal,2.4341561794281006,-0.014263984747231007,11314.673828125,0.8049049377441406,4379.49267578125,5924
ds004302_sub-74,rh_inferiortemporal,2.57511830329895,-0.014853229746222496,7506.75390625,-0.16774588823318481,2624.207763671875,3613
ds004302_sub-74,rh_isthmuscingulate,2.2001168727874756,-0.03507760167121887,2329.224853515625,-1.5283373594284058,912.5239868164062,1211
ds004302_sub-74,rh_lateraloccipital,2.1080751419067383,-0.04079969599843025,11103.31640625,-2.1473944187164307,4814.1171875,6741
ds004302_sub-74,rh_lateralorbitofrontal,2.515986680984497,-0.010149627923965454,5599.0703125,0.14349372684955597,2217.953125,3096
ds004302_sub-74,rh_lingual,1.8536207675933838,-0.03524140268564224,7764.27197265625,-0.07528380304574966,3748.691162109375,5275
ds004302_sub-74,rh_medialorbitofrontal,2.1074399948120117,-0.03998935967683792,4431.70068359375,-1.7497040033340454,1939.53173828125,2700
ds004302_sub-74,rh_middletemporal,2.697565793991089,-0.04743359237909317,9509.384765625,-2.124744176864624,2871.40380859375,3780
ds004302_sub-74,rh_parahippocampal,2.4222218990325928,-0.02132347971200943,1928.4442138671875,0.8035507798194885,672.1585693359375,1058
ds004302_sub-74,rh_paracentral,2.0129292011260986,-0.02909747324883938,3255.868408203125,0.8117241859436035,1545.4769287109375,2559
ds004302_sub-74,rh_parsopercularis,2.254204034805298,-0.02697053551673889,3930.6689453125,0.052259381860494614,1626.1171875,2278
ds004302_sub-74,rh_parsorbitalis,2.3486273288726807,-0.06194937974214554,2273.869140625,-4.540238857269287,827.3671875,1052
ds004302_sub-74,rh_parstriangularis,2.207993507385254,-0.022297265008091927,4502.5693359375,-1.608844518661499,1800.468505859375,2435
ds004302_sub-74,rh_pericalcarine,1.3915590047836304,0.04395155981183052,1921.9700927734375,1.781355857849121,1546.5343017578125,2312
ds004302_sub-74,rh_postcentral,1.9739701747894287,-0.050231803208589554,8839.396484375,-1.212904453277588,4054.354736328125,6059
ds004302_sub-74,rh_posteriorcingulate,2.163968324661255,0.01511497050523758,2681.36279296875,1.8822063207626343,1193.58447265625,1743
ds004302_sub-74,rh_precentral,2.2469894886016846,-0.013709676451981068,11178.6484375,0.35842615365982056,4724.5830078125,7417
ds004302_sub-74,rh_precuneus,2.1359946727752686,-0.006783122196793556,9281.96875,1.6187875270843506,4333.966796875,6232
ds004302_sub-74,rh_rostralanteriorcingulate,2.6777477264404297,-0.04388842731714249,1972.2672119140625,0.9577669501304626,682.0048828125,878
ds004302_sub-74,rh_rostralmiddlefrontal,2.068830728530884,-0.01691550202667713,11887.3046875,0.4148332476615906,5462.837890625,7478
ds004302_sub-74,rh_superiorfrontal,2.271818161010742,-0.029677769169211388,18057.59765625,-0.8755350708961487,7262.771484375,10670
ds004302_sub-74,rh_superiorparietal,1.9314926862716675,-0.028628578409552574,11011.568359375,-0.6402190923690796,5297.61328125,7963
ds004302_sub-74,rh_superiortemporal,2.6927812099456787,-0.02386932633817196,12190.4765625,-0.6088652014732361,4075.195068359375,5796
ds004302_sub-74,rh_supramarginal,2.451169729232788,-0.01430986076593399,9540.255859375,1.1623467206954956,3733.0771484375,5228
ds004302_sub-74,rh_frontalpole,2.0189549922943115,-0.13557448983192444,885.7266235351562,-8.467792510986328,355.94012451171875,444
ds004302_sub-74,rh_temporalpole,3.6294827461242676,-0.09135905653238297,2311.97265625,-7.984907627105713,460.5614318847656,606
ds004302_sub-74,rh_transversetemporal,2.2287299633026123,-0.08147959411144257,990.480224609375,2.6421375274658203,399.13360595703125,607
ds004302_sub-74,rh_insula,2.98538875579834,0.030530372634530067,7753.703125,5.411961078643799,2680.369140625,3896
ds004302_sub-75,lh_bankssts,2.5403175354003906,0.04031840339303017,3234.61962890625,4.127277851104736,1298.2054443359375,1936
ds004302_sub-75,lh_caudalanteriorcingulate,2.138185501098633,0.01799955777823925,1498.225341796875,2.5356264114379883,616.415283203125,937
ds004302_sub-75,lh_caudalmiddlefrontal,2.604755163192749,-0.019183728843927383,7829.4658203125,1.0444639921188354,2714.15771484375,4029
ds004302_sub-75,lh_cuneus,1.7858028411865234,-0.051223184913396835,3719.24560546875,-2.967015027999878,1986.656005859375,2838
ds004302_sub-75,lh_entorhinal,2.597476005554199,-0.016587000340223312,2079.44775390625,-2.771146774291992,578.128662109375,833
ds004302_sub-75,lh_fusiform,2.6282925605773926,-0.028472578153014183,11064.2822265625,1.3284873962402344,3576.9169921875,5219
ds004302_sub-75,lh_inferiorparietal,2.56190824508667,-0.02568925730884075,11150.70703125,0.822265625,4013.44091796875,5660
ds004302_sub-75,lh_inferiortemporal,2.797086238861084,-0.04017595946788788,12384.201171875,-1.2446070909500122,3621.595703125,5097
ds004302_sub-75,lh_isthmuscingulate,2.462283134460449,-0.017229650169610977,2981.9833984375,-0.3925608694553375,1070.8304443359375,1534
ds004302_sub-75,lh_lateraloccipital,2.273815155029297,-0.03585377335548401,13780.9521484375,-1.7254619598388672,5536.068359375,8281
ds004302_sub-75,lh_lateralorbitofrontal,2.8731517791748047,-0.018600229173898697,9036.4375,0.15105384588241577,2816.8974609375,3881
ds004302_sub-75,lh_lingual,1.8585861921310425,-0.0293020810931921,7173.5615234375,0.4128052592277527,3585.23193359375,4979
ds004302_sub-75,lh_medialorbitofrontal,2.398963451385498,-0.03814362362027168,5866.46875,-1.4395045042037964,2170.763671875,2962
ds004302_sub-75,lh_middletemporal,2.890695095062256,-0.04682328924536705,13527.3076171875,-1.6108368635177612,3661.301513671875,4987
ds004302_sub-75,lh_parahippocampal,2.274022102355957,-0.042277831584215164,2545.43017578125,-0.09649248421192169,945.6524658203125,1389
ds004302_sub-75,lh_paracentral,2.5231926441192627,-0.031955502927303314,4344.6982421875,-0.4136214256286621,1545.9970703125,2461
ds004302_sub-75,lh_parsopercularis,2.745375156402588,-0.037177201360464096,5959.8330078125,-0.2535010874271393,1850.32470703125,2611
ds004302_sub-75,lh_parsorbitalis,2.7167160511016846,-0.09325304627418518,3085.231201171875,-4.64463996887207,866.3289184570312,1131
ds004302_sub-75,lh_parstriangularis,2.4829025268554688,-0.013368731364607811,3494.46923828125,1.063318133354187,1230.67236328125,1769
ds004302_sub-75,lh_pericalcarine,1.4826292991638184,0.06654416769742966,2493.707275390625,3.6475319862365723,1943.21826171875,2868
ds004302_sub-75,lh_postcentral,2.0413591861724854,-0.050419602543115616,9366.345703125,-1.1760363578796387,4142.35546875,6300
ds004302_sub-75,lh_posteriorcingulate,2.3381903171539307,0.010434890165925026,3329.493896484375,2.624319553375244,1207.4154052734375,1722
ds004302_sub-75,lh_precentral,2.658238649368286,-0.020791426301002502,14610.572265625,0.3237811028957367,4971.93310546875,7762
ds004302_sub-75,lh_precuneus,2.539944648742676,-0.0003664931864477694,11675.49609375,1.5142778158187866,4265.6875,6028
ds004302_sub-75,lh_rostralanteriorcingulate,2.5905330181121826,-0.0199647955596447,2033.5523681640625,1.2033780813217163,724.1144409179688,972
ds004302_sub-75,lh_rostralmiddlefrontal,2.298175811767578,-0.03212190046906471,18495.638671875,0.17734596133232117,6975.49365234375,9505
ds004302_sub-75,lh_superiorfrontal,2.811342239379883,-0.030206341296434402,26704.458984375,-0.7938803434371948,8114.607421875,11864
ds004302_sub-75,lh_superiorparietal,2.2932796478271484,-0.03370729088783264,13960.9765625,-0.360118567943573,5286.23876953125,7855
ds004302_sub-75,lh_superiortemporal,2.821488380432129,-0.027603520080447197,15054.4248046875,0.03843123838305473,4687.81640625,6965
ds004302_sub-75,lh_supramarginal,2.5028581619262695,-0.027246708050370216,14364.0634765625,-0.3299561142921448,5134.0810546875,7248
ds004302_sub-75,lh_frontalpole,2.384148120880127,-0.08398819714784622,928.115234375,-6.3348588943481445,301.2088623046875,390
ds004302_sub-75,lh_temporalpole,3.6904070377349854,-0.08418993651866913,3149.582763671875,-7.259153842926025,586.0772094726562,742
ds004302_sub-75,lh_transversetemporal,2.3952431678771973,-0.06933867931365967,1305.7513427734375,2.7670176029205322,481.35809326171875,726
ds004302_sub-75,lh_insula,3.169797658920288,0.03143887221813202,7436.7216796875,6.152031421661377,2254.95947265625,3364
ds004302_sub-75,rh_bankssts,2.530130624771118,0.03751897066831589,2295.021484375,3.987440347671509,918.7113647460938,1339
ds004302_sub-75,rh_caudalanteriorcingulate,2.203619956970215,-0.03637762367725372,3023.60986328125,1.448654055595398,1020.912841796875,1306
ds004302_sub-75,rh_caudalmiddlefrontal,2.683417320251465,-0.029489954933524132,7795.494140625,0.9994131922721863,2605.716796875,3770
ds004302_sub-75,rh_cuneus,1.7442326545715332,-0.03629378601908684,3717.47216796875,-3.3902816772460938,2055.303955078125,2727
ds004302_sub-75,rh_entorhinal,3.3089892864227295,-0.05434470996260643,2807.256591796875,-4.107954502105713,559.5426025390625,795
ds004302_sub-75,rh_fusiform,2.711935043334961,-0.03614024445414543,10437.025390625,0.7955070734024048,3373.892333984375,4791
ds004302_sub-75,rh_inferiorparietal,2.5833535194396973,-0.03192145377397537,16474.54296875,0.08860866725444794,5490.55859375,7589
ds004302_sub-75,rh_inferiortemporal,2.77921199798584,-0.025425933301448822,12416.82421875,-0.7954429388046265,3565.20458984375,4842
ds004302_sub-75,rh_isthmuscingulate,2.319953203201294,-0.032979145646095276,2967.2353515625,-0.4538693130016327,1028.018310546875,1451
ds004302_sub-75,rh_lateraloccipital,2.3051648139953613,-0.03434714674949646,12567.3916015625,-1.3292287588119507,5006.7685546875,7116
ds004302_sub-75,rh_lateralorbitofrontal,2.7759478092193604,-0.012247556820511818,8241.8984375,0.32309675216674805,2784.14111328125,3731
ds004302_sub-75,rh_lingual,2.1173412799835205,-0.02805960923433304,7938.50732421875,-0.5712562799453735,3539.94384765625,5009
ds004302_sub-75,rh_medialorbitofrontal,2.609431028366089,-0.039028290659189224,6325.76220703125,-1.1855863332748413,2078.2470703125,2844
ds004302_sub-75,rh_middletemporal,2.936771869659424,-0.04908573254942894,14207.20703125,-1.7682411670684814,3903.897705078125,5461
ds004302_sub-75,rh_parahippocampal,2.81842041015625,-0.029168089851737022,2137.57080078125,0.7482391595840454,633.2163696289062,987
ds004302_sub-75,rh_paracentral,2.4765069484710693,-0.022726736962795258,4423.439453125,-0.4276081323623657,1605.234375,2545
ds004302_sub-75,rh_parsopercularis,2.5921220779418945,-0.0177049208432436,4060.645751953125,1.2828319072723389,1483.173583984375,2056
ds004302_sub-75,rh_parsorbitalis,2.7215137481689453,-0.08013114333152771,3230.03173828125,-3.9590721130371094,928.0197143554688,1245
ds004302_sub-75,rh_parstriangularis,2.3814971446990967,-0.021179987117648125,4489.2216796875,-0.5431960821151733,1608.134521484375,2254
ds004302_sub-75,rh_pericalcarine,1.5272282361984253,0.06966444849967957,2505.300537109375,3.0019304752349854,1951.769287109375,2795
ds004302_sub-75,rh_postcentral,2.13197922706604,-0.04814824461936951,10922.6806640625,-1.034199595451355,4558.13427734375,6803
ds004302_sub-75,rh_posteriorcingulate,2.3107151985168457,-0.0019465109799057245,3781.7978515625,2.222074508666992,1423.9697265625,1962
ds004302_sub-75,rh_precentral,2.6185503005981445,-0.011388318613171577,14151.7236328125,0.8149169087409973,4941.4033203125,7856
ds004302_sub-75,rh_precuneus,2.535745859146118,0.0012709273723885417,12175.4453125,1.7241945266723633,4448.85986328125,6465
ds004302_sub-75,rh_rostralanteriorcingulate,2.8664519786834717,-0.03511990234255791,2539.32568359375,0.4195097088813782,766.6204833984375,895
ds004302_sub-75,rh_rostralmiddlefrontal,2.343679666519165,-0.028471210971474648,17429.78125,-0.400115430355072,6291.28125,8577
ds004302_sub-75,rh_superiorfrontal,2.781674385070801,-0.02921540103852749,25555.125,-0.6754350662231445,7910.60009765625,11482
ds004302_sub-75,rh_superiorparietal,2.3601343631744385,-0.03579054772853851,13737.248046875,-0.7307567596435547,5162.8671875,7588
ds004302_sub-75,rh_superiortemporal,2.8064842224121094,-0.022225292399525642,13899.4306640625,0.13219527900218964,4332.056640625,6504
ds004302_sub-75,rh_supramarginal,2.7645955085754395,-0.010182219557464123,12617.1787109375,0.8888922333717346,4131.1083984375,5858
ds004302_sub-75,rh_frontalpole,3.018893003463745,-0.16719338297843933,1464.1796875,-8.633028984069824,318.23028564453125,402
ds004302_sub-75,rh_temporalpole,3.5707411766052246,-0.08964148908853531,2647.2392578125,-7.341393947601318,551.3223266601562,704
ds004302_sub-75,rh_transversetemporal,2.581643581390381,-0.08267770707607269,1216.69921875,2.859853506088257,404.6250305175781,599
ds004302_sub-75,rh_insula,3.2355823516845703,0.042805399745702744,7341.9248046875,6.271048069000244,2153.85888671875,3189
ds004302_sub-76,lh_bankssts,2.5886361598968506,0.034856002777814865,2026.7674560546875,3.838655948638916,835.8665771484375,1211
ds004302_sub-76,lh_caudalanteriorcingulate,1.9779411554336548,0.01828337274491787,1028.781982421875,1.771231770515442,489.33709716796875,746
ds004302_sub-76,lh_caudalmiddlefrontal,2.489597797393799,-0.01730690523982048,4746.86962890625,1.7900534868240356,1789.884521484375,2645
ds004302_sub-76,lh_cuneus,2.0121703147888184,-0.08240754902362823,2900.6865234375,-3.2275590896606445,1282.2740478515625,1962
ds004302_sub-76,lh_entorhinal,2.8111915588378906,-0.10068237036466599,1542.3486328125,-4.26482629776001,364.40185546875,536
ds004302_sub-76,lh_fusiform,2.728644371032715,-0.04628333821892738,9066.6953125,0.7768313884735107,2799.25,4201
ds004302_sub-76,lh_inferiorparietal,2.4844741821289062,-0.03671792149543762,8501.767578125,0.6504973769187927,3079.142578125,4463
ds004302_sub-76,lh_inferiortemporal,2.6378531455993652,-0.015901029109954834,7942.728515625,-0.29816097021102905,2673.513671875,3907
ds004302_sub-76,lh_isthmuscingulate,2.2209365367889404,-0.023125022649765015,2365.632568359375,0.09994731098413467,920.8342895507812,1346
ds004302_sub-76,lh_lateraloccipital,2.076277732849121,-0.05305987223982811,10020.046875,-1.6598261594772339,4447.2587890625,6566
ds004302_sub-76,lh_lateralorbitofrontal,2.8041799068450928,-0.014285565353929996,6779.77490234375,0.020521800965070724,2160.01611328125,3109
ds004302_sub-76,lh_lingual,2.0002033710479736,-0.04372549429535866,6563.98291015625,-0.15798020362854004,3081.05078125,4590
ds004302_sub-76,lh_medialorbitofrontal,2.4093997478485107,-0.047693829983472824,4313.3505859375,-2.1077699661254883,1627.840576171875,2290
ds004302_sub-76,lh_middletemporal,2.9203784465789795,-0.06472568213939667,10625.734375,-1.5032739639282227,2930.3349609375,4140
ds004302_sub-76,lh_parahippocampal,2.3495981693267822,-0.05873971804976463,1725.214111328125,-0.33737054467201233,602.164794921875,961
ds004302_sub-76,lh_paracentral,2.5039572715759277,-0.04275880753993988,2890.7392578125,-1.2448526620864868,1035.27490234375,1751
ds004302_sub-76,lh_parsopercularis,2.532676935195923,-0.0470135472714901,4339.8583984375,-0.026748958975076675,1482.4908447265625,2118
ds004302_sub-76,lh_parsorbitalis,2.6471335887908936,-0.08991020917892456,2201.96337890625,-4.877200603485107,645.5596923828125,918
ds004302_sub-76,lh_parstriangularis,2.4063968658447266,-0.02546285092830658,2811.875,0.0881110280752182,1034.4195556640625,1445
ds004302_sub-76,lh_pericalcarine,1.8908205032348633,0.044437896460294724,2134.033203125,3.053879976272583,1287.771728515625,1961
ds004302_sub-76,lh_postcentral,2.249091625213623,-0.054145827889442444,9055.599609375,-0.5601983070373535,3525.14697265625,5425
ds004302_sub-76,lh_posteriorcingulate,2.0833160877227783,0.014418206177651882,2237.4619140625,2.173196315765381,973.8764038085938,1408
ds004302_sub-76,lh_precentral,2.530939817428589,-0.03297940641641617,10976.8154296875,0.6381459832191467,4002.882568359375,6553
ds004302_sub-76,lh_precuneus,2.4789891242980957,-0.01145013514906168,8063.4580078125,1.4289484024047852,2979.9658203125,4359
ds004302_sub-76,lh_rostralanteriorcingulate,2.265166759490967,-0.036706700921058655,1489.562744140625,1.350635051727295,575.783447265625,828
ds004302_sub-76,lh_rostralmiddlefrontal,2.4392786026000977,-0.029295388609170914,13470.361328125,-0.2449164092540741,4895.2216796875,6936
ds004302_sub-76,lh_superiorfrontal,2.685809850692749,-0.0281800739467144,17722.541015625,-0.9092828631401062,5861.9453125,8430
ds004302_sub-76,lh_superiorparietal,2.2161004543304443,-0.03366817906498909,10987.2373046875,-0.08406826853752136,4585.48876953125,6833
ds004302_sub-76,lh_superiortemporal,2.9260873794555664,-0.030225668102502823,13309.001953125,-0.2613166570663452,3885.9072265625,5889
ds004302_sub-76,lh_supramarginal,2.674576997756958,-0.02722095139324665,10328.8876953125,0.6913737654685974,3510.98681640625,5148
ds004302_sub-76,lh_frontalpole,2.666766405105591,-0.14870351552963257,900.4609375,-9.234107971191406,257.11395263671875,317
ds004302_sub-76,lh_temporalpole,3.5171303749084473,-0.10506685823202133,2347.72998046875,-7.7088141441345215,461.4532775878906,608
ds004302_sub-76,lh_transversetemporal,2.6238853931427,-0.09163405746221542,1135.57568359375,3.0050406455993652,369.92230224609375,635
ds004302_sub-76,lh_insula,3.1413369178771973,0.0259255263954401,6647.7802734375,5.565273284912109,2011.943359375,2968
ds004302_sub-76,rh_bankssts,2.793259620666504,0.003736872924491763,2110.78271484375,1.6712548732757568,742.5609130859375,1056
ds004302_sub-76,rh_caudalanteriorcingulate,2.148650884628296,0.006938187405467033,1333.3177490234375,1.6116374731063843,547.05908203125,779
ds004302_sub-76,rh_caudalmiddlefrontal,2.693941116333008,-0.02519591525197029,4644.984375,1.8800989389419556,1604.4525146484375,2422
ds004302_sub-76,rh_cuneus,1.732864260673523,-0.05192139744758606,2787.18798828125,-2.462116241455078,1492.3875732421875,2256
ds004302_sub-76,rh_entorhinal,2.1794514656066895,-0.05763353034853935,894.6524658203125,-1.2306350469589233,356.0150146484375,539
ds004302_sub-76,rh_fusiform,2.752977132797241,-0.04546204209327698,9637.7138671875,0.7580655217170715,2956.623046875,4416
ds004302_sub-76,rh_inferiorparietal,2.4762299060821533,-0.02834284119307995,12635.4921875,0.4306269884109497,4670.9345703125,6632
ds004302_sub-76,rh_inferiortemporal,2.5752768516540527,-0.02773684822022915,7962.9482421875,-0.7821046710014343,2677.990234375,3825
ds004302_sub-76,rh_isthmuscingulate,2.32731032371521,-0.01596483215689659,2341.12939453125,0.009527953341603279,836.72509765625,1236
ds004302_sub-76,rh_lateraloccipital,2.2217493057250977,-0.04018963873386383,11042.07421875,-1.5678406953811646,4514.646484375,6663
ds004302_sub-76,rh_lateralorbitofrontal,2.6622402667999268,-0.021577589213848114,6580.82177734375,-0.2791508138179779,2257.885986328125,3188
ds004302_sub-76,rh_lingual,2.016404628753662,-0.03671101853251457,5882.9140625,-0.6886104345321655,2748.9013671875,4133
ds004302_sub-76,rh_medialorbitofrontal,2.4195356369018555,-0.04407566413283348,4863.21142578125,-1.6522072553634644,1761.2442626953125,2343
ds004302_sub-76,rh_middletemporal,2.821533203125,-0.047943875193595886,10126.7890625,-0.8749682903289795,2907.265380859375,4217
ds004302_sub-76,rh_parahippocampal,2.3946995735168457,-0.04176376387476921,2042.5025634765625,-0.1069512590765953,667.0809326171875,1033
ds004302_sub-76,rh_paracentral,2.523137092590332,-0.02425922453403473,2862.419921875,-0.19090116024017334,1072.0042724609375,1814
ds004302_sub-76,rh_parsopercularis,2.6975178718566895,-0.02875920943915844,3129.175048828125,0.3202689588069916,1063.863037109375,1553
ds004302_sub-76,rh_parsorbitalis,2.719092845916748,-0.07120305299758911,2766.866943359375,-4.432333946228027,842.368408203125,1127
ds004302_sub-76,rh_parstriangularis,2.4819998741149902,-0.049174964427948,3487.757080078125,-0.13813768327236176,1221.4110107421875,1655
ds004302_sub-76,rh_pericalcarine,1.7360235452651978,0.03494639694690704,2266.353515625,2.9071993827819824,1493.228271484375,2201
ds004302_sub-76,rh_postcentral,2.2465763092041016,-0.049854934215545654,8042.8193359375,-0.896420419216156,3234.71484375,4945
ds004302_sub-76,rh_posteriorcingulate,2.207468271255493,0.007959311828017235,2520.83154296875,2.138054847717285,1003.5449829101562,1378
ds004302_sub-76,rh_precentral,2.5075697898864746,-0.025937745347619057,11013.302734375,0.4897152781486511,4067.98046875,6455
ds004302_sub-76,rh_precuneus,2.42891001701355,-0.017125502228736877,8091.75439453125,1.4760602712631226,3093.50390625,4500
ds004302_sub-76,rh_rostralanteriorcingulate,2.3960938453674316,0.0007726647891104221,835.2603759765625,1.6795134544372559,321.6775817871094,488
ds004302_sub-76,rh_rostralmiddlefrontal,2.492532253265381,-0.0299815833568573,13846.9736328125,-0.30671989917755127,5016.5576171875,6859
ds004302_sub-76,rh_superiorfrontal,2.7409887313842773,-0.02820543944835663,16168.8564453125,-0.8281891942024231,5293.974609375,7759
ds004302_sub-76,rh_superiorparietal,2.2427196502685547,-0.03635980933904648,10627.7587890625,-0.20394368469715118,4378.92822265625,6603
ds004302_sub-76,rh_superiortemporal,2.98447847366333,-0.0341288261115551,11587.12109375,-0.6111952662467957,3217.611572265625,4874
ds004302_sub-76,rh_supramarginal,2.6511480808258057,-0.016368646174669266,9765.228515625,1.8628922700881958,3309.60595703125,4798
ds004302_sub-76,rh_frontalpole,2.855830669403076,-0.1074695885181427,1326.9100341796875,-8.363058090209961,365.3603820800781,458
ds004302_sub-76,rh_temporalpole,3.741685152053833,-0.10491969436407089,3005.87109375,-8.533684730529785,478.4342041015625,593
ds004302_sub-76,rh_transversetemporal,2.9337961673736572,-0.0803670585155487,1030.440185546875,3.399379253387451,283.1362609863281,475
ds004302_sub-76,rh_insula,3.0664398670196533,0.03279213234782219,6460.12109375,5.5987091064453125,1990.54052734375,2986
ds004302_sub-77,lh_bankssts,2.4976842403411865,0.03945418447256088,2058.244384765625,4.108932971954346,881.109619140625,1305
ds004302_sub-77,lh_caudalanteriorcingulate,2.2311503887176514,0.018762337043881416,1411.469970703125,1.5521787405014038,583.3541870117188,892
ds004302_sub-77,lh_caudalmiddlefrontal,2.51227068901062,-0.016391927376389503,4976.7451171875,1.7324895858764648,1829.1279296875,2849
ds004302_sub-77,lh_cuneus,1.8448243141174316,-0.05623135343194008,3120.052734375,-2.518001079559326,1508.949462890625,2348
ds004302_sub-77,lh_entorhinal,3.3355557918548584,-0.06192327290773392,2217.4658203125,-5.100151062011719,484.6946105957031,683
ds004302_sub-77,lh_fusiform,2.6496708393096924,-0.037715598940849304,9224.5234375,0.6583561301231384,2938.187744140625,4391
ds004302_sub-77,lh_inferiorparietal,2.446712017059326,-0.0431860089302063,10377.673828125,0.15846116840839386,3866.671142578125,5792
ds004302_sub-77,lh_inferiortemporal,2.4108500480651855,-0.019520126283168793,9697.5078125,-0.40702512860298157,3560.244873046875,5189
ds004302_sub-77,lh_isthmuscingulate,2.170832633972168,-0.0052118548192083836,2193.141845703125,0.2541176676750183,949.8902587890625,1430
ds004302_sub-77,lh_lateraloccipital,2.0780577659606934,-0.03636128827929497,10789.13671875,-1.6294175386428833,4576.57177734375,6933
ds004302_sub-77,lh_lateralorbitofrontal,2.420530080795288,-0.012830893509089947,6131.1923828125,-0.046166736632585526,2321.98681640625,3273
ds004302_sub-77,lh_lingual,1.937429428100586,-0.0415484756231308,5300.126953125,-0.31524190306663513,2548.5419921875,3690
ds004302_sub-77,lh_medialorbitofrontal,2.2253715991973877,-0.03620411455631256,4833.7822265625,-1.7925406694412231,1995.86474609375,2830
ds004302_sub-77,lh_middletemporal,2.63641619682312,-0.05621979385614395,9893.662109375,-1.3105568885803223,3125.78466796875,4473
ds004302_sub-77,lh_parahippocampal,2.8932700157165527,-0.028475670143961906,2503.63330078125,-0.5338800549507141,738.6547241210938,1132
ds004302_sub-77,lh_paracentral,2.508653402328491,-0.03648318722844124,3228.58251953125,-0.1192169338464737,1212.099365234375,2082
ds004302_sub-77,lh_parsopercularis,2.4394936561584473,-0.03565344586968422,4947.1279296875,-0.35676151514053345,1859.03662109375,2727
ds004302_sub-77,lh_parsorbitalis,2.324036121368408,-0.10963282734155655,1786.627685546875,-4.259960174560547,620.194091796875,843
ds004302_sub-77,lh_parstriangularis,2.3344693183898926,-0.02463618479669094,3142.1572265625,-0.5353168845176697,1226.1083984375,1738
ds004302_sub-77,lh_pericalcarine,1.821448564529419,0.036759160459041595,2401.20263671875,2.7298812866210938,1426.510986328125,2149
ds004302_sub-77,lh_postcentral,1.9722627401351929,-0.06183893233537674,6956.82421875,-0.7273877263069153,3261.89697265625,5504
ds004302_sub-77,lh_posteriorcingulate,2.2397491931915283,0.016865111887454987,2704.240234375,1.9477832317352295,1135.253662109375,1675
ds004302_sub-77,lh_precentral,2.691195249557495,-0.03639286756515503,11286.14453125,0.32287853956222534,3854.51416015625,6625
ds004302_sub-77,lh_precuneus,2.330228328704834,-0.01299276016652584,9749.84375,1.5080022811889648,3920.50048828125,5810
ds004302_sub-77,lh_rostralanteriorcingulate,2.4759764671325684,-0.014301024377346039,2199.05615234375,1.0180550813674927,820.6790161132812,1170
ds004302_sub-77,lh_rostralmiddlefrontal,2.2927210330963135,-0.0193793922662735,14220.6376953125,0.05651017278432846,5734.1767578125,7980
ds004302_sub-77,lh_superiorfrontal,2.6463825702667236,-0.028759924694895744,21027.890625,-0.9167479276657104,7173.923828125,10752
ds004302_sub-77,lh_superiorparietal,2.1261754035949707,-0.03173772245645523,12199.7451171875,-0.07553860545158386,5246.3408203125,8140
ds004302_sub-77,lh_superiortemporal,2.7546370029449463,-0.02845749258995056,12177.505859375,0.1470492035150528,3991.53466796875,6251
ds004302_sub-77,lh_supramarginal,2.4627256393432617,-0.026115657761693,11140.9970703125,0.38482192158699036,4223.2802734375,6294
ds004302_sub-77,lh_frontalpole,2.6168127059936523,-0.16319230198860168,850.6633911132812,-9.538209915161133,249.77874755859375,326
ds004302_sub-77,lh_temporalpole,3.432509183883667,-0.0762704461812973,2530.163330078125,-7.737435340881348,571.035888671875,696
ds004302_sub-77,lh_transversetemporal,1.9896546602249146,-0.06766293197870255,1018.6427001953125,2.6647701263427734,482.992919921875,804
ds004302_sub-77,lh_insula,2.8221843242645264,0.025384223088622093,5902.947265625,5.547902584075928,2087.5830078125,3131
ds004302_sub-77,rh_bankssts,2.527374505996704,0.029370667412877083,2031.9910888671875,3.653287649154663,833.48291015625,1257
ds004302_sub-77,rh_caudalanteriorcingulate,2.131592035293579,0.005547523032873869,1314.5430908203125,1.6290583610534668,574.9611206054688,886
ds004302_sub-77,rh_caudalmiddlefrontal,2.5502371788024902,-0.029122333973646164,5224.25537109375,0.9028341174125671,1843.65966796875,2833
ds004302_sub-77,rh_cuneus,1.790230631828308,-0.05190957710146904,2896.484375,-2.4876954555511475,1515.45654296875,2329
ds004302_sub-77,rh_entorhinal,3.355971574783325,-0.0658685490489006,1937.1534423828125,-5.107719421386719,391.19927978515625,575
ds004302_sub-77,rh_fusiform,2.6244683265686035,-0.032566070556640625,8787.7041015625,0.6332116723060608,2877.021728515625,4237
ds004302_sub-77,rh_inferiorparietal,2.4155349731445312,-0.03047811985015869,12335.8857421875,0.22187496721744537,4461.30908203125,6526
ds004302_sub-77,rh_inferiortemporal,2.4210875034332275,-0.039127644151449203,9138.904296875,-0.7770506143569946,3182.32958984375,4696
ds004302_sub-77,rh_isthmuscingulate,2.1744277477264404,-0.013547246344387531,2167.1064453125,0.16964541375637054,937.418701171875,1407
ds004302_sub-77,rh_lateraloccipital,2.1534812450408936,-0.04040204733610153,12169.888671875,-1.6735504865646362,4961.2001953125,7621
ds004302_sub-77,rh_lateralorbitofrontal,2.0770678520202637,-0.03554041311144829,5900.9091796875,-0.05120550096035004,2631.56298828125,3952
ds004302_sub-77,rh_lingual,1.7954559326171875,-0.037305280566215515,5224.92041015625,-0.6903156042098999,2763.562255859375,4025
ds004302_sub-77,rh_medialorbitofrontal,2.2527778148651123,-0.03884861245751381,5223.791015625,-1.495537281036377,2141.42578125,2893
ds004302_sub-77,rh_middletemporal,2.7505171298980713,-0.0443829707801342,11469.07421875,-1.2278329133987427,3429.335205078125,4945
ds004302_sub-77,rh_parahippocampal,2.5200037956237793,-0.02980836108326912,2098.5634765625,-0.189476877450943,685.447021484375,1087
ds004302_sub-77,rh_paracentral,2.3047995567321777,-0.015128818340599537,3609.600341796875,0.6342859864234924,1524.92333984375,2534
ds004302_sub-77,rh_parsopercularis,2.679558038711548,-0.034762151539325714,4001.376220703125,-0.04037647694349289,1293.479736328125,1827
ds004302_sub-77,rh_parsorbitalis,2.3415210247039795,-0.08040425181388855,2421.5283203125,-4.259446144104004,820.2879028320312,1112
ds004302_sub-77,rh_parstriangularis,2.5456929206848145,-0.01982082985341549,3618.12744140625,-0.3013967275619507,1248.7880859375,1826
ds004302_sub-77,rh_pericalcarine,1.9051660299301147,0.024221481755375862,2385.548095703125,2.7172048091888428,1354.463623046875,2110
ds004302_sub-77,rh_postcentral,1.944754719734192,-0.0599341057240963,8659.81640625,-0.8644957542419434,4103.361328125,6527
ds004302_sub-77,rh_posteriorcingulate,2.125683069229126,0.0024417757522314787,2500.939697265625,1.599940299987793,1123.7919921875,1621
ds004302_sub-77,rh_precentral,2.6538679599761963,-0.03337596356868744,12707.8955078125,0.4621115028858185,4176.32568359375,7007
ds004302_sub-77,rh_precuneus,2.2793891429901123,-0.011743849143385887,9256.0830078125,1.2795089483261108,3823.8095703125,5741
ds004302_sub-77,rh_rostralanteriorcingulate,2.4657998085021973,-0.007273889612406492,1370.09619140625,1.6592812538146973,474.4745788574219,654
ds004302_sub-77,rh_rostralmiddlefrontal,2.3613617420196533,-0.021650901064276695,15961.59765625,0.07704343646764755,5729.765625,8101
ds004302_sub-77,rh_superiorfrontal,2.5276126861572266,-0.027961255982518196,19929.6796875,-0.6919763088226318,6977.7177734375,10459
ds004302_sub-77,rh_superiorparietal,2.1648504734039307,-0.0319710299372673,11478.505859375,-0.005933021195232868,4787.35009765625,7313
ds004302_sub-77,rh_superiortemporal,2.6577885150909424,-0.026862673461437225,11872.1142578125,-0.15061508119106293,3847.120849609375,5868
ds004302_sub-77,rh_supramarginal,2.454078435897827,-0.018223272636532784,9740.5224609375,1.109168291091919,3637.2685546875,5385
ds004302_sub-77,rh_frontalpole,2.513606309890747,-0.1397561877965927,986.2814331054688,-8.26883316040039,288.4815979003906,372
ds004302_sub-77,rh_temporalpole,3.694192886352539,-0.07429561764001846,2453.86083984375,-8.445706367492676,482.5697021484375,640
ds004302_sub-77,rh_transversetemporal,2.0321545600891113,-0.09341758489608765,845.468017578125,2.6533191204071045,368.1418151855469,612
ds004302_sub-77,rh_insula,2.9557533264160156,0.030817624181509018,6600.74267578125,5.20768404006958,2226.906005859375,3382
