group,edge,topk_count,n_instances,selection_frequency,mean_importance_share,mean_rank,mean_original_weight
ALL_SZ,lh_bankssts -- lh_caudalanteriorcingulate,2,150,0.013333333333333334,0.003046431693058887,195.09782608695653,0.9749009965554528
ALL_SZ,lh_bankssts -- lh_caudalmiddlefrontal,6,150,0.04,0.0037070133658744543,183.95,0.9677295215427876
ALL_SZ,lh_bankssts -- lh_entorhinal,0,150,0.0,0.0023999849510643635,40.0,0.8763403296470642
ALL_SZ,lh_bankssts -- lh_frontalpole,0,150,0.0,0.0013977947991779887,381.0,-0.9137544631958008
ALL_SZ,lh_bankssts -- lh_fusiform,0,150,0.0,0.0014557755073163186,376.0,-0.2602774103482564
ALL_SZ,lh_bankssts -- lh_inferiorparietal,1,150,0.006666666666666667,0.0029403643528762213,138.6,-0.9301555633544922
ALL_SZ,lh_bankssts -- lh_inferiortemporal,3,150,0.02,0.0031105860802036014,198.875,-0.9635117543595177
ALL_SZ,lh_bankssts -- lh_insula,4,150,0.02666666666666667,0.002755292954522324,198.5090909090909,0.9467224164442583
ALL_SZ,lh_bankssts -- lh_isthmuscingulate,3,150,0.02,0.0030491608197778944,217.6056338028169,0.9660453032439863
ALL_SZ,lh_bankssts -- lh_lateraloccipital,1,150,0.006666666666666667,0.0031054635172975964,193.11111111111111,-0.9325375358263651
ALL_SZ,lh_bankssts -- lh_lateralorbitofrontal,3,150,0.02,0.003217147043668319,194.0,0.8564034236801995
ALL_SZ,lh_bankssts -- lh_medialorbitofrontal,1,150,0.006666666666666667,0.0027933177983216918,140.8,-0.6143048286437989
ALL_SZ,lh_bankssts -- lh_middletemporal,5,150,0.03333333333333333,0.002926453911198485,227.8135593220339,-0.9556708729873269
ALL_SZ,lh_bankssts -- lh_paracentral,6,150,0.04,0.0032416574341250387,169.55714285714285,0.9622627939496722
ALL_SZ,lh_bankssts -- lh_parahippocampal,0,150,0.0,0.001623424780111361,238.4,0.8906532764434815
ALL_SZ,lh_bankssts -- lh_parsopercularis,1,150,0.006666666666666667,0.0034377420061380056,200.11111111111111,0.9673079980744256
ALL_SZ,lh_bankssts -- lh_parstriangularis,4,150,0.02666666666666667,0.003055730759081278,190.54347826086956,0.9629806474499081
ALL_SZ,lh_bankssts -- lh_pericalcarine,1,150,0.006666666666666667,0.0023025104733979274,416.6363636363636,0.8916273713111877
ALL_SZ,lh_bankssts -- lh_postcentral,1,150,0.006666666666666667,0.003238267503717801,144.0,-0.9603142738342286
ALL_SZ,lh_bankssts -- lh_posteriorcingulate,5,150,0.03333333333333333,0.003140524269634754,177.87610619469027,0.9759161725508428
ALL_SZ,lh_bankssts -- lh_precentral,0,150,0.0,0.0024993244289877726,240.0,-0.9130727865479209
ALL_SZ,lh_bankssts -- lh_rostralanteriorcingulate,0,150,0.0,0.0022170332377804323,344.4166666666667,0.9169682860374451
ALL_SZ,lh_bankssts -- lh_rostralmiddlefrontal,2,150,0.013333333333333334,0.004570995172533119,106.0,-0.9426180899143219
ALL_SZ,lh_bankssts -- lh_superiorfrontal,1,150,0.006666666666666667,0.002037726611351667,270.86206896551727,-0.9231276265506086
ALL_SZ,lh_bankssts -- lh_superiorparietal,0,150,0.0,0.0025124190983136043,220.83333333333334,-0.9140170415242513
ALL_SZ,lh_bankssts -- lh_superiortemporal,3,150,0.02,0.0027701352078098097,212.17543859649123,-0.9523986253822059
ALL_SZ,lh_bankssts -- lh_supramarginal,1,150,0.006666666666666667,0.0030017246155793187,202.19444444444446,-0.9562448114156723
ALL_SZ,lh_bankssts -- lh_transversetemporal,2,150,0.013333333333333334,0.004289964257894552,234.75,0.9178820997476578
ALL_SZ,lh_bankssts -- rh_bankssts,6,150,0.04,0.003444391755300773,171.59375,0.980175984557718
ALL_SZ,lh_bankssts -- rh_caudalanteriorcingulate,2,150,0.013333333333333334,0.0029041132870402547,186.35353535353536,0.966178890430566
ALL_SZ,lh_bankssts -- rh_caudalmiddlefrontal,4,150,0.02666666666666667,0.0032723711156998053,180.66666666666666,0.9674376225938984
ALL_SZ,lh_bankssts -- rh_cuneus,0,150,0.0,0.0035873270717585604,155.33333333333334,-0.9528186917304992
ALL_SZ,lh_bankssts -- rh_entorhinal,0,150,0.0,0.002143030267821101,237.0,0.8841296434402466
ALL_SZ,lh_bankssts -- rh_frontalpole,0,150,0.0,0.001472004677613907,270.25,-0.8634420186281204
ALL_SZ,lh_bankssts -- rh_fusiform,1,150,0.006666666666666667,0.002434082492259725,218.0,0.931843027472496
ALL_SZ,lh_bankssts -- rh_inferiorparietal,0,150,0.0,0.0027580922888452864,267.3333333333333,-0.9445814927419026
ALL_SZ,lh_bankssts -- rh_inferiortemporal,0,150,0.0,0.002731035211367724,235.48979591836735,-0.9532409845566263
ALL_SZ,lh_bankssts -- rh_insula,3,150,0.02,0.0033799132196856677,239.66666666666666,0.9486455837885539
ALL_SZ,lh_bankssts -- rh_isthmuscingulate,3,150,0.02,0.003021456437180434,211.37333333333333,0.9623602016766866
ALL_SZ,lh_bankssts -- rh_lateraloccipital,0,150,0.0,0.0030344948345454505,188.66666666666666,-0.9362492826249864
ALL_SZ,lh_bankssts -- rh_lateralorbitofrontal,1,150,0.006666666666666667,0.003354624640872694,222.125,0.9552028700709343
ALL_SZ,lh_bankssts -- rh_lingual,0,150,0.0,0.0014038568951545247,368.0,-0.8497053384780884
ALL_SZ,lh_bankssts -- rh_medialorbitofrontal,0,150,0.0,0.0014434377090911667,303.42857142857144,-0.9004873888833183
ALL_SZ,lh_bankssts -- rh_middletemporal,3,150,0.02,0.0030258910210698266,226.75,-0.9590686647331014
ALL_SZ,lh_bankssts -- rh_paracentral,4,150,0.02666666666666667,0.0032176721123471307,174.63291139240508,0.9682326030127609
ALL_SZ,lh_bankssts -- rh_parahippocampal,4,150,0.02666666666666667,0.0038332477824225045,179.8095238095238,0.9545148724601382
ALL_SZ,lh_bankssts -- rh_parsopercularis,6,150,0.04,0.004589283925035345,141.7560975609756,0.9548460884792048
ALL_SZ,lh_bankssts -- rh_parstriangularis,3,150,0.02,0.003393955115829223,185.6727272727273,0.965861130844463
ALL_SZ,lh_bankssts -- rh_pericalcarine,1,150,0.006666666666666667,0.0029045884704960506,245.375,0.9151308983564377
ALL_SZ,lh_bankssts -- rh_postcentral,0,150,0.0,0.003252102163309914,178.5,-0.9542910754680632
ALL_SZ,lh_bankssts -- rh_posteriorcingulate,7,150,0.04666666666666667,0.0033090206481600627,176.83478260869566,0.9739892757457236
ALL_SZ,lh_bankssts -- rh_precentral,0,150,0.0,0.0032986363847115102,223.85714285714286,-0.9582897850445339
ALL_SZ,lh_bankssts -- rh_rostralanteriorcingulate,2,150,0.013333333333333334,0.0030401734934992664,334.84615384615387,0.9178301692008972
ALL_SZ,lh_bankssts -- rh_rostralmiddlefrontal,2,150,0.013333333333333334,0.003289051272445795,170.28571428571428,-0.9430617392063141
ALL_SZ,lh_bankssts -- rh_superiorfrontal,1,150,0.006666666666666667,0.002387037117858813,343.2121212121212,-0.915040424375823
ALL_SZ,lh_bankssts -- rh_superiorparietal,0,150,0.0,0.00270841639117602,248.4,-0.9260310769081116
ALL_SZ,lh_bankssts -- rh_superiortemporal,1,150,0.006666666666666667,0.0025948439915691344,212.29310344827587,-0.950420308729698
ALL_SZ,lh_bankssts -- rh_supramarginal,0,150,0.0,0.0027282169767574166,253.83333333333334,-0.9485074347919888
ALL_SZ,lh_bankssts -- rh_transversetemporal,0,150,0.0,0.0016044254839732634,55.0,0.8658230900764465
ALL_SZ,lh_caudalanteriorcingulate -- lh_caudalmiddlefrontal,4,150,0.02666666666666667,0.003441973477494708,171.76315789473685,0.9605887736144819
ALL_SZ,lh_caudalanteriorcingulate -- lh_entorhinal,0,150,0.0,0.002159709416356164,40.0,-0.8349105715751648
ALL_SZ,lh_caudalanteriorcingulate -- lh_frontalpole,0,150,0.0,0.0014525357195294712,273.0,-0.8888520896434784
ALL_SZ,lh_caudalanteriorcingulate -- lh_fusiform,0,150,0.0,0.0017432381070181698,408.0,-0.8826088607311249
ALL_SZ,lh_caudalanteriorcingulate -- lh_inferiorparietal,0,150,0.0,0.002476438042414079,187.6153846153846,-0.9249645196474515
ALL_SZ,lh_caudalanteriorcingulate -- lh_inferiortemporal,1,150,0.006666666666666667,0.002826339818660124,194.17948717948718,-0.9483611155778934
ALL_SZ,lh_caudalanteriorcingulate -- lh_insula,2,150,0.013333333333333334,0.0027923634208077666,194.13636363636363,0.9433765831318769
ALL_SZ,lh_caudalanteriorcingulate -- lh_isthmuscingulate,7,150,0.04666666666666667,0.0035226416023551644,168.36263736263737,0.9702747300430968
ALL_SZ,lh_caudalanteriorcingulate -- lh_lateraloccipital,0,150,0.0,0.0019582108078354974,242.44444444444446,-0.9260542194048563
ALL_SZ,lh_caudalanteriorcingulate -- lh_lateralorbitofrontal,0,150,0.0,0.0024828570417759883,229.4375,0.9292599000036716
ALL_SZ,lh_caudalanteriorcingulate -- lh_lingual,0,150,0.0,0.0014494948517485141,263.0,-0.8578944802284241
ALL_SZ,lh_caudalanteriorcingulate -- lh_medialorbitofrontal,0,150,0.0,0.0025931470832962836,118.75,-0.9670757651329039
ALL_SZ,lh_caudalanteriorcingulate -- lh_middletemporal,4,150,0.02666666666666667,0.003103752013737451,201.21428571428572,-0.953757653917585
ALL_SZ,lh_caudalanteriorcingulate -- lh_paracentral,3,150,0.02,0.003204630288646399,214.15686274509804,0.9614477145905588
ALL_SZ,lh_caudalanteriorcingulate -- lh_parahippocampal,0,150,0.0,0.0028519803239791005,326.75,0.9335024654865265
ALL_SZ,lh_caudalanteriorcingulate -- lh_parsopercularis,1,150,0.006666666666666667,0.00429003599265246,151.41666666666666,0.9606112092733383
ALL_SZ,lh_caudalanteriorcingulate -- lh_parsorbitalis,0,150,0.0,0.0013594953707926861,371.3333333333333,-0.8468955159187317
ALL_SZ,lh_caudalanteriorcingulate -- lh_parstriangularis,5,150,0.03333333333333333,0.003320985842744676,171.4,0.965375502543016
ALL_SZ,lh_caudalanteriorcingulate -- lh_pericalcarine,0,150,0.0,0.0017058662122618907,326.36842105263156,0.9039406117640043
ALL_SZ,lh_caudalanteriorcingulate -- lh_posteriorcingulate,6,150,0.04,0.003369763802033471,165.3119266055046,0.9694492073234068
ALL_SZ,lh_caudalanteriorcingulate -- lh_precentral,0,150,0.0,0.0018465958696879115,310.6,-0.93027822971344
ALL_SZ,lh_caudalanteriorcingulate -- lh_rostralanteriorcingulate,1,150,0.006666666666666667,0.002651418327213959,225.3125,0.9455891028046608
ALL_SZ,lh_caudalanteriorcingulate -- lh_rostralmiddlefrontal,0,150,0.0,0.0020683161435925404,209.1,-0.9310600578784942
ALL_SZ,lh_caudalanteriorcingulate -- lh_superiorfrontal,1,150,0.006666666666666667,0.0024548350543563435,224.4047619047619,-0.9474929727259136
ALL_SZ,lh_caudalanteriorcingulate -- lh_superiorparietal,0,150,0.0,0.0022048456196043184,177.33333333333334,-0.9753709435462952
ALL_SZ,lh_caudalanteriorcingulate -- lh_superiortemporal,1,150,0.006666666666666667,0.002468776905668497,221.28846153846155,-0.9527745751234201
ALL_SZ,lh_caudalanteriorcingulate -- lh_supramarginal,0,150,0.0,0.002817040553410701,222.1,-0.941058486700058
ALL_SZ,lh_caudalanteriorcingulate -- lh_transversetemporal,0,150,0.0,0.0012836405961187093,620.0,0.8806376457214355
ALL_SZ,lh_caudalanteriorcingulate -- rh_bankssts,10,150,0.06666666666666667,0.0034051504368875197,167.4758064516129,0.968443134138661
ALL_SZ,lh_caudalanteriorcingulate -- rh_caudalanteriorcingulate,3,150,0.02,0.003107042807866369,181.10280373831776,0.9719909468543864
ALL_SZ,lh_caudalanteriorcingulate -- rh_caudalmiddlefrontal,3,150,0.02,0.0034087934653722093,157.12727272727273,0.9594895427877252
ALL_SZ,lh_caudalanteriorcingulate -- rh_frontalpole,0,150,0.0,0.0015148424863960788,162.5,-0.9297880828380585
ALL_SZ,lh_caudalanteriorcingulate -- rh_fusiform,1,150,0.006666666666666667,0.0024985653509713465,224.33333333333334,0.9385020732879639
ALL_SZ,lh_caudalanteriorcingulate -- rh_inferiorparietal,1,150,0.006666666666666667,0.0027610505380882694,227.83333333333334,-0.9359248479207357
ALL_SZ,lh_caudalanteriorcingulate -- rh_inferiortemporal,1,150,0.006666666666666667,0.0027604618152745285,219.06976744186048,-0.9517865070076876
ALL_SZ,lh_caudalanteriorcingulate -- rh_insula,2,150,0.013333333333333334,0.00224735116131481,266.95348837209303,0.9370134847108708
ALL_SZ,lh_caudalanteriorcingulate -- rh_isthmuscingulate,2,150,0.013333333333333334,0.003214794240772162,193.14772727272728,0.9686948182907972
ALL_SZ,lh_caudalanteriorcingulate -- rh_lateraloccipital,1,150,0.006666666666666667,0.0025516848070749076,208.84615384615384,-0.9491874392216022
ALL_SZ,lh_caudalanteriorcingulate -- rh_lateralorbitofrontal,0,150,0.0,0.002938469047504472,166.38709677419354,0.9494049760603136
ALL_SZ,lh_caudalanteriorcingulate -- rh_medialorbitofrontal,0,150,0.0,0.0025918556950449015,236.375,-0.9581923708319663
ALL_SZ,lh_caudalanteriorcingulate -- rh_middletemporal,2,150,0.013333333333333334,0.002973987224931809,215.2153846153846,-0.9561407437691322
ALL_SZ,lh_caudalanteriorcingulate -- rh_paracentral,3,150,0.02,0.003424625842970039,162.67073170731706,0.9707930320646705
ALL_SZ,lh_caudalanteriorcingulate -- rh_parahippocampal,2,150,0.013333333333333334,0.004123041023085394,158.53333333333333,0.9494877656300863
ALL_SZ,lh_caudalanteriorcingulate -- rh_parsopercularis,7,150,0.04666666666666667,0.003919268271886607,164.3421052631579,0.9481141175094404
ALL_SZ,lh_caudalanteriorcingulate -- rh_parstriangularis,4,150,0.02666666666666667,0.003124302926223131,182.17307692307693,0.9632637179814852
ALL_SZ,lh_caudalanteriorcingulate -- rh_pericalcarine,0,150,0.0,0.001456701567591997,364.3076923076923,0.8958104298664973
ALL_SZ,lh_caudalanteriorcingulate -- rh_postcentral,0,150,0.0,0.003337330685417516,232.33333333333334,-0.9184871713320414
ALL_SZ,lh_caudalanteriorcingulate -- rh_posteriorcingulate,4,150,0.02666666666666667,0.0031700453656159917,179.74193548387098,0.9633642114618773
ALL_SZ,lh_caudalanteriorcingulate -- rh_precentral,0,150,0.0,0.0019454191764685946,277.0,-0.8832945823669434
ALL_SZ,lh_caudalanteriorcingulate -- rh_rostralanteriorcingulate,0,150,0.0,0.002860825275640093,285.6666666666667,0.9402803222338358
ALL_SZ,lh_caudalanteriorcingulate -- rh_rostralmiddlefrontal,0,150,0.0,0.0019287220276278574,252.41666666666666,-0.9140833665927252
ALL_SZ,lh_caudalanteriorcingulate -- rh_superiorfrontal,1,150,0.006666666666666667,0.00256019347637265,205.6,-0.9519752770662308
ALL_SZ,lh_caudalanteriorcingulate -- rh_superiorparietal,1,150,0.006666666666666667,0.0036980664718200278,269.75,-0.9131692200899123
ALL_SZ,lh_caudalanteriorcingulate -- rh_superiortemporal,1,150,0.006666666666666667,0.0020910516439013216,227.6969696969697,-0.9249910351001855
ALL_SZ,lh_caudalanteriorcingulate -- rh_supramarginal,1,150,0.006666666666666667,0.002822019373988477,180.25,-0.8469073735177517
ALL_SZ,lh_caudalanteriorcingulate -- rh_temporalpole,0,150,0.0,0.0011512424489558929,603.0,-0.8153286576271057
ALL_SZ,lh_caudalanteriorcingulate -- rh_transversetemporal,0,150,0.0,0.0013903272695937427,495.0,0.8855764865875244
ALL_SZ,lh_caudalmiddlefrontal -- lh_entorhinal,0,150,0.0,0.003913437995692469,257.0,-0.9796870350837708
ALL_SZ,lh_caudalmiddlefrontal -- lh_frontalpole,1,150,0.006666666666666667,0.0022288756703441005,219.6,-0.9392066955566406
ALL_SZ,lh_caudalmiddlefrontal -- lh_fusiform,0,150,0.0,0.0027062698406017274,241.83333333333334,0.6508503953615824
ALL_SZ,lh_caudalmiddlefrontal -- lh_inferiorparietal,0,150,0.0,0.0018555878492359085,257.4166666666667,-0.633838564157486
ALL_SZ,lh_caudalmiddlefrontal -- lh_inferiortemporal,1,150,0.006666666666666667,0.002982552061353466,229.47727272727272,-0.9470308355309747
ALL_SZ,lh_caudalmiddlefrontal -- lh_insula,2,150,0.013333333333333334,0.0033537188123539245,208.3090909090909,0.9586332765492526
ALL_SZ,lh_caudalmiddlefrontal -- lh_isthmuscingulate,6,150,0.04,0.0034355984361463827,184.63793103448276,0.9553418097824886
ALL_SZ,lh_caudalmiddlefrontal -- lh_lateraloccipital,0,150,0.0,0.0024082302050054184,222.91304347826087,-0.9645028373469478
ALL_SZ,lh_caudalmiddlefrontal -- lh_lateralorbitofrontal,0,150,0.0,0.00291533362425474,267.3,0.5911650121212005
ALL_SZ,lh_caudalmiddlefrontal -- lh_lingual,0,150,0.0,0.0013740702510848344,434.0,-0.8948161602020264
ALL_SZ,lh_caudalmiddlefrontal -- lh_medialorbitofrontal,0,150,0.0,0.0016338570233074457,251.5,-0.4455064833164215
ALL_SZ,lh_caudalmiddlefrontal -- lh_middletemporal,4,150,0.02666666666666667,0.0031585063661030205,202.8695652173913,-0.9444298199985338
ALL_SZ,lh_caudalmiddlefrontal -- lh_paracentral,0,150,0.0,0.002261381903144517,281.3103448275862,0.9431180666232931
ALL_SZ,lh_caudalmiddlefrontal -- lh_parahippocampal,1,150,0.006666666666666667,0.0023525645398668046,171.0,0.9404090387480599
ALL_SZ,lh_caudalmiddlefrontal -- lh_parsopercularis,0,150,0.0,0.0034970538965475202,165.89473684210526,0.9586612456723264
ALL_SZ,lh_caudalmiddlefrontal -- lh_parsorbitalis,0,150,0.0,0.001892206560076158,291.2857142857143,-0.9510373898914882
ALL_SZ,lh_caudalmiddlefrontal -- lh_parstriangularis,7,150,0.04666666666666667,0.0036773144422241506,157.57407407407408,0.9653583345589815
ALL_SZ,lh_caudalmiddlefrontal -- lh_pericalcarine,1,150,0.006666666666666667,0.0026333615259757407,223.56521739130434,0.9481136565623076
ALL_SZ,lh_caudalmiddlefrontal -- lh_postcentral,0,150,0.0,0.001973904136231567,345.5,-0.9323999404907226
ALL_SZ,lh_caudalmiddlefrontal -- lh_posteriorcingulate,3,150,0.02,0.0030720297849902165,189.82142857142858,0.9663183128549939
ALL_SZ,lh_caudalmiddlefrontal -- lh_precentral,0,150,0.0,0.0024252431958673233,248.48,-0.9626899671554565
ALL_SZ,lh_caudalmiddlefrontal -- lh_precuneus,0,150,0.0,0.0018655863705579752,462.4,0.5800768613815308
ALL_SZ,lh_caudalmiddlefrontal -- lh_rostralanteriorcingulate,0,150,0.0,0.0027087032030917143,219.31578947368422,0.9517773076107627
ALL_SZ,lh_caudalmiddlefrontal -- lh_rostralmiddlefrontal,1,150,0.006666666666666667,0.002763305379354096,200.0,-0.9404272976375762
ALL_SZ,lh_caudalmiddlefrontal -- lh_superiorfrontal,1,150,0.006666666666666667,0.0029935379996594196,177.94594594594594,-0.9676717954712946
ALL_SZ,lh_caudalmiddlefrontal -- lh_superiorparietal,1,150,0.006666666666666667,0.0021198341435469024,270.1333333333333,-0.9383253256479899
ALL_SZ,lh_caudalmiddlefrontal -- lh_superiortemporal,0,150,0.0,0.002246530563258092,240.85714285714286,-0.932777247258595
ALL_SZ,lh_caudalmiddlefrontal -- lh_supramarginal,1,150,0.006666666666666667,0.0029121867029984943,214.90243902439025,-0.9645859773566083
ALL_SZ,lh_caudalmiddlefrontal -- lh_temporalpole,0,150,0.0,0.002319088719951216,72.66666666666667,-0.909860630830129
ALL_SZ,lh_caudalmiddlefrontal -- lh_transversetemporal,3,150,0.02,0.008554844904200038,97.28571428571429,0.9688043764659336
ALL_SZ,lh_caudalmiddlefrontal -- rh_bankssts,3,150,0.02,0.00348773263784893,187.0,0.9666133703810446
ALL_SZ,lh_caudalmiddlefrontal -- rh_caudalanteriorcingulate,1,150,0.006666666666666667,0.0032126713516074487,179.16438356164383,0.9613971840845396
ALL_SZ,lh_caudalmiddlefrontal -- rh_caudalmiddlefrontal,6,150,0.04,0.003757836440738853,193.69736842105263,0.9721597315449464
ALL_SZ,lh_caudalmiddlefrontal -- rh_cuneus,0,150,0.0,0.0023090591094920387,226.57142857142858,-0.9259595274925233
ALL_SZ,lh_caudalmiddlefrontal -- rh_frontalpole,0,150,0.0,0.0019154159925650637,220.78571428571428,-0.9298103324004582
ALL_SZ,lh_caudalmiddlefrontal -- rh_fusiform,1,150,0.006666666666666667,0.002289294589749751,172.4,0.5591454982757569
ALL_SZ,lh_caudalmiddlefrontal -- rh_inferiorparietal,2,150,0.013333333333333334,0.0026744949310350532,211.33333333333334,-0.957106766877351
ALL_SZ,lh_caudalmiddlefrontal -- rh_inferiortemporal,5,150,0.03333333333333333,0.0033675309649657875,166.82222222222222,-0.9481553898917304
ALL_SZ,lh_caudalmiddlefrontal -- rh_insula,1,150,0.006666666666666667,0.0026720194339036694,214.09302325581396,0.9588801666747692
ALL_SZ,lh_caudalmiddlefrontal -- rh_isthmuscingulate,2,150,0.013333333333333334,0.0027699917561264673,200.30769230769232,0.9629840174546609
ALL_SZ,lh_caudalmiddlefrontal -- rh_lateraloccipital,0,150,0.0,0.0023855096413868686,238.2608695652174,-0.9627913314363231
ALL_SZ,lh_caudalmiddlefrontal -- rh_lateralorbitofrontal,3,150,0.02,0.004063317110377623,152.52941176470588,0.9530717555214377
ALL_SZ,lh_caudalmiddlefrontal -- rh_lingual,0,150,0.0,0.00243413160947214,241.66666666666666,-0.9649352431297302
ALL_SZ,lh_caudalmiddlefrontal -- rh_medialorbitofrontal,0,150,0.0,0.0018092143166486161,313.1111111111111,-0.933333502875434
ALL_SZ,lh_caudalmiddlefrontal -- rh_middletemporal,4,150,0.02666666666666667,0.003232586024927254,213.40625,-0.9523042179644108
ALL_SZ,lh_caudalmiddlefrontal -- rh_paracentral,1,150,0.006666666666666667,0.0033748733324243108,167.24444444444444,0.9612451023525662
ALL_SZ,lh_caudalmiddlefrontal -- rh_parahippocampal,0,150,0.0,0.002749818416149102,264.9375,0.9499458856880665
ALL_SZ,lh_caudalmiddlefrontal -- rh_parsopercularis,1,150,0.006666666666666667,0.0034375744080628722,191.92307692307693,0.9454717659033262
ALL_SZ,lh_caudalmiddlefrontal -- rh_parsorbitalis,0,150,0.0,0.00138896253285014,330.5,-0.9136987328529358
ALL_SZ,lh_caudalmiddlefrontal -- rh_parstriangularis,2,150,0.013333333333333334,0.0032041012287645997,184.57894736842104,0.9595282564037725
ALL_SZ,lh_caudalmiddlefrontal -- rh_pericalcarine,1,150,0.006666666666666667,0.002112853560185198,201.35294117647058,0.9329491362852209
ALL_SZ,lh_caudalmiddlefrontal -- rh_postcentral,0,150,0.0,0.002278507807386902,206.3,-0.9351363778114319
ALL_SZ,lh_caudalmiddlefrontal -- rh_posteriorcingulate,6,150,0.04,0.003307472829567622,174.49411764705883,0.9713407846058116
ALL_SZ,lh_caudalmiddlefrontal -- rh_precentral,1,150,0.006666666666666667,0.0025905938393502386,285.06666666666666,-0.9429044922192892
ALL_SZ,lh_caudalmiddlefrontal -- rh_precuneus,0,150,0.0,0.001737436144561252,212.0,-0.9057140151659647
ALL_SZ,lh_caudalmiddlefrontal -- rh_rostralanteriorcingulate,1,150,0.006666666666666667,0.0021952032181880815,253.35,0.9399513512849808
ALL_SZ,lh_caudalmiddlefrontal -- rh_rostralmiddlefrontal,0,150,0.0,0.002466023353495909,266.11764705882354,-0.9579541928627912
ALL_SZ,lh_caudalmiddlefrontal -- rh_superiorfrontal,3,150,0.02,0.0033270192142786053,192.22222222222223,-0.9668858432107501
ALL_SZ,lh_caudalmiddlefrontal -- rh_superiorparietal,0,150,0.0,0.002452841429362876,252.52631578947367,-0.9547913450943796
ALL_SZ,lh_caudalmiddlefrontal -- rh_superiortemporal,2,150,0.013333333333333334,0.0030867893240803736,201.02631578947367,-0.946292657601206
ALL_SZ,lh_caudalmiddlefrontal -- rh_supramarginal,0,150,0.0,0.0027488018170679827,242.84615384615384,-0.4917785571171687
ALL_SZ,lh_caudalmiddlefrontal -- rh_temporalpole,1,150,0.006666666666666667,0.002016498928479103,207.2,-0.9290202021598816
ALL_SZ,lh_caudalmiddlefrontal -- rh_transversetemporal,0,150,0.0,0.0015104299466875617,219.0,0.8723415732383728
ALL_SZ,lh_cuneus -- lh_entorhinal,1,150,0.006666666666666667,0.002395715056611395,234.47826086956522,-0.9271364134290944
ALL_SZ,lh_cuneus -- lh_frontalpole,3,150,0.02,0.0035549579381805893,142.88888888888889,-0.9191913505395254
ALL_SZ,lh_cuneus -- lh_fusiform,0,150,0.0,0.0014862504678859005,346.0,-0.8831831614176432
ALL_SZ,lh_cuneus -- lh_inferiorparietal,2,150,0.013333333333333334,0.004480317913351672,164.21428571428572,0.9676235318183899
ALL_SZ,lh_cuneus -- lh_inferiortemporal,2,150,0.013333333333333334,0.0031417460612884287,109.5,0.899420827627182
ALL_SZ,lh_cuneus -- lh_isthmuscingulate,0,150,0.0,0.0022422917895315005,244.25,0.8970436751842499
ALL_SZ,lh_cuneus -- lh_lateraloccipital,0,150,0.0,0.001751228139781303,229.0,0.9037835001945496
ALL_SZ,lh_cuneus -- lh_lateralorbitofrontal,3,150,0.02,0.003645355855428807,161.8125,0.1236741952598095
ALL_SZ,lh_cuneus -- lh_lingual,9,150,0.06,0.0041959262679303975,151.54054054054055,0.9638832332314672
ALL_SZ,lh_cuneus -- lh_medialorbitofrontal,4,150,0.02666666666666667,0.005309453438511496,135.45454545454547,0.12262716618451205
ALL_SZ,lh_cuneus -- lh_middletemporal,0,150,0.0,0.003860728112425546,26.0,-0.8439860939979553
ALL_SZ,lh_cuneus -- lh_paracentral,0,150,0.0,0.0015199078202251044,349.0,0.8951793611049652
ALL_SZ,lh_cuneus -- lh_parahippocampal,0,150,0.0,0.002579099570064444,168.7,-0.9454758644104004
ALL_SZ,lh_cuneus -- lh_parsopercularis,1,150,0.006666666666666667,0.0034382628857995653,231.66666666666666,-0.9596130947271982
ALL_SZ,lh_cuneus -- lh_parsorbitalis,2,150,0.013333333333333334,0.0019520605583382864,203.66666666666666,-0.9130054861307144
ALL_SZ,lh_cuneus -- lh_parstriangularis,0,150,0.0,0.0015005859494608932,254.0,0.8574957847595215
ALL_SZ,lh_cuneus -- lh_pericalcarine,5,150,0.03333333333333333,0.004402460276386417,149.8,0.9230513453483582
ALL_SZ,lh_cuneus -- lh_postcentral,0,150,0.0,0.0025701722999342917,273.57142857142856,0.9455903470516205
ALL_SZ,lh_cuneus -- lh_precentral,0,150,0.0,0.0023383723473968327,236.28571428571428,0.9168237021991185
ALL_SZ,lh_cuneus -- lh_precuneus,4,150,0.02666666666666667,0.0038780877022301387,167.80392156862746,0.9553528217708364
ALL_SZ,lh_cuneus -- lh_rostralanteriorcingulate,1,150,0.006666666666666667,0.0035945819179811584,211.6,-0.931266725063324
ALL_SZ,lh_cuneus -- lh_rostralmiddlefrontal,0,150,0.0,0.0015171856343497538,177.0,0.9211291670799256
ALL_SZ,lh_cuneus -- lh_superiorparietal,0,150,0.0,0.0026059128874521705,216.2,0.9071328163146972
ALL_SZ,lh_cuneus -- lh_supramarginal,2,150,0.013333333333333334,0.0053481681132352505,174.16666666666666,0.9337673981984457
ALL_SZ,lh_cuneus -- lh_temporalpole,4,150,0.02666666666666667,0.0028772549829087835,251.0909090909091,-0.9175678545778448
ALL_SZ,lh_cuneus -- rh_caudalmiddlefrontal,0,150,0.0,0.00126575584705359,414.0,-0.9354116916656494
ALL_SZ,lh_cuneus -- rh_cuneus,15,150,0.1,0.0042566079026110995,147.3734939759036,0.9655438094254
ALL_SZ,lh_cuneus -- rh_entorhinal,5,150,0.03333333333333333,0.0036513844921310114,186.47727272727272,-0.9627887051213871
ALL_SZ,lh_cuneus -- rh_frontalpole,7,150,0.04666666666666667,0.004439780231801785,154.86363636363637,-0.9293194629929282
ALL_SZ,lh_cuneus -- rh_fusiform,0,150,0.0,0.0013978211809180254,393.2,-0.880891478061676
ALL_SZ,lh_cuneus -- rh_inferiorparietal,0,150,0.0,0.0013519907639524859,362.0,0.8882405161857605
ALL_SZ,lh_cuneus -- rh_inferiortemporal,0,150,0.0,0.0013884247998342163,510.0,-0.8932726979255676
ALL_SZ,lh_cuneus -- rh_isthmuscingulate,2,150,0.013333333333333334,0.004246899091200437,181.66666666666666,0.8820796211560568
ALL_SZ,lh_cuneus -- rh_lateraloccipital,0,150,0.0,0.001601096582417965,359.6666666666667,0.8679366509119669
ALL_SZ,lh_cuneus -- rh_lateralorbitofrontal,2,150,0.013333333333333334,0.0032336223840287405,147.9090909090909,0.24927441640333695
ALL_SZ,lh_cuneus -- rh_lingual,9,150,0.06,0.004618107102497178,155.12698412698413,0.9559252006667001
ALL_SZ,lh_cuneus -- rh_medialorbitofrontal,5,150,0.03333333333333333,0.004191213263219177,116.28571428571429,0.5452667134148734
ALL_SZ,lh_cuneus -- rh_paracentral,0,150,0.0,0.001369698269376298,537.0,0.8508122563362122
ALL_SZ,lh_cuneus -- rh_parahippocampal,0,150,0.0,0.0029478024322615506,221.0,-0.9602417349815369
ALL_SZ,lh_cuneus -- rh_parsopercularis,0,150,0.0,0.0018797290040007393,294.0,-0.9193142255147299
ALL_SZ,lh_cuneus -- rh_parsorbitalis,2,150,0.013333333333333334,0.002290283693822253,254.54166666666666,-0.9163781031966209
ALL_SZ,lh_cuneus -- rh_parstriangularis,0,150,0.0,0.0025743496367095203,200.0,-0.7554580494761466
ALL_SZ,lh_cuneus -- rh_pericalcarine,4,150,0.02666666666666667,0.004544919609901609,216.22727272727272,0.9234378039836884
ALL_SZ,lh_cuneus -- rh_postcentral,2,150,0.013333333333333334,0.004433456422523447,226.6153846153846,0.9439492775843694
ALL_SZ,lh_cuneus -- rh_precentral,3,150,0.02,0.006921753305878704,103.16666666666667,0.9648696184158325
ALL_SZ,lh_cuneus -- rh_precuneus,4,150,0.02666666666666667,0.0032585053213691527,168.74468085106383,0.9642943841345767
ALL_SZ,lh_cuneus -- rh_rostralanteriorcingulate,0,150,0.0,0.0018583804464821808,332.5,-0.9116642773151398
ALL_SZ,lh_cuneus -- rh_rostralmiddlefrontal,0,150,0.0,0.0017955715985821033,79.5,0.8914921879768372
ALL_SZ,lh_cuneus -- rh_superiorparietal,0,150,0.0,0.002547347772872707,194.16666666666666,0.9242438475290934
ALL_SZ,lh_cuneus -- rh_superiortemporal,0,150,0.0,0.0037252040396768865,28.0,-0.8185867667198181
ALL_SZ,lh_cuneus -- rh_supramarginal,0,150,0.0,0.002660128837143238,229.8,0.9442125260829926
ALL_SZ,lh_cuneus -- rh_temporalpole,1,150,0.006666666666666667,0.0022082820249229272,271.7741935483871,-0.9186684431568268
ALL_SZ,lh_entorhinal -- lh_frontalpole,0,150,0.0,0.002459213398980962,233.0909090909091,0.9292860735546459
ALL_SZ,lh_entorhinal -- lh_fusiform,2,150,0.013333333333333334,0.0026351569673582877,119.4,-0.946011769771576
ALL_SZ,lh_entorhinal -- lh_inferiorparietal,2,150,0.013333333333333334,0.0038852997833182692,235.61111111111111,-0.934630509879854
ALL_SZ,lh_entorhinal -- lh_lateralorbitofrontal,2,150,0.013333333333333334,0.00410676243173041,201.0,0.7600365161895752
ALL_SZ,lh_entorhinal -- lh_lingual,0,150,0.0,0.0028622717077986747,179.42253521126761,-0.9514885032680672
ALL_SZ,lh_entorhinal -- lh_medialorbitofrontal,1,150,0.006666666666666667,0.003618517150641676,195.125,0.9802001900970936
ALL_SZ,lh_entorhinal -- lh_paracentral,0,150,0.0,0.002669235202337649,195.0,0.9710678458213806
ALL_SZ,lh_entorhinal -- lh_parahippocampal,0,150,0.0,0.0022744762193907544,124.125,0.9183060750365258
ALL_SZ,lh_entorhinal -- lh_parsopercularis,0,150,0.0,0.0026341317977440445,231.4,0.9279058694839477
ALL_SZ,lh_entorhinal -- lh_parsorbitalis,1,150,0.006666666666666667,0.0029040609866445933,173.91304347826087,0.9669350307920704
ALL_SZ,lh_entorhinal -- lh_parstriangularis,1,150,0.006666666666666667,0.0024778402311796833,268.6666666666667,0.9127359390258789
ALL_SZ,lh_entorhinal -- lh_pericalcarine,1,150,0.006666666666666667,0.007376017508319059,223.0,-0.9494073390960692
ALL_SZ,lh_entorhinal -- lh_postcentral,1,150,0.006666666666666667,0.0022865296367409007,243.6,-0.8822808146476746
ALL_SZ,lh_entorhinal -- lh_precuneus,10,150,0.06666666666666667,0.0034848350635459284,195.82089552238807,-0.9525591081647731
ALL_SZ,lh_entorhinal -- lh_superiorparietal,0,150,0.0,0.0015380852748960862,207.5,-0.8293749988079071
ALL_SZ,lh_entorhinal -- lh_supramarginal,0,150,0.0,0.0013351981390622132,494.5,-0.8407838344573975
ALL_SZ,lh_entorhinal -- lh_temporalpole,7,150,0.04666666666666667,0.003928223227631116,152.1014492753623,0.9656981713529946
ALL_SZ,lh_entorhinal -- rh_cuneus,3,150,0.02,0.0035208528875018213,225.5625,-0.910459391772747
ALL_SZ,lh_entorhinal -- rh_entorhinal,12,150,0.08,0.003966144283014519,130.30275229357798,0.9829275400266735
ALL_SZ,lh_entorhinal -- rh_frontalpole,0,150,0.0,0.003393204325686248,166.0,0.9314762481621334
ALL_SZ,lh_entorhinal -- rh_fusiform,1,150,0.006666666666666667,0.002495235044256373,262.6666666666667,-0.9149133364359537
ALL_SZ,lh_entorhinal -- rh_inferiortemporal,0,150,0.0,0.0014258618351471607,414.0,0.8366685211658478
ALL_SZ,lh_entorhinal -- rh_lateralorbitofrontal,0,150,0.0,0.0030111982900332076,192.0,-0.5453110999531217
ALL_SZ,lh_entorhinal -- rh_lingual,4,150,0.02666666666666667,0.0027385270156885157,234.48,-0.948428053855896
ALL_SZ,lh_entorhinal -- rh_medialorbitofrontal,3,150,0.02,0.003531636059807546,242.58333333333334,0.0036225368579229
ALL_SZ,lh_entorhinal -- rh_middletemporal,0,150,0.0,0.0012629972043038248,422.0,0.9137837886810304
ALL_SZ,lh_entorhinal -- rh_parahippocampal,0,150,0.0,0.001869594881996095,218.5,0.8959115743637085
ALL_SZ,lh_entorhinal -- rh_parsopercularis,0,150,0.0,0.0033654850187608675,113.0,0.9831626415252686
ALL_SZ,lh_entorhinal -- rh_parsorbitalis,2,150,0.013333333333333334,0.0030063430551044066,194.10526315789474,0.9484540051535556
ALL_SZ,lh_entorhinal -- rh_parstriangularis,0,150,0.0,0.002684834771541702,127.85714285714286,0.9409213066101074
ALL_SZ,lh_entorhinal -- rh_pericalcarine,1,150,0.006666666666666667,0.005884153833198867,248.25,-0.9350733309984206
ALL_SZ,lh_entorhinal -- rh_postcentral,1,150,0.006666666666666667,0.0019529887655063388,287.625,-0.88176479190588
ALL_SZ,lh_entorhinal -- rh_posteriorcingulate,0,150,0.0,0.0010084198508490685,676.0,-0.9446687698364258
ALL_SZ,lh_entorhinal -- rh_precentral,0,150,0.0,0.0033101052635933453,100.0,-0.953540027141571
ALL_SZ,lh_entorhinal -- rh_precuneus,3,150,0.02,0.0029874090218756076,196.47619047619048,-0.9605551655330355
ALL_SZ,lh_entorhinal -- rh_rostralmiddlefrontal,0,150,0.0,0.0012558651319016423,635.0,-0.8215076923370361
ALL_SZ,lh_entorhinal -- rh_superiorparietal,0,150,0.0,0.00135251082611046,484.0,-0.851897269487381
ALL_SZ,lh_entorhinal -- rh_supramarginal,3,150,0.02,0.005174385719325921,90.36842105263158,-0.9661837690754941
ALL_SZ,lh_entorhinal -- rh_temporalpole,4,150,0.02666666666666667,0.003796926827449288,147.1219512195122,0.9697056412696838
ALL_SZ,lh_frontalpole -- lh_fusiform,0,150,0.0,0.0019226503633287542,375.5,0.27132050196329754
ALL_SZ,lh_frontalpole -- lh_inferiortemporal,1,150,0.006666666666666667,0.0014290988381846208,348.0,0.8561165034770966
ALL_SZ,lh_frontalpole -- lh_isthmuscingulate,1,150,0.006666666666666667,0.0028085321943511882,210.64864864864865,-0.9465168601757771
ALL_SZ,lh_frontalpole -- lh_lateralorbitofrontal,4,150,0.02666666666666667,0.003724278644522783,166.79166666666666,-0.4179295947154363
ALL_SZ,lh_frontalpole -- lh_lingual,1,150,0.006666666666666667,0.0032173637300445114,165.41666666666666,-0.9470121661822001
ALL_SZ,lh_frontalpole -- lh_medialorbitofrontal,0,150,0.0,0.002019676332157508,326.1666666666667,0.9095914761225382
ALL_SZ,lh_frontalpole -- lh_middletemporal,0,150,0.0,0.0022683404067360144,204.03846153846155,0.9295978890015528
ALL_SZ,lh_frontalpole -- lh_paracentral,0,150,0.0,0.0013875488457777618,422.6,-0.8679230451583863
ALL_SZ,lh_frontalpole -- lh_parsorbitalis,4,150,0.02666666666666667,0.003036423868833947,180.45205479452054,0.963629128998273
ALL_SZ,lh_frontalpole -- lh_parstriangularis,0,150,0.0,0.0015306048810022862,194.4,-0.904234790802002
ALL_SZ,lh_frontalpole -- lh_pericalcarine,6,150,0.04,0.003429433091477257,166.67676767676767,-0.9785122474034628
ALL_SZ,lh_frontalpole -- lh_posteriorcingulate,0,150,0.0,0.0013427389549765275,482.0,-0.8868055211173164
ALL_SZ,lh_frontalpole -- lh_precuneus,5,150,0.03333333333333333,0.0026253600968097293,194.0,-0.933869785384128
ALL_SZ,lh_frontalpole -- lh_superiortemporal,1,150,0.006666666666666667,0.0018889884920708076,289.25,0.9230765625834465
ALL_SZ,lh_frontalpole -- lh_temporalpole,4,150,0.02666666666666667,0.003403179919021661,165.74137931034483,0.9426577399516928
ALL_SZ,lh_frontalpole -- rh_caudalanteriorcingulate,2,150,0.013333333333333334,0.0026199590828842206,270.85714285714283,-0.9112767406872341
ALL_SZ,lh_frontalpole -- rh_caudalmiddlefrontal,1,150,0.006666666666666667,0.002259314380310386,188.8181818181818,-0.752859500321475
ALL_SZ,lh_frontalpole -- rh_cuneus,0,150,0.0,0.0014200591115974383,333.25,-0.862324982881546
ALL_SZ,lh_frontalpole -- rh_entorhinal,1,150,0.006666666666666667,0.002395004817818427,201.0,0.9221085190773011
ALL_SZ,lh_frontalpole -- rh_frontalpole,6,150,0.04,0.0035097053027256125,144.41666666666666,0.985924797753493
ALL_SZ,lh_frontalpole -- rh_fusiform,4,150,0.02666666666666667,0.0020692947450963355,206.8,-0.027086257934570302
ALL_SZ,lh_frontalpole -- rh_inferiortemporal,0,150,0.0,0.0019344110038355478,272.7391304347826,0.9136068328567173
ALL_SZ,lh_frontalpole -- rh_isthmuscingulate,1,150,0.006666666666666667,0.002584160212561783,237.60714285714286,-0.943636845265116
ALL_SZ,lh_frontalpole -- rh_lateralorbitofrontal,1,150,0.006666666666666667,0.00300679207254253,304.45454545454544,-0.9449515396898444
ALL_SZ,lh_frontalpole -- rh_lingual,0,150,0.0,0.0014927492090413867,337.6666666666667,-0.8565758268038431
ALL_SZ,lh_frontalpole -- rh_medialorbitofrontal,2,150,0.013333333333333334,0.002968389304515934,201.33333333333334,0.756488154331843
ALL_SZ,lh_frontalpole -- rh_middletemporal,0,150,0.0,0.0020516101794708693,277.7692307692308,0.919900520489766
ALL_SZ,lh_frontalpole -- rh_paracentral,1,150,0.006666666666666667,0.0021756175236583635,283.75,-0.9059362858533859
ALL_SZ,lh_frontalpole -- rh_parahippocampal,0,150,0.0,0.0012367419887638759,649.0,-0.8389140963554382
ALL_SZ,lh_frontalpole -- rh_parsorbitalis,4,150,0.02666666666666667,0.003091808037212284,191.8625,0.9598521396517754
ALL_SZ,lh_frontalpole -- rh_parstriangularis,0,150,0.0,0.0032429326923341883,249.14285714285714,-0.9277025716645377
ALL_SZ,lh_frontalpole -- rh_pericalcarine,14,150,0.09333333333333334,0.0038235468710387972,137.4857142857143,-0.9772752551805406
ALL_SZ,lh_frontalpole -- rh_posteriorcingulate,0,150,0.0,0.002027354964581019,250.33333333333334,-0.9064520637194315
ALL_SZ,lh_frontalpole -- rh_precuneus,0,150,0.0,0.0015772255889405114,246.66666666666666,-0.8894062340259552
ALL_SZ,lh_frontalpole -- rh_superiortemporal,1,150,0.006666666666666667,0.0021801632905150145,261.5,0.9285430881110105
ALL_SZ,lh_frontalpole -- rh_supramarginal,0,150,0.0,0.0025921914575572887,193.0,-0.6847249439784459
ALL_SZ,lh_frontalpole -- rh_temporalpole,3,150,0.02,0.00295124416912314,206.6,0.9300308380808149
ALL_SZ,lh_fusiform -- lh_inferiorparietal,0,150,0.0,0.0014907617155889119,316.0,0.9133275747299194
ALL_SZ,lh_fusiform -- lh_inferiortemporal,0,150,0.0,0.003151958322038874,175.25,-0.5266921818256378
ALL_SZ,lh_fusiform -- lh_insula,0,150,0.0,0.003468011994193856,197.14285714285714,0.951989574091775
ALL_SZ,lh_fusiform -- lh_isthmuscingulate,0,150,0.0,0.0015512933167049633,340.7142857142857,-0.6473181332860675
ALL_SZ,lh_fusiform -- lh_lateraloccipital,1,150,0.006666666666666667,0.005709444413817648,131.5,-0.9335053116083146
ALL_SZ,lh_fusiform -- lh_lateralorbitofrontal,2,150,0.013333333333333334,0.003385365573840198,198.8,-0.8976011514663697
ALL_SZ,lh_fusiform -- lh_lingual,0,150,0.0,0.0016138363282184843,189.0,0.914300501346588
ALL_SZ,lh_fusiform -- lh_medialorbitofrontal,8,150,0.05333333333333334,0.005766215195033201,75.95,-0.3614391177892685
ALL_SZ,lh_fusiform -- lh_middletemporal,2,150,0.013333333333333334,0.00365918820832441,182.66666666666666,0.2962299916479323
ALL_SZ,lh_fusiform -- lh_paracentral,2,150,0.013333333333333334,0.003927322058598617,203.15384615384616,-0.9308535089859595
ALL_SZ,lh_fusiform -- lh_parahippocampal,0,150,0.0,0.0015510710355968267,143.0,0.8649082183837891
ALL_SZ,lh_fusiform -- lh_parsorbitalis,0,150,0.0,0.001637198380575871,39.0,-0.8952784538269043
ALL_SZ,lh_fusiform -- lh_parstriangularis,0,150,0.0,0.0012918932491176335,370.5,-0.00993037223815918
ALL_SZ,lh_fusiform -- lh_pericalcarine,1,150,0.006666666666666667,0.002308374503400934,215.5,-0.5482627630233765
ALL_SZ,lh_fusiform -- lh_postcentral,0,150,0.0,0.0011793507795107936,581.0,0.8780581951141357
ALL_SZ,lh_fusiform -- lh_posteriorcingulate,0,150,0.0,0.001401959049735078,167.0,0.8814557194709778
ALL_SZ,lh_fusiform -- lh_precentral,0,150,0.0,0.0013490451840228522,582.0,-0.8432390689849854
ALL_SZ,lh_fusiform -- lh_precuneus,0,150,0.0,0.0016817079419174032,35.0,-0.8499280214309692
ALL_SZ,lh_fusiform -- lh_rostralanteriorcingulate,0,150,0.0,0.004403050826999836,106.83333333333333,0.9732319116592406
ALL_SZ,lh_fusiform -- lh_rostralmiddlefrontal,0,150,0.0,0.006529640948571193,101.66666666666667,-0.9577396512031556
ALL_SZ,lh_fusiform -- lh_superiorfrontal,0,150,0.0,0.003405795294702882,179.25,-0.5034075677394867
ALL_SZ,lh_fusiform -- lh_superiorparietal,0,150,0.0,0.001385464001076009,337.5,0.8502951264381409
ALL_SZ,lh_fusiform -- lh_superiortemporal,0,150,0.0,0.0014421923527083963,381.0,-0.007871568202972412
ALL_SZ,lh_fusiform -- lh_supramarginal,0,150,0.0,0.0027541372163447974,213.4,0.9156253457069397
ALL_SZ,lh_fusiform -- lh_temporalpole,0,150,0.0,0.0015862098501780268,55.5,-0.9093599915504456
ALL_SZ,lh_fusiform -- lh_transversetemporal,0,150,0.0,0.001261927598665371,504.5,0.8905482888221741
ALL_SZ,lh_fusiform -- rh_bankssts,1,150,0.006666666666666667,0.006527188799476798,69.33333333333333,0.9628309011459352
ALL_SZ,lh_fusiform -- rh_caudalanteriorcingulate,0,150,0.0,0.0018503497140019724,282.6666666666667,-0.2765700618426005
ALL_SZ,lh_fusiform -- rh_caudalmiddlefrontal,0,150,0.0,0.0027838887251558555,136.25,0.953570321202278
ALL_SZ,lh_fusiform -- rh_cuneus,0,150,0.0,0.0014910740093853016,261.0,-0.8228769302368164
ALL_SZ,lh_fusiform -- rh_entorhinal,1,150,0.006666666666666667,0.003419777872007737,286.3333333333333,-0.953190267086029
ALL_SZ,lh_fusiform -- rh_frontalpole,2,150,0.013333333333333334,0.002630311097358342,267.6666666666667,0.31014202038447064
ALL_SZ,lh_fusiform -- rh_fusiform,10,150,0.06666666666666667,0.007293333338707693,128.0909090909091,0.9639686165433942
ALL_SZ,lh_fusiform -- rh_inferiorparietal,1,150,0.006666666666666667,0.004296147477844078,153.16666666666666,-0.007013748089472416
ALL_SZ,lh_fusiform -- rh_inferiortemporal,0,150,0.0,0.0016219370677342203,326.4,0.1596865892410278
ALL_SZ,lh_fusiform -- rh_insula,0,150,0.0,0.004106147434507654,221.71428571428572,0.9671100207737514
ALL_SZ,lh_fusiform -- rh_isthmuscingulate,3,150,0.02,0.004136902682049298,137.83333333333334,-0.29945869247118634
ALL_SZ,lh_fusiform -- rh_lateraloccipital,2,150,0.013333333333333334,0.005587986417996439,166.75,-0.9451916962862015
ALL_SZ,lh_fusiform -- rh_lateralorbitofrontal,4,150,0.02666666666666667,0.007841834659218326,86.25,0.00040125846862788805
ALL_SZ,lh_fusiform -- rh_lingual,0,150,0.0,0.001637555095661988,169.5,0.9257572293281556
ALL_SZ,lh_fusiform -- rh_medialorbitofrontal,1,150,0.006666666666666667,0.0023467557958536628,334.5,0.6445468664169312
ALL_SZ,lh_fusiform -- rh_middletemporal,2,150,0.013333333333333334,0.0035715900560697855,204.77777777777777,-0.11987760331895617
ALL_SZ,lh_fusiform -- rh_paracentral,2,150,0.013333333333333334,0.004319147864197262,185.58333333333334,-0.4463597585757573
ALL_SZ,lh_fusiform -- rh_parahippocampal,1,150,0.006666666666666667,0.003459839389847262,129.71428571428572,0.9502592853137425
ALL_SZ,lh_fusiform -- rh_parsopercularis,1,150,0.006666666666666667,0.0028376068270467205,359.6666666666667,0.344622274239858
ALL_SZ,lh_fusiform -- rh_parsorbitalis,1,150,0.006666666666666667,0.00667954269309563,7.0,-0.9313194751739502
ALL_SZ,lh_fusiform -- rh_parstriangularis,0,150,0.0,0.0026623248511563366,304.0,-0.21320067752491345
ALL_SZ,lh_fusiform -- rh_pericalcarine,0,150,0.0,0.0016163318572884476,356.7,-0.5493349373340607
ALL_SZ,lh_fusiform -- rh_postcentral,0,150,0.0,0.0015527466909724965,273.0,0.8904262781143188
ALL_SZ,lh_fusiform -- rh_posteriorcingulate,0,150,0.0,0.0016209535864706495,293.1666666666667,0.6197130580743154
ALL_SZ,lh_fusiform -- rh_precentral,0,150,0.0,0.0014702043455655388,322.0,-0.7950635552406311
ALL_SZ,lh_fusiform -- rh_precuneus,0,150,0.0,0.0014632616022462216,422.0,0.9047996997833252
ALL_SZ,lh_fusiform -- rh_rostralanteriorcingulate,0,150,0.0,0.001420606198090838,441.0,0.8819066286087036
ALL_SZ,lh_fusiform -- rh_superiorfrontal,0,150,0.0,0.003534221985554252,242.4,-0.5700941443443298
ALL_SZ,lh_fusiform -- rh_superiortemporal,0,150,0.0,0.001553518210985104,255.83333333333334,0.010491440693537376
ALL_SZ,lh_fusiform -- rh_supramarginal,2,150,0.013333333333333334,0.0037457415489708726,165.7,0.9429859936237335
ALL_SZ,lh_fusiform -- rh_temporalpole,0,150,0.0,0.0014280282401762099,224.0,-0.8769292831420898
ALL_SZ,lh_inferiorparietal -- lh_inferiortemporal,0,150,0.0,0.00246744673889563,174.4,0.9371392369270325
ALL_SZ,lh_inferiorparietal -- lh_insula,0,150,0.0,0.0013864125327088788,344.4,-0.8743893504142761
ALL_SZ,lh_inferiorparietal -- lh_isthmuscingulate,0,150,0.0,0.0029871286757853187,167.75,-0.9647143930196763
ALL_SZ,lh_inferiorparietal -- lh_lateraloccipital,2,150,0.013333333333333334,0.0031057361433001417,186.1860465116279,0.9630598515965217
ALL_SZ,lh_inferiorparietal -- lh_lateralorbitofrontal,2,150,0.013333333333333334,0.003931128947005611,225.7,-0.76662215590477
ALL_SZ,lh_inferiorparietal -- lh_lingual,0,150,0.0,0.002919879636414062,211.2058823529412,0.9548146233839148
ALL_SZ,lh_inferiorparietal -- lh_medialorbitofrontal,0,150,0.0,0.0017295107038542267,177.0,0.32933781544367474
ALL_SZ,lh_inferiorparietal -- lh_middletemporal,2,150,0.013333333333333334,0.003843599062662867,230.375,0.9225020632147789
ALL_SZ,lh_inferiorparietal -- lh_paracentral,0,150,0.0,0.0027483414838444594,228.44,-0.9455306243896484
ALL_SZ,lh_inferiorparietal -- lh_parahippocampal,0,150,0.0,0.002142284569986073,296.1470588235294,-0.9256452935583451
ALL_SZ,lh_inferiorparietal -- lh_parsopercularis,0,150,0.0,0.0025314238635964458,215.65217391304347,-0.9507610875627269
ALL_SZ,lh_inferiorparietal -- lh_parsorbitalis,1,150,0.006666666666666667,0.002437305792774983,147.33333333333334,-0.8433459997177124
ALL_SZ,lh_inferiorparietal -- lh_parstriangularis,0,150,0.0,0.0027491504040667567,224.72222222222223,-0.9605228619443046
ALL_SZ,lh_inferiorparietal -- lh_postcentral,7,150,0.04666666666666667,0.003379570383567563,179.141592920354,0.9740566811730377
ALL_SZ,lh_inferiorparietal -- lh_precentral,2,150,0.013333333333333334,0.002342997523576368,239.475,0.9394022464752197
ALL_SZ,lh_inferiorparietal -- lh_precuneus,1,150,0.006666666666666667,0.00336133258484804,149.2173913043478,0.9571615535279979
ALL_SZ,lh_inferiorparietal -- lh_rostralanteriorcingulate,0,150,0.0,0.0022462339790791587,272.7647058823529,-0.9195888393065509
ALL_SZ,lh_inferiorparietal -- lh_rostralmiddlefrontal,6,150,0.04,0.00338841103965408,170.02912621359224,0.9734732404495906
ALL_SZ,lh_inferiorparietal -- lh_superiorfrontal,1,150,0.006666666666666667,0.0024140062866065313,223.9047619047619,0.9238605130286444
ALL_SZ,lh_inferiorparietal -- lh_superiorparietal,7,150,0.04666666666666667,0.0031257023469286804,184.808,0.9765298056602478
ALL_SZ,lh_inferiorparietal -- lh_superiortemporal,3,150,0.02,0.00513155654139382,146.75,0.9505578950047493
ALL_SZ,lh_inferiorparietal -- lh_supramarginal,5,150,0.03333333333333333,0.0034676853795635597,181.66101694915255,0.9571679133479878
ALL_SZ,lh_inferiorparietal -- lh_temporalpole,1,150,0.006666666666666667,0.0033571680120879754,201.33333333333334,-0.9798043966293336
ALL_SZ,lh_inferiorparietal -- rh_bankssts,0,150,0.0,0.0013951202456467917,337.5,-0.8819878995418549
ALL_SZ,lh_inferiorparietal -- rh_caudalanteriorcingulate,0,150,0.0,0.0038021912681510854,186.2,-0.9653071999549866
ALL_SZ,lh_inferiorparietal -- rh_caudalmiddlefrontal,0,150,0.0,0.002728812523899876,108.83333333333333,-0.910770575205485
ALL_SZ,lh_inferiorparietal -- rh_cuneus,1,150,0.006666666666666667,0.0033692691160999984,184.6818181818182,0.9488499570976604
ALL_SZ,lh_inferiorparietal -- rh_entorhinal,1,150,0.006666666666666667,0.0024352905771442045,253.1,-0.9169917285442353
ALL_SZ,lh_inferiorparietal -- rh_inferiorparietal,6,150,0.04,0.003601414174158418,172.13084112149534,0.9724930864628231
ALL_SZ,lh_inferiorparietal -- rh_insula,0,150,0.0,0.0015604717942167,309.6666666666667,-0.889736897415585
ALL_SZ,lh_inferiorparietal -- rh_isthmuscingulate,0,150,0.0,0.002145231288079248,228.5,-0.9700161218643188
ALL_SZ,lh_inferiorparietal -- rh_lateraloccipital,5,150,0.03333333333333333,0.0030484958073674654,217.34146341463415,0.9631847833714834
ALL_SZ,lh_inferiorparietal -- rh_lateralorbitofrontal,0,150,0.0,0.0022662930826285654,257.875,-0.5936637483537197
ALL_SZ,lh_inferiorparietal -- rh_lingual,2,150,0.013333333333333334,0.0030973149960947985,230.9090909090909,0.9528942722262759
ALL_SZ,lh_inferiorparietal -- rh_medialorbitofrontal,0,150,0.0,0.0023247550864851224,237.33333333333334,0.8429140614138709
ALL_SZ,lh_inferiorparietal -- rh_middletemporal,0,150,0.0,0.0013597509940749745,179.0,0.8375240564346313
ALL_SZ,lh_inferiorparietal -- rh_paracentral,0,150,0.0,0.001562892801671669,280.25,-0.8816029131412506
ALL_SZ,lh_inferiorparietal -- rh_parahippocampal,2,150,0.013333333333333334,0.0028378260028137786,188.67857142857142,-0.9561336391738483
ALL_SZ,lh_inferiorparietal -- rh_parsopercularis,1,150,0.006666666666666667,0.0024430933241795273,262.45454545454544,-0.9217892505905845
ALL_SZ,lh_inferiorparietal -- rh_parsorbitalis,0,150,0.0,0.0022464090517668556,294.6666666666667,-0.8683598438898722
ALL_SZ,lh_inferiorparietal -- rh_parstriangularis,1,150,0.006666666666666667,0.003148499583539469,197.6818181818182,-0.9545114771886305
ALL_SZ,lh_inferiorparietal -- rh_postcentral,7,150,0.04666666666666667,0.00367696685968419,194.9659090909091,0.9733824452215974
ALL_SZ,lh_inferiorparietal -- rh_precentral,0,150,0.0,0.002512034384486937,244.32558139534885,0.9446917051492736
ALL_SZ,lh_inferiorparietal -- rh_precuneus,2,150,0.013333333333333334,0.0032162372855448866,220.87878787878788,0.9484877080628367
ALL_SZ,lh_inferiorparietal -- rh_rostralanteriorcingulate,1,150,0.006666666666666667,0.0025137489502966254,231.96153846153845,-0.9273602962493896
ALL_SZ,lh_inferiorparietal -- rh_rostralmiddlefrontal,2,150,0.013333333333333334,0.003001268288165623,186.42307692307693,0.9737449362874031
ALL_SZ,lh_inferiorparietal -- rh_superiorfrontal,0,150,0.0,0.002735147510725935,220.10714285714286,0.9342574179172516
ALL_SZ,lh_inferiorparietal -- rh_superiorparietal,3,150,0.02,0.0033712358288594084,183.0818181818182,0.9735792685638774
ALL_SZ,lh_inferiorparietal -- rh_superiortemporal,0,150,0.0,0.0013916595652860222,141.0,0.8420528173446655
ALL_SZ,lh_inferiorparietal -- rh_supramarginal,2,150,0.013333333333333334,0.0034101531512739382,220.88372093023256,0.9659334684527198
ALL_SZ,lh_inferiorparietal -- rh_temporalpole,0,150,0.0,0.0027832096805185586,221.0,-0.9505437612533569
ALL_SZ,lh_inferiorparietal -- rh_transversetemporal,0,150,0.0,0.0016852744839544677,30.0,-0.8505218625068665
ALL_SZ,lh_inferiortemporal -- lh_insula,1,150,0.006666666666666667,0.002506574862227002,245.54054054054055,-0.9385966062545776
ALL_SZ,lh_inferiortemporal -- lh_isthmuscingulate,1,150,0.006666666666666667,0.0028076172568734822,215.30434782608697,-0.9488156619279281
ALL_SZ,lh_inferiortemporal -- lh_lateraloccipital,0,150,0.0,0.0022326602722271315,271.3076923076923,0.9198025923508865
ALL_SZ,lh_inferiortemporal -- lh_lateralorbitofrontal,1,150,0.006666666666666667,0.0033423312311147597,247.75,0.23423133045434955
ALL_SZ,lh_inferiortemporal -- lh_lingual,1,150,0.006666666666666667,0.003110361325117128,202.33333333333334,0.29626113176345825
ALL_SZ,lh_inferiortemporal -- lh_medialorbitofrontal,0,150,0.0,0.0015844667900645603,344.4,0.20578358173370362
ALL_SZ,lh_inferiortemporal -- lh_middletemporal,5,150,0.03333333333333333,0.0033548640611068673,208.77083333333334,0.9537795993189017
ALL_SZ,lh_inferiortemporal -- lh_paracentral,2,150,0.013333333333333334,0.0023507988823838174,236.7826086956522,-0.9278324142746304
ALL_SZ,lh_inferiortemporal -- lh_parahippocampal,1,150,0.006666666666666667,0.0029094484023840937,199.22222222222223,-0.9093999067942301
ALL_SZ,lh_inferiortemporal -- lh_parsopercularis,1,150,0.006666666666666667,0.002655318676170647,269.5,-0.9688509106636047
ALL_SZ,lh_inferiortemporal -- lh_parsorbitalis,0,150,0.0,0.0014707080192174022,320.0,0.9175823330879213
ALL_SZ,lh_inferiortemporal -- lh_parstriangularis,6,150,0.04,0.0038081201474215783,166.84848484848484,-0.940156309893637
ALL_SZ,lh_inferiortemporal -- lh_pericalcarine,0,150,0.0,0.0014698088671532767,405.0,-0.8698913007974625
ALL_SZ,lh_inferiortemporal -- lh_postcentral,0,150,0.0,0.002895766403345984,142.66666666666666,0.9887568950653076
ALL_SZ,lh_inferiortemporal -- lh_posteriorcingulate,2,150,0.013333333333333334,0.002826403676042163,183.4126984126984,-0.9532909270316835
ALL_SZ,lh_inferiortemporal -- lh_precentral,1,150,0.006666666666666667,0.0028036472929626943,221.15384615384616,0.9151552686324487
ALL_SZ,lh_inferiortemporal -- lh_precuneus,2,150,0.013333333333333334,0.003304381342452367,257.8,0.19907279014587403
ALL_SZ,lh_inferiortemporal -- lh_rostralanteriorcingulate,0,150,0.0,0.002749167135487288,233.1764705882353,-0.9332446000155281
ALL_SZ,lh_inferiortemporal -- lh_rostralmiddlefrontal,0,150,0.0,0.0021027910814734314,246.44444444444446,0.9120382997724745
ALL_SZ,lh_inferiortemporal -- lh_superiorfrontal,1,150,0.006666666666666667,0.002504738404365101,275.65625,0.9450465757399797
ALL_SZ,lh_inferiortemporal -- lh_superiorparietal,1,150,0.006666666666666667,0.0024346723609383718,287.6,0.9178474009037018
ALL_SZ,lh_inferiortemporal -- lh_superiortemporal,3,150,0.02,0.0034736705870636927,164.96363636363637,0.970802320133556
ALL_SZ,lh_inferiortemporal -- lh_supramarginal,0,150,0.0,0.002542819685892298,250.47619047619048,0.9560025277591887
ALL_SZ,lh_inferiortemporal -- lh_temporalpole,0,150,0.0,0.0013094809237083763,627.0,0.930832028388977
ALL_SZ,lh_inferiortemporal -- lh_transversetemporal,0,150,0.0,0.0024768828650921786,226.27272727272728,-0.9027566151185469
ALL_SZ,lh_inferiortemporal -- rh_bankssts,4,150,0.02666666666666667,0.00334849542360309,190.48529411764707,-0.961092464187566
ALL_SZ,lh_inferiortemporal -- rh_caudalanteriorcingulate,2,150,0.013333333333333334,0.002680601887642403,219.73684210526315,-0.9508082537274611
ALL_SZ,lh_inferiortemporal -- rh_caudalmiddlefrontal,0,150,0.0,0.0026561948219373075,211.07142857142858,-0.9427687738622937
ALL_SZ,lh_inferiortemporal -- rh_cuneus,0,150,0.0,0.003253616510997782,212.5,0.9485283295313517
ALL_SZ,lh_inferiortemporal -- rh_entorhinal,1,150,0.006666666666666667,0.005427894078804986,84.33333333333333,-0.32289524873097736
ALL_SZ,lh_inferiortemporal -- rh_frontalpole,0,150,0.0,0.0014695213100355672,405.5,0.875387579202652
ALL_SZ,lh_inferiortemporal -- rh_fusiform,1,150,0.006666666666666667,0.00220617400987253,300.0,-0.44862914085388184
ALL_SZ,lh_inferiortemporal -- rh_inferiorparietal,0,150,0.0,0.0028103689206076506,208.63636363636363,0.9439282769506628
ALL_SZ,lh_inferiortemporal -- rh_inferiortemporal,1,150,0.006666666666666667,0.003309273394717597,171.35849056603774,0.9661381098459352
ALL_SZ,lh_inferiortemporal -- rh_insula,2,150,0.013333333333333334,0.0028435490281494397,198.23809523809524,-0.935683711653664
ALL_SZ,lh_inferiortemporal -- rh_isthmuscingulate,1,150,0.006666666666666667,0.0026464323843264194,181.5625,-0.9387024119496346
ALL_SZ,lh_inferiortemporal -- rh_lateraloccipital,0,150,0.0,0.002273371088683102,297.3333333333333,0.926404153307279
ALL_SZ,lh_inferiortemporal -- rh_lateralorbitofrontal,0,150,0.0,0.002660547805573794,226.66666666666666,-0.9346258971426222
ALL_SZ,lh_inferiortemporal -- rh_lingual,0,150,0.0,0.0014298203005170388,418.0,-0.8629561066627502
ALL_SZ,lh_inferiortemporal -- rh_medialorbitofrontal,1,150,0.006666666666666667,0.0026013629167676595,299.4,0.9421760976314545
ALL_SZ,lh_inferiortemporal -- rh_middletemporal,1,150,0.006666666666666667,0.003020606534921496,201.58333333333334,0.9699400554100672
ALL_SZ,lh_inferiortemporal -- rh_paracentral,1,150,0.006666666666666667,0.002284733711570969,302.85714285714283,-0.9277017904179437
ALL_SZ,lh_inferiortemporal -- rh_parahippocampal,1,150,0.006666666666666667,0.003750360618717934,219.0625,-0.9223207347095013
ALL_SZ,lh_inferiortemporal -- rh_parsopercularis,4,150,0.02666666666666667,0.0033852986064463264,148.96296296296296,-0.9599658383263482
ALL_SZ,lh_inferiortemporal -- rh_parsorbitalis,0,150,0.0,0.0014969332980011372,263.0,0.9163174033164978
ALL_SZ,lh_inferiortemporal -- rh_parstriangularis,1,150,0.006666666666666667,0.0032608667966263247,216.39285714285714,-0.9451822085039956
ALL_SZ,lh_inferiortemporal -- rh_pericalcarine,1,150,0.006666666666666667,0.0016275651640192505,177.25,-0.8500958383083344
ALL_SZ,lh_inferiortemporal -- rh_postcentral,0,150,0.0,0.002832514191722434,137.0,0.9384186416864396
ALL_SZ,lh_inferiortemporal -- rh_posteriorcingulate,2,150,0.013333333333333334,0.0026795229167311785,203.5,-0.9420065954327583
ALL_SZ,lh_inferiortemporal -- rh_precentral,1,150,0.006666666666666667,0.0025357244814105786,254.2,0.9191301107406616
ALL_SZ,lh_inferiortemporal -- rh_precuneus,1,150,0.006666666666666667,0.003813238787195237,185.0,0.8973960280418396
ALL_SZ,lh_inferiortemporal -- rh_rostralanteriorcingulate,2,150,0.013333333333333334,0.003100979216219915,222.55,-0.9680866807699203
ALL_SZ,lh_inferiortemporal -- rh_rostralmiddlefrontal,0,150,0.0,0.001980305304406219,301.375,0.9099985435605049
ALL_SZ,lh_inferiortemporal -- rh_superiorfrontal,0,150,0.0,0.002759528416269603,204.55263157894737,0.9465603530406952
ALL_SZ,lh_inferiortemporal -- rh_superiorparietal,1,150,0.006666666666666667,0.002695308335512806,214.55555555555554,0.9297097987598844
ALL_SZ,lh_inferiortemporal -- rh_superiortemporal,3,150,0.02,0.003337143083289357,176.69811320754718,0.9656944679764082
ALL_SZ,lh_inferiortemporal -- rh_supramarginal,0,150,0.0,0.0025961520316870016,223.25,0.7245951443910599
ALL_SZ,lh_inferiortemporal -- rh_temporalpole,0,150,0.0,0.0014607693915731296,346.0,0.909213125705719
ALL_SZ,lh_inferiortemporal -- rh_transversetemporal,0,150,0.0,0.0015260117674396293,180.0,-0.8595919013023376
ALL_SZ,lh_insula -- lh_isthmuscingulate,0,150,0.0,0.002320255696312618,263.7857142857143,0.923069566488266
ALL_SZ,lh_insula -- lh_lateraloccipital,0,150,0.0,0.0016761767410990382,320.03846153846155,-0.9126819578500894
ALL_SZ,lh_insula -- lh_lateralorbitofrontal,0,150,0.0,0.0038355733189741332,166.5,0.9459129869937897
ALL_SZ,lh_insula -- lh_lingual,0,150,0.0,0.0013636273438526918,448.0,-0.8819353580474854
ALL_SZ,lh_insula -- lh_medialorbitofrontal,1,150,0.006666666666666667,0.0030214204591626596,178.66666666666666,-0.9431428909301758
ALL_SZ,lh_insula -- lh_middletemporal,3,150,0.02,0.0035780554405548505,227.25,-0.9281692743301392
ALL_SZ,lh_insula -- lh_paracentral,0,150,0.0,0.0018793487625289645,270.59090909090907,0.9157771657813679
ALL_SZ,lh_insula -- lh_parahippocampal,1,150,0.006666666666666667,0.00302153778829805,227.22727272727272,0.9465589469129388
ALL_SZ,lh_insula -- lh_parsopercularis,1,150,0.006666666666666667,0.002440457980245584,254.625,0.9551339223980904
ALL_SZ,lh_insula -- lh_parstriangularis,1,150,0.006666666666666667,0.0034649377632771134,158.58139534883722,0.9635855985242266
ALL_SZ,lh_insula -- lh_posteriorcingulate,2,150,0.013333333333333334,0.003166973066996804,189.56363636363636,0.9450682705098933
ALL_SZ,lh_insula -- lh_precentral,2,150,0.013333333333333334,0.002578593876358508,213.90243902439025,-0.9386852209160967
ALL_SZ,lh_insula -- lh_rostralanteriorcingulate,3,150,0.02,0.003124749692963312,192.6,0.9512767165899276
ALL_SZ,lh_insula -- lh_rostralmiddlefrontal,1,150,0.006666666666666667,0.0022754679962267194,206.89473684210526,-0.911548724299983
ALL_SZ,lh_insula -- lh_superiorfrontal,4,150,0.02666666666666667,0.0031892676888870806,190.6990291262136,-0.9667791822581615
ALL_SZ,lh_insula -- lh_superiorparietal,0,150,0.0,0.0013622485640725165,397.0,-0.8864448428153991
ALL_SZ,lh_insula -- lh_superiortemporal,3,150,0.02,0.002974700563571491,211.24242424242425,-0.9296480561747695
ALL_SZ,lh_insula -- lh_supramarginal,0,150,0.0,0.0026735488054083333,211.55263157894737,-0.950906344150242
ALL_SZ,lh_insula -- lh_transversetemporal,3,150,0.02,0.002740022088390649,206.68965517241378,0.9130763473181889
ALL_SZ,lh_insula -- rh_bankssts,3,150,0.02,0.0029983629116104196,202.7391304347826,0.9627074158709982
ALL_SZ,lh_insula -- rh_caudalanteriorcingulate,3,150,0.02,0.002961780351342247,180.7704918032787,0.9581697426858495
ALL_SZ,lh_insula -- rh_caudalmiddlefrontal,5,150,0.03333333333333333,0.0035527378766446738,178.68493150684932,0.9638003519136612
ALL_SZ,lh_insula -- rh_cuneus,0,150,0.0,0.0036025932961743176,192.66666666666666,-0.9550841450691224
ALL_SZ,lh_insula -- rh_fusiform,4,150,0.02666666666666667,0.00514481653583357,121.55555555555556,0.9432814982202318
ALL_SZ,lh_insula -- rh_inferiorparietal,0,150,0.0,0.001618241912716647,257.3529411764706,-0.8922862901407129
ALL_SZ,lh_insula -- rh_inferiortemporal,0,150,0.0,0.0019157887684696558,310.4375,-0.8940126374363899
ALL_SZ,lh_insula -- rh_insula,12,150,0.08,0.0038703784043266232,171.74324324324326,0.9858633473112777
ALL_SZ,lh_insula -- rh_isthmuscingulate,1,150,0.006666666666666667,0.0027763128799475375,218.21621621621622,0.9463232675114194
ALL_SZ,lh_insula -- rh_lateraloccipital,0,150,0.0,0.0017502424579395437,316.5357142857143,-0.9115212857723236
ALL_SZ,lh_insula -- rh_lateralorbitofrontal,2,150,0.013333333333333334,0.0037487289427101853,265.0,0.9410661288670131
ALL_SZ,lh_insula -- rh_medialorbitofrontal,1,150,0.006666666666666667,0.0026434406538586256,302.4166666666667,-0.9636454929908117
ALL_SZ,lh_insula -- rh_middletemporal,0,150,0.0,0.00164503042676527,313.3333333333333,-0.8876534938812256
ALL_SZ,lh_insula -- rh_paracentral,2,150,0.013333333333333334,0.0029805352938294606,215.54166666666666,0.9404150595267614
ALL_SZ,lh_insula -- rh_parahippocampal,5,150,0.03333333333333333,0.0029680348825440682,166.95238095238096,0.9613589687006814
ALL_SZ,lh_insula -- rh_parsopercularis,5,150,0.03333333333333333,0.0037224094901354694,169.47272727272727,0.9672996141693809
ALL_SZ,lh_insula -- rh_parstriangularis,0,150,0.0,0.00299325443427374,190.48,0.9389393091201782
ALL_SZ,lh_insula -- rh_postcentral,0,150,0.0,0.0013813611357808208,209.0,-0.9348816871643066
ALL_SZ,lh_insula -- rh_posteriorcingulate,3,150,0.02,0.0029603976636818664,225.1,0.9409654545783996
ALL_SZ,lh_insula -- rh_precentral,0,150,0.0,0.0024159811671957488,273.13793103448273,-0.9320860669530672
ALL_SZ,lh_insula -- rh_rostralanteriorcingulate,1,150,0.006666666666666667,0.0027209954981414573,289.6857142857143,0.9525503958974566
ALL_SZ,lh_insula -- rh_rostralmiddlefrontal,0,150,0.0,0.0017932122594391056,356.6923076923077,-0.9020071258911719
ALL_SZ,lh_insula -- rh_superiorfrontal,8,150,0.05333333333333334,0.0035134755222143827,200.72448979591837,-0.9638788931223811
ALL_SZ,lh_insula -- rh_superiorparietal,0,150,0.0,0.001539812151415614,287.0,-0.8818806807200114
ALL_SZ,lh_insula -- rh_superiortemporal,1,150,0.006666666666666667,0.003658076078000116,217.375,-0.9212684581677119
ALL_SZ,lh_insula -- rh_supramarginal,0,150,0.0,0.003759497316308308,250.77777777777777,-0.3018389940261841
ALL_SZ,lh_insula -- rh_transversetemporal,5,150,0.03333333333333333,0.00538574659843736,153.76470588235293,0.9530254357001361
ALL_SZ,lh_isthmuscingulate -- lh_lateraloccipital,0,150,0.0,0.0020137941988064606,193.66666666666666,-0.9208423395951589
ALL_SZ,lh_isthmuscingulate -- lh_lateralorbitofrontal,1,150,0.006666666666666667,0.0032186666991834696,205.56521739130434,0.7858209895051044
ALL_SZ,lh_isthmuscingulate -- lh_medialorbitofrontal,0,150,0.0,0.001954543426336958,298.2,-0.5864170908927918
ALL_SZ,lh_isthmuscingulate -- lh_middletemporal,6,150,0.04,0.0033617147503456576,163.88571428571427,-0.9605380586215428
ALL_SZ,lh_isthmuscingulate -- lh_paracentral,5,150,0.03333333333333333,0.003188086927128009,211.5686274509804,0.9532594750909245
ALL_SZ,lh_isthmuscingulate -- lh_parahippocampal,0,150,0.0,0.0037017197583627116,256.25,0.9526918232440947
ALL_SZ,lh_isthmuscingulate -- lh_parsopercularis,0,150,0.0,0.001577689863982685,401.5,0.9039322137832642
ALL_SZ,lh_isthmuscingulate -- lh_parsorbitalis,0,150,0.0,0.003090062821253791,211.5,-0.944262869656086
ALL_SZ,lh_isthmuscingulate -- lh_parstriangularis,2,150,0.013333333333333334,0.003391785922464826,191.52380952380952,0.9570157868521554
ALL_SZ,lh_isthmuscingulate -- lh_pericalcarine,7,150,0.04666666666666667,0.003425587230898713,181.74576271186442,0.9605569203021163
ALL_SZ,lh_isthmuscingulate -- lh_postcentral,0,150,0.0,0.0013918031678984686,437.0,-0.862211287021637
ALL_SZ,lh_isthmuscingulate -- lh_posteriorcingulate,3,150,0.02,0.0030503286515313663,191.15625,0.9660294552644094
ALL_SZ,lh_isthmuscingulate -- lh_precentral,1,150,0.006666666666666667,0.0019327280805304045,183.6,-0.8896081566810607
ALL_SZ,lh_isthmuscingulate -- lh_rostralanteriorcingulate,1,150,0.006666666666666667,0.0033539184996465975,148.44444444444446,0.9574030571513705
ALL_SZ,lh_isthmuscingulate -- lh_rostralmiddlefrontal,0,150,0.0,0.002170769499963028,188.25,-0.9454822763800621
ALL_SZ,lh_isthmuscingulate -- lh_superiorfrontal,0,150,0.0,0.002371602517591678,214.05,-0.9330154031515121
ALL_SZ,lh_isthmuscingulate -- lh_superiorparietal,0,150,0.0,0.001928627295501551,120.5,-0.9037506282329559
ALL_SZ,lh_isthmuscingulate -- lh_superiortemporal,0,150,0.0,0.0023752494288719643,259.02777777777777,-0.9430977404117584
ALL_SZ,lh_isthmuscingulate -- lh_supramarginal,1,150,0.006666666666666667,0.0031998684676933405,181.0,-0.9791205674409866
ALL_SZ,lh_isthmuscingulate -- lh_temporalpole,0,150,0.0,0.001468289029815125,301.0,-0.9025299549102784
ALL_SZ,lh_isthmuscingulate -- lh_transversetemporal,1,150,0.006666666666666667,0.0054789189900345215,1.0,0.905243754386902
ALL_SZ,lh_isthmuscingulate -- rh_bankssts,5,150,0.03333333333333333,0.00302458549255553,197.9672131147541,0.9513631208998258
ALL_SZ,lh_isthmuscingulate -- rh_caudalanteriorcingulate,3,150,0.02,0.0028387759949288784,216.71052631578948,0.9659747787212071
ALL_SZ,lh_isthmuscingulate -- rh_caudalmiddlefrontal,4,150,0.02666666666666667,0.003543785810198613,201.9,0.9466012582182884
ALL_SZ,lh_isthmuscingulate -- rh_frontalpole,2,150,0.013333333333333334,0.0030606131397762624,242.74285714285713,-0.9491462043353489
ALL_SZ,lh_isthmuscingulate -- rh_fusiform,0,150,0.0,0.0019018925316237228,257.0,-0.11064930473055165
ALL_SZ,lh_isthmuscingulate -- rh_inferiorparietal,1,150,0.006666666666666667,0.0033978517414434053,245.53846153846155,-0.9310857286820045
ALL_SZ,lh_isthmuscingulate -- rh_inferiortemporal,3,150,0.02,0.0026280669927643057,198.91489361702128,-0.9534281657097188
ALL_SZ,lh_isthmuscingulate -- rh_insula,0,150,0.0,0.0021581484462294717,262.3076923076923,0.92769488463035
ALL_SZ,lh_isthmuscingulate -- rh_isthmuscingulate,6,150,0.04,0.0031021079236893435,182.2450980392157,0.9713761502621221
ALL_SZ,lh_isthmuscingulate -- rh_lateraloccipital,0,150,0.0,0.0028204756126625555,228.375,-0.9439161568880081
ALL_SZ,lh_isthmuscingulate -- rh_lateralorbitofrontal,0,150,0.0,0.00279259492589037,216.86666666666667,0.9548849781354268
ALL_SZ,lh_isthmuscingulate -- rh_medialorbitofrontal,0,150,0.0,0.002691558908864485,227.75,-0.8110859741767248
ALL_SZ,lh_isthmuscingulate -- rh_middletemporal,4,150,0.02666666666666667,0.0028896465977546752,217.45569620253164,-0.9594891063774689
ALL_SZ,lh_isthmuscingulate -- rh_paracentral,8,150,0.05333333333333334,0.003585018897356307,158.625,0.9634751666869436
ALL_SZ,lh_isthmuscingulate -- rh_parahippocampal,0,150,0.0,0.002454257763253437,221.0,0.9442960279328483
ALL_SZ,lh_isthmuscingulate -- rh_parsopercularis,1,150,0.006666666666666667,0.003543406922266138,140.69230769230768,0.9707793501707224
ALL_SZ,lh_isthmuscingulate -- rh_parsorbitalis,0,150,0.0,0.002449080982475282,244.125,-0.9037959277629852
ALL_SZ,lh_isthmuscingulate -- rh_parstriangularis,2,150,0.013333333333333334,0.003359929356270942,188.76923076923077,0.9617791267541739
ALL_SZ,lh_isthmuscingulate -- rh_pericalcarine,4,150,0.02666666666666667,0.003075598800241262,183.64150943396226,0.9531259064404469
ALL_SZ,lh_isthmuscingulate -- rh_postcentral,0,150,0.0,0.0021895512606990197,178.5,-0.9494409561157228
ALL_SZ,lh_isthmuscingulate -- rh_posteriorcingulate,2,150,0.013333333333333334,0.002730707260994703,202.47297297297297,0.9590632955770235
ALL_SZ,lh_isthmuscingulate -- rh_precentral,0,150,0.0,0.0014623819908599893,313.0,-0.8971177339553833
ALL_SZ,lh_isthmuscingulate -- rh_rostralanteriorcingulate,1,150,0.006666666666666667,0.002848705069929041,164.55555555555554,0.9719796379407247
ALL_SZ,lh_isthmuscingulate -- rh_rostralmiddlefrontal,1,150,0.006666666666666667,0.0027690003298811677,226.27272727272728,-0.9550149440765381
ALL_SZ,lh_isthmuscingulate -- rh_superiorfrontal,0,150,0.0,0.002608837121628205,193.13636363636363,-0.9495780115777795
ALL_SZ,lh_isthmuscingulate -- rh_superiorparietal,0,150,0.0,0.001785985638498034,296.0,-0.913035660982132
ALL_SZ,lh_isthmuscingulate -- rh_superiortemporal,2,150,0.013333333333333334,0.0024051476152863872,262.04347826086956,-0.9474548490151115
ALL_SZ,lh_isthmuscingulate -- rh_supramarginal,0,150,0.0,0.0027593672155090043,147.22222222222223,-0.9412429001596239
ALL_SZ,lh_isthmuscingulate -- rh_temporalpole,0,150,0.0,0.0014465042483923093,218.0,-0.8667936325073242
ALL_SZ,lh_lateraloccipital -- lh_lateralorbitofrontal,0,150,0.0,0.00141445121241745,334.5,-0.8689295053482056
ALL_SZ,lh_lateraloccipital -- lh_lingual,0,150,0.0,0.0016683538582740942,319.75,0.8838004767894745
ALL_SZ,lh_lateraloccipital -- lh_medialorbitofrontal,0,150,0.0,0.0016239730452244961,401.25,0.5026583075523378
ALL_SZ,lh_lateraloccipital -- lh_middletemporal,2,150,0.013333333333333334,0.004737461090425903,198.375,0.9242255985736847
ALL_SZ,lh_lateraloccipital -- lh_paracentral,0,150,0.0,0.002444457537105772,223.89473684210526,-0.9249464681274012
ALL_SZ,lh_lateraloccipital -- lh_parahippocampal,4,150,0.02666666666666667,0.003251390774001824,191.69230769230768,-0.9563151533787068
ALL_SZ,lh_lateraloccipital -- lh_parsopercularis,0,150,0.0,0.0027185076719169242,240.0487804878049,-0.9474518415404529
ALL_SZ,lh_lateraloccipital -- lh_parstriangularis,0,150,0.0,0.002312712790399536,271.25,-0.9507296574967248
ALL_SZ,lh_lateraloccipital -- lh_postcentral,1,150,0.006666666666666667,0.003126199505312967,190.93548387096774,0.9583408050639655
ALL_SZ,lh_lateraloccipital -- lh_posteriorcingulate,0,150,0.0,0.0014664295192650888,329.0,-0.8353568911552429
ALL_SZ,lh_lateraloccipital -- lh_precentral,3,150,0.02,0.0028674994346770117,203.04,0.9714004522562028
ALL_SZ,lh_lateraloccipital -- lh_precuneus,0,150,0.0,0.0026975144445228606,167.14285714285714,0.9159646715436663
ALL_SZ,lh_lateraloccipital -- lh_rostralanteriorcingulate,7,150,0.04666666666666667,0.0032082602019414272,168.26388888888889,-0.9639202008644739
ALL_SZ,lh_lateraloccipital -- lh_rostralmiddlefrontal,7,150,0.04666666666666667,0.0034252791405734685,171.00384615384615,0.9758800359872671
ALL_SZ,lh_lateraloccipital -- lh_superiorfrontal,6,150,0.04,0.0030392203808925497,223.85245901639345,0.9509334652150263
ALL_SZ,lh_lateraloccipital -- lh_superiorparietal,7,150,0.04666666666666667,0.003373208785247652,182.96124031007753,0.9745925863583883
ALL_SZ,lh_lateraloccipital -- lh_superiortemporal,0,150,0.0,0.0032331385853606944,148.26315789473685,0.9613186497437326
ALL_SZ,lh_lateraloccipital -- lh_supramarginal,3,150,0.02,0.0031607135868439466,213.48192771084337,0.9629649591733174
ALL_SZ,lh_lateraloccipital -- lh_transversetemporal,0,150,0.0,0.0013816590754686688,380.0,-0.84756471713384
ALL_SZ,lh_lateraloccipital -- rh_bankssts,0,150,0.0,0.0013575997070320869,386.75,-0.869946226477623
ALL_SZ,lh_lateraloccipital -- rh_caudalanteriorcingulate,0,150,0.0,0.0016809547002666718,336.85714285714283,-0.9072907822472709
ALL_SZ,lh_lateraloccipital -- rh_caudalmiddlefrontal,0,150,0.0,0.001825989467566443,390.1666666666667,-0.9595630466938019
ALL_SZ,lh_lateraloccipital -- rh_cuneus,1,150,0.006666666666666667,0.002729412067009679,242.2,0.9557630499204001
ALL_SZ,lh_lateraloccipital -- rh_inferiorparietal,8,150,0.05333333333333334,0.0035222843549676955,198.61320754716982,0.9664262763734134
ALL_SZ,lh_lateraloccipital -- rh_insula,0,150,0.0,0.0019300127292409478,268.375,-0.9298491954803467
ALL_SZ,lh_lateraloccipital -- rh_isthmuscingulate,0,150,0.0,0.001521824203684955,208.5,-0.9322027266025543
ALL_SZ,lh_lateraloccipital -- rh_lateraloccipital,8,150,0.05333333333333334,0.003665853368053015,185.09395973154363,0.9929269248207143
ALL_SZ,lh_lateraloccipital -- rh_lateralorbitofrontal,0,150,0.0,0.002174347171060355,257.22222222222223,-0.9359130793147616
ALL_SZ,lh_lateraloccipital -- rh_lingual,0,150,0.0,0.001809631369612155,241.88888888888889,0.9019595517052544
ALL_SZ,lh_lateraloccipital -- rh_medialorbitofrontal,0,150,0.0,0.002276735353970024,283.0,0.9433503150939941
ALL_SZ,lh_lateraloccipital -- rh_paracentral,0,150,0.0,0.002222649810695323,232.36363636363637,-0.9544759555296465
ALL_SZ,lh_lateraloccipital -- rh_parahippocampal,3,150,0.02,0.002968531892550597,214.67073170731706,-0.9663638101845253
ALL_SZ,lh_lateraloccipital -- rh_parsopercularis,3,150,0.02,0.0026925504410546717,208.9111111111111,-0.9531242767969768
ALL_SZ,lh_lateraloccipital -- rh_parstriangularis,3,150,0.02,0.003226237354363741,252.69565217391303,-0.9502625646798507
ALL_SZ,lh_lateraloccipital -- rh_postcentral,3,150,0.02,0.0028894000451713687,229.06944444444446,0.9504077045453919
ALL_SZ,lh_lateraloccipital -- rh_precentral,4,150,0.02666666666666667,0.0030753065242235507,204.0943396226415,0.969178059753382
ALL_SZ,lh_lateraloccipital -- rh_precuneus,0,150,0.0,0.002483434602782044,274.0,0.9470654428005219
ALL_SZ,lh_lateraloccipital -- rh_rostralanteriorcingulate,3,150,0.02,0.0028848856975570592,222.79032258064515,-0.9554807188049439
ALL_SZ,lh_lateraloccipital -- rh_rostralmiddlefrontal,5,150,0.03333333333333333,0.003462686745819923,170.34375,0.9801647160202265
ALL_SZ,lh_lateraloccipital -- rh_superiorfrontal,2,150,0.013333333333333334,0.002855053986238063,216.37142857142857,0.9565431577818734
ALL_SZ,lh_lateraloccipital -- rh_superiorparietal,12,150,0.08,0.003551678796827426,169.11851851851853,0.9739158559728551
ALL_SZ,lh_lateraloccipital -- rh_superiortemporal,0,150,0.0,0.0013829210034080439,356.5,0.8714498579502106
ALL_SZ,lh_lateraloccipital -- rh_supramarginal,0,150,0.0,0.0020532648383569064,356.55555555555554,0.9262779222594367
ALL_SZ,lh_lateraloccipital -- rh_transversetemporal,0,150,0.0,0.0013335364180906005,409.5,-0.911173015832901
ALL_SZ,lh_lateralorbitofrontal -- lh_lingual,2,150,0.013333333333333334,0.0037741530389922384,175.27272727272728,-0.9491977095603943
ALL_SZ,lh_lateralorbitofrontal -- lh_medialorbitofrontal,1,150,0.006666666666666667,0.002470765406319783,256.8125,0.18796493113040924
ALL_SZ,lh_lateralorbitofrontal -- lh_middletemporal,2,150,0.013333333333333334,0.003341173548859842,207.45454545454547,-0.5945582308552482
ALL_SZ,lh_lateralorbitofrontal -- lh_paracentral,0,150,0.0,0.001512577634109542,278.625,0.46324899047613144
ALL_SZ,lh_lateralorbitofrontal -- lh_parahippocampal,0,150,0.0,0.0028351434572758184,165.625,0.6879552975296974
ALL_SZ,lh_lateralorbitofrontal -- lh_parsopercularis,1,150,0.006666666666666667,0.003017750186487769,128.22222222222223,0.9409270087877909
ALL_SZ,lh_lateralorbitofrontal -- lh_parsorbitalis,0,150,0.0,0.0032130654214049662,157.28571428571428,0.6657587460109166
ALL_SZ,lh_lateralorbitofrontal -- lh_parstriangularis,0,150,0.0,0.0023712692763210802,261.8,0.5873887717723847
ALL_SZ,lh_lateralorbitofrontal -- lh_pericalcarine,2,150,0.013333333333333334,0.003429973137814969,192.69565217391303,0.5661005014958589
ALL_SZ,lh_lateralorbitofrontal -- lh_postcentral,1,150,0.006666666666666667,0.0037495610266945235,213.4375,-0.9533720277249813
ALL_SZ,lh_lateralorbitofrontal -- lh_posteriorcingulate,0,150,0.0,0.0023637034946472563,266.14285714285717,0.4336806450571333
ALL_SZ,lh_lateralorbitofrontal -- lh_precentral,1,150,0.006666666666666667,0.002546930446555121,309.1111111111111,-0.26840338442060685
ALL_SZ,lh_lateralorbitofrontal -- lh_precuneus,0,150,0.0,0.001972429058391477,269.125,-0.9199794903397561
ALL_SZ,lh_lateralorbitofrontal -- lh_rostralanteriorcingulate,0,150,0.0,0.001454877611128039,398.0,0.5852239628632863
ALL_SZ,lh_lateralorbitofrontal -- lh_rostralmiddlefrontal,0,150,0.0,0.0021775426627290498,378.6,-0.5348648190498352
ALL_SZ,lh_lateralorbitofrontal -- lh_superiorfrontal,0,150,0.0,0.001420008212094349,377.0,-0.8699902296066284
ALL_SZ,lh_lateralorbitofrontal -- lh_superiorparietal,1,150,0.006666666666666667,0.0034585765651403413,181.875,-0.24328096210956573
ALL_SZ,lh_lateralorbitofrontal -- lh_superiortemporal,0,150,0.0,0.0018922150358592776,332.875,0.23524308949708944
ALL_SZ,lh_lateralorbitofrontal -- lh_supramarginal,1,150,0.006666666666666667,0.003911636119519583,245.3,-0.9383821129798889
ALL_SZ,lh_lateralorbitofrontal -- lh_temporalpole,1,150,0.006666666666666667,0.0015837117802380628,291.42857142857144,0.13535222836903166
ALL_SZ,lh_lateralorbitofrontal -- lh_transversetemporal,0,150,0.0,0.0014861781182417258,320.5,-0.9277731776237488
ALL_SZ,lh_lateralorbitofrontal -- rh_bankssts,2,150,0.013333333333333334,0.00280457941002526,142.66666666666666,0.9371020297209421
ALL_SZ,lh_lateralorbitofrontal -- rh_caudalanteriorcingulate,0,150,0.0,0.001610819260018378,317.8333333333333,0.30099502205848694
ALL_SZ,lh_lateralorbitofrontal -- rh_caudalmiddlefrontal,0,150,0.0,0.004862766574541241,150.5,0.5071511864662169
ALL_SZ,lh_lateralorbitofrontal -- rh_cuneus,0,150,0.0,0.0014011896217595876,358.5,0.008433252573013306
ALL_SZ,lh_lateralorbitofrontal -- rh_entorhinal,1,150,0.006666666666666667,0.0030815344028846227,160.88888888888889,0.08290777603785195
ALL_SZ,lh_lateralorbitofrontal -- rh_frontalpole,3,150,0.02,0.0031890748454999826,144.72222222222223,-0.34257615274853176
ALL_SZ,lh_lateralorbitofrontal -- rh_fusiform,0,150,0.0,0.0018017894463095657,237.25,-0.44916658103466034
ALL_SZ,lh_lateralorbitofrontal -- rh_inferiorparietal,2,150,0.013333333333333334,0.0038986708935708574,248.63636363636363,-0.9367353861982172
ALL_SZ,lh_lateralorbitofrontal -- rh_inferiortemporal,3,150,0.02,0.002496480554234668,226.9090909090909,0.29618780721317645
ALL_SZ,lh_lateralorbitofrontal -- rh_insula,0,150,0.0,0.0011755139119687022,678.0,0.8809288144111633
ALL_SZ,lh_lateralorbitofrontal -- rh_isthmuscingulate,2,150,0.013333333333333334,0.003638636565763934,208.57894736842104,0.7421248774779471
ALL_SZ,lh_lateralorbitofrontal -- rh_lateraloccipital,0,150,0.0,0.0014045426253717344,369.0,-0.9107976853847504
ALL_SZ,lh_lateralorbitofrontal -- rh_lateralorbitofrontal,3,150,0.02,0.004764432466138948,229.28571428571428,0.6958528075899396
ALL_SZ,lh_lateralorbitofrontal -- rh_lingual,0,150,0.0,0.0021568301132535756,205.33333333333334,-0.795962726076444
ALL_SZ,lh_lateralorbitofrontal -- rh_medialorbitofrontal,4,150,0.02666666666666667,0.0038350244043279915,175.1,0.8642932862043381
ALL_SZ,lh_lateralorbitofrontal -- rh_middletemporal,0,150,0.0,0.002264946584006835,219.4375,-0.4764464236795902
ALL_SZ,lh_lateralorbitofrontal -- rh_paracentral,6,150,0.04,0.004525844104736243,202.08695652173913,0.6255128487296726
ALL_SZ,lh_lateralorbitofrontal -- rh_parahippocampal,0,150,0.0,0.002742855365453739,163.83333333333334,-0.059432148933410624
ALL_SZ,lh_lateralorbitofrontal -- rh_parsorbitalis,1,150,0.006666666666666667,0.002753094588625484,256.0769230769231,0.0684966628368084
ALL_SZ,lh_lateralorbitofrontal -- rh_parstriangularis,0,150,0.0,0.0017823907792387148,384.25,0.920179657638073
ALL_SZ,lh_lateralorbitofrontal -- rh_pericalcarine,2,150,0.013333333333333334,0.0027808440375833403,225.65217391304347,0.5432588276655778
ALL_SZ,lh_lateralorbitofrontal -- rh_postcentral,0,150,0.0,0.002553727370842593,259.6666666666667,-0.9588314824634128
ALL_SZ,lh_lateralorbitofrontal -- rh_posteriorcingulate,0,150,0.0,0.002652014724089225,220.66666666666666,0.5380670693185594
ALL_SZ,lh_lateralorbitofrontal -- rh_precentral,0,150,0.0,0.0022222759382248226,258.6666666666667,-0.537391338083479
ALL_SZ,lh_lateralorbitofrontal -- rh_precuneus,1,150,0.006666666666666667,0.0031401505478026114,174.8,-0.95589399933815
ALL_SZ,lh_lateralorbitofrontal -- rh_rostralanteriorcingulate,0,150,0.0,0.0021952845788657735,287.5,0.9514223933219911
ALL_SZ,lh_lateralorbitofrontal -- rh_rostralmiddlefrontal,0,150,0.0,0.001975181900530368,224.71428571428572,-0.6692890695163182
ALL_SZ,lh_lateralorbitofrontal -- rh_superiorfrontal,1,150,0.006666666666666667,0.0017030677626414656,20.0,-0.8941298723220825
ALL_SZ,lh_lateralorbitofrontal -- rh_superiorparietal,2,150,0.013333333333333334,0.0038012118161234493,287.72727272727275,-0.41727728193456476
ALL_SZ,lh_lateralorbitofrontal -- rh_superiortemporal,0,150,0.0,0.0024652803372235427,244.44444444444446,-0.09067622158262469
ALL_SZ,lh_lateralorbitofrontal -- rh_supramarginal,0,150,0.0,0.0018796287193072248,287.9,-0.9046996355056762
ALL_SZ,lh_lateralorbitofrontal -- rh_temporalpole,1,150,0.006666666666666667,0.001573858793469801,342.8333333333333,0.29878944158554077
ALL_SZ,lh_lateralorbitofrontal -- rh_transversetemporal,0,150,0.0,0.0013214947343993322,567.0,0.9472278356552124
ALL_SZ,lh_lingual -- lh_medialorbitofrontal,0,150,0.0,0.002063408758695424,201.5,-0.9410874942938486
ALL_SZ,lh_lingual -- lh_middletemporal,0,150,0.0,0.0014877129948929861,226.0,-0.9109076857566832
ALL_SZ,lh_lingual -- lh_paracentral,0,150,0.0,0.002077554079584686,156.33333333333334,-0.991783618927002
ALL_SZ,lh_lingual -- lh_parahippocampal,1,150,0.006666666666666667,0.0030935809499034158,215.38095238095238,-0.953456543740772
ALL_SZ,lh_lingual -- lh_parsopercularis,0,150,0.0,0.0017036037640797196,253.25,-0.9079673439264297
ALL_SZ,lh_lingual -- lh_parsorbitalis,3,150,0.02,0.0028705416698912947,185.02941176470588,-0.9446594101541183
ALL_SZ,lh_lingual -- lh_parstriangularis,0,150,0.0,0.0022176395080065014,251.33333333333334,-0.9760449826717377
ALL_SZ,lh_lingual -- lh_pericalcarine,1,150,0.006666666666666667,0.003053676121025837,63.333333333333336,0.8744633197784424
ALL_SZ,lh_lingual -- lh_postcentral,0,150,0.0,0.002221467374044362,274.15,0.9619200557470322
ALL_SZ,lh_lingual -- lh_posteriorcingulate,0,150,0.0,0.0012746373440122995,616.0,-0.8275245428085327
ALL_SZ,lh_lingual -- lh_precentral,0,150,0.0,0.0014196417762685778,289.0,0.930292397737503
ALL_SZ,lh_lingual -- lh_precuneus,8,150,0.05333333333333334,0.004061887107283217,156.98684210526315,0.9603999343357588
ALL_SZ,lh_lingual -- lh_rostralmiddlefrontal,0,150,0.0,0.0029174560214742244,161.375,0.90916807949543
ALL_SZ,lh_lingual -- lh_superiorfrontal,0,150,0.0,0.0014147238811564196,339.0,0.8714995980262756
ALL_SZ,lh_lingual -- lh_superiorparietal,0,150,0.0,0.0022836416867577673,233.5625,0.9490758404135704
ALL_SZ,lh_lingual -- lh_supramarginal,0,150,0.0,0.001966810408209794,189.57142857142858,0.9262029188019889
ALL_SZ,lh_lingual -- lh_temporalpole,7,150,0.04666666666666667,0.003612719418297279,164.17021276595744,-0.948301374912262
ALL_SZ,lh_lingual -- rh_cuneus,2,150,0.013333333333333334,0.0028575963448555087,199.45714285714286,0.9488710948399135
ALL_SZ,lh_lingual -- rh_entorhinal,6,150,0.04,0.003586673464948915,169.15189873417722,-0.9575559195083908
ALL_SZ,lh_lingual -- rh_frontalpole,2,150,0.013333333333333334,0.0035569716608512773,141.66666666666666,-0.9378846751319038
ALL_SZ,lh_lingual -- rh_fusiform,0,150,0.0,0.0013985130740224948,172.0,0.8532627820968628
ALL_SZ,lh_lingual -- rh_inferiorparietal,0,150,0.0,0.001644853555237254,401.85714285714283,0.9190724151475089
ALL_SZ,lh_lingual -- rh_inferiortemporal,0,150,0.0,0.0029663818081738405,139.66666666666666,-0.9524255394935608
ALL_SZ,lh_lingual -- rh_insula,0,150,0.0,0.0015852444440154169,67.0,-0.8925970196723938
ALL_SZ,lh_lingual -- rh_isthmuscingulate,0,150,0.0,0.0014136951530261056,244.0,0.009627312421798706
ALL_SZ,lh_lingual -- rh_lateraloccipital,0,150,0.0,0.001394405909510296,346.6,0.8619462966918945
ALL_SZ,lh_lingual -- rh_lateralorbitofrontal,2,150,0.013333333333333334,0.004425560392635019,228.58333333333334,0.308117354909579
ALL_SZ,lh_lingual -- rh_lingual,14,150,0.09333333333333334,0.0041747780944583375,151.16666666666666,0.9759171724319458
ALL_SZ,lh_lingual -- rh_medialorbitofrontal,0,150,0.0,0.002496239478947106,169.7,0.3974964201450348
ALL_SZ,lh_lingual -- rh_middletemporal,0,150,0.0,0.0014830027387241944,239.0,-0.8890044093132019
ALL_SZ,lh_lingual -- rh_parahippocampal,0,150,0.0,0.001725956140774829,264.77777777777777,-0.9090149535073174
ALL_SZ,lh_lingual -- rh_parsopercularis,0,150,0.0,0.0016030285348652982,224.33333333333334,-0.9074325362841288
ALL_SZ,lh_lingual -- rh_parsorbitalis,1,150,0.006666666666666667,0.0020473529374041267,196.61904761904762,-0.9127524268059504
ALL_SZ,lh_lingual -- rh_parstriangularis,0,150,0.0,0.002541449947519007,187.6,-0.9744777321815491
ALL_SZ,lh_lingual -- rh_pericalcarine,1,150,0.006666666666666667,0.0016081056855127207,89.33333333333333,0.9013077815373739
ALL_SZ,lh_lingual -- rh_postcentral,3,150,0.02,0.003314423158060352,219.83333333333334,0.952663742005825
ALL_SZ,lh_lingual -- rh_precentral,0,150,0.0,0.0028948924703768955,150.0,0.9638766646385192
ALL_SZ,lh_lingual -- rh_precuneus,10,150,0.06666666666666667,0.0034777921960425988,150.3913043478261,0.9729046083014944
ALL_SZ,lh_lingual -- rh_rostralmiddlefrontal,1,150,0.006666666666666667,0.002362942015233585,260.375,0.9108604341745377
ALL_SZ,lh_lingual -- rh_superiorfrontal,0,150,0.0,0.0015027671911099125,163.0,0.8808131217956543
ALL_SZ,lh_lingual -- rh_superiorparietal,2,150,0.013333333333333334,0.002927006080943064,243.94117647058823,0.9420269412152907
ALL_SZ,lh_lingual -- rh_supramarginal,3,150,0.02,0.0038792598371694153,214.33333333333334,0.9554325580596924
ALL_SZ,lh_lingual -- rh_temporalpole,4,150,0.02666666666666667,0.003203745030544354,204.6122448979592,-0.9527374761445182
ALL_SZ,lh_medialorbitofrontal -- lh_middletemporal,0,150,0.0,0.0025258367141841194,182.25,-0.4826437532901764
ALL_SZ,lh_medialorbitofrontal -- lh_paracentral,0,150,0.0,0.0029526086137127154,261.25,-0.503857210278511
ALL_SZ,lh_medialorbitofrontal -- lh_parahippocampal,0,150,0.0,0.0014654790037848416,331.6666666666667,-0.9212860465049744
ALL_SZ,lh_medialorbitofrontal -- lh_parsopercularis,2,150,0.013333333333333334,0.005317070108219732,129.25,-0.9665030613541603
ALL_SZ,lh_medialorbitofrontal -- lh_parsorbitalis,0,150,0.0,0.0026278023904385633,165.1764705882353,0.6143721131717458
ALL_SZ,lh_medialorbitofrontal -- lh_parstriangularis,0,150,0.0,0.002744421034786128,196.125,-0.7272680327296257
ALL_SZ,lh_medialorbitofrontal -- lh_pericalcarine,3,150,0.02,0.004995372555201539,147.22222222222223,0.3616236117151048
ALL_SZ,lh_medialorbitofrontal -- lh_postcentral,0,150,0.0,0.002203790601409259,365.25,-0.9556832164525987
ALL_SZ,lh_medialorbitofrontal -- lh_posteriorcingulate,0,150,0.0,0.003597785341114065,100.66666666666667,-0.9676996866861979
ALL_SZ,lh_medialorbitofrontal -- lh_precentral,0,150,0.0,0.0014478248729110155,285.5,-0.03400418162345881
ALL_SZ,lh_medialorbitofrontal -- lh_precuneus,0,150,0.0,0.002922639471570456,203.52941176470588,-0.9595163709977094
ALL_SZ,lh_medialorbitofrontal -- lh_rostralanteriorcingulate,1,150,0.006666666666666667,0.003713059730442642,179.5,-0.48834331333637226
ALL_SZ,lh_medialorbitofrontal -- lh_rostralmiddlefrontal,0,150,0.0,0.0013855775990273404,479.3333333333333,0.33010196685791016
ALL_SZ,lh_medialorbitofrontal -- lh_superiorfrontal,0,150,0.0,0.004583924074195153,32.0,0.9699103832244872
ALL_SZ,lh_medialorbitofrontal -- lh_superiorparietal,0,150,0.0,0.0012631227588041755,630.0,-0.004440814256668035
ALL_SZ,lh_medialorbitofrontal -- lh_superiortemporal,0,150,0.0,0.002507290529708296,239.5,0.47045579552650446
ALL_SZ,lh_medialorbitofrontal -- lh_supramarginal,0,150,0.0,0.0013974676677492052,426.5,-0.004395574331283569
ALL_SZ,lh_medialorbitofrontal -- lh_temporalpole,1,150,0.006666666666666667,0.002929701599082473,129.3,0.9409732818603516
ALL_SZ,lh_medialorbitofrontal -- lh_transversetemporal,2,150,0.013333333333333334,0.005743659875105944,77.4,-0.9341420650482177
ALL_SZ,lh_medialorbitofrontal -- rh_bankssts,0,150,0.0,0.002646839636545318,297.0,-0.5867985844612121
ALL_SZ,lh_medialorbitofrontal -- rh_caudalanteriorcingulate,1,150,0.006666666666666667,0.0017206050221618308,266.0,-0.43366494774818415
ALL_SZ,lh_medialorbitofrontal -- rh_caudalmiddlefrontal,0,150,0.0,0.0014829668596636634,228.66666666666666,-0.3546863794326782
ALL_SZ,lh_medialorbitofrontal -- rh_cuneus,0,150,0.0,0.002677033377560177,261.6666666666667,0.043558736642201744
ALL_SZ,lh_medialorbitofrontal -- rh_entorhinal,1,150,0.006666666666666667,0.0031412870480513316,166.25,0.9634731970727444
ALL_SZ,lh_medialorbitofrontal -- rh_frontalpole,0,150,0.0,0.00166989395927777,150.14285714285714,0.6367273586136954
ALL_SZ,lh_medialorbitofrontal -- rh_fusiform,2,150,0.013333333333333334,0.004305392436476995,167.25,-0.944501169025898
ALL_SZ,lh_medialorbitofrontal -- rh_inferiorparietal,1,150,0.006666666666666667,0.0024080046414959883,278.0,-0.8603824973106384
ALL_SZ,lh_medialorbitofrontal -- rh_inferiortemporal,0,150,0.0,0.0016147095420886181,201.0,0.0014984607696533203
ALL_SZ,lh_medialorbitofrontal -- rh_insula,0,150,0.0,0.002753949429483503,178.0,-0.9599987098148891
ALL_SZ,lh_medialorbitofrontal -- rh_isthmuscingulate,0,150,0.0,0.003192808627596222,193.3,-0.9577729523181915
ALL_SZ,lh_medialorbitofrontal -- rh_lateraloccipital,0,150,0.0,0.0014568042161179787,409.6666666666667,0.33845853805542
ALL_SZ,lh_medialorbitofrontal -- rh_lateralorbitofrontal,2,150,0.013333333333333334,0.0035949876258466545,285.75,-0.004263048370679201
ALL_SZ,lh_medialorbitofrontal -- rh_lingual,0,150,0.0,0.0027679727132648626,218.16666666666666,-0.4689589440822602
ALL_SZ,lh_medialorbitofrontal -- rh_medialorbitofrontal,4,150,0.02666666666666667,0.004227533937613777,147.76923076923077,0.9640936255455017
ALL_SZ,lh_medialorbitofrontal -- rh_middletemporal,0,150,0.0,0.0014971380115296827,293.25,0.007366791367530795
ALL_SZ,lh_medialorbitofrontal -- rh_paracentral,1,150,0.006666666666666667,0.0026348801559153198,212.08333333333334,0.16406660775343582
ALL_SZ,lh_medialorbitofrontal -- rh_parahippocampal,0,150,0.0,0.001422091797511174,410.0,-0.9065129160881042
ALL_SZ,lh_medialorbitofrontal -- rh_parsopercularis,1,150,0.006666666666666667,0.003201310785135859,219.8,-0.9601042032241821
ALL_SZ,lh_medialorbitofrontal -- rh_parsorbitalis,1,150,0.006666666666666667,0.00226692134810984,148.57894736842104,0.8421747872703954
ALL_SZ,lh_medialorbitofrontal -- rh_parstriangularis,0,150,0.0,0.0034087197301047242,201.75,-0.516382709145546
ALL_SZ,lh_medialorbitofrontal -- rh_pericalcarine,1,150,0.006666666666666667,0.004148735004574673,209.7,0.41749520897865294
ALL_SZ,lh_medialorbitofrontal -- rh_postcentral,1,150,0.006666666666666667,0.0038004855067871875,88.625,-0.22525412589311608
ALL_SZ,lh_medialorbitofrontal -- rh_posteriorcingulate,0,150,0.0,0.003051053366691846,184.7,-0.59015753865242
ALL_SZ,lh_medialorbitofrontal -- rh_precentral,0,150,0.0,0.001932344216858584,156.0,0.010157763957977295
ALL_SZ,lh_medialorbitofrontal -- rh_precuneus,0,150,0.0,0.0021728151256220677,258.0,-0.9471668813909803
ALL_SZ,lh_medialorbitofrontal -- rh_rostralanteriorcingulate,0,150,0.0,0.0038454613797428705,157.33333333333334,-0.9591068029403688
ALL_SZ,lh_medialorbitofrontal -- rh_rostralmiddlefrontal,0,150,0.0,0.0018698913567237714,345.3333333333333,0.33783551057179767
ALL_SZ,lh_medialorbitofrontal -- rh_superiorfrontal,0,150,0.0,0.003437762967485384,209.0,0.9331507682800293
ALL_SZ,lh_medialorbitofrontal -- rh_superiorparietal,0,150,0.0,0.0014652301519815294,307.0,0.30175872643788654
ALL_SZ,lh_medialorbitofrontal -- rh_superiortemporal,0,150,0.0,0.0014596689687750395,179.66666666666666,0.8608609835306803
ALL_SZ,lh_medialorbitofrontal -- rh_supramarginal,4,150,0.02666666666666667,0.0044825724061899695,114.0,-0.6107706969434564
ALL_SZ,lh_medialorbitofrontal -- rh_temporalpole,2,150,0.013333333333333334,0.003193093238842854,139.73684210526315,0.9506883370248895
ALL_SZ,lh_medialorbitofrontal -- rh_transversetemporal,1,150,0.006666666666666667,0.005448139989208887,104.58333333333333,-0.9658411294221878
ALL_SZ,lh_middletemporal -- lh_paracentral,5,150,0.03333333333333333,0.0034369806327208203,213.55555555555554,-0.9459652688768175
ALL_SZ,lh_middletemporal -- lh_parahippocampal,0,150,0.0,0.0038927712903392584,344.0,-0.9408091753721237
ALL_SZ,lh_middletemporal -- lh_parsopercularis,1,150,0.006666666666666667,0.003414691680182877,121.6,-0.9035076141357422
ALL_SZ,lh_middletemporal -- lh_parsorbitalis,0,150,0.0,0.002495055176257218,222.4,0.9462277293205261
ALL_SZ,lh_middletemporal -- lh_parstriangularis,3,150,0.02,0.003339912418759191,191.03030303030303,-0.9428265654679501
ALL_SZ,lh_middletemporal -- lh_pericalcarine,3,150,0.02,0.0033048055791154323,183.36065573770492,-0.9547221162280098
ALL_SZ,lh_middletemporal -- lh_postcentral,3,150,0.02,0.007104007668931437,15.0,0.9396793842315674
ALL_SZ,lh_middletemporal -- lh_posteriorcingulate,2,150,0.013333333333333334,0.002532882073433308,214.6551724137931,-0.9423934868697462
ALL_SZ,lh_middletemporal -- lh_precentral,0,150,0.0,0.0032998469126307053,285.14285714285717,0.9637467265129089
ALL_SZ,lh_middletemporal -- lh_precuneus,1,150,0.006666666666666667,0.0032596761338088325,171.0,-0.927656725049019
ALL_SZ,lh_middletemporal -- lh_rostralanteriorcingulate,0,150,0.0,0.003764570230573053,197.72727272727272,-0.9349643804810264
ALL_SZ,lh_middletemporal -- lh_rostralmiddlefrontal,1,150,0.006666666666666667,0.0041178206469405865,170.16666666666666,0.9392382303873698
ALL_SZ,lh_middletemporal -- lh_superiorfrontal,5,150,0.03333333333333333,0.004753848721444525,161.33333333333334,0.9572453763749864
ALL_SZ,lh_middletemporal -- lh_superiorparietal,2,150,0.013333333333333334,0.006557431239573667,232.25,0.9493140131235123
ALL_SZ,lh_middletemporal -- lh_superiortemporal,4,150,0.02666666666666667,0.0031899264435528334,173.15,0.9682805488506953
ALL_SZ,lh_middletemporal -- lh_supramarginal,4,150,0.02666666666666667,0.004559978292075818,155.625,0.9558944205443064
ALL_SZ,lh_middletemporal -- lh_transversetemporal,0,150,0.0,0.00143387560053053,290.0,-0.8150753378868103
ALL_SZ,lh_middletemporal -- rh_bankssts,2,150,0.013333333333333334,0.0029527429620845105,218.39344262295083,-0.9444382298188131
ALL_SZ,lh_middletemporal -- rh_caudalanteriorcingulate,5,150,0.03333333333333333,0.0029278270168395532,218.68627450980392,-0.9433925969927919
ALL_SZ,lh_middletemporal -- rh_caudalmiddlefrontal,0,150,0.0,0.002694701047237865,248.6206896551724,-0.9276380086767262
ALL_SZ,lh_middletemporal -- rh_frontalpole,0,150,0.0,0.0024766356946604043,160.96296296296296,0.928298866307294
ALL_SZ,lh_middletemporal -- rh_fusiform,1,150,0.006666666666666667,0.002340804057098592,144.33333333333334,0.31708291172981257
ALL_SZ,lh_middletemporal -- rh_inferiorparietal,5,150,0.03333333333333333,0.006262844496659896,153.625,0.970567487180233
ALL_SZ,lh_middletemporal -- rh_inferiortemporal,5,150,0.03333333333333333,0.0034567872129906076,193.03333333333333,0.9628771354754766
ALL_SZ,lh_middletemporal -- rh_insula,1,150,0.006666666666666667,0.0028894063655052634,259.72727272727275,-0.9234083999286998
ALL_SZ,lh_middletemporal -- rh_isthmuscingulate,3,150,0.02,0.0028679180443275097,192.34545454545454,-0.951226637580178
ALL_SZ,lh_middletemporal -- rh_lateraloccipital,2,150,0.013333333333333334,0.004745582752527477,211.5,0.9232116490602493
ALL_SZ,lh_middletemporal -- rh_lateralorbitofrontal,2,150,0.013333333333333334,0.003485411834161396,167.0,-0.9552044680244044
ALL_SZ,lh_middletemporal -- rh_medialorbitofrontal,1,150,0.006666666666666667,0.003110280759017969,195.8,0.9718031942844391
ALL_SZ,lh_middletemporal -- rh_middletemporal,9,150,0.06,0.003516463282783625,191.00943396226415,0.9775023803396045
ALL_SZ,lh_middletemporal -- rh_paracentral,5,150,0.03333333333333333,0.0037000263879977506,176.85245901639345,-0.9571100825169048
ALL_SZ,lh_middletemporal -- rh_parahippocampal,0,150,0.0,0.0020477590359506146,280.1111111111111,-0.9436437487602234
ALL_SZ,lh_middletemporal -- rh_parsopercularis,1,150,0.006666666666666667,0.002973119542175663,194.875,-0.9556618072092533
ALL_SZ,lh_middletemporal -- rh_parsorbitalis,0,150,0.0,0.002286759328696752,214.57142857142858,0.9292200292859759
ALL_SZ,lh_middletemporal -- rh_parstriangularis,5,150,0.03333333333333333,0.003964610511571868,200.65714285714284,-0.9535958545548575
ALL_SZ,lh_middletemporal -- rh_pericalcarine,5,150,0.03333333333333333,0.0032879844448290767,175.8909090909091,-0.9513946890830993
ALL_SZ,lh_middletemporal -- rh_postcentral,0,150,0.0,0.0021801466479820443,219.0,0.9204114675521852
ALL_SZ,lh_middletemporal -- rh_posteriorcingulate,1,150,0.006666666666666667,0.0028441383037744327,214.55357142857142,-0.9435374449406352
ALL_SZ,lh_middletemporal -- rh_precentral,3,150,0.02,0.00574911548327629,175.4,0.9564923048019409
ALL_SZ,lh_middletemporal -- rh_rostralanteriorcingulate,3,150,0.02,0.006634453529822171,118.66666666666667,-0.9623327453931173
ALL_SZ,lh_middletemporal -- rh_rostralmiddlefrontal,5,150,0.03333333333333333,0.0053366656021538094,105.58333333333333,0.9478400697310764
ALL_SZ,lh_middletemporal -- rh_superiorfrontal,5,150,0.03333333333333333,0.0052643880033293785,147.33333333333334,0.965602369535537
ALL_SZ,lh_middletemporal -- rh_superiorparietal,0,150,0.0,0.0015899988208985796,489.5,0.9445450007915497
ALL_SZ,lh_middletemporal -- rh_superiortemporal,3,150,0.02,0.00318828967145953,192.73611111111111,0.9627955307563146
ALL_SZ,lh_middletemporal -- rh_supramarginal,1,150,0.006666666666666667,0.003430601349851203,260.15384615384613,0.9388371751858637
ALL_SZ,lh_paracentral -- lh_parahippocampal,2,150,0.013333333333333334,0.00306990709192397,173.33333333333334,0.9598890344301859
ALL_SZ,lh_paracentral -- lh_parsopercularis,0,150,0.0,0.003038161298255247,170.46153846153845,0.9474581480026245
ALL_SZ,lh_paracentral -- lh_parstriangularis,4,150,0.02666666666666667,0.004295705558401897,163.35897435897436,0.961427376820491
ALL_SZ,lh_paracentral -- lh_pericalcarine,3,150,0.02,0.003972157613892215,182.53333333333333,0.9497942805290223
ALL_SZ,lh_paracentral -- lh_postcentral,0,150,0.0,0.002767028870777525,197.94117647058823,-0.9609916736097897
ALL_SZ,lh_paracentral -- lh_posteriorcingulate,0,150,0.0,0.0027934791183596795,225.6829268292683,0.9499506005426732
ALL_SZ,lh_paracentral -- lh_precentral,0,150,0.0,0.0028390338106934936,218.8846153846154,-0.951829350911654
ALL_SZ,lh_paracentral -- lh_precuneus,0,150,0.0,0.00138239995712435,201.0,-0.8706592321395874
ALL_SZ,lh_paracentral -- lh_rostralanteriorcingulate,1,150,0.006666666666666667,0.002619062982867434,256.1,0.9443327605724334
ALL_SZ,lh_paracentral -- lh_rostralmiddlefrontal,1,150,0.006666666666666667,0.0028360114379185728,199.6060606060606,-0.954041423219623
ALL_SZ,lh_paracentral -- lh_superiorfrontal,0,150,0.0,0.002009850669336199,292.11538461538464,-0.9302269495450534
ALL_SZ,lh_paracentral -- lh_superiorparietal,0,150,0.0,0.0029123010638739248,163.8181818181818,-0.9539028758352454
ALL_SZ,lh_paracentral -- lh_superiortemporal,0,150,0.0,0.002424828861091203,230.11111111111111,-0.9410657198340805
ALL_SZ,lh_paracentral -- lh_supramarginal,1,150,0.006666666666666667,0.0027333792965693188,248.22727272727272,-0.9698625884272836
ALL_SZ,lh_paracentral -- lh_transversetemporal,0,150,0.0,0.0025393643017263645,222.66666666666666,0.9791938662528992
ALL_SZ,lh_paracentral -- rh_bankssts,2,150,0.013333333333333334,0.0030911744183708483,200.70689655172413,0.9632240204975523
ALL_SZ,lh_paracentral -- rh_caudalanteriorcingulate,1,150,0.006666666666666667,0.0024246047730894613,206.0,0.9483215990993712
ALL_SZ,lh_paracentral -- rh_caudalmiddlefrontal,1,150,0.006666666666666667,0.0027641132865498636,229.5625,0.9149833992123604
ALL_SZ,lh_paracentral -- rh_cuneus,0,150,0.0,0.003619716956594845,137.66666666666666,-0.9722073078155518
ALL_SZ,lh_paracentral -- rh_entorhinal,0,150,0.0,0.003855032711237748,165.0,0.9372372031211852
ALL_SZ,lh_paracentral -- rh_frontalpole,1,150,0.006666666666666667,0.0036757499952269255,138.0,-0.9260569214820862
ALL_SZ,lh_paracentral -- rh_fusiform,1,150,0.006666666666666667,0.0023814565508732746,197.22222222222223,-0.5016894671652052
ALL_SZ,lh_paracentral -- rh_inferiorparietal,1,150,0.006666666666666667,0.0032606202861570166,255.94285714285715,-0.9547468321663993
ALL_SZ,lh_paracentral -- rh_inferiortemporal,1,150,0.006666666666666667,0.0023981720650655515,255.25,-0.9348219335079193
ALL_SZ,lh_paracentral -- rh_insula,1,150,0.006666666666666667,0.0024226121626089343,228.89473684210526,0.9380209414582503
ALL_SZ,lh_paracentral -- rh_isthmuscingulate,2,150,0.013333333333333334,0.0030092100379931707,198.6851851851852,0.9669981874801494
ALL_SZ,lh_paracentral -- rh_lateraloccipital,1,150,0.006666666666666667,0.002438673224130484,316.5238095238095,-0.9286210111209324
ALL_SZ,lh_paracentral -- rh_lateralorbitofrontal,4,150,0.02666666666666667,0.003982442083835105,157.07407407407408,0.955709837101124
ALL_SZ,lh_paracentral -- rh_lingual,0,150,0.0,0.0020352442657356018,167.33333333333334,-0.9740134477615356
ALL_SZ,lh_paracentral -- rh_medialorbitofrontal,2,150,0.013333333333333334,0.0034391193466526636,130.75,-0.9729412843783697
ALL_SZ,lh_paracentral -- rh_middletemporal,2,150,0.013333333333333334,0.003211483197551182,217.4102564102564,-0.9458598998876718
ALL_SZ,lh_paracentral -- rh_paracentral,9,150,0.06,0.004161785213361652,162.21518987341773,0.9720185663126693
ALL_SZ,lh_paracentral -- rh_parahippocampal,0,150,0.0,0.002987183016356973,197.22222222222223,0.9494139585230086
ALL_SZ,lh_paracentral -- rh_parsopercularis,6,150,0.04,0.004099093196977303,191.83333333333334,0.9415870765844981
ALL_SZ,lh_paracentral -- rh_parstriangularis,3,150,0.02,0.003273752787762989,193.775,0.9600812092423439
ALL_SZ,lh_paracentral -- rh_pericalcarine,1,150,0.006666666666666667,0.003767017974507443,212.2,0.9416205962498982
ALL_SZ,lh_paracentral -- rh_postcentral,3,150,0.02,0.003983450084343925,154.33333333333334,-0.9494421680768331
ALL_SZ,lh_paracentral -- rh_posteriorcingulate,3,150,0.02,0.0027975307197688447,257.22857142857146,0.9418834890638079
ALL_SZ,lh_paracentral -- rh_precentral,0,150,0.0,0.0024808545244813995,232.9375,-0.9469425641000271
ALL_SZ,lh_paracentral -- rh_precuneus,0,150,0.0,0.0027215352193545347,237.66666666666666,-0.9870311617851257
ALL_SZ,lh_paracentral -- rh_rostralanteriorcingulate,1,150,0.006666666666666667,0.0024869231723536013,289.92857142857144,0.9406297547476632
ALL_SZ,lh_paracentral -- rh_rostralmiddlefrontal,1,150,0.006666666666666667,0.0029679602154383928,194.74285714285713,-0.9548160927636283
ALL_SZ,lh_paracentral -- rh_superiorfrontal,0,150,0.0,0.001985222414835344,291.17857142857144,-0.9334525402103152
ALL_SZ,lh_paracentral -- rh_superiorparietal,0,150,0.0,0.002937319112403794,172.8235294117647,-0.9579704123384812
ALL_SZ,lh_paracentral -- rh_superiortemporal,0,150,0.0,0.002113781336222697,270.04545454545456,-0.9260356317866932
ALL_SZ,lh_paracentral -- rh_supramarginal,0,150,0.0,0.002362166000718668,254.57142857142858,-0.9396945749010358
ALL_SZ,lh_parahippocampal -- lh_parsopercularis,4,150,0.02666666666666667,0.0034103317163797255,172.66666666666666,0.9642872235231232
ALL_SZ,lh_parahippocampal -- lh_parstriangularis,0,150,0.0,0.002446501492086464,220.86666666666667,0.9424473603566488
ALL_SZ,lh_parahippocampal -- lh_pericalcarine,0,150,0.0,0.0013315944962703366,523.0,0.850860059261322
ALL_SZ,lh_parahippocampal -- lh_postcentral,2,150,0.013333333333333334,0.002620770635360942,239.25,-0.9507829203055456
ALL_SZ,lh_parahippocampal -- lh_posteriorcingulate,0,150,0.0,0.003914897032600422,217.5,0.9696987420320511
ALL_SZ,lh_parahippocampal -- lh_precentral,4,150,0.02666666666666667,0.003215247313728671,185.4909090909091,-0.9655543663284996
ALL_SZ,lh_parahippocampal -- lh_precuneus,0,150,0.0,0.0029742592959014127,176.77777777777777,-0.9336756202909682
ALL_SZ,lh_parahippocampal -- lh_rostralanteriorcingulate,1,150,0.006666666666666667,0.0027985936398217197,217.8095238095238,0.9627741021769387
ALL_SZ,lh_parahippocampal -- lh_rostralmiddlefrontal,2,150,0.013333333333333334,0.0029315874223796693,216.4318181818182,-0.9598918489434503
ALL_SZ,lh_parahippocampal -- lh_superiorfrontal,1,150,0.006666666666666667,0.002710784108180231,216.48,-0.9432818603515625
ALL_SZ,lh_parahippocampal -- lh_superiorparietal,3,150,0.02,0.002868372303792259,217.4264705882353,-0.9600883748601464
ALL_SZ,lh_parahippocampal -- lh_superiortemporal,2,150,0.013333333333333334,0.00389105832690676,204.4,-0.9333351194858551
ALL_SZ,lh_parahippocampal -- lh_supramarginal,4,150,0.02666666666666667,0.0036241906049121913,203.02325581395348,-0.9558248173358829
ALL_SZ,lh_parahippocampal -- lh_temporalpole,0,150,0.0,0.001446453007132219,289.0,0.8141137957572937
ALL_SZ,lh_parahippocampal -- lh_transversetemporal,0,150,0.0,0.0014095159966423833,404.4,0.8652291178703309
ALL_SZ,lh_parahippocampal -- rh_bankssts,0,150,0.0,0.0026149440146086556,343.875,0.9263617992401123
ALL_SZ,lh_parahippocampal -- rh_caudalanteriorcingulate,0,150,0.0,0.0016590099608369121,311.5,0.9044664005438486
ALL_SZ,lh_parahippocampal -- rh_caudalmiddlefrontal,0,150,0.0,0.0030387972776620576,412.0,0.9425626198450724
ALL_SZ,lh_parahippocampal -- rh_cuneus,3,150,0.02,0.0038954477802439313,147.80645161290323,-0.9556530348716243
ALL_SZ,lh_parahippocampal -- rh_entorhinal,0,150,0.0,0.002846695806477914,181.54545454545453,0.9473427154801108
ALL_SZ,lh_parahippocampal -- rh_fusiform,0,150,0.0,0.0037379946475909476,91.0,0.9674746841192245
ALL_SZ,lh_parahippocampal -- rh_inferiorparietal,1,150,0.006666666666666667,0.002343206859506329,277.5769230769231,-0.9263659761502192
ALL_SZ,lh_parahippocampal -- rh_insula,1,150,0.006666666666666667,0.002432066398759005,248.66666666666666,0.9574072228537666
ALL_SZ,lh_parahippocampal -- rh_isthmuscingulate,0,150,0.0,0.0033227628499380934,245.8,0.9588846325874328
ALL_SZ,lh_parahippocampal -- rh_lateraloccipital,4,150,0.02666666666666667,0.0032617535611893416,189.21212121212122,-0.9601657625400659
ALL_SZ,lh_parahippocampal -- rh_lateralorbitofrontal,2,150,0.013333333333333334,0.0045000927193027,172.4,0.38414273858070375
ALL_SZ,lh_parahippocampal -- rh_lingual,2,150,0.013333333333333334,0.0026943193801415165,199.65217391304347,-0.9483317395915156
ALL_SZ,lh_parahippocampal -- rh_medialorbitofrontal,1,150,0.006666666666666667,0.002804894040373662,229.66666666666666,-0.9565359791119893
ALL_SZ,lh_parahippocampal -- rh_middletemporal,0,150,0.0,0.0014704309158543717,221.0,-0.937858521938324
ALL_SZ,lh_parahippocampal -- rh_paracentral,0,150,0.0,0.0047295969630032604,242.33333333333334,0.965348780155182
ALL_SZ,lh_parahippocampal -- rh_parahippocampal,3,150,0.02,0.0030673485244018905,181.35211267605635,0.9693743175184223
ALL_SZ,lh_parahippocampal -- rh_parsopercularis,3,150,0.02,0.003072006500787874,204.0,0.9593170489583697
ALL_SZ,lh_parahippocampal -- rh_parstriangularis,0,150,0.0,0.002258970512451817,254.30769230769232,0.9223431715598474
ALL_SZ,lh_parahippocampal -- rh_pericalcarine,0,150,0.0,0.0013430303349354627,494.0,0.8841282725334167
ALL_SZ,lh_parahippocampal -- rh_postcentral,1,150,0.006666666666666667,0.002593132135411615,199.38095238095238,-0.9428135128248305
ALL_SZ,lh_parahippocampal -- rh_posteriorcingulate,1,150,0.006666666666666667,0.005199116880949155,109.33333333333333,0.9486221075057985
ALL_SZ,lh_parahippocampal -- rh_precentral,4,150,0.02666666666666667,0.0032448895002740604,173.42857142857142,-0.9634809702161758
ALL_SZ,lh_parahippocampal -- rh_precuneus,1,150,0.006666666666666667,0.003215520641960454,167.91304347826087,-0.9471043788868448
ALL_SZ,lh_parahippocampal -- rh_rostralanteriorcingulate,1,150,0.006666666666666667,0.0032045157707935195,185.83333333333334,0.9418155962512607
ALL_SZ,lh_parahippocampal -- rh_rostralmiddlefrontal,7,150,0.04666666666666667,0.0031846383932910513,185.66666666666666,-0.9631257631160595
ALL_SZ,lh_parahippocampal -- rh_superiorfrontal,0,150,0.0,0.002671437470554278,226.375,-0.9438497150937716
ALL_SZ,lh_parahippocampal -- rh_superiorparietal,7,150,0.04666666666666667,0.003541329330564453,207.0,-0.9619912280552629
ALL_SZ,lh_parahippocampal -- rh_superiortemporal,0,150,0.0,0.0013515138401542527,476.0,-0.9238855242729188
ALL_SZ,lh_parahippocampal -- rh_supramarginal,2,150,0.013333333333333334,0.0026749787433064344,219.12,-0.7125410723686219
ALL_SZ,lh_parahippocampal -- rh_temporalpole,0,150,0.0,0.0014055319440733217,392.5,0.8315211236476898
ALL_SZ,lh_parahippocampal -- rh_transversetemporal,2,150,0.013333333333333334,0.004424906224493123,119.36363636363636,0.9327932812950828
ALL_SZ,lh_parsopercularis -- lh_parstriangularis,2,150,0.013333333333333334,0.002409936830150671,225.1904761904762,0.9536552116984413
ALL_SZ,lh_parsopercularis -- lh_postcentral,1,150,0.006666666666666667,0.0026831974607959483,217.59375,-0.950770940631628
ALL_SZ,lh_parsopercularis -- lh_posteriorcingulate,1,150,0.006666666666666667,0.004563741739545588,186.33333333333334,0.9519453512297736
ALL_SZ,lh_parsopercularis -- lh_precentral,1,150,0.006666666666666667,0.0030372204824867634,238.9795918367347,-0.9579293071007242
ALL_SZ,lh_parsopercularis -- lh_precuneus,0,150,0.0,0.0016738259684372012,241.0,-0.9191001296043396
ALL_SZ,lh_parsopercularis -- lh_rostralanteriorcingulate,3,150,0.02,0.003818395434640045,220.92857142857142,0.9542986253897349
ALL_SZ,lh_parsopercularis -- lh_rostralmiddlefrontal,7,150,0.04666666666666667,0.0034344468183917297,187.94871794871796,-0.9429658208137903
ALL_SZ,lh_parsopercularis -- lh_superiorfrontal,2,150,0.013333333333333334,0.0035806657790518966,172.64285714285714,-0.9409621272768293
ALL_SZ,lh_parsopercularis -- lh_superiorparietal,2,150,0.013333333333333334,0.0027632319299433507,245.55,-0.9605296596884727
ALL_SZ,lh_parsopercularis -- lh_superiortemporal,5,150,0.03333333333333333,0.004210834214213455,169.85,-0.9367508828639984
ALL_SZ,lh_parsopercularis -- lh_supramarginal,7,150,0.04666666666666667,0.003913175099515901,177.03389830508473,-0.9574125207076638
ALL_SZ,lh_parsopercularis -- lh_transversetemporal,6,150,0.04,0.004537010406878694,216.7,0.9590210169553757
ALL_SZ,lh_parsopercularis -- rh_bankssts,2,150,0.013333333333333334,0.0029363735568467934,210.23809523809524,0.9584572939645677
ALL_SZ,lh_parsopercularis -- rh_caudalanteriorcingulate,1,150,0.006666666666666667,0.004196231273079551,182.14285714285714,0.9620212827410016
ALL_SZ,lh_parsopercularis -- rh_caudalmiddlefrontal,2,150,0.013333333333333334,0.003115150281084443,214.8125,0.9343666508793831
ALL_SZ,lh_parsopercularis -- rh_cuneus,1,150,0.006666666666666667,0.0028181993022715047,240.72727272727272,-0.9356111884117126
ALL_SZ,lh_parsopercularis -- rh_entorhinal,0,150,0.0,0.0020277184201536774,201.0,0.9157269895076752
ALL_SZ,lh_parsopercularis -- rh_fusiform,3,150,0.02,0.004664359742685039,90.875,0.9477779418230057
ALL_SZ,lh_parsopercularis -- rh_inferiorparietal,6,150,0.04,0.0038375351274265597,220.1081081081081,-0.949732659636317
ALL_SZ,lh_parsopercularis -- rh_inferiortemporal,2,150,0.013333333333333334,0.006736913937895483,113.4,-0.9542349338531494
ALL_SZ,lh_parsopercularis -- rh_insula,5,150,0.03333333333333333,0.0038902336006162983,181.9375,0.958261463791132
ALL_SZ,lh_parsopercularis -- rh_isthmuscingulate,0,150,0.0,0.0021542483608047386,312.25,0.9289999082684517
ALL_SZ,lh_parsopercularis -- rh_lateraloccipital,2,150,0.013333333333333334,0.0027732338059230487,226.2093023255814,-0.9533607225085414
ALL_SZ,lh_parsopercularis -- rh_lateralorbitofrontal,0,150,0.0,0.003298579363219734,135.85714285714286,0.9545823846544538
ALL_SZ,lh_parsopercularis -- rh_lingual,0,150,0.0,0.002088633712316487,360.8888888888889,-0.9170781970024109
ALL_SZ,lh_parsopercularis -- rh_medialorbitofrontal,0,150,0.0,0.002039751859391086,298.9166666666667,-0.9145351747671763
ALL_SZ,lh_parsopercularis -- rh_middletemporal,3,150,0.02,0.005570937594242533,165.6,-0.9573325634002685
ALL_SZ,lh_parsopercularis -- rh_paracentral,0,150,0.0,0.002485024412685392,285.3333333333333,0.9161656498908997
ALL_SZ,lh_parsopercularis -- rh_parahippocampal,5,150,0.03333333333333333,0.003437752238781364,193.2037037037037,0.9636035351841538
ALL_SZ,lh_parsopercularis -- rh_parsopercularis,0,150,0.0,0.0024791389219073995,224.42424242424244,0.9433127244313558
ALL_SZ,lh_parsopercularis -- rh_parstriangularis,3,150,0.02,0.003757420038345868,186.72,0.8722128963470459
ALL_SZ,lh_parsopercularis -- rh_postcentral,0,150,0.0,0.002834307047832688,214.75,-0.9394794255495071
ALL_SZ,lh_parsopercularis -- rh_posteriorcingulate,1,150,0.006666666666666667,0.004212631944679365,192.64285714285714,0.9609895433698382
ALL_SZ,lh_parsopercularis -- rh_precentral,3,150,0.02,0.0033536219988757497,222.66666666666666,-0.9458873286133721
ALL_SZ,lh_parsopercularis -- rh_precuneus,0,150,0.0,0.0016149032567025262,254.42857142857142,-0.8742069005966187
ALL_SZ,lh_parsopercularis -- rh_rostralanteriorcingulate,0,150,0.0,0.0022577492185054562,284.35714285714283,0.9442509434052876
ALL_SZ,lh_parsopercularis -- rh_rostralmiddlefrontal,1,150,0.006666666666666667,0.0026600445533554286,240.29268292682926,-0.9564438084276711
ALL_SZ,lh_parsopercularis -- rh_superiorfrontal,5,150,0.03333333333333333,0.004317151003435497,178.26470588235293,-0.9462550492847667
ALL_SZ,lh_parsopercularis -- rh_superiorparietal,5,150,0.03333333333333333,0.004078353603232196,149.34146341463415,-0.9558002541704875
ALL_SZ,lh_parsopercularis -- rh_superiortemporal,2,150,0.013333333333333334,0.005392577776778669,138.0,-0.9612800053187779
ALL_SZ,lh_parsopercularis -- rh_supramarginal,3,150,0.02,0.003898922719962897,175.75,-0.5739623308181763
ALL_SZ,lh_parsopercularis -- rh_transversetemporal,1,150,0.006666666666666667,0.0030694839748128377,214.63636363636363,0.9606799402020194
ALL_SZ,lh_parsorbitalis -- lh_parstriangularis,0,150,0.0,0.0015430357866694552,170.25,-0.4591558426618576
ALL_SZ,lh_parsorbitalis -- lh_pericalcarine,2,150,0.013333333333333334,0.003366649500045246,159.1315789473684,-0.9559224404786762
ALL_SZ,lh_parsorbitalis -- lh_postcentral,0,150,0.0,0.0014188549657959705,323.0,-0.894963800907135
ALL_SZ,lh_parsorbitalis -- lh_posteriorcingulate,0,150,0.0,0.0013833137772582193,456.5,-0.885789155960083
ALL_SZ,lh_parsorbitalis -- lh_precuneus,4,150,0.02666666666666667,0.0032813140537843776,184.1,-0.953776468038559
ALL_SZ,lh_parsorbitalis -- lh_superiortemporal,0,150,0.0,0.001417964445770353,318.6666666666667,0.8583867351214091
ALL_SZ,lh_parsorbitalis -- lh_temporalpole,9,150,0.06,0.003664959201482639,150.15,0.9817829196651776
ALL_SZ,lh_parsorbitalis -- rh_caudalanteriorcingulate,0,150,0.0,0.0014050743564172283,290.0,-0.8683822154998779
ALL_SZ,lh_parsorbitalis -- rh_caudalmiddlefrontal,1,150,0.006666666666666667,0.0028567324789308796,328.25,-0.9377993494272233
ALL_SZ,lh_parsorbitalis -- rh_cuneus,2,150,0.013333333333333334,0.0017779813491478392,210.3,-0.8864557862281799
ALL_SZ,lh_parsorbitalis -- rh_entorhinal,3,150,0.02,0.002949632325221657,156.32142857142858,0.9502365535923413
ALL_SZ,lh_parsorbitalis -- rh_frontalpole,4,150,0.02666666666666667,0.0032513928837128625,172.9516129032258,0.9648621966761928
ALL_SZ,lh_parsorbitalis -- rh_fusiform,1,150,0.006666666666666667,0.0024999428036713203,298.8,-0.19833625555038453
ALL_SZ,lh_parsorbitalis -- rh_inferiortemporal,1,150,0.006666666666666667,0.002376661884651954,237.7058823529412,0.91324383020401
ALL_SZ,lh_parsorbitalis -- rh_isthmuscingulate,0,150,0.0,0.0025244839459913166,188.8,-0.9313396036624908
ALL_SZ,lh_parsorbitalis -- rh_lateralorbitofrontal,1,150,0.006666666666666667,0.0028338218351815912,223.91666666666666,-0.9328177819649378
ALL_SZ,lh_parsorbitalis -- rh_lingual,1,150,0.006666666666666667,0.0022188188771424294,270.3333333333333,-0.9272835850715637
ALL_SZ,lh_parsorbitalis -- rh_medialorbitofrontal,0,150,0.0,0.002258846342805047,174.5,0.6521810789903005
ALL_SZ,lh_parsorbitalis -- rh_middletemporal,1,150,0.006666666666666667,0.0014617969508663204,229.33333333333334,0.8832233250141144
ALL_SZ,lh_parsorbitalis -- rh_parsorbitalis,11,150,0.07333333333333333,0.0035895803625770922,141.73504273504273,0.9822801687778571
ALL_SZ,lh_parsorbitalis -- rh_parstriangularis,0,150,0.0,0.0024089717965331318,238.0,0.17594709396362307
ALL_SZ,lh_parsorbitalis -- rh_pericalcarine,6,150,0.04,0.0032629405010908335,165.45238095238096,-0.9639310510385604
ALL_SZ,lh_parsorbitalis -- rh_postcentral,0,150,0.0,0.001455924727598004,245.0,-0.8372336030006409
ALL_SZ,lh_parsorbitalis -- rh_posteriorcingulate,0,150,0.0,0.0022622394524068217,244.5,-0.92901611328125
ALL_SZ,lh_parsorbitalis -- rh_precentral,0,150,0.0,0.0014356422057285455,289.0,-0.8267951011657715
ALL_SZ,lh_parsorbitalis -- rh_precuneus,2,150,0.013333333333333334,0.002778075492255493,242.46153846153845,-0.930266790665113
ALL_SZ,lh_parsorbitalis -- rh_superiortemporal,1,150,0.006666666666666667,0.0026205133856466918,259.1,0.9532995045185089
ALL_SZ,lh_parsorbitalis -- rh_supramarginal,0,150,0.0,0.003835250127690808,93.25,-0.9343714937567711
ALL_SZ,lh_parsorbitalis -- rh_temporalpole,9,150,0.06,0.003493113077974882,164.38333333333333,0.9774379154046376
ALL_SZ,lh_parstriangularis -- lh_pericalcarine,2,150,0.013333333333333334,0.0035694007323840765,230.21428571428572,0.9397240238530296
ALL_SZ,lh_parstriangularis -- lh_postcentral,1,150,0.006666666666666667,0.0026341717936132804,228.42857142857142,-0.963418878260113
ALL_SZ,lh_parstriangularis -- lh_posteriorcingulate,5,150,0.03333333333333333,0.0029687115144073645,214.57142857142858,0.9588700263273149
ALL_SZ,lh_parstriangularis -- lh_precentral,2,150,0.013333333333333334,0.002968503152721591,204.7,-0.9528439730405808
ALL_SZ,lh_parstriangularis -- lh_precuneus,0,150,0.0,0.0013546045199801288,251.0,-0.8669355511665344
ALL_SZ,lh_parstriangularis -- lh_rostralanteriorcingulate,3,150,0.02,0.003680101159347618,177.78947368421052,0.9718207324806013
ALL_SZ,lh_parstriangularis -- lh_rostralmiddlefrontal,2,150,0.013333333333333334,0.0027090895641932533,228.38709677419354,-0.9388924644839379
ALL_SZ,lh_parstriangularis -- lh_superiorfrontal,0,150,0.0,0.00290927168691269,180.02325581395348,-0.9707923240439836
ALL_SZ,lh_parstriangularis -- lh_superiorparietal,0,150,0.0,0.0025295136355140183,227.07692307692307,-0.9589842351583334
ALL_SZ,lh_parstriangularis -- lh_superiortemporal,3,150,0.02,0.003041024659101156,186.4,-0.9544493079185485
ALL_SZ,lh_parstriangularis -- lh_supramarginal,1,150,0.006666666666666667,0.00308752333087623,168.57142857142858,-0.9506787555558341
ALL_SZ,lh_parstriangularis -- lh_transversetemporal,0,150,0.0,0.0023248595470048445,205.63636363636363,0.9249372753230009
ALL_SZ,lh_parstriangularis -- rh_bankssts,1,150,0.006666666666666667,0.0031168174971291616,181.36507936507937,0.9618384355590457
ALL_SZ,lh_parstriangularis -- rh_caudalanteriorcingulate,1,150,0.006666666666666667,0.0029858946395922336,206.71428571428572,0.9678899071046284
ALL_SZ,lh_parstriangularis -- rh_caudalmiddlefrontal,3,150,0.02,0.0033170121900589385,215.48648648648648,0.9544115517590497
ALL_SZ,lh_parstriangularis -- rh_cuneus,0,150,0.0,0.0022738604434279085,115.66666666666667,-0.9078404307365417
ALL_SZ,lh_parstriangularis -- rh_entorhinal,0,150,0.0,0.0014331162623529708,216.0,0.8405807316303253
ALL_SZ,lh_parstriangularis -- rh_frontalpole,2,150,0.013333333333333334,0.005452501978701538,142.28571428571428,-0.9584153720310756
ALL_SZ,lh_parstriangularis -- rh_fusiform,0,150,0.0,0.001422422190553929,402.5,0.01396922767162323
ALL_SZ,lh_parstriangularis -- rh_inferiorparietal,1,150,0.006666666666666667,0.0037134789328393688,169.4318181818182,-0.956454420631582
ALL_SZ,lh_parstriangularis -- rh_inferiortemporal,2,150,0.013333333333333334,0.0029814828236908206,176.8181818181818,-0.9441447203809564
ALL_SZ,lh_parstriangularis -- rh_insula,2,150,0.013333333333333334,0.0030129470217454112,182.85416666666666,0.9578068008025488
ALL_SZ,lh_parstriangularis -- rh_isthmuscingulate,4,150,0.02666666666666667,0.0032379289509655023,169.125,0.9649403691291809
ALL_SZ,lh_parstriangularis -- rh_lateraloccipital,0,150,0.0,0.002177823915868748,280.0,-0.9391540565661022
ALL_SZ,lh_parstriangularis -- rh_lateralorbitofrontal,1,150,0.006666666666666667,0.0029879436259770817,175.2,0.9568483680486679
ALL_SZ,lh_parstriangularis -- rh_lingual,0,150,0.0,0.001624294593345598,322.8,-0.925943660736084
ALL_SZ,lh_parstriangularis -- rh_medialorbitofrontal,0,150,0.0,0.002652388888756647,171.73684210526315,-0.9577703068130895
ALL_SZ,lh_parstriangularis -- rh_middletemporal,0,150,0.0,0.0027044235813936577,203.25925925925927,-0.9445964473265188
ALL_SZ,lh_parstriangularis -- rh_paracentral,3,150,0.02,0.0033420074884986314,181.19444444444446,0.9621580905384488
ALL_SZ,lh_parstriangularis -- rh_parahippocampal,0,150,0.0,0.0023748202270453367,245.82142857142858,0.939425161906651
ALL_SZ,lh_parstriangularis -- rh_parsopercularis,7,150,0.04666666666666667,0.003883216836203374,160.13953488372093,0.9572140477424445
ALL_SZ,lh_parstriangularis -- rh_parsorbitalis,0,150,0.0,0.001450484387230157,350.0,-0.8701734840869904
ALL_SZ,lh_parstriangularis -- rh_parstriangularis,4,150,0.02666666666666667,0.003717927720778402,166.14285714285714,0.9710023707273056
ALL_SZ,lh_parstriangularis -- rh_pericalcarine,3,150,0.02,0.0031523327606174305,264.1818181818182,0.9357683875344016
ALL_SZ,lh_parstriangularis -- rh_postcentral,0,150,0.0,0.002505381680693212,216.73076923076923,-0.9454000431757706
ALL_SZ,lh_parstriangularis -- rh_posteriorcingulate,5,150,0.03333333333333333,0.0034816879580993527,201.06976744186048,0.960984931435696
ALL_SZ,lh_parstriangularis -- rh_precentral,0,150,0.0,0.002843805405266031,187.73684210526315,-0.9599576561074508
ALL_SZ,lh_parstriangularis -- rh_precuneus,1,150,0.006666666666666667,0.0023744642431632085,192.33333333333334,-0.9731157720088959
ALL_SZ,lh_parstriangularis -- rh_rostralanteriorcingulate,3,150,0.02,0.00429198389693496,143.04166666666666,0.9583542719483376
ALL_SZ,lh_parstriangularis -- rh_rostralmiddlefrontal,0,150,0.0,0.0024089971702785547,224.8181818181818,-0.9482662569392811
ALL_SZ,lh_parstriangularis -- rh_superiorfrontal,3,150,0.02,0.002918339447485206,195.27272727272728,-0.9669412740252235
ALL_SZ,lh_parstriangularis -- rh_superiorparietal,2,150,0.013333333333333334,0.002664230985894467,215.16666666666666,-0.9457716022928556
ALL_SZ,lh_parstriangularis -- rh_superiortemporal,2,150,0.013333333333333334,0.00314636577470698,229.85714285714286,-0.9337503370784578
ALL_SZ,lh_parstriangularis -- rh_supramarginal,1,150,0.006666666666666667,0.002739607330349938,222.16666666666666,-0.9437055190404257
ALL_SZ,lh_parstriangularis -- rh_transversetemporal,2,150,0.013333333333333334,0.005689474297141165,98.07692307692308,0.9684297213187585
ALL_SZ,lh_pericalcarine -- lh_posteriorcingulate,3,150,0.02,0.00237695105034234,279.44,0.9145703053474427
ALL_SZ,lh_pericalcarine -- lh_precuneus,0,150,0.0,0.0016360800744502,335.6666666666667,0.9339112440745035
ALL_SZ,lh_pericalcarine -- lh_superiortemporal,1,150,0.006666666666666667,0.0022572474256306817,274.8,-0.9418479402860005
ALL_SZ,lh_pericalcarine -- lh_temporalpole,2,150,0.013333333333333334,0.00228092229888011,214.36363636363637,-0.8799150640314276
ALL_SZ,lh_pericalcarine -- rh_bankssts,2,150,0.013333333333333334,0.003497330925459671,292.1666666666667,0.8722187181313833
ALL_SZ,lh_pericalcarine -- rh_caudalanteriorcingulate,2,150,0.013333333333333334,0.002132050993897637,239.5,0.9127357602119446
ALL_SZ,lh_pericalcarine -- rh_caudalmiddlefrontal,1,150,0.006666666666666667,0.003010221583477374,248.72727272727272,0.9307288310744546
ALL_SZ,lh_pericalcarine -- rh_cuneus,0,150,0.0,0.0015071850081643373,245.0,0.8835259278615316
ALL_SZ,lh_pericalcarine -- rh_entorhinal,2,150,0.013333333333333334,0.002868649789979829,175.0,-0.9000065525372823
ALL_SZ,lh_pericalcarine -- rh_frontalpole,16,150,0.10666666666666667,0.004175752866372993,133.9075630252101,-0.9800308116343843
ALL_SZ,lh_pericalcarine -- rh_fusiform,1,150,0.006666666666666667,0.0030094390855157694,201.66666666666666,-0.6165928343931834
ALL_SZ,lh_pericalcarine -- rh_inferiortemporal,1,150,0.006666666666666667,0.0022681508363897778,277.4230769230769,-0.9127256274223328
ALL_SZ,lh_pericalcarine -- rh_isthmuscingulate,3,150,0.02,0.003508936489433516,175.3181818181818,0.9551644948395815
ALL_SZ,lh_pericalcarine -- rh_lateralorbitofrontal,3,150,0.02,0.0036812815156708166,154.8695652173913,0.94935303149016
ALL_SZ,lh_pericalcarine -- rh_medialorbitofrontal,1,150,0.006666666666666667,0.00341707106426664,158.0,-0.8164931589906866
ALL_SZ,lh_pericalcarine -- rh_middletemporal,1,150,0.006666666666666667,0.0024128490550276763,224.57777777777778,-0.9437609248691134
ALL_SZ,lh_pericalcarine -- rh_paracentral,2,150,0.013333333333333334,0.004484533733747288,216.3125,0.9430427402257919
ALL_SZ,lh_pericalcarine -- rh_parahippocampal,0,150,0.0,0.0014089162621313302,354.0,0.8961851596832275
ALL_SZ,lh_pericalcarine -- rh_parsopercularis,0,150,0.0,0.0014046859029044783,365.0,0.855929970741272
ALL_SZ,lh_pericalcarine -- rh_parsorbitalis,2,150,0.013333333333333334,0.0031495990028905475,162.56756756756758,-0.951700929048899
ALL_SZ,lh_pericalcarine -- rh_parstriangularis,3,150,0.02,0.0047830688620271854,140.1764705882353,0.9534879677435931
ALL_SZ,lh_pericalcarine -- rh_pericalcarine,29,150,0.19333333333333333,0.004726236875035768,132.62666666666667,0.9942854142189026
ALL_SZ,lh_pericalcarine -- rh_posteriorcingulate,1,150,0.006666666666666667,0.002355498863153063,228.5,0.9188723911841711
ALL_SZ,lh_pericalcarine -- rh_precuneus,0,150,0.0,0.0013915402925900205,450.0,0.864552915096283
ALL_SZ,lh_pericalcarine -- rh_superiortemporal,2,150,0.013333333333333334,0.0025539142510856185,254.5,-0.9381131678819656
ALL_SZ,lh_pericalcarine -- rh_supramarginal,1,150,0.006666666666666667,0.0030407745905642663,149.0,-0.9235664904117584
ALL_SZ,lh_pericalcarine -- rh_temporalpole,1,150,0.006666666666666667,0.0019463481187800137,268.75,-0.8752371966838837
ALL_SZ,lh_postcentral -- lh_precentral,2,150,0.013333333333333334,0.002688392095555529,230.9090909090909,0.951935064792633
ALL_SZ,lh_postcentral -- lh_precuneus,0,150,0.0,0.0027327920952441125,218.3,0.9434624552726746
ALL_SZ,lh_postcentral -- lh_rostralanteriorcingulate,0,150,0.0,0.002313545927268577,257.5,-0.9246710722263043
ALL_SZ,lh_postcentral -- lh_rostralmiddlefrontal,3,150,0.02,0.003338806992405393,167.4954128440367,0.9672205814527809
ALL_SZ,lh_postcentral -- lh_superiorfrontal,0,150,0.0,0.0015966743457486003,225.0,0.8832671557153974
ALL_SZ,lh_postcentral -- lh_superiorparietal,5,150,0.03333333333333333,0.003108030351316559,194.03937007874015,0.9800596720590367
ALL_SZ,lh_postcentral -- lh_superiortemporal,2,150,0.013333333333333334,0.0037069278422847247,116.875,0.9455522075295448
ALL_SZ,lh_postcentral -- lh_supramarginal,4,150,0.02666666666666667,0.0031197212884879547,199.23728813559322,0.9578095401747752
ALL_SZ,lh_postcentral -- rh_caudalmiddlefrontal,0,150,0.0,0.001723634887294579,46.0,-0.8510497808456421
ALL_SZ,lh_postcentral -- rh_cuneus,0,150,0.0,0.002654555766873819,179.1851851851852,0.9462476770083109
ALL_SZ,lh_postcentral -- rh_entorhinal,0,150,0.0,0.0013385587510493918,435.3333333333333,-0.8587197562058767
ALL_SZ,lh_postcentral -- rh_inferiorparietal,4,150,0.02666666666666667,0.003110948202091849,214.97297297297297,0.9574336618990511
ALL_SZ,lh_postcentral -- rh_insula,0,150,0.0,0.0013608633153210639,558.0,-0.8020205497741699
ALL_SZ,lh_postcentral -- rh_isthmuscingulate,0,150,0.0,0.00209677734929543,305.25,-0.939675360918045
ALL_SZ,lh_postcentral -- rh_lateraloccipital,5,150,0.03333333333333333,0.003165776907036543,222.47252747252747,0.9538298013446095
ALL_SZ,lh_postcentral -- rh_lateralorbitofrontal,0,150,0.0,0.0023420428399669713,257.3076923076923,-0.9788487874544584
ALL_SZ,lh_postcentral -- rh_lingual,0,150,0.0,0.0021332715319778003,283.38709677419354,0.9475710199725244
ALL_SZ,lh_postcentral -- rh_medialorbitofrontal,0,150,0.0,0.0022254053022266575,246.5,0.7747164666652679
ALL_SZ,lh_postcentral -- rh_paracentral,0,150,0.0,0.0023180238194020005,245.25,-0.9656034260988235
ALL_SZ,lh_postcentral -- rh_parahippocampal,0,150,0.0,0.0026600056726594455,248.92,-0.9520895624160767
ALL_SZ,lh_postcentral -- rh_parsopercularis,0,150,0.0,0.00262523709472067,288.54545454545456,-0.9376703744584863
ALL_SZ,lh_postcentral -- rh_parsorbitalis,0,150,0.0,0.001622274227783288,52.0,-0.824068546295166
ALL_SZ,lh_postcentral -- rh_parstriangularis,0,150,0.0,0.0024298005820568656,280.5,-0.9646347926722633
ALL_SZ,lh_postcentral -- rh_postcentral,8,150,0.05333333333333334,0.003525438543091747,167.02307692307693,0.9888608341033642
ALL_SZ,lh_postcentral -- rh_precentral,1,150,0.006666666666666667,0.002877785988068692,197.625,0.9541874999801317
ALL_SZ,lh_postcentral -- rh_precuneus,2,150,0.013333333333333334,0.0030984816057851553,208.35135135135135,0.9537523131112795
ALL_SZ,lh_postcentral -- rh_rostralanteriorcingulate,3,150,0.02,0.0026252487108085463,240.05555555555554,-0.9447803497314453
ALL_SZ,lh_postcentral -- rh_rostralmiddlefrontal,4,150,0.02666666666666667,0.00312967997721337,180.5,0.967384895240819
ALL_SZ,lh_postcentral -- rh_superiorfrontal,0,150,0.0,0.0015666929855606814,313.2857142857143,0.8878823433603559
ALL_SZ,lh_postcentral -- rh_superiorparietal,13,150,0.08666666666666667,0.0035930030525433538,166.25641025641025,0.9775026027972882
ALL_SZ,lh_postcentral -- rh_supramarginal,3,150,0.02,0.0035783182469555416,215.29787234042553,0.9587493120355809
ALL_SZ,lh_postcentral -- rh_temporalpole,0,150,0.0,0.0011449538929294157,679.0,-0.8087058067321777
ALL_SZ,lh_posteriorcingulate -- lh_precentral,0,150,0.0,0.003368201677578501,183.75,-0.9589039385318756
ALL_SZ,lh_posteriorcingulate -- lh_rostralanteriorcingulate,1,150,0.006666666666666667,0.003951270805349821,171.375,0.9440418109297752
ALL_SZ,lh_posteriorcingulate -- lh_rostralmiddlefrontal,0,150,0.0,0.001481131086645758,226.0,-0.8403432369232178
ALL_SZ,lh_posteriorcingulate -- lh_superiorfrontal,1,150,0.006666666666666667,0.002447184085879576,234.64285714285714,-0.937017410993576
ALL_SZ,lh_posteriorcingulate -- lh_superiortemporal,4,150,0.02666666666666667,0.002940844454767059,220.43636363636364,-0.9512814987789501
ALL_SZ,lh_posteriorcingulate -- lh_supramarginal,0,150,0.0,0.002896086892283423,219.88235294117646,-0.929866233292748
ALL_SZ,lh_posteriorcingulate -- lh_transversetemporal,0,150,0.0,0.001545279114317131,344.4,0.8850251197814941
ALL_SZ,lh_posteriorcingulate -- rh_bankssts,5,150,0.03333333333333333,0.0032040139797405386,168.48333333333332,0.9713768298427264
ALL_SZ,lh_posteriorcingulate -- rh_caudalanteriorcingulate,3,150,0.02,0.0031060244227238327,176.0091743119266,0.9790271996358119
ALL_SZ,lh_posteriorcingulate -- rh_caudalmiddlefrontal,2,150,0.013333333333333334,0.0029061685259678207,196.05405405405406,0.9733024964461455
ALL_SZ,lh_posteriorcingulate -- rh_frontalpole,0,150,0.0,0.0018454855491726798,339.5,-0.8974967300891876
ALL_SZ,lh_posteriorcingulate -- rh_fusiform,2,150,0.013333333333333334,0.004351556663524972,85.16666666666667,0.9897514879703522
ALL_SZ,lh_posteriorcingulate -- rh_inferiortemporal,3,150,0.02,0.0032450805217373972,186.9558823529412,-0.9610525650136611
ALL_SZ,lh_posteriorcingulate -- rh_insula,4,150,0.02666666666666667,0.0036376771457252437,207.17021276595744,0.9497328895203611
ALL_SZ,lh_posteriorcingulate -- rh_isthmuscingulate,3,150,0.02,0.003003755551284758,196.0,0.9638871041576514
ALL_SZ,lh_posteriorcingulate -- rh_lateralorbitofrontal,2,150,0.013333333333333334,0.0028788920512617215,183.57142857142858,0.9534382841416768
ALL_SZ,lh_posteriorcingulate -- rh_medialorbitofrontal,0,150,0.0,0.002673921460417918,253.11111111111111,-0.9271469049983554
ALL_SZ,lh_posteriorcingulate -- rh_middletemporal,5,150,0.03333333333333333,0.0029867628961491813,191.07142857142858,-0.9610564410686493
ALL_SZ,lh_posteriorcingulate -- rh_paracentral,2,150,0.013333333333333334,0.002945959253235194,210.98305084745763,0.9478181772312876
ALL_SZ,lh_posteriorcingulate -- rh_parahippocampal,2,150,0.013333333333333334,0.0032975110882186407,145.38888888888889,0.9706422057416704
ALL_SZ,lh_posteriorcingulate -- rh_parsopercularis,6,150,0.04,0.004318255833955589,155.6551724137931,0.9672481582082552
ALL_SZ,lh_posteriorcingulate -- rh_parstriangularis,3,150,0.02,0.0035020492966810262,190.03846153846155,0.9655171151344593
ALL_SZ,lh_posteriorcingulate -- rh_pericalcarine,2,150,0.013333333333333334,0.0019084540297914484,240.8125,0.8918203674256802
ALL_SZ,lh_posteriorcingulate -- rh_posteriorcingulate,4,150,0.02666666666666667,0.0033214852559583863,173.26277372262774,0.9837916462960905
ALL_SZ,lh_posteriorcingulate -- rh_precentral,0,150,0.0,0.003554853678474269,240.75,-0.9597903639078141
ALL_SZ,lh_posteriorcingulate -- rh_rostralanteriorcingulate,1,150,0.006666666666666667,0.002910098291574447,152.88888888888889,0.9363543325000339
ALL_SZ,lh_posteriorcingulate -- rh_rostralmiddlefrontal,0,150,0.0,0.0014483951126105475,252.25,-0.852083295583725
ALL_SZ,lh_posteriorcingulate -- rh_superiorfrontal,0,150,0.0,0.00253839138330016,258.0740740740741,-0.9397205798714249
ALL_SZ,lh_posteriorcingulate -- rh_superiortemporal,2,150,0.013333333333333334,0.002953359755775656,221.09333333333333,-0.9544243256251017
ALL_SZ,lh_posteriorcingulate -- rh_supramarginal,0,150,0.0,0.0024295734875313725,146.0,-0.5036533474922181
ALL_SZ,lh_posteriorcingulate -- rh_transversetemporal,0,150,0.0,0.0018538854065578369,182.6,0.9069461822509766
ALL_SZ,lh_precentral -- lh_precuneus,0,150,0.0,0.0011994793666139413,490.5,0.8746068775653839
ALL_SZ,lh_precentral -- lh_rostralanteriorcingulate,2,150,0.013333333333333334,0.0030436932635276707,199.1904761904762,-0.9725165274881181
ALL_SZ,lh_precentral -- lh_rostralmiddlefrontal,6,150,0.04,0.003203361746728108,194.10752688172042,0.9622528860645909
ALL_SZ,lh_precentral -- lh_superiorfrontal,2,150,0.013333333333333334,0.0031702597440571184,193.8780487804878,0.9662825879527301
ALL_SZ,lh_precentral -- lh_superiorparietal,4,150,0.02666666666666667,0.0028193971146443075,222.0281690140845,0.9607989393489461
ALL_SZ,lh_precentral -- lh_superiortemporal,3,150,0.02,0.004088479575355275,156.5909090909091,0.9592217315327037
ALL_SZ,lh_precentral -- lh_supramarginal,3,150,0.02,0.003031246700626787,200.19230769230768,0.9612888044271714
ALL_SZ,lh_precentral -- lh_transversetemporal,0,150,0.0,0.0013484627969652914,450.25,-0.8722303956747055
ALL_SZ,lh_precentral -- rh_bankssts,0,150,0.0,0.0015138331916601999,313.5833333333333,-0.8810079743464788
ALL_SZ,lh_precentral -- rh_caudalanteriorcingulate,0,150,0.0,0.00258982645491953,144.2,-0.9351796984672547
ALL_SZ,lh_precentral -- rh_caudalmiddlefrontal,0,150,0.0,0.0026391269312209006,270.1111111111111,-0.9367418090502421
ALL_SZ,lh_precentral -- rh_cuneus,0,150,0.0,0.0031074489804668276,220.0952380952381,0.9453355726741609
ALL_SZ,lh_precentral -- rh_fusiform,1,150,0.006666666666666667,0.0048073736828377735,166.8,-0.9516059160232544
ALL_SZ,lh_precentral -- rh_inferiorparietal,0,150,0.0,0.0026173455602981495,234.13333333333333,0.9557242631912232
ALL_SZ,lh_precentral -- rh_insula,0,150,0.0,0.002652516262800499,240.07142857142858,-0.9540350309440068
ALL_SZ,lh_precentral -- rh_isthmuscingulate,0,150,0.0,0.0023942155924430524,306.6,-0.955406004190445
ALL_SZ,lh_precentral -- rh_lateraloccipital,3,150,0.02,0.003018831179955696,205.0648148148148,0.9716068848415658
ALL_SZ,lh_precentral -- rh_lateralorbitofrontal,0,150,0.0,0.0019866595793173883,278.3333333333333,-0.9395164516237047
ALL_SZ,lh_precentral -- rh_lingual,0,150,0.0,0.0015542643650914086,280.125,0.8786425366997719
ALL_SZ,lh_precentral -- rh_medialorbitofrontal,0,150,0.0,0.0022328761334870994,282.7142857142857,0.9449830864156995
ALL_SZ,lh_precentral -- rh_middletemporal,0,150,0.0,0.0014507541100945841,302.0,0.8743087947368622
ALL_SZ,lh_precentral -- rh_paracentral,0,150,0.0,0.0019007055566635496,264.15384615384613,-0.9253023679439838
ALL_SZ,lh_precentral -- rh_parahippocampal,2,150,0.013333333333333334,0.002963714489553569,202.56410256410257,-0.9703918045912033
ALL_SZ,lh_precentral -- rh_parsopercularis,4,150,0.02666666666666667,0.0030112493462042824,200.16,-0.9583390879631043
ALL_SZ,lh_precentral -- rh_parstriangularis,0,150,0.0,0.0021164544704374796,283.875,-0.9380862601101398
ALL_SZ,lh_precentral -- rh_postcentral,3,150,0.02,0.0029142212896200994,236.8780487804878,0.9422589177038612
ALL_SZ,lh_precentral -- rh_posteriorcingulate,0,150,0.0,0.0014510567467122754,297.5,-0.8618939220905304
ALL_SZ,lh_precentral -- rh_precentral,7,150,0.04666666666666667,0.0034815563071914184,178.89380530973452,0.9858308661300524
ALL_SZ,lh_precentral -- rh_precuneus,0,150,0.0,0.0023488163043845567,288.1666666666667,0.9163501958052317
ALL_SZ,lh_precentral -- rh_rostralanteriorcingulate,1,150,0.006666666666666667,0.0027258441251421473,209.7741935483871,-0.9557421447769288
ALL_SZ,lh_precentral -- rh_rostralmiddlefrontal,2,150,0.013333333333333334,0.0028549534114111967,189.1818181818182,0.9674267023801804
ALL_SZ,lh_precentral -- rh_superiorfrontal,2,150,0.013333333333333334,0.0031708800697151695,217.6772151898734,0.9712526096573358
ALL_SZ,lh_precentral -- rh_superiorparietal,5,150,0.03333333333333333,0.0033468124587803763,218.57746478873239,0.9635004661452602
ALL_SZ,lh_precentral -- rh_superiortemporal,1,150,0.006666666666666667,0.004216694511229338,246.6,0.9597233057022094
ALL_SZ,lh_precentral -- rh_supramarginal,0,150,0.0,0.0031604683792633846,255.06666666666666,0.756214423974355
ALL_SZ,lh_precentral -- rh_transversetemporal,1,150,0.006666666666666667,0.0028114657954865186,161.5,-0.9659177064895631
ALL_SZ,lh_precuneus -- lh_rostralanteriorcingulate,0,150,0.0,0.0013324113804084724,360.0,-0.851078599691391
ALL_SZ,lh_precuneus -- lh_rostralmiddlefrontal,0,150,0.0,0.0024603623340594765,258.55555555555554,0.9627077115906609
ALL_SZ,lh_precuneus -- lh_superiorparietal,1,150,0.006666666666666667,0.0027705823391907672,208.0,0.9392327487468719
ALL_SZ,lh_precuneus -- lh_superiortemporal,0,150,0.0,0.0014688116691924762,247.0,-0.8821567893028259
ALL_SZ,lh_precuneus -- lh_supramarginal,0,150,0.0,0.0014595671159471398,238.66666666666666,0.8704600135485331
ALL_SZ,lh_precuneus -- lh_temporalpole,8,150,0.05333333333333334,0.0037820989488801695,175.9855072463768,-0.9594721439955891
ALL_SZ,lh_precuneus -- rh_caudalanteriorcingulate,0,150,0.0,0.001332118238107533,441.5,0.8430630564689636
ALL_SZ,lh_precuneus -- rh_caudalmiddlefrontal,1,150,0.006666666666666667,0.004451381522268654,74.0,-0.5052251815795898
ALL_SZ,lh_precuneus -- rh_cuneus,3,150,0.02,0.0022017541818834044,217.4857142857143,0.936759056363787
ALL_SZ,lh_precuneus -- rh_entorhinal,9,150,0.06,0.003489619702633562,150.40298507462686,-0.9605468155732796
ALL_SZ,lh_precuneus -- rh_frontalpole,0,150,0.0,0.0021902696946284315,185.6315789473684,-0.9175439916158977
ALL_SZ,lh_precuneus -- rh_fusiform,0,150,0.0,0.0014510341955201202,185.5,0.8800689876079559
ALL_SZ,lh_precuneus -- rh_inferiorparietal,0,150,0.0,0.00150515711931525,371.5,0.894607663154602
ALL_SZ,lh_precuneus -- rh_inferiortemporal,0,150,0.0,0.0038083568966363252,108.25,-0.9370410442352296
ALL_SZ,lh_precuneus -- rh_isthmuscingulate,0,150,0.0,0.0013041866656833424,499.5,0.8890244364738464
ALL_SZ,lh_precuneus -- rh_lateraloccipital,0,150,0.0,0.001984490588169427,263.85714285714283,0.9180371846471514
ALL_SZ,lh_precuneus -- rh_lateralorbitofrontal,0,150,0.0,0.002075541608477899,337.42857142857144,0.4409215450286865
ALL_SZ,lh_precuneus -- rh_lingual,12,150,0.08,0.0038393075517155024,159.74117647058824,0.9675908523447373
ALL_SZ,lh_precuneus -- rh_medialorbitofrontal,0,150,0.0,0.002908693188220954,178.35714285714286,0.2728194296360016
ALL_SZ,lh_precuneus -- rh_middletemporal,0,150,0.0,0.0013568697999118303,419.6666666666667,-0.8848130106925964
ALL_SZ,lh_precuneus -- rh_paracentral,0,150,0.0,0.001761477992180574,210.0,-0.9298140406608582
ALL_SZ,lh_precuneus -- rh_parahippocampal,0,150,0.0,0.0015338554131205401,180.0,-0.8930686116218567
ALL_SZ,lh_precuneus -- rh_parsopercularis,0,150,0.0,0.0016721484258969393,171.25,-0.8890054672956467
ALL_SZ,lh_precuneus -- rh_parsorbitalis,5,150,0.03333333333333333,0.003150139569970825,200.08510638297872,-0.9474070972584664
ALL_SZ,lh_precuneus -- rh_parstriangularis,0,150,0.0,0.0024656595482790513,149.22222222222223,-0.9527338080936008
ALL_SZ,lh_precuneus -- rh_pericalcarine,0,150,0.0,0.001656100479646184,416.25,0.8687353283166885
ALL_SZ,lh_precuneus -- rh_postcentral,1,150,0.006666666666666667,0.00328767618262958,193.68421052631578,0.9389809244557431
ALL_SZ,lh_precuneus -- rh_posteriorcingulate,0,150,0.0,0.001356571012752149,363.0,0.8404214382171631
ALL_SZ,lh_precuneus -- rh_precentral,2,150,0.013333333333333334,0.004314525154329067,219.33333333333334,0.9289122919241587
ALL_SZ,lh_precuneus -- rh_precuneus,9,150,0.06,0.0037271227265671496,154.96190476190475,0.9783690929412842
ALL_SZ,lh_precuneus -- rh_rostralanteriorcingulate,0,150,0.0,0.0016693550698913032,427.5,-0.8946418166160583
ALL_SZ,lh_precuneus -- rh_rostralmiddlefrontal,0,150,0.0,0.0015614435414449956,283.3333333333333,0.8970968723297119
ALL_SZ,lh_precuneus -- rh_superiorparietal,2,150,0.013333333333333334,0.003729097121307309,190.16666666666666,0.963925858338674
ALL_SZ,lh_precuneus -- rh_superiortemporal,0,150,0.0,0.0026950587717248925,178.4,-0.9196343183517456
ALL_SZ,lh_precuneus -- rh_supramarginal,2,150,0.013333333333333334,0.0038072809637210692,126.27777777777777,0.959150320953793
ALL_SZ,lh_precuneus -- rh_temporalpole,8,150,0.05333333333333334,0.0034381293283561785,178.85135135135135,-0.9623657319996808
ALL_SZ,lh_rostralanteriorcingulate -- lh_rostralmiddlefrontal,1,150,0.006666666666666667,0.0027418758347516263,211.6153846153846,-0.9516603109928278
ALL_SZ,lh_rostralanteriorcingulate -- lh_superiorfrontal,6,150,0.04,0.0033212305833574163,201.43283582089552,-0.964159781363473
ALL_SZ,lh_rostralanteriorcingulate -- lh_superiorparietal,2,150,0.013333333333333334,0.002544487304843409,252.33333333333334,-0.9486782994025793
ALL_SZ,lh_rostralanteriorcingulate -- lh_superiortemporal,0,150,0.0,0.002913592941535063,201.9047619047619,-0.9517252473604112
ALL_SZ,lh_rostralanteriorcingulate -- lh_supramarginal,1,150,0.006666666666666667,0.0026965246184459187,208.70833333333334,-0.950797484566768
ALL_SZ,lh_rostralanteriorcingulate -- lh_transversetemporal,3,150,0.02,0.00581722171592882,178.3,0.9575909852981568
ALL_SZ,lh_rostralanteriorcingulate -- rh_bankssts,2,150,0.013333333333333334,0.0029130291599047922,233.38095238095238,0.9470837655521575
ALL_SZ,lh_rostralanteriorcingulate -- rh_caudalanteriorcingulate,2,150,0.013333333333333334,0.0031542024338163193,173.9090909090909,0.9441724663430994
ALL_SZ,lh_rostralanteriorcingulate -- rh_caudalmiddlefrontal,1,150,0.006666666666666667,0.0034300613138077383,228.75,0.9553338959813118
ALL_SZ,lh_rostralanteriorcingulate -- rh_cuneus,1,150,0.006666666666666667,0.002681402996892274,227.45454545454547,-0.9234452410177751
ALL_SZ,lh_rostralanteriorcingulate -- rh_fusiform,3,150,0.02,0.010593890237426818,153.4,0.9519961714744568
ALL_SZ,lh_rostralanteriorcingulate -- rh_inferiorparietal,2,150,0.013333333333333334,0.00281483387339983,240.83333333333334,-0.94337217154957
ALL_SZ,lh_rostralanteriorcingulate -- rh_inferiortemporal,0,150,0.0,0.0016374882549573314,135.66666666666666,-0.9368258317311603
ALL_SZ,lh_rostralanteriorcingulate -- rh_insula,5,150,0.03333333333333333,0.0031009824591254143,208.07407407407408,0.9479795473593252
ALL_SZ,lh_rostralanteriorcingulate -- rh_isthmuscingulate,1,150,0.006666666666666667,0.003056947679709214,207.78571428571428,0.9496770756585258
ALL_SZ,lh_rostralanteriorcingulate -- rh_lateraloccipital,0,150,0.0,0.003160821112923909,182.671875,-0.9612139482051134
ALL_SZ,lh_rostralanteriorcingulate -- rh_lateralorbitofrontal,2,150,0.013333333333333334,0.0036427008077882994,157.77777777777777,0.9446619484159682
ALL_SZ,lh_rostralanteriorcingulate -- rh_lingual,0,150,0.0,0.0013008313561083636,450.0,-0.8503348231315613
ALL_SZ,lh_rostralanteriorcingulate -- rh_medialorbitofrontal,0,150,0.0,0.002787907520251036,159.58333333333334,-0.9538413534561793
ALL_SZ,lh_rostralanteriorcingulate -- rh_middletemporal,0,150,0.0,0.003114404708621077,163.2,-0.9673436641693115
ALL_SZ,lh_rostralanteriorcingulate -- rh_paracentral,1,150,0.006666666666666667,0.0029495153384749067,145.46666666666667,0.9694518009821574
ALL_SZ,lh_rostralanteriorcingulate -- rh_parahippocampal,0,150,0.0,0.0028725658644059857,203.87037037037038,0.9599049179642288
ALL_SZ,lh_rostralanteriorcingulate -- rh_parsopercularis,7,150,0.04666666666666667,0.003778086351275491,194.16666666666666,0.9627938398293087
ALL_SZ,lh_rostralanteriorcingulate -- rh_parstriangularis,0,150,0.0,0.002280384908355279,274.1875,0.9515699110925198
ALL_SZ,lh_rostralanteriorcingulate -- rh_postcentral,3,150,0.02,0.002514430518524575,255.5185185185185,-0.935756919560609
ALL_SZ,lh_rostralanteriorcingulate -- rh_posteriorcingulate,1,150,0.006666666666666667,0.0028527658465845912,171.0,0.9031069278717041
ALL_SZ,lh_rostralanteriorcingulate -- rh_precentral,2,150,0.013333333333333334,0.0031925291736236423,209.57142857142858,-0.9660813537510958
ALL_SZ,lh_rostralanteriorcingulate -- rh_precuneus,0,150,0.0,0.001536019241960308,111.0,-0.8687809705734253
ALL_SZ,lh_rostralanteriorcingulate -- rh_rostralanteriorcingulate,1,150,0.006666666666666667,0.0028522023404466616,199.78947368421052,0.9606986108579134
ALL_SZ,lh_rostralanteriorcingulate -- rh_rostralmiddlefrontal,0,150,0.0,0.0025662351592768157,210.6,-0.9508719523747762
ALL_SZ,lh_rostralanteriorcingulate -- rh_superiorfrontal,0,150,0.0,0.002813200340739641,207.03225806451613,-0.9591172933578491
ALL_SZ,lh_rostralanteriorcingulate -- rh_superiorparietal,1,150,0.006666666666666667,0.0024604654951724163,268.95,-0.9477841824293136
ALL_SZ,lh_rostralanteriorcingulate -- rh_superiortemporal,3,150,0.02,0.005058952771770054,171.0,-0.9570327238603071
ALL_SZ,lh_rostralanteriorcingulate -- rh_supramarginal,0,150,0.0,0.002888833685010214,205.73684210526315,-0.9377347607361642
ALL_SZ,lh_rostralanteriorcingulate -- rh_transversetemporal,1,150,0.006666666666666667,0.003163913011282455,256.0,0.958940897669111
ALL_SZ,lh_rostralmiddlefrontal -- lh_superiorfrontal,2,150,0.013333333333333334,0.002970158859804747,248.42372881355934,0.9446376703553281
ALL_SZ,lh_rostralmiddlefrontal -- lh_superiorparietal,9,150,0.06,0.003325252188748285,169.02586206896552,0.977425004387724
ALL_SZ,lh_rostralmiddlefrontal -- lh_superiortemporal,2,150,0.013333333333333334,0.0030143013475772314,231.71428571428572,0.9289378949574062
ALL_SZ,lh_rostralmiddlefrontal -- lh_supramarginal,5,150,0.03333333333333333,0.0032028090621634042,180.57647058823528,0.9714799488292021
ALL_SZ,lh_rostralmiddlefrontal -- lh_transversetemporal,0,150,0.0,0.0016208821741806136,69.0,-0.8309929966926575
ALL_SZ,lh_rostralmiddlefrontal -- rh_bankssts,0,150,0.0,0.0016296270079951456,342.8,-0.8833171725273132
ALL_SZ,lh_rostralmiddlefrontal -- rh_caudalanteriorcingulate,0,150,0.0,0.002102677628352604,168.25,-0.9112186133861542
ALL_SZ,lh_rostralmiddlefrontal -- rh_caudalmiddlefrontal,1,150,0.006666666666666667,0.002429429701894134,254.75,-0.9268751069903374
ALL_SZ,lh_rostralmiddlefrontal -- rh_cuneus,1,150,0.006666666666666667,0.0026621433772585886,207.76923076923077,0.9418580440374521
ALL_SZ,lh_rostralmiddlefrontal -- rh_fusiform,0,150,0.0,0.0014606007558471104,113.0,0.8374180197715759
ALL_SZ,lh_rostralmiddlefrontal -- rh_inferiorparietal,9,150,0.06,0.0034606649161855944,179.0188679245283,0.9808089508200591
ALL_SZ,lh_rostralmiddlefrontal -- rh_inferiortemporal,0,150,0.0,0.0018080178944401227,339.0,0.9458315372467041
ALL_SZ,lh_rostralmiddlefrontal -- rh_insula,0,150,0.0,0.001781472681664653,298.0769230769231,-0.9144311455579904
ALL_SZ,lh_rostralmiddlefrontal -- rh_isthmuscingulate,0,150,0.0,0.0020149821548155304,299.625,-0.937492311000824
ALL_SZ,lh_rostralmiddlefrontal -- rh_lateraloccipital,4,150,0.02666666666666667,0.0034601899241629747,176.26666666666668,0.9763746301333109
ALL_SZ,lh_rostralmiddlefrontal -- rh_lateralorbitofrontal,1,150,0.006666666666666667,0.0024014012074156064,151.25,-0.9295027256011963
ALL_SZ,lh_rostralmiddlefrontal -- rh_lingual,0,150,0.0,0.0020891593067176423,327.3636363636364,0.8749120939861644
ALL_SZ,lh_rostralmiddlefrontal -- rh_medialorbitofrontal,1,150,0.006666666666666667,0.0032953455886527844,168.11764705882354,0.9498805754324969
ALL_SZ,lh_rostralmiddlefrontal -- rh_middletemporal,0,150,0.0,0.002624013374947396,273.6666666666667,0.970949113368988
ALL_SZ,lh_rostralmiddlefrontal -- rh_paracentral,1,150,0.006666666666666667,0.0028220880303389158,236.22222222222223,-0.9271159337626563
ALL_SZ,lh_rostralmiddlefrontal -- rh_parahippocampal,5,150,0.03333333333333333,0.0034311181467117442,201.46341463414635,-0.9658356730530901
ALL_SZ,lh_rostralmiddlefrontal -- rh_parsopercularis,1,150,0.006666666666666667,0.0026692286626300837,206.7027027027027,-0.958203948832847
ALL_SZ,lh_rostralmiddlefrontal -- rh_parstriangularis,1,150,0.006666666666666667,0.0027170820133452303,246.8,-0.9342016259829203
ALL_SZ,lh_rostralmiddlefrontal -- rh_postcentral,9,150,0.06,0.003811249107200967,163.9787234042553,0.9646289608580001
ALL_SZ,lh_rostralmiddlefrontal -- rh_posteriorcingulate,0,150,0.0,0.0014481241845327993,257.0,-0.8518496751785278
ALL_SZ,lh_rostralmiddlefrontal -- rh_precentral,1,150,0.006666666666666667,0.0031229754187889875,179.52325581395348,0.967937917210335
ALL_SZ,lh_rostralmiddlefrontal -- rh_precuneus,0,150,0.0,0.0029250414432385563,238.3846153846154,0.9165489857013409
ALL_SZ,lh_rostralmiddlefrontal -- rh_rostralanteriorcingulate,1,150,0.006666666666666667,0.002545225717646086,227.53846153846155,-0.9468088669654651
ALL_SZ,lh_rostralmiddlefrontal -- rh_rostralmiddlefrontal,3,150,0.02,0.003380792702161448,160.85616438356163,0.9883364859509142
ALL_SZ,lh_rostralmiddlefrontal -- rh_superiorfrontal,5,150,0.03333333333333333,0.003047002708470978,221.63235294117646,0.9519059614223593
ALL_SZ,lh_rostralmiddlefrontal -- rh_superiorparietal,9,150,0.06,0.0037054112760041055,144.95454545454547,0.9831068418242714
ALL_SZ,lh_rostralmiddlefrontal -- rh_superiortemporal,0,150,0.0,0.002802436359856232,183.71428571428572,0.9604603307587761
ALL_SZ,lh_rostralmiddlefrontal -- rh_supramarginal,3,150,0.02,0.003245046244191473,183.35135135135135,0.9526770485414041
ALL_SZ,lh_rostralmiddlefrontal -- rh_transversetemporal,0,150,0.0,0.0013773064253021128,529.0,-0.8200913071632385
ALL_SZ,lh_superiorfrontal -- lh_superiorparietal,0,150,0.0,0.0017855526234688036,302.6,0.8992178738117218
ALL_SZ,lh_superiorfrontal -- lh_superiortemporal,6,150,0.04,0.003334732263142348,199.27450980392157,0.9522760183203454
ALL_SZ,lh_superiorfrontal -- lh_supramarginal,6,150,0.04,0.002955343495764116,203.43529411764706,0.9685886803795309
ALL_SZ,lh_superiorfrontal -- lh_transversetemporal,0,150,0.0,0.0016592576694775347,260.6666666666667,-0.8810459872086843
ALL_SZ,lh_superiorfrontal -- rh_bankssts,1,150,0.006666666666666667,0.0022535139870235804,256.4166666666667,-0.945007453362147
ALL_SZ,lh_superiorfrontal -- rh_caudalanteriorcingulate,2,150,0.013333333333333334,0.0025921359112149327,206.0,-0.9407299792766571
ALL_SZ,lh_superiorfrontal -- rh_caudalmiddlefrontal,1,150,0.006666666666666667,0.0030814015107811284,225.6060606060606,-0.9459906455242273
ALL_SZ,lh_superiorfrontal -- rh_cuneus,0,150,0.0,0.002775461606357467,206.0,0.9307435870170593
ALL_SZ,lh_superiorfrontal -- rh_fusiform,0,150,0.0,0.0034322921021432366,108.66666666666667,-0.9755240082740784
ALL_SZ,lh_superiorfrontal -- rh_inferiorparietal,5,150,0.03333333333333333,0.0032323904610347645,207.5441176470588,0.9437689123784795
ALL_SZ,lh_superiorfrontal -- rh_inferiortemporal,0,150,0.0,0.0017700887830943146,334.6,0.9019958436489105
ALL_SZ,lh_superiorfrontal -- rh_insula,3,150,0.02,0.00316486478628411,177.6890756302521,-0.9691485817692861
ALL_SZ,lh_superiorfrontal -- rh_isthmuscingulate,0,150,0.0,0.0022592766136408267,253.0909090909091,-0.9393351674079895
ALL_SZ,lh_superiorfrontal -- rh_lateraloccipital,4,150,0.02666666666666667,0.003103790597105448,233.65714285714284,0.9536761207239969
ALL_SZ,lh_superiorfrontal -- rh_lateralorbitofrontal,1,150,0.006666666666666667,0.0016860064664527103,248.83333333333334,-0.9030556678771973
ALL_SZ,lh_superiorfrontal -- rh_medialorbitofrontal,2,150,0.013333333333333334,0.0035392529987277013,265.7692307692308,0.9457158125363864
ALL_SZ,lh_superiorfrontal -- rh_middletemporal,0,150,0.0,0.002104204233902278,322.11764705882354,0.911262126529918
ALL_SZ,lh_superiorfrontal -- rh_paracentral,1,150,0.006666666666666667,0.0025382235735383818,215.6153846153846,-0.9469263003422663
ALL_SZ,lh_superiorfrontal -- rh_parahippocampal,4,150,0.02666666666666667,0.003306438859852923,188.61194029850745,-0.9459279846789231
ALL_SZ,lh_superiorfrontal -- rh_parsopercularis,7,150,0.04666666666666667,0.003420132843967583,184.44444444444446,-0.9647028694550196
ALL_SZ,lh_superiorfrontal -- rh_parstriangularis,0,150,0.0,0.0026284702631041283,231.30434782608697,-0.9501778638881185
ALL_SZ,lh_superiorfrontal -- rh_postcentral,0,150,0.0,0.001783071394385283,323.0,0.9127661320898268
ALL_SZ,lh_superiorfrontal -- rh_posteriorcingulate,0,150,0.0,0.001422825637802323,381.4166666666667,-0.8769282499949137
ALL_SZ,lh_superiorfrontal -- rh_precentral,3,150,0.02,0.0033560177533813055,209.6734693877551,0.9585485519195089
ALL_SZ,lh_superiorfrontal -- rh_rostralanteriorcingulate,3,150,0.02,0.0031679735854847823,202.29310344827587,-0.9644315838813782
ALL_SZ,lh_superiorfrontal -- rh_rostralmiddlefrontal,5,150,0.03333333333333333,0.002371551867259152,221.9090909090909,0.9377625562927939
ALL_SZ,lh_superiorfrontal -- rh_superiorfrontal,8,150,0.05333333333333334,0.0033905432308112796,174.20666666666668,0.9959770476818085
ALL_SZ,lh_superiorfrontal -- rh_superiorparietal,1,150,0.006666666666666667,0.0016659554478814194,393.42857142857144,0.8872808359918141
ALL_SZ,lh_superiorfrontal -- rh_superiortemporal,0,150,0.0,0.00337089554036276,190.0,0.9515167048999241
ALL_SZ,lh_superiorfrontal -- rh_supramarginal,1,150,0.006666666666666667,0.002819815442126134,217.5,0.688403376124122
ALL_SZ,lh_superiorfrontal -- rh_transversetemporal,0,150,0.0,0.001700414365664128,194.83333333333334,-0.8894804815451304
ALL_SZ,lh_superiorparietal -- lh_superiortemporal,2,150,0.013333333333333334,0.004158632706980837,181.58333333333334,0.9621270845333735
ALL_SZ,lh_superiorparietal -- lh_supramarginal,2,150,0.013333333333333334,0.0027911220617728855,213.1764705882353,0.9635102240478292
ALL_SZ,lh_superiorparietal -- lh_transversetemporal,0,150,0.0,0.0014919099269054016,244.0,-0.8743928074836731
ALL_SZ,lh_superiorparietal -- rh_bankssts,0,150,0.0,0.0014264806287549402,296.0,-0.8872141043345133
ALL_SZ,lh_superiorparietal -- rh_caudalanteriorcingulate,0,150,0.0,0.0012837372312951899,438.0,-0.9111981987953186
ALL_SZ,lh_superiorparietal -- rh_caudalmiddlefrontal,0,150,0.0,0.0016398276701400463,196.0,-0.9349343180656432
ALL_SZ,lh_superiorparietal -- rh_cuneus,1,150,0.006666666666666667,0.0030754285953322907,201.1818181818182,0.9564117102911978
ALL_SZ,lh_superiorparietal -- rh_entorhinal,0,150,0.0,0.0013247216489778875,556.5,-0.8346606194972992
ALL_SZ,lh_superiorparietal -- rh_inferiorparietal,5,150,0.03333333333333333,0.0032387164421086427,209.86170212765958,0.9675403097842602
ALL_SZ,lh_superiorparietal -- rh_insula,0,150,0.0,0.0017577001523479358,321.90909090909093,-0.9078276428309354
ALL_SZ,lh_superiorparietal -- rh_isthmuscingulate,0,150,0.0,0.002021063599308862,288.75,-0.9429334998130798
ALL_SZ,lh_superiorparietal -- rh_lateraloccipital,5,150,0.03333333333333333,0.003520247546881734,173.78125,0.9743385287001729
ALL_SZ,lh_superiorparietal -- rh_lateralorbitofrontal,1,150,0.006666666666666667,0.0035533372489966407,171.08333333333334,-0.9546170979738235
ALL_SZ,lh_superiorparietal -- rh_lingual,0,150,0.0,0.0024856400708539116,267.51724137931035,0.9403899661425886
ALL_SZ,lh_superiorparietal -- rh_medialorbitofrontal,0,150,0.0,0.002583918607997786,213.61111111111111,0.9359204007519616
ALL_SZ,lh_superiorparietal -- rh_paracentral,0,150,0.0,0.001582352705155949,379.4,-0.9058850765228271
ALL_SZ,lh_superiorparietal -- rh_parahippocampal,3,150,0.02,0.0029527655860242096,200.2625,-0.9649513684213161
ALL_SZ,lh_superiorparietal -- rh_parsopercularis,4,150,0.02666666666666667,0.0031828833184386353,247.375,-0.9446991706887881
ALL_SZ,lh_superiorparietal -- rh_parstriangularis,0,150,0.0,0.0029298994350033074,238.44444444444446,-0.9413532747162713
ALL_SZ,lh_superiorparietal -- rh_postcentral,3,150,0.02,0.003205534918387108,202.72033898305085,0.9744089624639285
ALL_SZ,lh_superiorparietal -- rh_precentral,2,150,0.013333333333333334,0.0027761543679621914,212.44578313253012,0.9605265001216566
ALL_SZ,lh_superiorparietal -- rh_precuneus,0,150,0.0,0.0023002754201845534,255.88888888888889,0.9270288447539011
ALL_SZ,lh_superiorparietal -- rh_rostralanteriorcingulate,3,150,0.02,0.0021708797650096417,243.26666666666668,-0.9147737801074982
ALL_SZ,lh_superiorparietal -- rh_rostralmiddlefrontal,1,150,0.006666666666666667,0.0031144938889317675,173.576,0.9755833554267883
ALL_SZ,lh_superiorparietal -- rh_superiorfrontal,1,150,0.006666666666666667,0.0019201145279026505,309.2,0.9060952186584472
ALL_SZ,lh_superiorparietal -- rh_superiorparietal,7,150,0.04666666666666667,0.0034616170900990395,186.75675675675674,0.9928369477793977
ALL_SZ,lh_superiorparietal -- rh_superiortemporal,0,150,0.0,0.0010314630426411777,672.0,0.8755058646202087
ALL_SZ,lh_superiorparietal -- rh_supramarginal,4,150,0.02666666666666667,0.0037812684279880963,229.22727272727272,0.9558333578434858
ALL_SZ,lh_superiorparietal -- rh_transversetemporal,0,150,0.0,0.0013625670630716307,361.5,-0.8867732584476471
ALL_SZ,lh_superiortemporal -- lh_supramarginal,3,150,0.02,0.00253649500862372,169.78571428571428,0.936641337616103
ALL_SZ,lh_superiortemporal -- lh_transversetemporal,0,150,0.0,0.0014753770303062607,206.66666666666666,-0.8592914144198099
ALL_SZ,lh_superiortemporal -- rh_bankssts,1,150,0.006666666666666667,0.0028278607403219996,213.30645161290323,-0.9472479118454841
ALL_SZ,lh_superiortemporal -- rh_caudalanteriorcingulate,5,150,0.03333333333333333,0.0029340435400260945,200.8695652173913,-0.953641066516655
ALL_SZ,lh_superiortemporal -- rh_caudalmiddlefrontal,0,150,0.0,0.002700323607807811,161.70967741935485,-0.9387491864542807
ALL_SZ,lh_superiortemporal -- rh_cuneus,0,150,0.0,0.002259045980188481,170.0,0.9454905986785888
ALL_SZ,lh_superiortemporal -- rh_frontalpole,0,150,0.0,0.0018735051071920963,323.0,0.9070678779057094
ALL_SZ,lh_superiortemporal -- rh_fusiform,0,150,0.0,0.0023367205668091513,245.0,-0.9392472505569457
ALL_SZ,lh_superiortemporal -- rh_inferiorparietal,3,150,0.02,0.002791970735001091,173.57142857142858,0.9483112522533962
ALL_SZ,lh_superiortemporal -- rh_inferiortemporal,2,150,0.013333333333333334,0.003373552672765968,167.0,0.9626339977070436
ALL_SZ,lh_superiortemporal -- rh_insula,6,150,0.04,0.0031133243950473236,244.41860465116278,-0.9362276584603065
ALL_SZ,lh_superiortemporal -- rh_isthmuscingulate,1,150,0.006666666666666667,0.0023153365816689186,243.51162790697674,-0.9429919428603594
ALL_SZ,lh_superiortemporal -- rh_lateraloccipital,0,150,0.0,0.0031944279523537836,149.35714285714286,0.9410111606121063
ALL_SZ,lh_superiortemporal -- rh_lateralorbitofrontal,0,150,0.0,0.002118281288172901,181.35714285714286,-0.9266372961657388
ALL_SZ,lh_superiortemporal -- rh_lingual,0,150,0.0,0.0014997599246517456,211.5,0.8428407907485962
ALL_SZ,lh_superiortemporal -- rh_medialorbitofrontal,0,150,0.0,0.0020834769825254294,301.3333333333333,0.8900198737780253
ALL_SZ,lh_superiortemporal -- rh_middletemporal,1,150,0.006666666666666667,0.0030098112990188113,188.4848484848485,0.9734469579927849
ALL_SZ,lh_superiortemporal -- rh_paracentral,1,150,0.006666666666666667,0.002338290519094863,247.41379310344828,-0.9309395654448147
ALL_SZ,lh_superiortemporal -- rh_parahippocampal,5,150,0.03333333333333333,0.004469239232227527,178.95,-0.9455219864845276
ALL_SZ,lh_superiortemporal -- rh_parsopercularis,1,150,0.006666666666666667,0.0035371981692670653,166.45833333333334,-0.9499780560533205
ALL_SZ,lh_superiortemporal -- rh_parsorbitalis,0,150,0.0,0.0012142812639175096,593.5,0.8545302748680115
ALL_SZ,lh_superiortemporal -- rh_parstriangularis,0,150,0.0,0.002350196691580794,279.7857142857143,-0.9252712215696063
ALL_SZ,lh_superiortemporal -- rh_pericalcarine,0,150,0.0,0.0018181156108906874,277.45454545454544,-0.9330397735942494
ALL_SZ,lh_superiortemporal -- rh_postcentral,4,150,0.02666666666666667,0.0034376841063251213,226.44444444444446,0.9202108648088243
ALL_SZ,lh_superiortemporal -- rh_posteriorcingulate,3,150,0.02,0.003051729044284316,217.63934426229508,-0.9548245668411255
ALL_SZ,lh_superiortemporal -- rh_precentral,2,150,0.013333333333333334,0.003736969108695791,144.15,0.9675597071647644
ALL_SZ,lh_superiortemporal -- rh_rostralanteriorcingulate,4,150,0.02666666666666667,0.004063050437006025,205.11764705882354,-0.925953258486355
ALL_SZ,lh_superiortemporal -- rh_rostralmiddlefrontal,2,150,0.013333333333333334,0.0031218669977586527,191.72727272727272,0.9363321553577076
ALL_SZ,lh_superiortemporal -- rh_superiorfrontal,2,150,0.013333333333333334,0.0030478605740101683,225.9056603773585,0.9510671968729991
ALL_SZ,lh_superiortemporal -- rh_superiorparietal,2,150,0.013333333333333334,0.0035831635402023125,148.66666666666666,0.9569480369488398
ALL_SZ,lh_superiortemporal -- rh_superiortemporal,5,150,0.03333333333333333,0.0035016433837067526,183.53763440860214,0.9718958299647096
ALL_SZ,lh_superiortemporal -- rh_supramarginal,1,150,0.006666666666666667,0.0024167314640011358,154.2,0.9243077516555787
ALL_SZ,lh_superiortemporal -- rh_transversetemporal,2,150,0.013333333333333334,0.006662419785985974,154.25,-0.9267335385084152
ALL_SZ,lh_supramarginal -- lh_transversetemporal,0,150,0.0,0.0017290285540605536,229.5,-0.9033128917217255
ALL_SZ,lh_supramarginal -- rh_bankssts,1,150,0.006666666666666667,0.0027598154165158545,238.94444444444446,-0.9582469479905235
ALL_SZ,lh_supramarginal -- rh_caudalanteriorcingulate,0,150,0.0,0.0026430183939074076,224.2962962962963,-0.9451325668228997
ALL_SZ,lh_supramarginal -- rh_caudalmiddlefrontal,0,150,0.0,0.0029182635144024854,231.625,-0.9639284051954746
ALL_SZ,lh_supramarginal -- rh_cuneus,4,150,0.02666666666666667,0.0038137733838897584,162.57142857142858,0.9703422273908343
ALL_SZ,lh_supramarginal -- rh_entorhinal,0,150,0.0,0.0014778047207402545,299.5,-0.8329127728939056
ALL_SZ,lh_supramarginal -- rh_fusiform,1,150,0.006666666666666667,0.0029861492234534697,204.0,-0.8396740555763245
ALL_SZ,lh_supramarginal -- rh_inferiorparietal,3,150,0.02,0.003375664406336509,198.10679611650485,0.9737737734340927
ALL_SZ,lh_supramarginal -- rh_inferiortemporal,1,150,0.006666666666666667,0.0036809506595677087,178.08333333333334,0.947898750503858
ALL_SZ,lh_supramarginal -- rh_insula,1,150,0.006666666666666667,0.002306746237697346,252.52380952380952,-0.9509832830656142
ALL_SZ,lh_supramarginal -- rh_isthmuscingulate,0,150,0.0,0.0030101296896002418,188.05263157894737,-0.9545489361411647
ALL_SZ,lh_supramarginal -- rh_lateraloccipital,3,150,0.02,0.003227764535857459,207.2439024390244,0.9634872522295975
ALL_SZ,lh_supramarginal -- rh_lateralorbitofrontal,0,150,0.0,0.002844195354289517,189.3125,-0.9489220753312111
ALL_SZ,lh_supramarginal -- rh_lingual,4,150,0.02666666666666667,0.00602051004957506,219.1818181818182,0.9486565860834989
ALL_SZ,lh_supramarginal -- rh_medialorbitofrontal,0,150,0.0,0.0025625327120746,252.75,0.9373327270150185
ALL_SZ,lh_supramarginal -- rh_middletemporal,1,150,0.006666666666666667,0.003376872388042589,175.08333333333334,0.9651073863108953
ALL_SZ,lh_supramarginal -- rh_paracentral,0,150,0.0,0.0026911418311519656,236.29166666666666,-0.9545545478661855
ALL_SZ,lh_supramarginal -- rh_parahippocampal,4,150,0.02666666666666667,0.0032940226254161145,164.14754098360655,-0.965284417887203
ALL_SZ,lh_supramarginal -- rh_parsopercularis,1,150,0.006666666666666667,0.0026411598416652936,233.25714285714287,-0.9509078281266349
ALL_SZ,lh_supramarginal -- rh_parstriangularis,1,150,0.006666666666666667,0.003378470538908842,201.44444444444446,-0.9544625133275986
ALL_SZ,lh_supramarginal -- rh_postcentral,2,150,0.013333333333333334,0.003282219085134726,256.69767441860466,0.9446716017501299
ALL_SZ,lh_supramarginal -- rh_posteriorcingulate,0,150,0.0,0.0026950522459998094,215.5,-0.9145127013325691
ALL_SZ,lh_supramarginal -- rh_precentral,1,150,0.006666666666666667,0.0029553140513660144,219.70149253731344,0.963006713497105
ALL_SZ,lh_supramarginal -- rh_precuneus,1,150,0.006666666666666667,0.004145640251735616,179.3,0.9317996203899384
ALL_SZ,lh_supramarginal -- rh_rostralanteriorcingulate,4,150,0.02666666666666667,0.002579948116263459,258.734693877551,-0.9591442370901302
ALL_SZ,lh_supramarginal -- rh_rostralmiddlefrontal,4,150,0.02666666666666667,0.0032472435093774277,199.22826086956522,0.9677651692991671
ALL_SZ,lh_supramarginal -- rh_superiorfrontal,1,150,0.006666666666666667,0.002880276483273291,223.76190476190476,0.970726089108558
ALL_SZ,lh_supramarginal -- rh_superiorparietal,2,150,0.013333333333333334,0.003026401718780631,208.734375,0.965453733690083
ALL_SZ,lh_supramarginal -- rh_superiortemporal,0,150,0.0,0.0028772253844606376,146.75,0.9380026236176491
ALL_SZ,lh_supramarginal -- rh_supramarginal,3,150,0.02,0.00292017236841524,214.9387755102041,0.8297004140153224
ALL_SZ,lh_supramarginal -- rh_transversetemporal,0,150,0.0,0.002770977320075279,331.75,-0.9406263381242753
ALL_SZ,lh_temporalpole -- rh_caudalmiddlefrontal,0,150,0.0,0.0015554794531590656,114.0,-0.8763291239738464
ALL_SZ,lh_temporalpole -- rh_cuneus,1,150,0.006666666666666667,0.0017705471817064558,200.75,-0.8822585791349411
ALL_SZ,lh_temporalpole -- rh_entorhinal,4,150,0.02666666666666667,0.003253481474743331,160.83076923076922,0.9612570826823895
ALL_SZ,lh_temporalpole -- rh_frontalpole,2,150,0.013333333333333334,0.002841691477811395,176.69565217391303,0.9374786939309991
ALL_SZ,lh_temporalpole -- rh_fusiform,0,150,0.0,0.001507883677863717,354.6666666666667,-0.9143252372741699
ALL_SZ,lh_temporalpole -- rh_inferiortemporal,0,150,0.0,0.0024464809389051164,246.76923076923077,0.9345841040978065
ALL_SZ,lh_temporalpole -- rh_isthmuscingulate,0,150,0.0,0.0014106250303712207,390.3333333333333,-0.90847247838974
ALL_SZ,lh_temporalpole -- rh_lateralorbitofrontal,2,150,0.013333333333333334,0.003178264306791392,140.26315789473685,-0.9484985313917461
ALL_SZ,lh_temporalpole -- rh_lingual,8,150,0.05333333333333334,0.00410837415053663,228.97222222222223,-0.9439699269003339
ALL_SZ,lh_temporalpole -- rh_medialorbitofrontal,2,150,0.013333333333333334,0.0027053687959062377,183.57142857142858,0.2800014572484152
ALL_SZ,lh_temporalpole -- rh_middletemporal,0,150,0.0,0.002343286587773975,225.66666666666666,0.8734550873438517
ALL_SZ,lh_temporalpole -- rh_parsorbitalis,3,150,0.02,0.003226618506302218,154.73737373737373,0.9742029321314108
ALL_SZ,lh_temporalpole -- rh_pericalcarine,1,150,0.006666666666666667,0.0018160875418858147,230.53846153846155,-0.8726050349382254
ALL_SZ,lh_temporalpole -- rh_posteriorcingulate,3,150,0.02,0.012194327900486765,3.3333333333333335,-0.9572590589523317
ALL_SZ,lh_temporalpole -- rh_precuneus,5,150,0.03333333333333333,0.002780093337728349,179.8709677419355,-0.9271628241385182
ALL_SZ,lh_temporalpole -- rh_superiortemporal,0,150,0.0,0.001698849483601817,268.0,0.8756564458211263
ALL_SZ,lh_temporalpole -- rh_supramarginal,3,150,0.02,0.005994025089001891,68.375,-0.9631659016013145
ALL_SZ,lh_temporalpole -- rh_temporalpole,21,150,0.14,0.004183391682377132,123.00675675675676,0.9928113177821443
ALL_SZ,lh_transversetemporal -- rh_bankssts,2,150,0.013333333333333334,0.0038870834516162318,131.44444444444446,0.9116973876953125
ALL_SZ,lh_transversetemporal -- rh_caudalanteriorcingulate,0,150,0.0,0.002527809412633487,243.25,0.9357400685548782
ALL_SZ,lh_transversetemporal -- rh_caudalmiddlefrontal,3,150,0.02,0.003945737085686314,184.47368421052633,0.9322601964599208
ALL_SZ,lh_transversetemporal -- rh_cuneus,0,150,0.0,0.0012652897812500288,662.0,-0.8894413113594055
ALL_SZ,lh_transversetemporal -- rh_fusiform,1,150,0.006666666666666667,0.003234699259649209,77.3,0.9277050733566284
ALL_SZ,lh_transversetemporal -- rh_inferiortemporal,0,150,0.0,0.0016318680733547206,109.0,-0.8639460504055023
ALL_SZ,lh_transversetemporal -- rh_insula,4,150,0.02666666666666667,0.004287814069223085,179.91304347826087,0.9236134135204813
ALL_SZ,lh_transversetemporal -- rh_isthmuscingulate,1,150,0.006666666666666667,0.0036123067891767942,243.54545454545453,0.9326051311059431
ALL_SZ,lh_transversetemporal -- rh_lateraloccipital,0,150,0.0,0.001467565190718462,303.0,-0.8679974675178528
ALL_SZ,lh_transversetemporal -- rh_lateralorbitofrontal,0,150,0.0,0.0016678041698545414,277.0,0.8982935845851898
ALL_SZ,lh_transversetemporal -- rh_lingual,0,150,0.0,0.002778364127304917,149.33333333333334,-0.9774554967880248
ALL_SZ,lh_transversetemporal -- rh_medialorbitofrontal,1,150,0.006666666666666667,0.0016321675946130208,408.5,-0.8747214674949646
ALL_SZ,lh_transversetemporal -- rh_middletemporal,1,150,0.006666666666666667,0.008565540978362417,69.0,-0.953946053981781
ALL_SZ,lh_transversetemporal -- rh_paracentral,1,150,0.006666666666666667,0.006774500265390339,103.5,0.9392743557691575
ALL_SZ,lh_transversetemporal -- rh_parahippocampal,0,150,0.0,0.0027934005325453686,147.8,0.9486039161682129
ALL_SZ,lh_transversetemporal -- rh_parsopercularis,3,150,0.02,0.004268378680283647,137.38888888888889,0.9491035275989108
ALL_SZ,lh_transversetemporal -- rh_parstriangularis,4,150,0.02666666666666667,0.008726006838648754,107.08333333333333,0.9394771456718445
ALL_SZ,lh_transversetemporal -- rh_posteriorcingulate,0,150,0.0,0.002255522938547704,199.6,0.9212418973445893
ALL_SZ,lh_transversetemporal -- rh_precentral,0,150,0.0,0.0015265174785007633,112.33333333333333,-0.8633343776067098
ALL_SZ,lh_transversetemporal -- rh_rostralanteriorcingulate,4,150,0.02666666666666667,0.007658351641164331,179.23529411764707,0.936288339250228
ALL_SZ,lh_transversetemporal -- rh_rostralmiddlefrontal,0,150,0.0,0.0015622280044150047,135.0,-0.8234999775886536
ALL_SZ,lh_transversetemporal -- rh_superiorfrontal,0,150,0.0,0.001484575964105696,357.85714285714283,-0.8656237295695713
ALL_SZ,lh_transversetemporal -- rh_superiorparietal,0,150,0.0,0.0016227969945385601,68.0,-0.8258265852928162
ALL_SZ,lh_transversetemporal -- rh_superiortemporal,0,150,0.0,0.002779243573952884,157.33333333333334,-0.960615336894989
ALL_SZ,lh_transversetemporal -- rh_supramarginal,0,150,0.0,0.0014740767632098124,272.0,-0.8704218864440918
ALL_SZ,lh_transversetemporal -- rh_transversetemporal,26,150,0.17333333333333334,0.005542975882870416,126.54117647058824,0.9686566745533662
ALL_SZ,rh_bankssts -- rh_caudalanteriorcingulate,5,150,0.03333333333333333,0.0031567706144623535,173.17757009345794,0.9741556315778572
ALL_SZ,rh_bankssts -- rh_caudalmiddlefrontal,6,150,0.04,0.0035672066417720607,181.16666666666666,0.9669157200389438
ALL_SZ,rh_bankssts -- rh_fusiform,0,150,0.0,0.0024820644263665137,178.0,0.8934359947840372
ALL_SZ,rh_bankssts -- rh_inferiorparietal,0,150,0.0,0.0017674010274530408,274.05882352941177,-0.8854338666971993
ALL_SZ,rh_bankssts -- rh_inferiortemporal,3,150,0.02,0.003321018874133759,193.8913043478261,-0.9525634607543116
ALL_SZ,rh_bankssts -- rh_insula,6,150,0.04,0.0034303894220071305,174.33734939759037,0.9574472049632704
ALL_SZ,rh_bankssts -- rh_isthmuscingulate,7,150,0.04666666666666667,0.0033459735025456487,180.73972602739727,0.9703924312983474
ALL_SZ,rh_bankssts -- rh_lateraloccipital,0,150,0.0,0.0013536116884414256,422.4,-0.8852749824523926
ALL_SZ,rh_bankssts -- rh_lateralorbitofrontal,0,150,0.0,0.0027103399074940404,246.5,0.9503313273191452
ALL_SZ,rh_bankssts -- rh_medialorbitofrontal,2,150,0.013333333333333334,0.0028064551803759033,234.75,-0.9455306082963943
ALL_SZ,rh_bankssts -- rh_middletemporal,8,150,0.05333333333333334,0.0035336421192387144,178.33333333333334,-0.961250731046649
ALL_SZ,rh_bankssts -- rh_paracentral,3,150,0.02,0.0031985294757004975,188.34065934065933,0.9627690413495996
ALL_SZ,rh_bankssts -- rh_parahippocampal,1,150,0.006666666666666667,0.0027791217874883235,228.42857142857142,0.9536434979665847
ALL_SZ,rh_bankssts -- rh_parsopercularis,8,150,0.05333333333333334,0.004119851465037959,151.75510204081633,0.95897340652894
ALL_SZ,rh_bankssts -- rh_parstriangularis,1,150,0.006666666666666667,0.0031974189924355518,171.0943396226415,0.9635332260491714
ALL_SZ,rh_bankssts -- rh_pericalcarine,0,150,0.0,0.0015213905842205305,362.75,0.8733886033296585
ALL_SZ,rh_bankssts -- rh_postcentral,0,150,0.0,0.001228220078904156,497.0,-0.8367426991462708
ALL_SZ,rh_bankssts -- rh_posteriorcingulate,3,150,0.02,0.0032788022183123976,183.92920353982302,0.9715192027851544
ALL_SZ,rh_bankssts -- rh_precentral,0,150,0.0,0.0022835777486955706,294.85714285714283,-0.9318535072462899
ALL_SZ,rh_bankssts -- rh_rostralanteriorcingulate,2,150,0.013333333333333334,0.0037436933333094527,201.5,0.9643309414386749
ALL_SZ,rh_bankssts -- rh_rostralmiddlefrontal,0,150,0.0,0.0015920023435111094,317.0,-0.8935750524202982
ALL_SZ,rh_bankssts -- rh_superiorfrontal,0,150,0.0,0.002053979712719413,288.1707317073171,-0.9363672965910377
ALL_SZ,rh_bankssts -- rh_superiorparietal,0,150,0.0,0.0012023523797868804,547.0,-0.8388538956642151
ALL_SZ,rh_bankssts -- rh_superiortemporal,1,150,0.006666666666666667,0.0030931507477546688,208.76,-0.946524611711502
ALL_SZ,rh_bankssts -- rh_supramarginal,0,150,0.0,0.002484265060744414,285.46153846153845,-0.9534470622356122
ALL_SZ,rh_bankssts -- rh_transversetemporal,1,150,0.006666666666666667,0.004870071568622809,258.5,0.8978700414299965
ALL_SZ,rh_caudalanteriorcingulate -- rh_caudalmiddlefrontal,2,150,0.013333333333333334,0.0032205386176507,191.05172413793105,0.9707341029726225
ALL_SZ,rh_caudalanteriorcingulate -- rh_cuneus,0,150,0.0,0.0015406308646303782,80.0,-0.8655239939689636
ALL_SZ,rh_caudalanteriorcingulate -- rh_frontalpole,0,150,0.0,0.00194184243946256,298.85714285714283,-0.9174474052020481
ALL_SZ,rh_caudalanteriorcingulate -- rh_fusiform,2,150,0.013333333333333334,0.0032152703056681164,163.5,0.967405766248703
ALL_SZ,rh_caudalanteriorcingulate -- rh_inferiorparietal,1,150,0.006666666666666667,0.0030149200429590794,156.8181818181818,-0.9410771727561951
ALL_SZ,rh_caudalanteriorcingulate -- rh_inferiortemporal,2,150,0.013333333333333334,0.0028282992464605623,201.71153846153845,-0.9481277236571679
ALL_SZ,rh_caudalanteriorcingulate -- rh_insula,1,150,0.006666666666666667,0.0024734800287233654,251.5344827586207,0.9453384126054829
ALL_SZ,rh_caudalanteriorcingulate -- rh_isthmuscingulate,4,150,0.02666666666666667,0.0030494467794656994,173.93478260869566,0.9644791153462037
ALL_SZ,rh_caudalanteriorcingulate -- rh_lateraloccipital,0,150,0.0,0.002320855322191444,251.11111111111111,-0.9251011808713278
ALL_SZ,rh_caudalanteriorcingulate -- rh_lateralorbitofrontal,1,150,0.006666666666666667,0.0025831391279572645,204.88,0.9459070062637329
ALL_SZ,rh_caudalanteriorcingulate -- rh_lingual,0,150,0.0,0.0014305275047668184,299.0,-0.8640396595001221
ALL_SZ,rh_caudalanteriorcingulate -- rh_medialorbitofrontal,1,150,0.006666666666666667,0.003159882198767635,160.66666666666666,-0.964122990767161
ALL_SZ,rh_caudalanteriorcingulate -- rh_middletemporal,5,150,0.03333333333333333,0.0032014530682577874,188.68,-0.9638560787836711
ALL_SZ,rh_caudalanteriorcingulate -- rh_paracentral,3,150,0.02,0.0029547819040087425,153.9814814814815,0.95320874231833
ALL_SZ,rh_caudalanteriorcingulate -- rh_parahippocampal,0,150,0.0,0.002511120074678648,189.76470588235293,0.9538153234650107
ALL_SZ,rh_caudalanteriorcingulate -- rh_parsopercularis,5,150,0.03333333333333333,0.0035485769976335495,185.78378378378378,0.9413689036627073
ALL_SZ,rh_caudalanteriorcingulate -- rh_parsorbitalis,0,150,0.0,0.0013986046887092087,353.6666666666667,-0.8506401181221008
ALL_SZ,rh_caudalanteriorcingulate -- rh_parstriangularis,3,150,0.02,0.0029174273184937784,192.64444444444445,0.9648196564780341
ALL_SZ,rh_caudalanteriorcingulate -- rh_pericalcarine,0,150,0.0,0.0024163627659584594,196.47058823529412,0.9207194833194509
ALL_SZ,rh_caudalanteriorcingulate -- rh_posteriorcingulate,5,150,0.03333333333333333,0.0031549323338289957,172.0677966101695,0.9768235269239394
ALL_SZ,rh_caudalanteriorcingulate -- rh_precentral,0,150,0.0,0.0017201958104189402,301.0,-0.8722371459007263
ALL_SZ,rh_caudalanteriorcingulate -- rh_rostralanteriorcingulate,2,150,0.013333333333333334,0.003573762309040552,197.1764705882353,0.9411451150389278
ALL_SZ,rh_caudalanteriorcingulate -- rh_rostralmiddlefrontal,0,150,0.0,0.0025888389888281253,294.1,-0.9209853112697601
ALL_SZ,rh_caudalanteriorcingulate -- rh_superiorfrontal,1,150,0.006666666666666667,0.002781680163089618,179.9811320754717,-0.9462426979586763
ALL_SZ,rh_caudalanteriorcingulate -- rh_superiorparietal,0,150,0.0,0.0013908656768734518,226.0,-0.9309160709381104
ALL_SZ,rh_caudalanteriorcingulate -- rh_superiortemporal,4,150,0.02666666666666667,0.0028561319556230282,179.45454545454547,-0.9480577067895369
ALL_SZ,rh_caudalanteriorcingulate -- rh_supramarginal,0,150,0.0,0.002600907790526096,213.5,-0.47700068354606634
ALL_SZ,rh_caudalanteriorcingulate -- rh_transversetemporal,1,150,0.006666666666666667,0.003540898508613677,197.1,0.9446833014488221
ALL_SZ,rh_caudalmiddlefrontal -- rh_cuneus,0,150,0.0,0.003464843260993289,99.75,-0.97466941177845
ALL_SZ,rh_caudalmiddlefrontal -- rh_frontalpole,0,150,0.0,0.0015150955510846637,367.55555555555554,-0.8688501583205329
ALL_SZ,rh_caudalmiddlefrontal -- rh_fusiform,1,150,0.006666666666666667,0.0034047133291772286,204.28571428571428,0.9599877170154026
ALL_SZ,rh_caudalmiddlefrontal -- rh_inferiorparietal,0,150,0.0,0.0020782913827487263,355.0,-0.9206421573956808
ALL_SZ,rh_caudalmiddlefrontal -- rh_inferiortemporal,2,150,0.013333333333333334,0.0028748864179364464,237.81578947368422,-0.938985310102764
ALL_SZ,rh_caudalmiddlefrontal -- rh_insula,6,150,0.04,0.003693893324202392,191.84126984126985,0.9629150288445609
ALL_SZ,rh_caudalmiddlefrontal -- rh_isthmuscingulate,3,150,0.02,0.003105996324940629,212.35897435897436,0.9424655712567843
ALL_SZ,rh_caudalmiddlefrontal -- rh_lateraloccipital,1,150,0.006666666666666667,0.0023660325206085,281.8,-0.951425451040268
ALL_SZ,rh_caudalmiddlefrontal -- rh_lateralorbitofrontal,1,150,0.006666666666666667,0.0037554709622785085,173.83333333333334,0.9483627726634344
ALL_SZ,rh_caudalmiddlefrontal -- rh_lingual,0,150,0.0,0.0014402561326198808,193.5,-0.8810241520404816
ALL_SZ,rh_caudalmiddlefrontal -- rh_medialorbitofrontal,1,150,0.006666666666666667,0.0035991667360841823,174.54545454545453,-0.937410831451416
ALL_SZ,rh_caudalmiddlefrontal -- rh_middletemporal,2,150,0.013333333333333334,0.0025673841838111363,233.21212121212122,-0.9450994422941497
ALL_SZ,rh_caudalmiddlefrontal -- rh_paracentral,2,150,0.013333333333333334,0.0035277657070357134,174.97058823529412,0.9430462384925169
ALL_SZ,rh_caudalmiddlefrontal -- rh_parahippocampal,4,150,0.02666666666666667,0.003566648389191879,167.61290322580646,0.9641187902419798
ALL_SZ,rh_caudalmiddlefrontal -- rh_parsopercularis,6,150,0.04,0.004224283949695197,142.91666666666666,0.9644088281525506
ALL_SZ,rh_caudalmiddlefrontal -- rh_parsorbitalis,0,150,0.0,0.0015412640936747018,66.0,0.914283812046051
ALL_SZ,rh_caudalmiddlefrontal -- rh_parstriangularis,0,150,0.0,0.002993859691926501,188.22727272727272,0.9488541890274395
ALL_SZ,rh_caudalmiddlefrontal -- rh_pericalcarine,0,150,0.0,0.0014568732964036987,333.0,0.9032468597094218
ALL_SZ,rh_caudalmiddlefrontal -- rh_postcentral,0,150,0.0,0.001407975301063388,453.0,-0.8446840047836304
ALL_SZ,rh_caudalmiddlefrontal -- rh_posteriorcingulate,1,150,0.006666666666666667,0.0030690521539293745,181.08695652173913,0.9694148232971412
ALL_SZ,rh_caudalmiddlefrontal -- rh_precentral,0,150,0.0,0.0027914267864926614,282.85714285714283,-0.9566126465797424
ALL_SZ,rh_caudalmiddlefrontal -- rh_precuneus,0,150,0.0,0.0013174556615980141,308.0,-0.8983195424079895
ALL_SZ,rh_caudalmiddlefrontal -- rh_rostralanteriorcingulate,1,150,0.006666666666666667,0.0028505811047139745,232.52,0.9483085751533509
ALL_SZ,rh_caudalmiddlefrontal -- rh_rostralmiddlefrontal,1,150,0.006666666666666667,0.0025429629269046027,274.0,-0.9228027065594991
ALL_SZ,rh_caudalmiddlefrontal -- rh_superiorfrontal,0,150,0.0,0.0026469882159025873,206.23076923076923,-0.9512477127405313
ALL_SZ,rh_caudalmiddlefrontal -- rh_superiorparietal,0,150,0.0,0.0015839186391902126,315.6,-0.8948540210723877
ALL_SZ,rh_caudalmiddlefrontal -- rh_superiortemporal,7,150,0.04666666666666667,0.0034204385121916325,160.1860465116279,-0.9450028275334558
ALL_SZ,rh_caudalmiddlefrontal -- rh_supramarginal,0,150,0.0,0.001475778398896648,423.8,-0.5465553641319275
ALL_SZ,rh_caudalmiddlefrontal -- rh_temporalpole,0,150,0.0,0.0015351011852928784,241.5,0.003998160362243652
ALL_SZ,rh_caudalmiddlefrontal -- rh_transversetemporal,5,150,0.03333333333333333,0.0033714878709716254,177.25,0.9510595440864563
ALL_SZ,rh_cuneus -- rh_entorhinal,3,150,0.02,0.0033175367724719777,210.70833333333334,-0.9263955901066462
ALL_SZ,rh_cuneus -- rh_frontalpole,1,150,0.006666666666666667,0.0016152698837311008,139.4,-0.8480297088623047
ALL_SZ,rh_cuneus -- rh_fusiform,0,150,0.0,0.0018426006724708375,349.5,-0.8800303339958191
ALL_SZ,rh_cuneus -- rh_inferiorparietal,1,150,0.006666666666666667,0.0026568948832602106,253.15384615384616,0.942456460916079
ALL_SZ,rh_cuneus -- rh_inferiortemporal,0,150,0.0,0.0013655155581707124,551.0,-0.82744300365448
ALL_SZ,rh_cuneus -- rh_insula,1,150,0.006666666666666667,0.003076168712000255,191.25,-0.9656482338905333
ALL_SZ,rh_cuneus -- rh_lateraloccipital,0,150,0.0,0.0045698705680952655,162.875,0.9532306380569935
ALL_SZ,rh_cuneus -- rh_lateralorbitofrontal,0,150,0.0,0.0018478174649713146,256.1666666666667,0.030009369055430096
ALL_SZ,rh_cuneus -- rh_lingual,9,150,0.06,0.0038426629617282298,177.76190476190476,0.9544703326528035
ALL_SZ,rh_cuneus -- rh_medialorbitofrontal,3,150,0.02,0.003416019335905445,142.94117647058823,0.5010928055819344
ALL_SZ,rh_cuneus -- rh_paracentral,0,150,0.0,0.0035283811330800285,126.66666666666667,-0.9516528248786926
ALL_SZ,rh_cuneus -- rh_parahippocampal,1,150,0.006666666666666667,0.002862646584477958,210.6818181818182,-0.9499330222606659
ALL_SZ,rh_cuneus -- rh_parsopercularis,1,150,0.006666666666666667,0.0042507787708776475,232.0,-0.9620296160380045
ALL_SZ,rh_cuneus -- rh_parsorbitalis,0,150,0.0,0.0020248660919429794,201.0909090909091,-0.8990453806790438
ALL_SZ,rh_cuneus -- rh_parstriangularis,0,150,0.0,0.0035065920915060386,100.25,-0.9401851892471315
ALL_SZ,rh_cuneus -- rh_pericalcarine,0,150,0.0,0.0013697717736333448,479.6,0.8715276598930359
ALL_SZ,rh_cuneus -- rh_postcentral,4,150,0.02666666666666667,0.00372174141819071,239.79310344827587,0.9443129218857864
ALL_SZ,rh_cuneus -- rh_precentral,0,150,0.0,0.0028832431142752977,288.6842105263158,0.9375972936027929
ALL_SZ,rh_cuneus -- rh_precuneus,11,150,0.07333333333333333,0.004030983534784254,144.32692307692307,0.951483490375372
ALL_SZ,rh_cuneus -- rh_rostralanteriorcingulate,0,150,0.0,0.0030483875404174847,214.88235294117646,-0.9501806918312522
ALL_SZ,rh_cuneus -- rh_rostralmiddlefrontal,1,150,0.006666666666666667,0.002346945645092,217.5,0.9240366220474243
ALL_SZ,rh_cuneus -- rh_superiorfrontal,0,150,0.0,0.0027603079774911866,204.8,0.9398969650268555
ALL_SZ,rh_cuneus -- rh_superiorparietal,4,150,0.02666666666666667,0.004089629402692718,174.4,0.9506366184779576
ALL_SZ,rh_cuneus -- rh_supramarginal,1,150,0.006666666666666667,0.0034827137451586884,159.04545454545453,0.8723338354717601
ALL_SZ,rh_cuneus -- rh_temporalpole,2,150,0.013333333333333334,0.0017288978451133262,215.84615384615384,-0.8747708247258112
ALL_SZ,rh_entorhinal -- rh_frontalpole,1,150,0.006666666666666667,0.002440391172786741,251.36363636363637,0.9157590649344705
ALL_SZ,rh_entorhinal -- rh_fusiform,1,150,0.006666666666666667,0.0029943648484962184,333.3333333333333,-0.3307461738586426
ALL_SZ,rh_entorhinal -- rh_inferiorparietal,0,150,0.0,0.0013550639159828663,250.0,-0.8234146237373352
ALL_SZ,rh_entorhinal -- rh_inferiortemporal,1,150,0.006666666666666667,0.0027499483360804936,237.75,0.883532851934433
ALL_SZ,rh_entorhinal -- rh_lateralorbitofrontal,4,150,0.02666666666666667,0.0051212772401377565,116.91666666666667,-0.8104667713244756
ALL_SZ,rh_entorhinal -- rh_lingual,2,150,0.013333333333333334,0.002794972043561519,195.9814814814815,-0.950291104890682
ALL_SZ,rh_entorhinal -- rh_medialorbitofrontal,3,150,0.02,0.005196131236345263,106.46153846153847,-0.2242420453291673
ALL_SZ,rh_entorhinal -- rh_parsopercularis,0,150,0.0,0.0030704715675849803,135.66666666666666,0.9917073249816896
ALL_SZ,rh_entorhinal -- rh_parsorbitalis,1,150,0.006666666666666667,0.0024110425926839275,185.61111111111111,0.9316016253497865
ALL_SZ,rh_entorhinal -- rh_parstriangularis,0,150,0.0,0.0022416910839911856,222.16666666666666,0.9265057047208151
ALL_SZ,rh_entorhinal -- rh_pericalcarine,2,150,0.013333333333333334,0.0027807839374063424,148.33333333333334,-0.9087011714776357
ALL_SZ,rh_entorhinal -- rh_postcentral,1,150,0.006666666666666667,0.002263088731854733,272.5,-0.8684135178724924
ALL_SZ,rh_entorhinal -- rh_precentral,0,150,0.0,0.0013727321038720106,440.0,-0.8549442291259766
ALL_SZ,rh_entorhinal -- rh_precuneus,9,150,0.06,0.003515607806675161,171.11940298507463,-0.9564747214317322
ALL_SZ,rh_entorhinal -- rh_superiorparietal,0,150,0.0,0.0024169383951608103,145.75,-0.858118861913681
ALL_SZ,rh_entorhinal -- rh_supramarginal,3,150,0.02,0.005674886712934709,145.66666666666666,-0.9580901629394956
ALL_SZ,rh_entorhinal -- rh_temporalpole,5,150,0.03333333333333333,0.0035917853743653045,158.06172839506172,0.9678153049798659
ALL_SZ,rh_frontalpole -- rh_fusiform,2,150,0.013333333333333334,0.002336541816520158,253.25,-0.23966315388679504
ALL_SZ,rh_frontalpole -- rh_inferiortemporal,1,150,0.006666666666666667,0.0021313699253379006,249.68421052631578,0.8980607860966733
ALL_SZ,rh_frontalpole -- rh_isthmuscingulate,0,150,0.0,0.0026188806796977092,225.4516129032258,-0.9493198817776095
ALL_SZ,rh_frontalpole -- rh_lateralorbitofrontal,1,150,0.006666666666666667,0.003787489894478988,176.6,-0.9431430379549662
ALL_SZ,rh_frontalpole -- rh_lingual,0,150,0.0,0.0018049572026065377,87.0,-0.8932512402534485
ALL_SZ,rh_frontalpole -- rh_medialorbitofrontal,1,150,0.006666666666666667,0.00317468103874683,233.07142857142858,0.8239975188459668
ALL_SZ,rh_frontalpole -- rh_middletemporal,0,150,0.0,0.0018962914026195816,242.52631578947367,0.9257057058183771
ALL_SZ,rh_frontalpole -- rh_paracentral,1,150,0.006666666666666667,0.002726526453839489,161.33333333333334,-0.8899258971214294
ALL_SZ,rh_frontalpole -- rh_parahippocampal,0,150,0.0,0.001661447914123463,35.0,-0.8378190994262695
ALL_SZ,rh_frontalpole -- rh_parsorbitalis,2,150,0.013333333333333334,0.003145595909455829,169.90666666666667,0.9645520130793254
ALL_SZ,rh_frontalpole -- rh_parstriangularis,1,150,0.006666666666666667,0.004691797660352366,191.2,-0.9302542805671692
ALL_SZ,rh_frontalpole -- rh_pericalcarine,13,150,0.08666666666666667,0.003987698989690725,153.04132231404958,-0.9775905476128759
ALL_SZ,rh_frontalpole -- rh_posteriorcingulate,1,150,0.006666666666666667,0.0017682064122537672,286.1666666666667,-0.9062080184618632
ALL_SZ,rh_frontalpole -- rh_precuneus,1,150,0.006666666666666667,0.0023630835632267033,209.28571428571428,-0.9095424839428493
ALL_SZ,rh_frontalpole -- rh_superiortemporal,0,150,0.0,0.002267335977625873,218.56521739130434,0.9246396448301233
ALL_SZ,rh_frontalpole -- rh_supramarginal,0,150,0.0,0.0019973319748241647,407.0,-0.89406418800354
ALL_SZ,rh_frontalpole -- rh_temporalpole,4,150,0.02666666666666667,0.003451917751252049,170.16666666666666,0.9473553924333482
ALL_SZ,rh_fusiform -- rh_inferiortemporal,2,150,0.013333333333333334,0.002628480901376223,201.42857142857142,0.10011630398886548
ALL_SZ,rh_fusiform -- rh_insula,3,150,0.02,0.003689426073686341,104.6,0.9504120945930481
ALL_SZ,rh_fusiform -- rh_isthmuscingulate,1,150,0.006666666666666667,0.0020004562011267713,262.6666666666667,-0.010541230440139751
ALL_SZ,rh_fusiform -- rh_lateralorbitofrontal,0,150,0.0,0.0015175131527020262,244.0,-0.8453161120414734
ALL_SZ,rh_fusiform -- rh_lingual,0,150,0.0,0.0016703549613181809,189.5,0.9332722425460817
ALL_SZ,rh_fusiform -- rh_medialorbitofrontal,0,150,0.0,0.0016098808279919612,402.7142857142857,0.14450883013861526
ALL_SZ,rh_fusiform -- rh_middletemporal,0,150,0.0,0.002013908756420767,366.0,0.18685041666030883
ALL_SZ,rh_fusiform -- rh_paracentral,1,150,0.006666666666666667,0.0026040303472971153,213.16666666666666,-0.3110499878724416
ALL_SZ,rh_fusiform -- rh_parahippocampal,0,150,0.0,0.003313331966235343,141.0,0.9583198428153992
ALL_SZ,rh_fusiform -- rh_parsopercularis,1,150,0.006666666666666667,0.004245456679252839,118.1,0.9681509554386138
ALL_SZ,rh_fusiform -- rh_parsorbitalis,0,150,0.0,0.0015583812493583616,102.0,-0.9306923747062684
ALL_SZ,rh_fusiform -- rh_parstriangularis,0,150,0.0,0.0016102363141579936,270.8,-0.1471105933189392
ALL_SZ,rh_fusiform -- rh_pericalcarine,2,150,0.013333333333333334,0.002736781711877817,187.69230769230768,-0.5048690438270569
ALL_SZ,rh_fusiform -- rh_postcentral,0,150,0.0,0.0012315294169714184,489.0,0.8147851228713989
ALL_SZ,rh_fusiform -- rh_posteriorcingulate,1,150,0.006666666666666667,0.0027226099851757456,278.6,0.613502299785614
ALL_SZ,rh_fusiform -- rh_precuneus,2,150,0.013333333333333334,0.00394980096029024,124.75,0.9031701534986496
ALL_SZ,rh_fusiform -- rh_rostralanteriorcingulate,0,150,0.0,0.0019525523465287419,240.0,0.9200904766718546
ALL_SZ,rh_fusiform -- rh_rostralmiddlefrontal,0,150,0.0,0.0013563563919494488,240.0,0.8566555976867676
ALL_SZ,rh_fusiform -- rh_superiorfrontal,0,150,0.0,0.005802758272065025,116.0,-0.962469756603241
ALL_SZ,rh_fusiform -- rh_superiortemporal,1,150,0.006666666666666667,0.0022228124510979877,173.28571428571428,-0.1183534179415021
ALL_SZ,rh_fusiform -- rh_supramarginal,2,150,0.013333333333333334,0.0035770218227727875,2.0,0.9103462100028992
ALL_SZ,rh_fusiform -- rh_temporalpole,1,150,0.006666666666666667,0.002138538074254965,175.0,-0.8926902612050375
ALL_SZ,rh_fusiform -- rh_transversetemporal,1,150,0.006666666666666667,0.0027006014983391525,249.25,0.8692057579755783
ALL_SZ,rh_inferiorparietal -- rh_inferiortemporal,0,150,0.0,0.0015615314154753639,279.5,0.9225035309791564
ALL_SZ,rh_inferiorparietal -- rh_insula,0,150,0.0,0.001697094965680847,346.3076923076923,-0.9043494462966919
ALL_SZ,rh_inferiorparietal -- rh_isthmuscingulate,1,150,0.006666666666666667,0.0037292530671793576,131.28571428571428,-0.9428551707948957
ALL_SZ,rh_inferiorparietal -- rh_lateraloccipital,7,150,0.04666666666666667,0.003381932077712057,191.17757009345794,0.9663476743430734
ALL_SZ,rh_inferiorparietal -- rh_lateralorbitofrontal,2,150,0.013333333333333334,0.003640981037779723,203.52380952380952,-0.9652204854147775
ALL_SZ,rh_inferiorparietal -- rh_lingual,0,150,0.0,0.0016193182071000656,297.6,0.9253987431526184
ALL_SZ,rh_inferiorparietal -- rh_medialorbitofrontal,0,150,0.0,0.003356945114772846,207.72222222222223,0.9546424150466919
ALL_SZ,rh_inferiorparietal -- rh_middletemporal,0,150,0.0,0.0014225999234069747,311.0,0.8579851984977722
ALL_SZ,rh_inferiorparietal -- rh_paracentral,0,150,0.0,0.002573312528868112,244.03703703703704,-0.9406324271802549
ALL_SZ,rh_inferiorparietal -- rh_parahippocampal,3,150,0.02,0.002782815859945146,211.48387096774192,-0.946679167209133
ALL_SZ,rh_inferiorparietal -- rh_parsopercularis,3,150,0.02,0.002961872080629221,190.8,-0.9458997981888907
ALL_SZ,rh_inferiorparietal -- rh_parstriangularis,2,150,0.013333333333333334,0.002495626746262373,225.0909090909091,-0.9487005878578533
ALL_SZ,rh_inferiorparietal -- rh_postcentral,2,150,0.013333333333333334,0.0030087575811942853,221.86666666666667,0.9527559061845143
ALL_SZ,rh_inferiorparietal -- rh_posteriorcingulate,0,150,0.0,0.0014670526619956837,212.0,-0.8508085012435913
ALL_SZ,rh_inferiorparietal -- rh_precentral,1,150,0.006666666666666667,0.0027607384498029974,235.38181818181818,0.9605161190032959
ALL_SZ,rh_inferiorparietal -- rh_precuneus,0,150,0.0,0.0013247301515364252,433.25,0.8329755067825317
ALL_SZ,rh_inferiorparietal -- rh_rostralanteriorcingulate,3,150,0.02,0.003065179650864668,237.425,-0.9504822909832
ALL_SZ,rh_inferiorparietal -- rh_rostralmiddlefrontal,9,150,0.06,0.003565354905604888,166.4793388429752,0.9754840391726534
ALL_SZ,rh_inferiorparietal -- rh_superiorfrontal,3,150,0.02,0.003202663142646162,217.06666666666666,0.9506951864560446
ALL_SZ,rh_inferiorparietal -- rh_superiorparietal,3,150,0.02,0.0035005619850613985,185.90425531914894,0.969297524462355
ALL_SZ,rh_inferiorparietal -- rh_superiortemporal,0,150,0.0,0.001548734130519291,305.5,0.9246145188808441
ALL_SZ,rh_inferiorparietal -- rh_supramarginal,1,150,0.006666666666666667,0.003049604592304349,201.7017543859649,0.9588002416125515
ALL_SZ,rh_inferiorparietal -- rh_transversetemporal,0,150,0.0,0.0010598871160333613,659.0,-0.8315857648849487
ALL_SZ,rh_inferiortemporal -- rh_insula,3,150,0.02,0.004232197564497586,166.5,-0.9183608829975128
ALL_SZ,rh_inferiortemporal -- rh_isthmuscingulate,4,150,0.02666666666666667,0.0029033944988975874,203.58695652173913,-0.9495550549548605
ALL_SZ,rh_inferiortemporal -- rh_lateralorbitofrontal,0,150,0.0,0.0021855772469733556,262.7142857142857,-0.9427495002746582
ALL_SZ,rh_inferiortemporal -- rh_lingual,0,150,0.0,0.0015015145857578873,249.0,-0.9456486701965332
ALL_SZ,rh_inferiortemporal -- rh_medialorbitofrontal,1,150,0.006666666666666667,0.0034758710980642197,247.85714285714286,0.9281718049730573
ALL_SZ,rh_inferiortemporal -- rh_middletemporal,2,150,0.013333333333333334,0.003064309524763052,188.7674418604651,0.9678520622641541
ALL_SZ,rh_inferiortemporal -- rh_paracentral,3,150,0.02,0.003282320420102284,170.52272727272728,-0.9531107206236232
ALL_SZ,rh_inferiortemporal -- rh_parahippocampal,0,150,0.0,0.0022824272010416287,266.6,-0.9346128344535828
ALL_SZ,rh_inferiortemporal -- rh_parsopercularis,1,150,0.006666666666666667,0.005322731820759394,226.33333333333334,-0.9259175658226013
ALL_SZ,rh_inferiortemporal -- rh_parsorbitalis,3,150,0.02,0.0026786815442838164,248.05555555555554,0.9298401408725314
ALL_SZ,rh_inferiortemporal -- rh_parstriangularis,2,150,0.013333333333333334,0.004097083525468835,146.38095238095238,-0.9535787332625616
ALL_SZ,rh_inferiortemporal -- rh_pericalcarine,0,150,0.0,0.001781711970537387,288.5263157894737,-0.9033830981505545
ALL_SZ,rh_inferiortemporal -- rh_postcentral,0,150,0.0,0.0012465466038785306,454.0,0.8474278450012207
ALL_SZ,rh_inferiortemporal -- rh_posteriorcingulate,3,150,0.02,0.0031590006123680455,184.37878787878788,-0.9577104828574441
ALL_SZ,rh_inferiortemporal -- rh_precuneus,0,150,0.0,0.0014217273499916169,437.0,-0.825721263885498
ALL_SZ,rh_inferiortemporal -- rh_rostralanteriorcingulate,0,150,0.0,0.0030338198566345295,332.6666666666667,-0.970684826374054
ALL_SZ,rh_inferiortemporal -- rh_rostralmiddlefrontal,0,150,0.0,0.002490943244109372,193.66666666666666,0.9829706847667694
ALL_SZ,rh_inferiortemporal -- rh_superiorfrontal,0,150,0.0,0.0019455900050991482,280.1111111111111,0.9168459375699362
ALL_SZ,rh_inferiortemporal -- rh_superiorparietal,0,150,0.0,0.001217613682869789,520.0,0.8744283318519592
ALL_SZ,rh_inferiortemporal -- rh_superiortemporal,3,150,0.02,0.003407081149038571,176.86746987951807,0.9666542267224875
ALL_SZ,rh_inferiortemporal -- rh_supramarginal,0,150,0.0,0.0019443956591946644,192.0,-0.8846315145492554
ALL_SZ,rh_inferiortemporal -- rh_temporalpole,1,150,0.006666666666666667,0.0022093597699302816,239.6,0.9149898529052735
ALL_SZ,rh_insula -- rh_isthmuscingulate,1,150,0.006666666666666667,0.0026968116774450596,188.31034482758622,0.9452248750061825
ALL_SZ,rh_insula -- rh_lateraloccipital,0,150,0.0,0.0022231100952896463,268.5,-0.9368895820596002
ALL_SZ,rh_insula -- rh_lateralorbitofrontal,1,150,0.006666666666666667,0.00193393972380159,313.85714285714283,0.9286238125392369
ALL_SZ,rh_insula -- rh_medialorbitofrontal,1,150,0.006666666666666667,0.0024752662240894894,271.06666666666666,-0.9521721164385478
ALL_SZ,rh_insula -- rh_middletemporal,0,150,0.0,0.0015179333271647148,383.8,-0.8965909898281097
ALL_SZ,rh_insula -- rh_paracentral,0,150,0.0,0.002233169482166856,267.94117647058823,0.9442476595149321
ALL_SZ,rh_insula -- rh_parahippocampal,4,150,0.02666666666666667,0.0038045397429433882,195.35294117647058,0.9625418139439003
ALL_SZ,rh_insula -- rh_parsopercularis,10,150,0.06666666666666667,0.0037586917668780435,142.37142857142857,0.967474490404129
ALL_SZ,rh_insula -- rh_parstriangularis,0,150,0.0,0.0030020991342250523,236.83333333333334,0.9423427780469259
ALL_SZ,rh_insula -- rh_postcentral,0,150,0.0,0.001786463237027824,284.0,-0.9141584932804108
ALL_SZ,rh_insula -- rh_posteriorcingulate,4,150,0.02666666666666667,0.003574928499558276,197.0,0.9458837255835533
ALL_SZ,rh_insula -- rh_precentral,0,150,0.0,0.0025315224707071734,280.38235294117646,-0.947408353581148
ALL_SZ,rh_insula -- rh_rostralanteriorcingulate,3,150,0.02,0.003084936449356936,225.89795918367346,0.953219719079076
ALL_SZ,rh_insula -- rh_rostralmiddlefrontal,0,150,0.0,0.001961361524023494,246.34615384615384,-0.9182706360633557
ALL_SZ,rh_insula -- rh_superiorfrontal,6,150,0.04,0.003212330510558848,175.3781512605042,-0.9639904268649446
ALL_SZ,rh_insula -- rh_superiorparietal,1,150,0.006666666666666667,0.0019930354783003162,347.6,-0.907091248035431
ALL_SZ,rh_insula -- rh_superiortemporal,1,150,0.006666666666666667,0.0031967385167836096,217.92307692307693,-0.922245076069465
ALL_SZ,rh_insula -- rh_supramarginal,1,150,0.006666666666666667,0.0028677363207423538,196.91666666666666,-0.475601260860761
ALL_SZ,rh_insula -- rh_transversetemporal,1,150,0.006666666666666667,0.002660738051454421,241.75,0.9342898031075796
ALL_SZ,rh_isthmuscingulate -- rh_lateraloccipital,0,150,0.0,0.002500093119048172,303.25,-0.9220810905098915
ALL_SZ,rh_isthmuscingulate -- rh_lateralorbitofrontal,3,150,0.02,0.0032209302099622337,172.46666666666667,0.957568887869517
ALL_SZ,rh_isthmuscingulate -- rh_medialorbitofrontal,0,150,0.0,0.002221799846495166,269.6666666666667,-0.956350737147861
ALL_SZ,rh_isthmuscingulate -- rh_middletemporal,1,150,0.006666666666666667,0.0027718165110530366,232.986301369863,-0.9579170182959674
ALL_SZ,rh_isthmuscingulate -- rh_paracentral,3,150,0.02,0.0030402133322261133,177.5079365079365,0.9628669629021297
ALL_SZ,rh_isthmuscingulate -- rh_parahippocampal,0,150,0.0,0.002049496180271674,326.2857142857143,0.9224932278905597
ALL_SZ,rh_isthmuscingulate -- rh_parsopercularis,4,150,0.02666666666666667,0.0050874429752786445,125.72,0.976128613948822
ALL_SZ,rh_isthmuscingulate -- rh_parsorbitalis,1,150,0.006666666666666667,0.002888947980450974,157.07692307692307,-0.9495862401448764
ALL_SZ,rh_isthmuscingulate -- rh_parstriangularis,3,150,0.02,0.003466687328635941,156.29787234042553,0.9697823410338544
ALL_SZ,rh_isthmuscingulate -- rh_pericalcarine,2,150,0.013333333333333334,0.002826702708661165,209.89743589743588,0.9535948786980066
ALL_SZ,rh_isthmuscingulate -- rh_postcentral,0,150,0.0,0.0014347557968726868,316.0,-0.8863816559314728
ALL_SZ,rh_isthmuscingulate -- rh_posteriorcingulate,1,150,0.006666666666666667,0.0027586615036232654,196.47674418604652,0.9643730784571448
ALL_SZ,rh_isthmuscingulate -- rh_precentral,0,150,0.0,0.00251135010394519,303.6666666666667,-0.9656787382231818
ALL_SZ,rh_isthmuscingulate -- rh_rostralanteriorcingulate,0,150,0.0,0.002454864058808072,180.5,0.9615819752216339
ALL_SZ,rh_isthmuscingulate -- rh_rostralmiddlefrontal,0,150,0.0,0.002001541861165131,306.625,-0.9475179389119148
ALL_SZ,rh_isthmuscingulate -- rh_superiorfrontal,0,150,0.0,0.0020927299356348246,270.9583333333333,-0.9344970683256785
ALL_SZ,rh_isthmuscingulate -- rh_superiorparietal,0,150,0.0,0.0019334320761242136,270.0,-0.944508358836174
ALL_SZ,rh_isthmuscingulate -- rh_superiortemporal,0,150,0.0,0.0024721411738316207,225.57142857142858,-0.9403383610199909
ALL_SZ,rh_isthmuscingulate -- rh_supramarginal,0,150,0.0,0.0029643308408814186,186.3,-0.9672907292842865
ALL_SZ,rh_isthmuscingulate -- rh_temporalpole,0,150,0.0,0.00150280789786063,261.25,-0.8970668762922287
ALL_SZ,rh_isthmuscingulate -- rh_transversetemporal,0,150,0.0,0.0034077365111301024,140.4,0.9592203974723816
ALL_SZ,rh_lateraloccipital -- rh_lateralorbitofrontal,0,150,0.0,0.002288203896727325,282.90909090909093,-0.9448224631222811
ALL_SZ,rh_lateraloccipital -- rh_lingual,2,150,0.013333333333333334,0.0046838847942099505,206.33333333333334,0.9283996886677213
ALL_SZ,rh_lateraloccipital -- rh_medialorbitofrontal,0,150,0.0,0.0017405334455627929,339.4166666666667,0.9351755231618881
ALL_SZ,rh_lateraloccipital -- rh_middletemporal,0,150,0.0,0.0021988324714121888,199.0,0.934626281261444
ALL_SZ,rh_lateraloccipital -- rh_paracentral,0,150,0.0,0.002225909735282586,250.27272727272728,-0.9355143200267445
ALL_SZ,rh_lateraloccipital -- rh_parahippocampal,3,150,0.02,0.0031256103175975342,183.7816091954023,-0.9736880495630461
ALL_SZ,rh_lateraloccipital -- rh_parsopercularis,1,150,0.006666666666666667,0.002842694893286899,228.83333333333334,-0.9603920380274454
ALL_SZ,rh_lateraloccipital -- rh_parstriangularis,1,150,0.006666666666666667,0.002639415515669284,232.6,-0.9475383788347245
ALL_SZ,rh_lateraloccipital -- rh_postcentral,2,150,0.013333333333333334,0.0029629915961231794,221.78571428571428,0.9490785930837904
ALL_SZ,rh_lateraloccipital -- rh_precentral,4,150,0.02666666666666667,0.003064259014904246,196.5686274509804,0.9671832486694935
ALL_SZ,rh_lateraloccipital -- rh_precuneus,0,150,0.0,0.0023707408592634717,269.375,0.9080523252487183
ALL_SZ,rh_lateraloccipital -- rh_rostralanteriorcingulate,2,150,0.013333333333333334,0.0030153115547943686,216.5072463768116,-0.9507634026416834
ALL_SZ,rh_lateraloccipital -- rh_rostralmiddlefrontal,5,150,0.03333333333333333,0.003183827016303792,190.4496124031008,0.9811138764832371
ALL_SZ,rh_lateraloccipital -- rh_superiorfrontal,2,150,0.013333333333333334,0.0029608511331662016,204.98717948717947,0.9581425793659992
ALL_SZ,rh_lateraloccipital -- rh_superiorparietal,4,150,0.02666666666666667,0.0037764475033437196,180.51181102362204,0.9736580374672656
ALL_SZ,rh_lateraloccipital -- rh_superiortemporal,0,150,0.0,0.001281816343983315,513.5,0.8575663268566132
ALL_SZ,rh_lateraloccipital -- rh_supramarginal,0,150,0.0,0.0024556864531957443,297.37931034482756,0.9432074263178069
ALL_SZ,rh_lateraloccipital -- rh_transversetemporal,0,150,0.0,0.0013438275143989116,393.5,-0.8955355584621429
ALL_SZ,rh_lateralorbitofrontal -- rh_lingual,0,150,0.0,0.0019864424377961667,155.375,-0.9160237163305283
ALL_SZ,rh_lateralorbitofrontal -- rh_medialorbitofrontal,3,150,0.02,0.007037085615559597,126.55555555555556,0.7559001843134562
ALL_SZ,rh_lateralorbitofrontal -- rh_middletemporal,0,150,0.0,0.0021510723294850113,235.35294117647058,-0.9453007648972904
ALL_SZ,rh_lateralorbitofrontal -- rh_paracentral,1,150,0.006666666666666667,0.0029512098798503976,192.6315789473684,0.9730324556953028
ALL_SZ,rh_lateralorbitofrontal -- rh_parahippocampal,0,150,0.0,0.002583455783729003,207.5,0.9302173554897308
ALL_SZ,rh_lateralorbitofrontal -- rh_parsopercularis,1,150,0.006666666666666667,0.004638602031374884,216.875,0.9582592025399208
ALL_SZ,rh_lateralorbitofrontal -- rh_parsorbitalis,2,150,0.013333333333333334,0.0027624592863091744,182.07692307692307,-0.9292135651295002
ALL_SZ,rh_lateralorbitofrontal -- rh_parstriangularis,0,150,0.0,0.0035690468513666263,179.59259259259258,0.9654074024271082
ALL_SZ,rh_lateralorbitofrontal -- rh_pericalcarine,2,150,0.013333333333333334,0.0032214935751802834,259.0,0.9523420393466949
ALL_SZ,rh_lateralorbitofrontal -- rh_postcentral,1,150,0.006666666666666667,0.0027760068998214757,137.07692307692307,-0.9753847626539377
ALL_SZ,rh_lateralorbitofrontal -- rh_posteriorcingulate,1,150,0.006666666666666667,0.0026903557212959875,197.28571428571428,0.9618265316599891
ALL_SZ,rh_lateralorbitofrontal -- rh_precentral,0,150,0.0,0.0017539904419611788,265.125,-0.9164988845586777
ALL_SZ,rh_lateralorbitofrontal -- rh_precuneus,4,150,0.02666666666666667,0.004870029648250978,120.5,0.776586910088857
ALL_SZ,rh_lateralorbitofrontal -- rh_rostralanteriorcingulate,1,150,0.006666666666666667,0.003626496588071424,223.4,0.9307537019252777
ALL_SZ,rh_lateralorbitofrontal -- rh_rostralmiddlefrontal,0,150,0.0,0.0022383474703018907,271.25,-0.9243659004569054
ALL_SZ,rh_lateralorbitofrontal -- rh_superiorfrontal,1,150,0.006666666666666667,0.001722171466339151,229.6,-0.9115267157554626
ALL_SZ,rh_lateralorbitofrontal -- rh_superiorparietal,0,150,0.0,0.0021064194877521455,208.5,-0.9465843439102173
ALL_SZ,rh_lateralorbitofrontal -- rh_superiortemporal,2,150,0.013333333333333334,0.0035451027689818704,189.41176470588235,-0.954372293808881
ALL_SZ,rh_lateralorbitofrontal -- rh_supramarginal,1,150,0.006666666666666667,0.00263552911162376,281.92857142857144,-0.5321693164961678
ALL_SZ,rh_lateralorbitofrontal -- rh_temporalpole,2,150,0.013333333333333334,0.0026186326389533183,182.0,-0.9652575373649597
ALL_SZ,rh_lateralorbitofrontal -- rh_transversetemporal,1,150,0.006666666666666667,0.004306819039845778,179.75,0.9596927613019943
ALL_SZ,rh_lingual -- rh_medialorbitofrontal,1,150,0.006666666666666667,0.0025987980162649115,242.75,0.4841275066137314
ALL_SZ,rh_lingual -- rh_parahippocampal,0,150,0.0,0.002191567030078919,267.8888888888889,-0.9395617445309957
ALL_SZ,rh_lingual -- rh_parsopercularis,0,150,0.0,0.001298783028637038,432.5,-0.9001647979021072
ALL_SZ,rh_lingual -- rh_parsorbitalis,1,150,0.006666666666666667,0.0025410598657074845,230.73333333333332,-0.9061087528864543
ALL_SZ,rh_lingual -- rh_parstriangularis,0,150,0.0,0.0027440590639462273,195.76923076923077,-0.960945358643165
ALL_SZ,rh_lingual -- rh_postcentral,2,150,0.013333333333333334,0.002676965556512397,201.05882352941177,0.9488030759727254
ALL_SZ,rh_lingual -- rh_posteriorcingulate,0,150,0.0,0.0012385552437399242,647.0,-0.919553518295288
ALL_SZ,rh_lingual -- rh_precentral,2,150,0.013333333333333334,0.0037497353559989037,231.23076923076923,0.9142998456954956
ALL_SZ,rh_lingual -- rh_precuneus,13,150,0.08666666666666667,0.00430025670624195,154.7171717171717,0.9765741758876376
ALL_SZ,rh_lingual -- rh_rostralanteriorcingulate,0,150,0.0,0.001437793258338864,443.0,-0.8715564906597137
ALL_SZ,rh_lingual -- rh_rostralmiddlefrontal,1,150,0.006666666666666667,0.0023166384387249455,238.0,0.9200985074043274
ALL_SZ,rh_lingual -- rh_superiorparietal,3,150,0.02,0.0041082943043272615,180.8108108108108,0.9468181407129442
ALL_SZ,rh_lingual -- rh_superiortemporal,0,150,0.0,0.001759035770328967,331.0,0.01536682248115534
ALL_SZ,rh_lingual -- rh_supramarginal,4,150,0.02666666666666667,0.005407254191835214,207.0,0.9314683179060618
ALL_SZ,rh_lingual -- rh_temporalpole,7,150,0.04666666666666667,0.0035347151025556154,227.05128205128204,-0.9454652300247779
ALL_SZ,rh_lingual -- rh_transversetemporal,0,150,0.0,0.0050444726850132115,186.66666666666666,-0.9588241577148438
ALL_SZ,rh_medialorbitofrontal -- rh_middletemporal,0,150,0.0,0.0016010373248817398,296.8,0.9030239701271057
ALL_SZ,rh_medialorbitofrontal -- rh_paracentral,3,150,0.02,0.00467579498747745,138.91666666666666,-0.9424296071132024
ALL_SZ,rh_medialorbitofrontal -- rh_parahippocampal,0,150,0.0,0.0023566928336896786,205.5625,-0.9559716396033764
ALL_SZ,rh_medialorbitofrontal -- rh_parsopercularis,1,150,0.006666666666666667,0.0024203710713063147,184.0625,-0.9616582430899143
ALL_SZ,rh_medialorbitofrontal -- rh_parsorbitalis,1,150,0.006666666666666667,0.002602711843241633,144.125,0.48641771078109736
ALL_SZ,rh_medialorbitofrontal -- rh_parstriangularis,3,150,0.02,0.004621419012802348,174.375,-0.8442228883504868
ALL_SZ,rh_medialorbitofrontal -- rh_pericalcarine,0,150,0.0,0.003514162465771408,146.3,-0.9791194081306458
ALL_SZ,rh_medialorbitofrontal -- rh_postcentral,0,150,0.0,0.0025954450899372673,243.0,0.9786913232369856
ALL_SZ,rh_medialorbitofrontal -- rh_posteriorcingulate,1,150,0.006666666666666667,0.0013705665157735499,442.6,-0.8836294293403626
ALL_SZ,rh_medialorbitofrontal -- rh_precentral,0,150,0.0,0.002331469719967927,206.33333333333334,0.9568525205055872
ALL_SZ,rh_medialorbitofrontal -- rh_precuneus,0,150,0.0,0.0025593714799630666,224.71428571428572,0.42431038192340303
ALL_SZ,rh_medialorbitofrontal -- rh_rostralanteriorcingulate,3,150,0.02,0.004381065565273553,213.1818181818182,-0.9423676891760393
ALL_SZ,rh_medialorbitofrontal -- rh_rostralmiddlefrontal,0,150,0.0,0.0024180398594005163,223.0,0.9502377569675445
ALL_SZ,rh_medialorbitofrontal -- rh_superiorfrontal,0,150,0.0,0.0025650985863465976,252.625,0.9538092762231827
ALL_SZ,rh_medialorbitofrontal -- rh_superiorparietal,0,150,0.0,0.0026079088361263495,265.90909090909093,0.933977788144892
ALL_SZ,rh_medialorbitofrontal -- rh_superiortemporal,0,150,0.0,0.001615642060519372,283.0,0.9287608762582144
ALL_SZ,rh_medialorbitofrontal -- rh_supramarginal,0,150,0.0,0.0024548597074100817,202.0,0.545572128560808
ALL_SZ,rh_medialorbitofrontal -- rh_temporalpole,0,150,0.0,0.002420910812968522,213.41666666666666,0.16743963956832886
ALL_SZ,rh_medialorbitofrontal -- rh_transversetemporal,1,150,0.006666666666666667,0.0021628201907884373,130.0,-0.9062567353248596
ALL_SZ,rh_middletemporal -- rh_paracentral,1,150,0.006666666666666667,0.0030173236219299144,228.2127659574468,-0.954401137981009
ALL_SZ,rh_middletemporal -- rh_parahippocampal,2,150,0.013333333333333334,0.004256944781227056,219.22222222222223,-0.9417489303482903
ALL_SZ,rh_middletemporal -- rh_parsopercularis,2,150,0.013333333333333334,0.0033891373491780905,225.92857142857142,-0.9422203813280378
ALL_SZ,rh_middletemporal -- rh_parsorbitalis,0,150,0.0,0.0014810412199768668,329.25,0.8775668442249298
ALL_SZ,rh_middletemporal -- rh_parstriangularis,4,150,0.02666666666666667,0.003550450523700336,214.5581395348837,-0.9506009193353875
ALL_SZ,rh_middletemporal -- rh_pericalcarine,2,150,0.013333333333333334,0.002599925934663487,198.6578947368421,-0.9385471500848469
ALL_SZ,rh_middletemporal -- rh_posteriorcingulate,2,150,0.013333333333333334,0.0031960127926515254,190.90804597701148,-0.9610238034149696
ALL_SZ,rh_middletemporal -- rh_rostralanteriorcingulate,0,150,0.0,0.001337614631678871,374.0,-0.8876650780439377
ALL_SZ,rh_middletemporal -- rh_rostralmiddlefrontal,0,150,0.0,0.001958552659634953,153.0,0.9239095250765482
ALL_SZ,rh_middletemporal -- rh_superiorfrontal,1,150,0.006666666666666667,0.002282325343926026,260.44444444444446,0.9166693124506209
ALL_SZ,rh_middletemporal -- rh_superiortemporal,5,150,0.03333333333333333,0.0033898361767995305,178.12745098039215,0.9715999721312055
ALL_SZ,rh_middletemporal -- rh_supramarginal,0,150,0.0,0.0020366563495313517,185.33333333333334,0.3332697749137879
ALL_SZ,rh_middletemporal -- rh_temporalpole,0,150,0.0,0.0013921122820953948,188.0,0.8896996378898621
ALL_SZ,rh_paracentral -- rh_parahippocampal,0,150,0.0,0.0018975268813250744,258.9,0.9190579533576966
ALL_SZ,rh_paracentral -- rh_parsopercularis,3,150,0.02,0.0035394944648066856,201.32,0.9515401935577392
ALL_SZ,rh_paracentral -- rh_parstriangularis,4,150,0.02666666666666667,0.003873281399599948,175.0909090909091,0.9658897993239489
ALL_SZ,rh_paracentral -- rh_pericalcarine,4,150,0.02666666666666667,0.0038544621836923594,274.07142857142856,0.9371694581849235
ALL_SZ,rh_paracentral -- rh_postcentral,0,150,0.0,0.0023099191520488645,268.3,-0.9217147886753082
ALL_SZ,rh_paracentral -- rh_posteriorcingulate,1,150,0.006666666666666667,0.0027927914484461957,219.23636363636365,0.9533300464803522
ALL_SZ,rh_paracentral -- rh_precentral,0,150,0.0,0.0019393678155028098,247.3,-0.9436752021312713
ALL_SZ,rh_paracentral -- rh_rostralanteriorcingulate,2,150,0.013333333333333334,0.003241970238651442,231.58333333333334,0.9324895689884821
ALL_SZ,rh_paracentral -- rh_rostralmiddlefrontal,0,150,0.0,0.0020613574879655627,277.57142857142856,-0.9475620090961456
ALL_SZ,rh_paracentral -- rh_superiorfrontal,1,150,0.006666666666666667,0.002581821438175402,245.1,-0.9494381666183471
ALL_SZ,rh_paracentral -- rh_superiorparietal,0,150,0.0,0.0015512266067783016,359.1666666666667,-0.9014311333497366
ALL_SZ,rh_paracentral -- rh_superiortemporal,2,150,0.013333333333333334,0.0028323050994264816,250.1,-0.936300257841746
ALL_SZ,rh_paracentral -- rh_supramarginal,0,150,0.0,0.0021909136860784892,198.375,-0.928887277841568
ALL_SZ,rh_parahippocampal -- rh_parsopercularis,1,150,0.006666666666666667,0.0024833204855224267,219.95348837209303,0.9469836880994398
ALL_SZ,rh_parahippocampal -- rh_parstriangularis,0,150,0.0,0.0026880315209563852,296.1,0.9453782200813293
ALL_SZ,rh_parahippocampal -- rh_pericalcarine,0,150,0.0,0.0014578498010157487,239.0,0.895667314529419
ALL_SZ,rh_parahippocampal -- rh_postcentral,2,150,0.013333333333333334,0.0027984658462168123,253.68085106382978,-0.944202813696354
ALL_SZ,rh_parahippocampal -- rh_posteriorcingulate,2,150,0.013333333333333334,0.0037173613203417594,111.0,0.9692287061895642
ALL_SZ,rh_parahippocampal -- rh_precentral,3,150,0.02,0.0030775605624892076,199.75675675675674,-0.9702349514574617
ALL_SZ,rh_parahippocampal -- rh_precuneus,0,150,0.0,0.002717333651760742,181.0,-0.9472795989778307
ALL_SZ,rh_parahippocampal -- rh_rostralanteriorcingulate,2,150,0.013333333333333334,0.0029697507399714493,201.2127659574468,0.9663217498901042
ALL_SZ,rh_parahippocampal -- rh_rostralmiddlefrontal,3,150,0.02,0.003054464179122845,177.82558139534885,-0.9708860537340475
ALL_SZ,rh_parahippocampal -- rh_superiorfrontal,3,150,0.02,0.002933227720094785,196.8360655737705,-0.9563298909390558
ALL_SZ,rh_parahippocampal -- rh_superiorparietal,3,150,0.02,0.0030542944703309534,231.50704225352112,-0.9668064789033272
ALL_SZ,rh_parahippocampal -- rh_superiortemporal,0,150,0.0,0.0036960823216092,158.0,-0.9628909355715701
ALL_SZ,rh_parahippocampal -- rh_supramarginal,0,150,0.0,0.0025312726586963472,240.125,-0.9384902889529864
ALL_SZ,rh_parahippocampal -- rh_transversetemporal,3,150,0.02,0.00514626946883737,179.92307692307693,0.9537713802777804
ALL_SZ,rh_parsopercularis -- rh_parsorbitalis,0,150,0.0,0.0014395661996737719,131.0,0.882928192615509
ALL_SZ,rh_parsopercularis -- rh_parstriangularis,2,150,0.013333333333333334,0.0036542616900294826,214.25,0.9557162597775459
ALL_SZ,rh_parsopercularis -- rh_pericalcarine,0,150,0.0,0.0015647704242504551,81.0,0.8954074382781982
ALL_SZ,rh_parsopercularis -- rh_postcentral,0,150,0.0,0.0023187937858156144,305.9230769230769,-0.9384340689732478
ALL_SZ,rh_parsopercularis -- rh_posteriorcingulate,4,150,0.02666666666666667,0.00430848172732138,160.82758620689654,0.9579186562834114
ALL_SZ,rh_parsopercularis -- rh_precentral,2,150,0.013333333333333334,0.003229332973292941,204.6078431372549,-0.9514176974109575
ALL_SZ,rh_parsopercularis -- rh_precuneus,0,150,0.0,0.0027917913994314827,119.5,-0.9444682796796163
ALL_SZ,rh_parsopercularis -- rh_rostralanteriorcingulate,4,150,0.02666666666666667,0.0034591332467792378,165.23076923076923,0.9671286787742224
ALL_SZ,rh_parsopercularis -- rh_rostralmiddlefrontal,1,150,0.006666666666666667,0.002511976246035308,237.92105263157896,-0.9549478982624254
ALL_SZ,rh_parsopercularis -- rh_superiorfrontal,4,150,0.02666666666666667,0.0031133668150393544,166.0597014925373,-0.9642939016000548
ALL_SZ,rh_parsopercularis -- rh_superiorparietal,2,150,0.013333333333333334,0.002695114365391998,276.95454545454544,-0.9474982429634441
ALL_SZ,rh_parsopercularis -- rh_superiortemporal,1,150,0.006666666666666667,0.0033878122815054006,219.78947368421052,-0.9336608052253723
ALL_SZ,rh_parsopercularis -- rh_supramarginal,1,150,0.006666666666666667,0.002696424266345771,259.85714285714283,-0.9403728757585798
ALL_SZ,rh_parsopercularis -- rh_transversetemporal,0,150,0.0,0.0022324262650476163,297.5,0.9333847761154175
ALL_SZ,rh_parsorbitalis -- rh_parstriangularis,0,150,0.0,0.002602287079249196,246.66666666666666,-0.8688883384068807
ALL_SZ,rh_parsorbitalis -- rh_pericalcarine,2,150,0.013333333333333334,0.00319724233848937,182.34883720930233,-0.9626952576082807
ALL_SZ,rh_parsorbitalis -- rh_posteriorcingulate,0,150,0.0,0.0013332270121483526,280.0,-0.8226977586746216
ALL_SZ,rh_parsorbitalis -- rh_precuneus,3,150,0.02,0.003151000629624541,256.05555555555554,-0.9408775568008423
ALL_SZ,rh_parsorbitalis -- rh_superiortemporal,0,150,0.0,0.0023168563520288236,181.11111111111111,0.9251709646648831
ALL_SZ,rh_parsorbitalis -- rh_supramarginal,3,150,0.02,0.0074027563358668,118.66666666666667,-0.9267867803573608
ALL_SZ,rh_parsorbitalis -- rh_temporalpole,8,150,0.05333333333333334,0.0031597359788358547,164.009900990099,0.9741684434437515
ALL_SZ,rh_parstriangularis -- rh_pericalcarine,1,150,0.006666666666666667,0.004672215550826161,152.0,0.9459506502518287
ALL_SZ,rh_parstriangularis -- rh_postcentral,0,150,0.0,0.0023416604847627926,232.25,-0.952733401209116
ALL_SZ,rh_parstriangularis -- rh_posteriorcingulate,3,150,0.02,0.0033197828686038016,151.02173913043478,0.9686900688254315
ALL_SZ,rh_parstriangularis -- rh_precentral,0,150,0.0,0.0023281550772652326,230.30769230769232,-0.949376275906196
ALL_SZ,rh_parstriangularis -- rh_precuneus,1,150,0.006666666666666667,0.0027601326881377414,179.88888888888889,-0.9820391337076823
ALL_SZ,rh_parstriangularis -- rh_rostralanteriorcingulate,1,150,0.006666666666666667,0.0031283209350333823,267.3888888888889,0.9482072790463766
ALL_SZ,rh_parstriangularis -- rh_rostralmiddlefrontal,0,150,0.0,0.002202389831924903,281.06666666666666,-0.9353000203768412
ALL_SZ,rh_parstriangularis -- rh_superiorfrontal,0,150,0.0,0.002674659956316928,261.5238095238095,-0.9552864176886422
ALL_SZ,rh_parstriangularis -- rh_superiorparietal,0,150,0.0,0.0022387768117686983,253.47368421052633,-0.9370995822705721
ALL_SZ,rh_parstriangularis -- rh_superiortemporal,2,150,0.013333333333333334,0.0035185478913948454,159.77777777777777,-0.9580513547967981
ALL_SZ,rh_parstriangularis -- rh_supramarginal,2,150,0.013333333333333334,0.003698341541654656,247.61904761904762,-0.8673492641676039
ALL_SZ,rh_parstriangularis -- rh_transversetemporal,1,150,0.006666666666666667,0.0032242403502743674,118.0,0.9195582032203674
ALL_SZ,rh_pericalcarine -- rh_posteriorcingulate,0,150,0.0,0.001834911194491144,267.4375,0.9096786342561245
ALL_SZ,rh_pericalcarine -- rh_precuneus,1,150,0.006666666666666667,0.0016922353702438456,19.0,0.8989641070365906
ALL_SZ,rh_pericalcarine -- rh_superiortemporal,1,150,0.006666666666666667,0.0022120523241211825,226.75,-0.9367104868094126
ALL_SZ,rh_pericalcarine -- rh_supramarginal,0,150,0.0,0.0016777685784300916,255.66666666666666,-0.9088195959726969
ALL_SZ,rh_pericalcarine -- rh_temporalpole,0,150,0.0,0.002029917914345745,181.375,-0.9072516411542892
ALL_SZ,rh_postcentral -- rh_precentral,3,150,0.02,0.0027988877090116488,202.62264150943398,0.9385758132304786
ALL_SZ,rh_postcentral -- rh_precuneus,0,150,0.0,0.0029119738292675648,246.08823529411765,0.9515686631202698
ALL_SZ,rh_postcentral -- rh_rostralanteriorcingulate,0,150,0.0,0.0020884228803585165,262.0,-0.9202401392600116
ALL_SZ,rh_postcentral -- rh_rostralmiddlefrontal,6,150,0.04,0.0034388908890957593,191.0340909090909,0.9598595689643513
ALL_SZ,rh_postcentral -- rh_superiorfrontal,0,150,0.0,0.0014415851137079868,299.375,0.8890760615468025
ALL_SZ,rh_postcentral -- rh_superiorparietal,9,150,0.06,0.0039919468961218865,183.2608695652174,0.9744637831397679
ALL_SZ,rh_postcentral -- rh_superiortemporal,0,150,0.0,0.00235389549119717,162.25,0.9750195890665055
ALL_SZ,rh_postcentral -- rh_supramarginal,4,150,0.02666666666666667,0.003258955093596156,185.42857142857142,0.9574451134318397
ALL_SZ,rh_posteriorcingulate -- rh_precentral,0,150,0.0,0.001370586605447421,528.0,-0.844940185546875
ALL_SZ,rh_posteriorcingulate -- rh_rostralanteriorcingulate,1,150,0.006666666666666667,0.002003490990573272,306.0,0.8932141184806823
ALL_SZ,rh_posteriorcingulate -- rh_rostralmiddlefrontal,0,150,0.0,0.0021321456843295837,238.0,-0.9034784436225892
ALL_SZ,rh_posteriorcingulate -- rh_superiorfrontal,1,150,0.006666666666666667,0.0015488420561907315,232.3,-0.8797175884246826
ALL_SZ,rh_posteriorcingulate -- rh_superiortemporal,5,150,0.03333333333333333,0.002884292520398251,204.9,-0.9577259089265551
ALL_SZ,rh_posteriorcingulate -- rh_supramarginal,0,150,0.0,0.0023948262416007655,202.2,-0.5889614582061767
ALL_SZ,rh_posteriorcingulate -- rh_temporalpole,0,150,0.0,0.001460641706691472,112.0,-0.919676959514618
ALL_SZ,rh_posteriorcingulate -- rh_transversetemporal,0,150,0.0,0.0021468479395054985,185.66666666666666,0.9241126974423727
ALL_SZ,rh_precentral -- rh_precuneus,3,150,0.02,0.006194897023657199,138.11111111111111,0.9347817897796631
ALL_SZ,rh_precentral -- rh_rostralanteriorcingulate,9,150,0.06,0.003837008371898872,178.98529411764707,-0.9672133905046126
ALL_SZ,rh_precentral -- rh_rostralmiddlefrontal,0,150,0.0,0.002924185583353788,192.4712643678161,0.9724391315175199
ALL_SZ,rh_precentral -- rh_superiorfrontal,2,150,0.013333333333333334,0.0028004704120095734,229.07692307692307,0.9551462519627351
ALL_SZ,rh_precentral -- rh_superiorparietal,6,150,0.04,0.003505481507298527,195.74418604651163,0.9596456448699153
ALL_SZ,rh_precentral -- rh_superiortemporal,2,150,0.013333333333333334,0.005161092322859715,95.85714285714286,0.9440176316670009
ALL_SZ,rh_precentral -- rh_supramarginal,1,150,0.006666666666666667,0.0029858588814012698,237.6,0.9379938840866089
ALL_SZ,rh_precentral -- rh_temporalpole,0,150,0.0,0.0014721940325248335,219.0,-0.8376175165176392
ALL_SZ,rh_precentral -- rh_transversetemporal,0,150,0.0,0.0030011194569735315,89.75,-0.9594469815492629
ALL_SZ,rh_precuneus -- rh_rostralanteriorcingulate,0,150,0.0,0.001157906928730343,632.0,-0.907117247581482
ALL_SZ,rh_precuneus -- rh_rostralmiddlefrontal,1,150,0.006666666666666667,0.002994428265059822,237.5,0.9187920615077019
ALL_SZ,rh_precuneus -- rh_superiorparietal,5,150,0.03333333333333333,0.004010844199976867,195.48,0.9416977214813232
ALL_SZ,rh_precuneus -- rh_supramarginal,2,150,0.013333333333333334,0.003784310725037255,213.10526315789474,0.9482072905490273
ALL_SZ,rh_precuneus -- rh_temporalpole,10,150,0.06666666666666667,0.0037070029602886455,123.53061224489795,-0.939956648009164
ALL_SZ,rh_rostralanteriorcingulate -- rh_rostralmiddlefrontal,3,150,0.02,0.0027233318206176566,196.86046511627907,-0.9578569877979367
ALL_SZ,rh_rostralanteriorcingulate -- rh_superiorfrontal,0,150,0.0,0.002767867230244132,216.60714285714286,-0.9634983997259822
ALL_SZ,rh_rostralanteriorcingulate -- rh_superiorparietal,2,150,0.013333333333333334,0.002604353128404687,276.5,-0.9329749452216285
ALL_SZ,rh_rostralanteriorcingulate -- rh_superiortemporal,0,150,0.0,0.0017412046464341867,342.42857142857144,-0.9200867669922965
ALL_SZ,rh_rostralanteriorcingulate -- rh_supramarginal,2,150,0.013333333333333334,0.003558747776959605,203.8,-0.9369693636894226
ALL_SZ,rh_rostralanteriorcingulate -- rh_transversetemporal,1,150,0.006666666666666667,0.0032813107658088755,219.84615384615384,0.9408254027366638
ALL_SZ,rh_rostralmiddlefrontal -- rh_superiorfrontal,1,150,0.006666666666666667,0.002358919365363968,238.140350877193,0.9482065962072004
ALL_SZ,rh_rostralmiddlefrontal -- rh_superiorparietal,3,150,0.02,0.003288081376539379,175.50442477876106,0.9802211591627745
ALL_SZ,rh_rostralmiddlefrontal -- rh_superiortemporal,0,150,0.0,0.0017538868113665521,257.6,0.899553644657135
ALL_SZ,rh_rostralmiddlefrontal -- rh_supramarginal,2,150,0.013333333333333334,0.0027925707259302567,239.56666666666666,0.9493503630161285
ALL_SZ,rh_rostralmiddlefrontal -- rh_transversetemporal,0,150,0.0,0.0013878927840777664,510.0,-0.8343988656997681
ALL_SZ,rh_superiorfrontal -- rh_superiorparietal,0,150,0.0,0.0019368374435057558,253.6153846153846,0.9029001295566559
ALL_SZ,rh_superiorfrontal -- rh_superiortemporal,2,150,0.013333333333333334,0.003967249380813913,210.0952380952381,0.9516240188053676
ALL_SZ,rh_superiorfrontal -- rh_supramarginal,2,150,0.013333333333333334,0.0024910481071461045,243.2173913043478,0.6817962786425715
ALL_SZ,rh_superiorfrontal -- rh_transversetemporal,0,150,0.0,0.002420339038822842,244.85714285714286,-0.9132389000483921
ALL_SZ,rh_superiorparietal -- rh_superiortemporal,0,150,0.0,0.001243369781129539,462.0,0.8398188352584839
ALL_SZ,rh_superiorparietal -- rh_supramarginal,3,150,0.02,0.003360998887111248,219.53488372093022,0.9602930504222249
ALL_SZ,rh_superiorparietal -- rh_transversetemporal,0,150,0.0,0.0013284234349635877,454.0,-0.8528509140014648
ALL_SZ,rh_superiortemporal -- rh_supramarginal,0,150,0.0,0.001570221082004622,185.5,0.9182806015014648
ALL_SZ,rh_superiortemporal -- rh_temporalpole,0,150,0.0,0.0017970894387558925,245.0,0.8789432048797607
ALL_SZ,rh_superiortemporal -- rh_transversetemporal,0,150,0.0,0.005789514083900449,186.5,-0.9401713212331136
ALL_SZ,rh_supramarginal -- rh_temporalpole,4,150,0.02666666666666667,0.006553852688817409,159.44444444444446,-0.963233596748776
ALL_SZ,rh_supramarginal -- rh_transversetemporal,0,150,0.0,0.0014481226721580604,363.0,-0.8521909713745117
ALL_CTRL,lh_bankssts -- lh_caudalanteriorcingulate,19,375,0.050666666666666665,0.00348300336103701,168.23574144486693,0.9745703894829115
ALL_CTRL,lh_bankssts -- lh_caudalmiddlefrontal,17,375,0.04533333333333334,0.0038572663449111815,154.67027027027027,0.9726187254931475
ALL_CTRL,lh_bankssts -- lh_frontalpole,0,375,0.0,0.0014425865575543463,320.55555555555554,-0.8584076166152954
ALL_CTRL,lh_bankssts -- lh_fusiform,2,375,0.005333333333333333,0.0024813410065273214,165.1818181818182,-0.5841200026598844
ALL_CTRL,lh_bankssts -- lh_inferiorparietal,0,375,0.0,0.0015520263642000494,349.85714285714283,-0.8810050061770848
ALL_CTRL,lh_bankssts -- lh_inferiortemporal,5,375,0.013333333333333334,0.0033383345355760706,187.6796875,-0.9553153440356255
ALL_CTRL,lh_bankssts -- lh_insula,4,375,0.010666666666666666,0.002451505452365229,238.60824742268042,0.9353900766864265
ALL_CTRL,lh_bankssts -- lh_isthmuscingulate,5,375,0.013333333333333334,0.00332471772473505,172.86904761904762,0.9672258265671276
ALL_CTRL,lh_bankssts -- lh_lateraloccipital,0,375,0.0,0.0020313594310591714,410.0,-0.9195057451725006
ALL_CTRL,lh_bankssts -- lh_lateralorbitofrontal,1,375,0.0026666666666666666,0.002853737721201894,215.96296296296296,0.591728930120115
ALL_CTRL,lh_bankssts -- lh_medialorbitofrontal,0,375,0.0,0.0028866922955192095,206.0,-0.5436552677835736
ALL_CTRL,lh_bankssts -- lh_middletemporal,8,375,0.021333333333333333,0.003174788410720046,180.43930635838151,-0.956658479450755
ALL_CTRL,lh_bankssts -- lh_paracentral,9,375,0.024,0.0030515318678426967,196.95180722891567,0.9607275695685881
ALL_CTRL,lh_bankssts -- lh_parahippocampal,1,375,0.0026666666666666666,0.00241202890453854,253.14285714285714,0.9129724332264492
ALL_CTRL,lh_bankssts -- lh_parsopercularis,1,375,0.0026666666666666666,0.0030594127267255743,225.26666666666668,0.9395371278127035
ALL_CTRL,lh_bankssts -- lh_parsorbitalis,0,375,0.0,0.0012562199931908146,656.0,-0.8702248930931091
ALL_CTRL,lh_bankssts -- lh_parstriangularis,6,375,0.016,0.0033377505141681417,194.16556291390728,0.9698112741211392
ALL_CTRL,lh_bankssts -- lh_pericalcarine,1,375,0.0026666666666666666,0.0016754662878275604,258.3103448275862,0.8820930493289026
ALL_CTRL,lh_bankssts -- lh_postcentral,0,375,0.0,0.002377605038083909,176.66666666666666,-0.964794933795929
ALL_CTRL,lh_bankssts -- lh_posteriorcingulate,16,375,0.042666666666666665,0.003437953256836232,187.24427480916032,0.9703400223764754
ALL_CTRL,lh_bankssts -- lh_precentral,1,375,0.0026666666666666666,0.002551415041646259,303.5833333333333,-0.9170279527703921
ALL_CTRL,lh_bankssts -- lh_rostralanteriorcingulate,3,375,0.008,0.0033536455287144977,194.3409090909091,0.9494108666073192
ALL_CTRL,lh_bankssts -- lh_rostralmiddlefrontal,0,375,0.0,0.001368373033693689,406.7142857142857,-0.8711170298712594
ALL_CTRL,lh_bankssts -- lh_superiorfrontal,1,375,0.0026666666666666666,0.0022373976617385874,289.73972602739724,-0.925311513959545
ALL_CTRL,lh_bankssts -- lh_superiortemporal,10,375,0.02666666666666667,0.0030388182609119275,204.8148148148148,-0.9508450163735284
ALL_CTRL,lh_bankssts -- lh_supramarginal,3,375,0.008,0.002635621380224401,243.52459016393442,-0.9161336275397755
ALL_CTRL,lh_bankssts -- lh_temporalpole,1,375,0.0026666666666666666,0.007838250885814187,5.0,-0.9155367612838744
ALL_CTRL,lh_bankssts -- lh_transversetemporal,8,375,0.021333333333333333,0.004229008796980967,146.52631578947367,0.9320001257093329
ALL_CTRL,lh_bankssts -- rh_bankssts,19,375,0.050666666666666665,0.00359716431980554,165.40532544378698,0.9805918603959168
ALL_CTRL,lh_bankssts -- rh_caudalanteriorcingulate,21,375,0.056,0.003471023472638025,170.6304347826087,0.972874121821445
ALL_CTRL,lh_bankssts -- rh_caudalmiddlefrontal,8,375,0.021333333333333333,0.0033035818880362846,176.72772277227722,0.9690093858407276
ALL_CTRL,lh_bankssts -- rh_cuneus,0,375,0.0,0.0013434945296617027,475.0,-0.8210711479187012
ALL_CTRL,lh_bankssts -- rh_frontalpole,0,375,0.0,0.0014009387267307086,390.77777777777777,-0.8793148861991035
ALL_CTRL,lh_bankssts -- rh_fusiform,2,375,0.005333333333333333,0.0022667966498683126,170.07692307692307,-0.1847696946217464
ALL_CTRL,lh_bankssts -- rh_inferiorparietal,2,375,0.005333333333333333,0.002264490028966546,284.1621621621622,-0.8920305532378119
ALL_CTRL,lh_bankssts -- rh_inferiortemporal,4,375,0.010666666666666666,0.002983835251863983,205.0,-0.9505437396723648
ALL_CTRL,lh_bankssts -- rh_insula,4,375,0.010666666666666666,0.0026325404428908777,258.00970873786406,0.9368473470789714
ALL_CTRL,lh_bankssts -- rh_isthmuscingulate,12,375,0.032,0.003162925631144,183.17777777777778,0.9695124232106739
ALL_CTRL,lh_bankssts -- rh_lateraloccipital,0,375,0.0,0.0013956190920469667,371.9,-0.8442345798015595
ALL_CTRL,lh_bankssts -- rh_lateralorbitofrontal,5,375,0.013333333333333334,0.002861454250121154,204.03636363636363,0.9417471311309121
ALL_CTRL,lh_bankssts -- rh_medialorbitofrontal,1,375,0.0026666666666666666,0.0030657590352733623,201.10416666666666,-0.9600951187312603
ALL_CTRL,lh_bankssts -- rh_middletemporal,9,375,0.024,0.0031378639998757146,188.36686390532543,-0.9516495744857563
ALL_CTRL,lh_bankssts -- rh_paracentral,17,375,0.04533333333333334,0.0034142509221108627,174.06493506493507,0.9746112064881758
ALL_CTRL,lh_bankssts -- rh_parahippocampal,2,375,0.005333333333333333,0.0036921972778277954,194.39473684210526,0.9460163226253108
ALL_CTRL,lh_bankssts -- rh_parsopercularis,1,375,0.0026666666666666666,0.0023178380084737217,292.7916666666667,0.9337008396784464
ALL_CTRL,lh_bankssts -- rh_parstriangularis,8,375,0.021333333333333333,0.0031829070896534574,195.94017094017093,0.9627363309900985
ALL_CTRL,lh_bankssts -- rh_pericalcarine,1,375,0.0026666666666666666,0.00246273798372794,244.5,0.8685371577739716
ALL_CTRL,lh_bankssts -- rh_postcentral,0,375,0.0,0.0012281391779445968,276.0,-0.8484895825386047
ALL_CTRL,lh_bankssts -- rh_posteriorcingulate,17,375,0.04533333333333334,0.0034033385081742736,176.4618320610687,0.9734781784865693
ALL_CTRL,lh_bankssts -- rh_precentral,0,375,0.0,0.0024841573875359494,143.41666666666666,-0.9294705192248026
ALL_CTRL,lh_bankssts -- rh_rostralanteriorcingulate,11,375,0.029333333333333333,0.0036083067197467972,205.16666666666666,0.9530922257237964
ALL_CTRL,lh_bankssts -- rh_rostralmiddlefrontal,0,375,0.0,0.0013801720635999428,380.5,-0.8436048328876495
ALL_CTRL,lh_bankssts -- rh_superiorfrontal,1,375,0.0026666666666666666,0.0019298440671072076,311.76119402985074,-0.9085278172991169
ALL_CTRL,lh_bankssts -- rh_superiorparietal,0,375,0.0,0.002351825594410328,261.0,-0.9094138542811075
ALL_CTRL,lh_bankssts -- rh_superiortemporal,3,375,0.008,0.002903183486892682,212.0483870967742,-0.9503800969931387
ALL_CTRL,lh_bankssts -- rh_supramarginal,2,375,0.005333333333333333,0.002602264700304,245.72727272727272,-0.9448514418168501
ALL_CTRL,lh_bankssts -- rh_transversetemporal,0,375,0.0,0.001624577128716861,281.3333333333333,0.8715438842773438
ALL_CTRL,lh_caudalanteriorcingulate -- lh_caudalmiddlefrontal,8,375,0.021333333333333333,0.003243707399886023,177.3288590604027,0.9632936100031706
ALL_CTRL,lh_caudalanteriorcingulate -- lh_cuneus,0,375,0.0,0.0013909022647801087,358.0,0.910721719264984
ALL_CTRL,lh_caudalanteriorcingulate -- lh_frontalpole,0,375,0.0,0.00247158332371348,201.28571428571428,-0.8849352427891323
ALL_CTRL,lh_caudalanteriorcingulate -- lh_fusiform,1,375,0.0026666666666666666,0.002182503734618483,276.25,-0.6326023072004319
ALL_CTRL,lh_caudalanteriorcingulate -- lh_inferiorparietal,2,375,0.005333333333333333,0.0023809876519642397,262.88461538461536,-0.9464610173152044
ALL_CTRL,lh_caudalanteriorcingulate -- lh_inferiortemporal,4,375,0.010666666666666666,0.002707623538110942,218.0722891566265,-0.9430370416985937
ALL_CTRL,lh_caudalanteriorcingulate -- lh_insula,9,375,0.024,0.0028313459548574196,193.7094017094017,0.9535264729434608
ALL_CTRL,lh_caudalanteriorcingulate -- lh_isthmuscingulate,10,375,0.02666666666666667,0.0033194072574791234,191.15131578947367,0.9658832146148932
ALL_CTRL,lh_caudalanteriorcingulate -- lh_lateraloccipital,3,375,0.008,0.0029885655227806615,184.85365853658536,-0.9447622270118899
ALL_CTRL,lh_caudalanteriorcingulate -- lh_lateralorbitofrontal,2,375,0.005333333333333333,0.002897805773190343,212.8125,0.7684294823557138
ALL_CTRL,lh_caudalanteriorcingulate -- lh_lingual,0,375,0.0,0.004175824984507898,123.33333333333333,-0.980635941028595
ALL_CTRL,lh_caudalanteriorcingulate -- lh_medialorbitofrontal,1,375,0.0026666666666666666,0.0026639667523616455,182.5625,-0.34596363455057144
ALL_CTRL,lh_caudalanteriorcingulate -- lh_middletemporal,13,375,0.034666666666666665,0.0036190827416769677,175.16546762589928,-0.9580744672164643
ALL_CTRL,lh_caudalanteriorcingulate -- lh_paracentral,15,375,0.04,0.003428558900430906,177.65895953757226,0.9679726675755715
ALL_CTRL,lh_caudalanteriorcingulate -- lh_parahippocampal,2,375,0.005333333333333333,0.002922893448817082,196.37037037037038,0.930183090545513
ALL_CTRL,lh_caudalanteriorcingulate -- lh_parsopercularis,3,375,0.008,0.002816765702511418,185.62962962962962,0.9382182911590293
ALL_CTRL,lh_caudalanteriorcingulate -- lh_parsorbitalis,0,375,0.0,0.0016524388716867987,35.0,-0.8673595786094666
ALL_CTRL,lh_caudalanteriorcingulate -- lh_parstriangularis,7,375,0.018666666666666668,0.003137145907011056,184.6640625,0.9623527531512082
ALL_CTRL,lh_caudalanteriorcingulate -- lh_pericalcarine,5,375,0.013333333333333334,0.00297044831221134,217.80392156862746,0.9144686472182181
ALL_CTRL,lh_caudalanteriorcingulate -- lh_postcentral,3,375,0.008,0.0021104845279034737,175.0,-0.9174482186635335
ALL_CTRL,lh_caudalanteriorcingulate -- lh_posteriorcingulate,21,375,0.056,0.0034688699480046863,173.92822966507177,0.9674530442821923
ALL_CTRL,lh_caudalanteriorcingulate -- lh_precentral,3,375,0.008,0.00288477841606273,192.70833333333334,-0.9503429109851519
ALL_CTRL,lh_caudalanteriorcingulate -- lh_rostralanteriorcingulate,7,375,0.018666666666666668,0.0033742678014567237,173.3235294117647,0.9619490714634166
ALL_CTRL,lh_caudalanteriorcingulate -- lh_rostralmiddlefrontal,3,375,0.008,0.002762900902929518,180.225,-0.9497407704591752
ALL_CTRL,lh_caudalanteriorcingulate -- lh_superiorfrontal,4,375,0.010666666666666666,0.0029496778708026296,192.22222222222223,-0.9534377687507205
ALL_CTRL,lh_caudalanteriorcingulate -- lh_superiorparietal,1,375,0.0026666666666666666,0.0023627329796921527,210.3846153846154,-0.9057620259431692
ALL_CTRL,lh_caudalanteriorcingulate -- lh_superiortemporal,7,375,0.018666666666666668,0.0027226934868704727,211.7520661157025,-0.9430301701726992
ALL_CTRL,lh_caudalanteriorcingulate -- lh_supramarginal,1,375,0.0026666666666666666,0.0027265706521054675,215.078125,-0.9492624374106526
ALL_CTRL,lh_caudalanteriorcingulate -- lh_transversetemporal,3,375,0.008,0.0021812131692122085,242.7,0.8895368456840516
ALL_CTRL,lh_caudalanteriorcingulate -- rh_bankssts,16,375,0.042666666666666665,0.0033644288535125333,187.25409836065575,0.9683299558084519
ALL_CTRL,lh_caudalanteriorcingulate -- rh_caudalanteriorcingulate,26,375,0.06933333333333333,0.0037808283283750498,158.58297872340427,0.9715974117847199
ALL_CTRL,lh_caudalanteriorcingulate -- rh_caudalmiddlefrontal,11,375,0.029333333333333333,0.003147062602506729,176.7891156462585,0.9595660899772125
ALL_CTRL,lh_caudalanteriorcingulate -- rh_cuneus,0,375,0.0,0.0019021335858670908,319.25,-0.9214659109711647
ALL_CTRL,lh_caudalanteriorcingulate -- rh_frontalpole,5,375,0.013333333333333334,0.002869894749535984,209.8,-0.879318106174469
ALL_CTRL,lh_caudalanteriorcingulate -- rh_fusiform,1,375,0.0026666666666666666,0.0021052188962063702,251.22222222222223,-0.5050688783327738
ALL_CTRL,lh_caudalanteriorcingulate -- rh_inferiorparietal,2,375,0.005333333333333333,0.002603404732841398,237.07692307692307,-0.9373159454419062
ALL_CTRL,lh_caudalanteriorcingulate -- rh_inferiortemporal,4,375,0.010666666666666666,0.0028869617015315346,219.64835164835165,-0.9481379422512684
ALL_CTRL,lh_caudalanteriorcingulate -- rh_insula,6,375,0.016,0.002835476014216545,200.56198347107437,0.95148491810176
ALL_CTRL,lh_caudalanteriorcingulate -- rh_isthmuscingulate,20,375,0.05333333333333334,0.0033285288844038586,179.20958083832335,0.9698973319487657
ALL_CTRL,lh_caudalanteriorcingulate -- rh_lateraloccipital,3,375,0.008,0.0023363384944987916,236.78947368421052,-0.9432382034628015
ALL_CTRL,lh_caudalanteriorcingulate -- rh_lateralorbitofrontal,8,375,0.021333333333333333,0.003354568754394253,187.39285714285714,0.9512897655367851
ALL_CTRL,lh_caudalanteriorcingulate -- rh_medialorbitofrontal,2,375,0.005333333333333333,0.003021165393065094,200.1,-0.954525525867939
ALL_CTRL,lh_caudalanteriorcingulate -- rh_middletemporal,9,375,0.024,0.003041950585030153,200.02307692307693,-0.9498874150789701
ALL_CTRL,lh_caudalanteriorcingulate -- rh_paracentral,17,375,0.04533333333333334,0.0034820024940806324,166.77227722772278,0.965478630054115
ALL_CTRL,lh_caudalanteriorcingulate -- rh_parahippocampal,3,375,0.008,0.0031819166974300004,181.28813559322035,0.9551686725373996
ALL_CTRL,lh_caudalanteriorcingulate -- rh_parsopercularis,2,375,0.005333333333333333,0.0025801766370879154,246.03846153846155,0.9508309352856416
ALL_CTRL,lh_caudalanteriorcingulate -- rh_parsorbitalis,0,375,0.0,0.0014823784336790487,256.0,-0.835851788520813
ALL_CTRL,lh_caudalanteriorcingulate -- rh_parstriangularis,8,375,0.021333333333333333,0.0031350683240575893,208.22727272727272,0.9599869283762845
ALL_CTRL,lh_caudalanteriorcingulate -- rh_pericalcarine,2,375,0.005333333333333333,0.003014342121409985,233.40740740740742,0.9247931286140725
ALL_CTRL,lh_caudalanteriorcingulate -- rh_postcentral,0,375,0.0,0.0019722009547561963,213.0,-0.9315679192543029
ALL_CTRL,lh_caudalanteriorcingulate -- rh_posteriorcingulate,23,375,0.06133333333333333,0.0035089914481289046,178.38541666666666,0.9617138815422853
ALL_CTRL,lh_caudalanteriorcingulate -- rh_precentral,1,375,0.0026666666666666666,0.0026891100445476553,199.7391304347826,-0.9525310163912566
ALL_CTRL,lh_caudalanteriorcingulate -- rh_rostralanteriorcingulate,9,375,0.024,0.0034975464492578725,165.65060240963857,0.9605363255523773
ALL_CTRL,lh_caudalanteriorcingulate -- rh_rostralmiddlefrontal,2,375,0.005333333333333333,0.0023286834260642254,204.93548387096774,-0.9296713029184649
ALL_CTRL,lh_caudalanteriorcingulate -- rh_superiorfrontal,7,375,0.018666666666666668,0.002961038349116168,187.08035714285714,-0.9523764204766069
ALL_CTRL,lh_caudalanteriorcingulate -- rh_superiorparietal,3,375,0.008,0.0022877736944916438,248.57142857142858,-0.9302458223842439
ALL_CTRL,lh_caudalanteriorcingulate -- rh_superiortemporal,7,375,0.018666666666666668,0.0028620348571495834,203.46236559139786,-0.949542405784771
ALL_CTRL,lh_caudalanteriorcingulate -- rh_supramarginal,3,375,0.008,0.0027567931524999124,213.6578947368421,-0.8945633878833369
ALL_CTRL,lh_caudalanteriorcingulate -- rh_transversetemporal,2,375,0.005333333333333333,0.002218031506994195,212.625,0.877570204436779
ALL_CTRL,lh_caudalmiddlefrontal -- lh_cuneus,0,375,0.0,0.001670403537245538,200.0,-0.023573338985443115
ALL_CTRL,lh_caudalmiddlefrontal -- lh_entorhinal,1,375,0.0026666666666666666,0.0019005007276900255,314.6666666666667,-0.27454058329264325
ALL_CTRL,lh_caudalmiddlefrontal -- lh_frontalpole,2,375,0.005333333333333333,0.0025161719562413884,233.59259259259258,-0.9300525387128195
ALL_CTRL,lh_caudalmiddlefrontal -- lh_fusiform,1,375,0.0026666666666666666,0.0031831038722400676,138.58333333333334,0.49760985871156055
ALL_CTRL,lh_caudalmiddlefrontal -- lh_inferiorparietal,0,375,0.0,0.001859399222935351,360.5,-0.9187256450002844
ALL_CTRL,lh_caudalmiddlefrontal -- lh_inferiortemporal,11,375,0.029333333333333333,0.003365337769685532,193.54901960784315,-0.9455604150014765
ALL_CTRL,lh_caudalmiddlefrontal -- lh_insula,12,375,0.032,0.0032881749378054787,174.7784090909091,0.9600597071376714
ALL_CTRL,lh_caudalmiddlefrontal -- lh_isthmuscingulate,11,375,0.029333333333333333,0.0034841330368544136,177.5897435897436,0.9605517672677325
ALL_CTRL,lh_caudalmiddlefrontal -- lh_lateraloccipital,0,375,0.0,0.002203938842659709,317.5128205128205,-0.9374580704248868
ALL_CTRL,lh_caudalmiddlefrontal -- lh_lateralorbitofrontal,1,375,0.0026666666666666666,0.0027726019422699847,221.94117647058823,0.3816595743684208
ALL_CTRL,lh_caudalmiddlefrontal -- lh_lingual,0,375,0.0,0.0021450452138853378,239.66666666666666,-0.9564757347106934
ALL_CTRL,lh_caudalmiddlefrontal -- lh_medialorbitofrontal,4,375,0.010666666666666666,0.004202532371621321,206.9090909090909,-0.7805745601654053
ALL_CTRL,lh_caudalmiddlefrontal -- lh_middletemporal,5,375,0.013333333333333334,0.003198441053733964,206.22388059701493,-0.9456506620592146
ALL_CTRL,lh_caudalmiddlefrontal -- lh_paracentral,6,375,0.016,0.0031498675391548993,200.66666666666666,0.9575160208202543
ALL_CTRL,lh_caudalmiddlefrontal -- lh_parahippocampal,1,375,0.0026666666666666666,0.0027780700880503284,260.77142857142854,0.9426389030047826
ALL_CTRL,lh_caudalmiddlefrontal -- lh_parsopercularis,2,375,0.005333333333333333,0.0029862549342691653,224.1578947368421,0.9553329709329104
ALL_CTRL,lh_caudalmiddlefrontal -- lh_parsorbitalis,0,375,0.0,0.002197995612008118,308.375,-0.9451721832156181
ALL_CTRL,lh_caudalmiddlefrontal -- lh_parstriangularis,15,375,0.04,0.0034943848707045594,180.15822784810126,0.9659466354907313
ALL_CTRL,lh_caudalmiddlefrontal -- lh_pericalcarine,2,375,0.005333333333333333,0.0026498459932258727,231.5,0.9278258662670851
ALL_CTRL,lh_caudalmiddlefrontal -- lh_postcentral,0,375,0.0,0.0019311232394217453,276.53846153846155,-0.921924467270191
ALL_CTRL,lh_caudalmiddlefrontal -- lh_posteriorcingulate,9,375,0.024,0.0037412911310359138,175.60843373493975,0.9711908798619925
ALL_CTRL,lh_caudalmiddlefrontal -- lh_precentral,2,375,0.005333333333333333,0.002543086162975872,231.77551020408163,-0.9447697169926702
ALL_CTRL,lh_caudalmiddlefrontal -- lh_precuneus,0,375,0.0,0.0021598871233288962,341.5,0.9364312142133712
ALL_CTRL,lh_caudalmiddlefrontal -- lh_rostralanteriorcingulate,2,375,0.005333333333333333,0.0032585234907541653,221.42105263157896,0.9412443982927423
ALL_CTRL,lh_caudalmiddlefrontal -- lh_rostralmiddlefrontal,2,375,0.005333333333333333,0.002213350923628071,241.47222222222223,-0.9431366837686963
ALL_CTRL,lh_caudalmiddlefrontal -- lh_superiorfrontal,5,375,0.013333333333333334,0.0030752636707478986,208.8968253968254,-0.9459508307396419
ALL_CTRL,lh_caudalmiddlefrontal -- lh_superiorparietal,2,375,0.005333333333333333,0.00236152256618863,255.9655172413793,-0.9319631210688887
ALL_CTRL,lh_caudalmiddlefrontal -- lh_superiortemporal,6,375,0.016,0.003028698358885619,219.94392523364485,-0.9524496264546831
ALL_CTRL,lh_caudalmiddlefrontal -- lh_supramarginal,4,375,0.010666666666666666,0.003018978961843798,211.53521126760563,-0.8667959898290499
ALL_CTRL,lh_caudalmiddlefrontal -- lh_temporalpole,0,375,0.0,0.0017544732766160386,232.6,-0.8968188881874084
ALL_CTRL,lh_caudalmiddlefrontal -- lh_transversetemporal,1,375,0.0026666666666666666,0.0033466192832589487,175.9090909090909,0.9428165067325939
ALL_CTRL,lh_caudalmiddlefrontal -- rh_bankssts,14,375,0.037333333333333336,0.0036667691610841264,189.22388059701493,0.9723639529735888
ALL_CTRL,lh_caudalmiddlefrontal -- rh_caudalanteriorcingulate,13,375,0.034666666666666665,0.003511673263561392,181.44654088050314,0.9626403353499167
ALL_CTRL,lh_caudalmiddlefrontal -- rh_caudalmiddlefrontal,19,375,0.050666666666666665,0.003426176886887901,170.9949494949495,0.9703742331928678
ALL_CTRL,lh_caudalmiddlefrontal -- rh_cuneus,0,375,0.0,0.0014550401606865514,406.0,-0.9202935695648192
ALL_CTRL,lh_caudalmiddlefrontal -- rh_frontalpole,1,375,0.0026666666666666666,0.0029033059949844257,199.17391304347825,-0.9414839278096738
ALL_CTRL,lh_caudalmiddlefrontal -- rh_fusiform,1,375,0.0026666666666666666,0.0030008597860196663,203.66666666666666,0.6502927541732788
ALL_CTRL,lh_caudalmiddlefrontal -- rh_inferiorparietal,1,375,0.0026666666666666666,0.00237258681648981,247.41509433962264,-0.9371888142711712
ALL_CTRL,lh_caudalmiddlefrontal -- rh_inferiortemporal,8,375,0.021333333333333333,0.003360172397951534,198.39506172839506,-0.9437959606264844
ALL_CTRL,lh_caudalmiddlefrontal -- rh_insula,11,375,0.029333333333333333,0.0033468046366361896,212.05917159763314,0.95706907778802
ALL_CTRL,lh_caudalmiddlefrontal -- rh_isthmuscingulate,8,375,0.021333333333333333,0.0038380762290726412,199.18867924528303,0.9627508009379765
ALL_CTRL,lh_caudalmiddlefrontal -- rh_lateraloccipital,1,375,0.0026666666666666666,0.002172010578792483,226.86046511627907,-0.9409460647161617
ALL_CTRL,lh_caudalmiddlefrontal -- rh_lateralorbitofrontal,3,375,0.008,0.0031492973034552897,184.42857142857142,0.8918141007423401
ALL_CTRL,lh_caudalmiddlefrontal -- rh_medialorbitofrontal,2,375,0.005333333333333333,0.002749587720954838,238.74358974358975,-0.9469715219277602
ALL_CTRL,lh_caudalmiddlefrontal -- rh_middletemporal,7,375,0.018666666666666668,0.0031341262816393977,181.76923076923077,-0.9535770912965139
ALL_CTRL,lh_caudalmiddlefrontal -- rh_paracentral,5,375,0.013333333333333334,0.0032971726335477626,180.5735294117647,0.957666715278345
ALL_CTRL,lh_caudalmiddlefrontal -- rh_parahippocampal,6,375,0.016,0.0038697762605698436,181.36,0.9561062105496725
ALL_CTRL,lh_caudalmiddlefrontal -- rh_parsopercularis,3,375,0.008,0.002758583936081612,245.2674418604651,0.9483849496342415
ALL_CTRL,lh_caudalmiddlefrontal -- rh_parsorbitalis,1,375,0.0026666666666666666,0.002372394962100477,233.625,-0.930716760456562
ALL_CTRL,lh_caudalmiddlefrontal -- rh_parstriangularis,3,375,0.008,0.0033532196998609415,168.6417910447761,0.9554436251298705
ALL_CTRL,lh_caudalmiddlefrontal -- rh_pericalcarine,4,375,0.010666666666666666,0.0035525154612761696,194.67741935483872,0.9339571133736642
ALL_CTRL,lh_caudalmiddlefrontal -- rh_postcentral,0,375,0.0,0.0017457090954745476,304.06666666666666,-0.9194620331128438
ALL_CTRL,lh_caudalmiddlefrontal -- rh_posteriorcingulate,10,375,0.02666666666666667,0.003778594033643203,166.1890243902439,0.9708131344580069
ALL_CTRL,lh_caudalmiddlefrontal -- rh_precentral,1,375,0.0026666666666666666,0.0026015953637366323,246.5,-0.9448214159125373
ALL_CTRL,lh_caudalmiddlefrontal -- rh_precuneus,0,375,0.0,0.0031136731249945247,154.5,-0.9582670331001282
ALL_CTRL,lh_caudalmiddlefrontal -- rh_rostralanteriorcingulate,6,375,0.016,0.0029209794774579796,189.34426229508196,0.9498102557463725
ALL_CTRL,lh_caudalmiddlefrontal -- rh_rostralmiddlefrontal,1,375,0.0026666666666666666,0.0021433753707635517,312.38709677419354,-0.9289960361296131
ALL_CTRL,lh_caudalmiddlefrontal -- rh_superiorfrontal,2,375,0.005333333333333333,0.002855191232694194,248.37383177570092,-0.948317066531315
ALL_CTRL,lh_caudalmiddlefrontal -- rh_superiorparietal,0,375,0.0,0.002364983672657222,269.27777777777777,-0.935313289364179
ALL_CTRL,lh_caudalmiddlefrontal -- rh_superiortemporal,8,375,0.021333333333333333,0.0032618572041507614,195.95555555555555,-0.941950570874744
ALL_CTRL,lh_caudalmiddlefrontal -- rh_supramarginal,2,375,0.005333333333333333,0.0027120539396129997,197.93939393939394,-0.8838113925673745
ALL_CTRL,lh_caudalmiddlefrontal -- rh_temporalpole,0,375,0.0,0.0016500086950430193,316.8,-0.9169301152229309
ALL_CTRL,lh_caudalmiddlefrontal -- rh_transversetemporal,2,375,0.005333333333333333,0.0025541406917122342,205.125,0.9179646708071232
ALL_CTRL,lh_cuneus -- lh_entorhinal,9,375,0.024,0.0035419512840117063,193.07608695652175,-0.9475826452607694
ALL_CTRL,lh_cuneus -- lh_frontalpole,2,375,0.005333333333333333,0.0021813182857897836,276.375,-0.904213385656476
ALL_CTRL,lh_cuneus -- lh_inferiorparietal,2,375,0.005333333333333333,0.00278245857809412,157.57142857142858,0.9430318900517055
ALL_CTRL,lh_cuneus -- lh_inferiortemporal,0,375,0.0,0.0029200940962294903,322.25,-0.9297016859054567
ALL_CTRL,lh_cuneus -- lh_isthmuscingulate,0,375,0.0,0.0014452958724686482,254.28571428571428,0.8979696461132595
ALL_CTRL,lh_cuneus -- lh_lateraloccipital,0,375,0.0,0.0024319895586945276,274.0,0.9265036185582479
ALL_CTRL,lh_cuneus -- lh_lateralorbitofrontal,5,375,0.013333333333333334,0.004054000080068745,175.7027027027027,0.284399870279673
ALL_CTRL,lh_cuneus -- lh_lingual,13,375,0.034666666666666665,0.003670939444957996,179.29333333333332,0.9585659007231394
ALL_CTRL,lh_cuneus -- lh_medialorbitofrontal,1,375,0.0026666666666666666,0.0038471936292704795,163.26315789473685,0.26033808683094223
ALL_CTRL,lh_cuneus -- lh_middletemporal,0,375,0.0,0.0032289003695580116,190.4,-0.9281515955924988
ALL_CTRL,lh_cuneus -- lh_paracentral,0,375,0.0,0.001527036837376085,144.5,0.8901506662368774
ALL_CTRL,lh_cuneus -- lh_parahippocampal,5,375,0.013333333333333334,0.0035430072570541145,193.41860465116278,-0.9450620385103448
ALL_CTRL,lh_cuneus -- lh_parsopercularis,5,375,0.013333333333333334,0.0057057208150037165,196.9375,-0.9299569316208363
ALL_CTRL,lh_cuneus -- lh_parsorbitalis,3,375,0.008,0.0022435100433298365,266.32307692307694,-0.915290444630843
ALL_CTRL,lh_cuneus -- lh_parstriangularis,1,375,0.0026666666666666666,0.0024513801038911613,159.22222222222223,-0.3080430428187052
ALL_CTRL,lh_cuneus -- lh_pericalcarine,1,375,0.0026666666666666666,0.0020240539519897336,252.1,0.8962916493415832
ALL_CTRL,lh_cuneus -- lh_postcentral,1,375,0.0026666666666666666,0.0024848379243670787,255.8,0.936294170220693
ALL_CTRL,lh_cuneus -- lh_posteriorcingulate,0,375,0.0,0.0014538994447801268,223.0,0.833699107170105
ALL_CTRL,lh_cuneus -- lh_precentral,2,375,0.005333333333333333,0.005301083567058027,164.8,0.929745900630951
ALL_CTRL,lh_cuneus -- lh_precuneus,14,375,0.037333333333333336,0.0035504219690630392,184.70542635658916,0.9566499669422475
ALL_CTRL,lh_cuneus -- lh_rostralanteriorcingulate,5,375,0.013333333333333334,0.003886216004155335,142.58333333333334,-0.9436870912710825
ALL_CTRL,lh_cuneus -- lh_rostralmiddlefrontal,0,375,0.0,0.0016314103376303586,363.25,0.8947737514972687
ALL_CTRL,lh_cuneus -- lh_superiorparietal,1,375,0.0026666666666666666,0.0031213045364882025,217.15,0.9393834412097931
ALL_CTRL,lh_cuneus -- lh_superiortemporal,0,375,0.0,0.0014596571091846674,232.0,-0.8415204286575317
ALL_CTRL,lh_cuneus -- lh_supramarginal,0,375,0.0,0.0014435648629988723,329.0,0.8637257019678751
ALL_CTRL,lh_cuneus -- lh_temporalpole,6,375,0.016,0.0027105462084125705,223.23863636363637,-0.9345481097698212
ALL_CTRL,lh_cuneus -- rh_caudalanteriorcingulate,0,375,0.0,0.0014015390691848066,367.6666666666667,0.8903488318125407
ALL_CTRL,lh_cuneus -- rh_caudalmiddlefrontal,0,375,0.0,0.0037951275113904297,99.25,0.5107333958148956
ALL_CTRL,lh_cuneus -- rh_cuneus,38,375,0.10133333333333333,0.004299523115002933,146.50267379679144,0.9700583439459776
ALL_CTRL,lh_cuneus -- rh_entorhinal,5,375,0.013333333333333334,0.0029701855528245337,196.37254901960785,-0.947953168667999
ALL_CTRL,lh_cuneus -- rh_frontalpole,3,375,0.008,0.002826241935724525,221.79545454545453,-0.9250379448587244
ALL_CTRL,lh_cuneus -- rh_fusiform,9,375,0.024,0.0032598831409301806,130.48387096774192,-0.936505263851535
ALL_CTRL,lh_cuneus -- rh_inferiorparietal,1,375,0.0026666666666666666,0.0036396168226728903,106.16666666666667,0.9664957225322723
ALL_CTRL,lh_cuneus -- rh_inferiortemporal,0,375,0.0,0.0013801684661012416,370.6,-0.8693053722381592
ALL_CTRL,lh_cuneus -- rh_isthmuscingulate,0,375,0.0,0.001441750709062422,278.6666666666667,0.8715627988179525
ALL_CTRL,lh_cuneus -- rh_lateraloccipital,1,375,0.0026666666666666666,0.002734175625845054,268.6,0.9470119714736939
ALL_CTRL,lh_cuneus -- rh_lateralorbitofrontal,2,375,0.005333333333333333,0.0032259946232790666,199.41379310344828,0.9585265147274938
ALL_CTRL,lh_cuneus -- rh_lingual,11,375,0.029333333333333333,0.0035966929472686653,174.4957264957265,0.9603823392819135
ALL_CTRL,lh_cuneus -- rh_medialorbitofrontal,4,375,0.010666666666666666,0.00261539161798236,280.39130434782606,0.45222457336342853
ALL_CTRL,lh_cuneus -- rh_middletemporal,0,375,0.0,0.0012901878553638756,525.0,-0.8326702117919922
ALL_CTRL,lh_cuneus -- rh_parahippocampal,0,375,0.0,0.0023920887663372997,248.6,-0.9111569106578827
ALL_CTRL,lh_cuneus -- rh_parsopercularis,1,375,0.0026666666666666666,0.0025213705539369317,236.4,-0.9345604240894317
ALL_CTRL,lh_cuneus -- rh_parsorbitalis,6,375,0.016,0.0031394614930640263,179.0392156862745,-0.9299837970266155
ALL_CTRL,lh_cuneus -- rh_parstriangularis,0,375,0.0,0.0024624132656358793,240.0,-0.836828601360321
ALL_CTRL,lh_cuneus -- rh_pericalcarine,5,375,0.013333333333333334,0.0031638179549656467,213.94736842105263,0.9254120729471508
ALL_CTRL,lh_cuneus -- rh_postcentral,0,375,0.0,0.0024955048382268434,251.6086956521739,0.9313054136607958
ALL_CTRL,lh_cuneus -- rh_precentral,2,375,0.005333333333333333,0.003559565292416479,228.66666666666666,0.9377180337905884
ALL_CTRL,lh_cuneus -- rh_precuneus,10,375,0.02666666666666667,0.0035597630218467294,171.8984375,0.9648425886407495
ALL_CTRL,lh_cuneus -- rh_rostralanteriorcingulate,0,375,0.0,0.002112891683053803,329.375,-0.9471743181347847
ALL_CTRL,lh_cuneus -- rh_rostralmiddlefrontal,0,375,0.0,0.0015820140468472657,305.75,0.9067174047231674
ALL_CTRL,lh_cuneus -- rh_superiorfrontal,0,375,0.0,0.0012809058346718056,643.0,0.8308690786361694
ALL_CTRL,lh_cuneus -- rh_superiorparietal,1,375,0.0026666666666666666,0.0018099174364405962,314.0,0.8957913815975189
ALL_CTRL,lh_cuneus -- rh_superiortemporal,0,375,0.0,0.0016549249192848443,310.25,-0.9040120095014572
ALL_CTRL,lh_cuneus -- rh_supramarginal,1,375,0.0026666666666666666,0.002493642120036785,241.1764705882353,0.5905832613215727
ALL_CTRL,lh_cuneus -- rh_temporalpole,4,375,0.010666666666666666,0.0028643911662236603,199.89320388349515,-0.9399961904414649
ALL_CTRL,lh_entorhinal -- lh_frontalpole,0,375,0.0,0.0017828555970016155,298.0,0.9094406776130199
ALL_CTRL,lh_entorhinal -- lh_fusiform,1,375,0.0026666666666666666,0.0029866005215691016,169.4,-0.9056282043457031
ALL_CTRL,lh_entorhinal -- lh_inferiorparietal,3,375,0.008,0.0029647555527366506,215.55555555555554,-0.9405357197478965
ALL_CTRL,lh_entorhinal -- lh_inferiortemporal,0,375,0.0,0.001867167826201228,241.5,0.01670545339584356
ALL_CTRL,lh_entorhinal -- lh_isthmuscingulate,0,375,0.0,0.0013801060837423701,490.0,-0.8681093454360962
ALL_CTRL,lh_entorhinal -- lh_lateraloccipital,0,375,0.0,0.0015247421211537074,143.0,-0.8418755531311035
ALL_CTRL,lh_entorhinal -- lh_lateralorbitofrontal,1,375,0.0026666666666666666,0.0023805224536889813,213.2173913043478,0.5087028327195541
ALL_CTRL,lh_entorhinal -- lh_lingual,12,375,0.032,0.0034093145538436646,170.8921568627451,-0.9555352382800159
ALL_CTRL,lh_entorhinal -- lh_medialorbitofrontal,9,375,0.024,0.004204793254239874,186.09756097560975,0.06764777259128849
ALL_CTRL,lh_entorhinal -- lh_parahippocampal,4,375,0.010666666666666666,0.0026275676624887387,191.5,0.7331817944844564
ALL_CTRL,lh_entorhinal -- lh_parsopercularis,0,375,0.0,0.001566198865161006,263.0,0.8771455883979797
ALL_CTRL,lh_entorhinal -- lh_parsorbitalis,7,375,0.018666666666666668,0.0034915086274411393,190.9298245614035,0.9312150457449127
ALL_CTRL,lh_entorhinal -- lh_parstriangularis,0,375,0.0,0.001578072227547917,394.0,0.8963208645582199
ALL_CTRL,lh_entorhinal -- lh_postcentral,1,375,0.0026666666666666666,0.0015004343636376208,265.2142857142857,-0.8737249714987618
ALL_CTRL,lh_entorhinal -- lh_precentral,0,375,0.0,0.001845933447585375,40.0,-0.8612667918205261
ALL_CTRL,lh_entorhinal -- lh_precuneus,15,375,0.04,0.0034398094652230175,180.10404624277456,-0.963209958434794
ALL_CTRL,lh_entorhinal -- lh_rostralanteriorcingulate,1,375,0.0026666666666666666,0.004636103233826841,104.0,0.8384113609790802
ALL_CTRL,lh_entorhinal -- lh_rostralmiddlefrontal,0,375,0.0,0.0014526396345630596,350.0,-0.8162910640239716
ALL_CTRL,lh_entorhinal -- lh_superiorparietal,1,375,0.0026666666666666666,0.0023768901460978317,377.0769230769231,-0.8875461862637446
ALL_CTRL,lh_entorhinal -- lh_supramarginal,1,375,0.0026666666666666666,0.0017096308114825415,301.75,-0.8645641803741455
ALL_CTRL,lh_entorhinal -- lh_temporalpole,13,375,0.034666666666666665,0.003396821993075328,156.36075949367088,0.9591507689107822
ALL_CTRL,lh_entorhinal -- rh_caudalmiddlefrontal,1,375,0.0026666666666666666,0.004939108199215122,2.0,0.9003782272338867
ALL_CTRL,lh_entorhinal -- rh_cuneus,4,375,0.010666666666666666,0.0028341356410076127,255.06521739130434,-0.9340056686297707
ALL_CTRL,lh_entorhinal -- rh_entorhinal,35,375,0.09333333333333334,0.003799669114970118,161.4372759856631,0.9804807134426623
ALL_CTRL,lh_entorhinal -- rh_frontalpole,2,375,0.005333333333333333,0.002016850390003461,311.44444444444446,0.9084949294726054
ALL_CTRL,lh_entorhinal -- rh_fusiform,1,375,0.0026666666666666666,0.004098929674727632,220.0,-0.31767582893371576
ALL_CTRL,lh_entorhinal -- rh_inferiorparietal,0,375,0.0,0.004429266820314974,147.2,-0.9192784070968628
ALL_CTRL,lh_entorhinal -- rh_inferiortemporal,1,375,0.0026666666666666666,0.0038700317505128965,248.83333333333334,0.9244036773840586
ALL_CTRL,lh_entorhinal -- rh_isthmuscingulate,0,375,0.0,0.0015907982840387533,91.0,-0.8275295495986938
ALL_CTRL,lh_entorhinal -- rh_lateraloccipital,0,375,0.0,0.0014677262914270456,303.0,-0.8620250225067139
ALL_CTRL,lh_entorhinal -- rh_lateralorbitofrontal,4,375,0.010666666666666666,0.0038964464117318006,164.76,-0.34929550886154176
ALL_CTRL,lh_entorhinal -- rh_lingual,9,375,0.024,0.0030678561417886363,213.67226890756302,-0.9416046097498982
ALL_CTRL,lh_entorhinal -- rh_medialorbitofrontal,6,375,0.016,0.002873435832963391,199.21951219512195,-0.5326765397699867
ALL_CTRL,lh_entorhinal -- rh_paracentral,0,375,0.0,0.001764641088220911,361.5,0.9049896001815796
ALL_CTRL,lh_entorhinal -- rh_parahippocampal,0,375,0.0,0.00183108648706599,345.5,0.90736223757267
ALL_CTRL,lh_entorhinal -- rh_parsorbitalis,7,375,0.018666666666666668,0.00287426948925412,212.05882352941177,0.9402033581453211
ALL_CTRL,lh_entorhinal -- rh_parstriangularis,2,375,0.005333333333333333,0.004283079000071015,177.66666666666666,0.9591406832138697
ALL_CTRL,lh_entorhinal -- rh_pericalcarine,0,375,0.0,0.001553920510287699,265.3333333333333,-0.8789865374565125
ALL_CTRL,lh_entorhinal -- rh_postcentral,1,375,0.0026666666666666666,0.0015460413104756532,326.65384615384613,-0.8891842136016259
ALL_CTRL,lh_entorhinal -- rh_precentral,0,375,0.0,0.0012533758802493388,509.5,-0.8811267912387848
ALL_CTRL,lh_entorhinal -- rh_precuneus,12,375,0.032,0.0032740984326758028,191.18934911242604,-0.9592299129835953
ALL_CTRL,lh_entorhinal -- rh_rostralmiddlefrontal,0,375,0.0,0.0013953440924880608,457.5,-0.8460080027580261
ALL_CTRL,lh_entorhinal -- rh_superiorparietal,0,375,0.0,0.0014049438876587112,402.5,-0.8731676042079926
ALL_CTRL,lh_entorhinal -- rh_superiortemporal,0,375,0.0,0.002134458121662027,84.0,0.9290467500686646
ALL_CTRL,lh_entorhinal -- rh_supramarginal,6,375,0.016,0.0032524468882273215,211.8139534883721,-0.8131135106086731
ALL_CTRL,lh_entorhinal -- rh_temporalpole,15,375,0.04,0.003494423421548631,164.72619047619048,0.9628887715793791
ALL_CTRL,lh_frontalpole -- lh_fusiform,1,375,0.0026666666666666666,0.003609215520644351,242.91666666666666,-0.6412145793437958
ALL_CTRL,lh_frontalpole -- lh_inferiortemporal,0,375,0.0,0.0023979067045164578,260.36842105263156,0.9288496814276043
ALL_CTRL,lh_frontalpole -- lh_isthmuscingulate,7,375,0.018666666666666668,0.002867745218784156,214.98130841121494,-0.9511801360923553
ALL_CTRL,lh_frontalpole -- lh_lateralorbitofrontal,0,375,0.0,0.00301098943590166,187.54166666666666,-0.8395125344395638
ALL_CTRL,lh_frontalpole -- lh_lingual,4,375,0.010666666666666666,0.003957549591792632,178.46153846153845,-0.9326478701371413
ALL_CTRL,lh_frontalpole -- lh_medialorbitofrontal,0,375,0.0,0.0025929083481992924,200.2325581395349,0.3855525185895521
ALL_CTRL,lh_frontalpole -- lh_middletemporal,3,375,0.008,0.002287703186279038,294.3731343283582,0.9212334520781218
ALL_CTRL,lh_frontalpole -- lh_paracentral,0,375,0.0,0.0024890576575027344,163.0,-0.9150435850024223
ALL_CTRL,lh_frontalpole -- lh_parahippocampal,0,375,0.0,0.0014680139678095658,262.6666666666667,-0.873555064201355
ALL_CTRL,lh_frontalpole -- lh_parsopercularis,1,375,0.0026666666666666666,0.0021576970139509134,77.0,0.8750309348106384
ALL_CTRL,lh_frontalpole -- lh_parsorbitalis,12,375,0.032,0.0033055969267525454,175.51652892561984,0.9728864714626438
ALL_CTRL,lh_frontalpole -- lh_parstriangularis,0,375,0.0,0.0018752008476471535,293.46153846153845,-0.9046770059145414
ALL_CTRL,lh_frontalpole -- lh_pericalcarine,18,375,0.048,0.0034092951895943633,171.25855513307985,-0.971671628181472
ALL_CTRL,lh_frontalpole -- lh_posteriorcingulate,5,375,0.013333333333333334,0.0019282564460946774,238.2325581395349,-0.8980164209077525
ALL_CTRL,lh_frontalpole -- lh_precuneus,4,375,0.010666666666666666,0.002604774382320836,214.8181818181818,-0.9347824436245542
ALL_CTRL,lh_frontalpole -- lh_superiortemporal,0,375,0.0,0.0018860989071260192,282.3809523809524,0.9176145451409476
ALL_CTRL,lh_frontalpole -- lh_supramarginal,0,375,0.0,0.003299454238063831,33.0,-0.9183593392372132
ALL_CTRL,lh_frontalpole -- lh_temporalpole,8,375,0.021333333333333333,0.0029888572196008216,203.22556390977442,0.9422453874932196
ALL_CTRL,lh_frontalpole -- rh_bankssts,0,375,0.0,0.001452403621136404,282.0,-0.8513655265172323
ALL_CTRL,lh_frontalpole -- rh_caudalanteriorcingulate,0,375,0.0,0.0022702978108265215,271.1304347826087,-0.9072939287061277
ALL_CTRL,lh_frontalpole -- rh_caudalmiddlefrontal,5,375,0.013333333333333334,0.0035773111353123903,226.13636363636363,-0.9238220995122736
ALL_CTRL,lh_frontalpole -- rh_cuneus,0,375,0.0,0.0014568988879600652,369.9,-0.8560552597045898
ALL_CTRL,lh_frontalpole -- rh_entorhinal,2,375,0.005333333333333333,0.002209907764709657,208.3846153846154,0.8887113378598139
ALL_CTRL,lh_frontalpole -- rh_frontalpole,24,375,0.064,0.0035949627427960137,162.05723905723906,0.9782984630025998
ALL_CTRL,lh_frontalpole -- rh_fusiform,1,375,0.0026666666666666666,0.0017467328170251571,202.0,0.8908972569874355
ALL_CTRL,lh_frontalpole -- rh_inferiortemporal,4,375,0.010666666666666666,0.0028547378295228744,220.0,0.9239570981469648
ALL_CTRL,lh_frontalpole -- rh_isthmuscingulate,5,375,0.013333333333333334,0.003430464565675803,237.94594594594594,-0.9469038449429177
ALL_CTRL,lh_frontalpole -- rh_lateralorbitofrontal,3,375,0.008,0.003202820053669032,214.99,-0.9609546369314194
ALL_CTRL,lh_frontalpole -- rh_lingual,0,375,0.0,0.001415925621201405,364.5,-0.882209375500679
ALL_CTRL,lh_frontalpole -- rh_medialorbitofrontal,0,375,0.0,0.003035560323808352,139.06451612903226,0.771614380421177
ALL_CTRL,lh_frontalpole -- rh_middletemporal,2,375,0.005333333333333333,0.002117925182263289,285.11290322580646,0.9117812206668239
ALL_CTRL,lh_frontalpole -- rh_paracentral,0,375,0.0,0.001459943904671105,318.8,-0.8813083589076995
ALL_CTRL,lh_frontalpole -- rh_parahippocampal,0,375,0.0,0.0026677403419580496,280.8,-0.8814608693122864
ALL_CTRL,lh_frontalpole -- rh_parsorbitalis,13,375,0.034666666666666665,0.0031737919869643917,176.66666666666666,0.9679628812841007
ALL_CTRL,lh_frontalpole -- rh_parstriangularis,1,375,0.0026666666666666666,0.002313317510667143,256.0,-0.8423617879549662
ALL_CTRL,lh_frontalpole -- rh_pericalcarine,18,375,0.048,0.0033955504359951,177.32720588235293,-0.9732377789914608
ALL_CTRL,lh_frontalpole -- rh_posteriorcingulate,5,375,0.013333333333333334,0.0022831164626110683,239.16666666666666,-0.9058731510525658
ALL_CTRL,lh_frontalpole -- rh_precuneus,0,375,0.0,0.0019112077525493072,339.1111111111111,-0.9072019855181376
ALL_CTRL,lh_frontalpole -- rh_superiortemporal,5,375,0.013333333333333334,0.0024957242756596166,256.2,0.9312264057306143
ALL_CTRL,lh_frontalpole -- rh_supramarginal,1,375,0.0026666666666666666,0.003454490554357561,180.0,-0.9589346476963588
ALL_CTRL,lh_frontalpole -- rh_temporalpole,9,375,0.024,0.0030200311763453795,191.9375,0.9359560557641089
ALL_CTRL,lh_fusiform -- lh_inferiorparietal,2,375,0.005333333333333333,0.0038552278973280943,230.16666666666666,0.9264844655990601
ALL_CTRL,lh_fusiform -- lh_inferiortemporal,0,375,0.0,0.0027541794511275934,244.46153846153845,0.18433680901160607
ALL_CTRL,lh_fusiform -- lh_insula,0,375,0.0,0.004159206242547443,112.16666666666667,0.9807990193367004
ALL_CTRL,lh_fusiform -- lh_isthmuscingulate,1,375,0.0026666666666666666,0.002660728460582811,224.64,-0.41140385150909425
ALL_CTRL,lh_fusiform -- lh_lateralorbitofrontal,8,375,0.021333333333333333,0.0067082621881127905,106.80952380952381,-0.5865791014262608
ALL_CTRL,lh_fusiform -- lh_lingual,1,375,0.0026666666666666666,0.0034792344649668757,222.66666666666666,0.3186105688412984
ALL_CTRL,lh_fusiform -- lh_medialorbitofrontal,13,375,0.034666666666666665,0.008579556592823605,44.23809523809524,-0.8592655403273446
ALL_CTRL,lh_fusiform -- lh_middletemporal,2,375,0.005333333333333333,0.0029118073882628067,212.26315789473685,0.4267644662606089
ALL_CTRL,lh_fusiform -- lh_paracentral,3,375,0.008,0.003112889386113812,181.0857142857143,-0.7243729880877904
ALL_CTRL,lh_fusiform -- lh_parahippocampal,0,375,0.0,0.0013061870451279794,538.5,0.9060837030410767
ALL_CTRL,lh_fusiform -- lh_parsopercularis,2,375,0.005333333333333333,0.005168224579203643,220.4,0.19369554519653318
ALL_CTRL,lh_fusiform -- lh_parsorbitalis,3,375,0.008,0.004798935645410957,150.91666666666666,-0.8274727463722229
ALL_CTRL,lh_fusiform -- lh_parstriangularis,2,375,0.005333333333333333,0.003200993217996254,197.06666666666666,-0.4295719544092814
ALL_CTRL,lh_fusiform -- lh_pericalcarine,1,375,0.0026666666666666666,0.0026527195784254265,221.33333333333334,-0.02531179189682009
ALL_CTRL,lh_fusiform -- lh_postcentral,1,375,0.0026666666666666666,0.0034996377884264876,316.42857142857144,0.4015433021954128
ALL_CTRL,lh_fusiform -- lh_posteriorcingulate,2,375,0.005333333333333333,0.0037241418382026334,203.73333333333332,0.08182197014490765
ALL_CTRL,lh_fusiform -- lh_precentral,0,375,0.0,0.0018535742430701066,231.4,-0.16986510753631595
ALL_CTRL,lh_fusiform -- lh_rostralanteriorcingulate,3,375,0.008,0.003075521424629266,180.125,0.46066236495971685
ALL_CTRL,lh_fusiform -- lh_rostralmiddlefrontal,0,375,0.0,0.0017003969558645592,328.75,0.913568764925003
ALL_CTRL,lh_fusiform -- lh_superiorfrontal,0,375,0.0,0.0028560004459484045,125.66666666666667,-0.27875612179438275
ALL_CTRL,lh_fusiform -- lh_superiorparietal,1,375,0.0026666666666666666,0.0037034417834143135,348.0,0.49305593967437744
ALL_CTRL,lh_fusiform -- lh_superiortemporal,1,375,0.0026666666666666666,0.0028431617039196815,217.05882352941177,0.7259981562109554
ALL_CTRL,lh_fusiform -- lh_supramarginal,2,375,0.005333333333333333,0.0049433513597839,189.76923076923077,0.5122220791303195
ALL_CTRL,lh_fusiform -- lh_temporalpole,2,375,0.005333333333333333,0.0033531246919095785,93.125,-0.9205249324440956
ALL_CTRL,lh_fusiform -- lh_transversetemporal,2,375,0.005333333333333333,0.004942323643395654,50.2,0.9425299882888794
ALL_CTRL,lh_fusiform -- rh_bankssts,2,375,0.005333333333333333,0.00311364910102719,162.4,-0.02118693987528483
ALL_CTRL,lh_fusiform -- rh_caudalanteriorcingulate,1,375,0.0026666666666666666,0.002579297977498639,166.0,0.14758273533412386
ALL_CTRL,lh_fusiform -- rh_caudalmiddlefrontal,3,375,0.008,0.0033041147766277182,158.94444444444446,0.22058115071720547
ALL_CTRL,lh_fusiform -- rh_cuneus,1,375,0.0026666666666666666,0.007157953083520301,74.0,-0.274130125840505
ALL_CTRL,lh_fusiform -- rh_entorhinal,0,375,0.0,0.0020099237110616374,72.0,-0.9326473474502563
ALL_CTRL,lh_fusiform -- rh_frontalpole,1,375,0.0026666666666666666,0.002332623904225215,234.27272727272728,-0.09815573692321782
ALL_CTRL,lh_fusiform -- rh_fusiform,28,375,0.07466666666666667,0.0066025022949590135,96.53521126760563,0.9610245807070128
ALL_CTRL,lh_fusiform -- rh_inferiorparietal,0,375,0.0,0.003313679144101782,294.375,0.9485505372285843
ALL_CTRL,lh_fusiform -- rh_inferiortemporal,0,375,0.0,0.0018272744648384189,420.3333333333333,0.5318561593691508
ALL_CTRL,lh_fusiform -- rh_insula,0,375,0.0,0.003633619752305702,54.75,0.9461822807788848
ALL_CTRL,lh_fusiform -- rh_isthmuscingulate,3,375,0.008,0.0028676487118202702,180.03571428571428,-0.1763294360467366
ALL_CTRL,lh_fusiform -- rh_lateraloccipital,0,375,0.0,0.002098761471996003,301.0,0.9004126191139221
ALL_CTRL,lh_fusiform -- rh_lateralorbitofrontal,4,375,0.010666666666666666,0.003172989017020097,172.84,-0.2525663113594055
ALL_CTRL,lh_fusiform -- rh_lingual,0,375,0.0,0.0013496555099987448,193.0,-0.8558610677719116
ALL_CTRL,lh_fusiform -- rh_medialorbitofrontal,5,375,0.013333333333333334,0.0056192431588472265,155.7,-0.28478234112262724
ALL_CTRL,lh_fusiform -- rh_middletemporal,1,375,0.0026666666666666666,0.002346382403191261,210.06666666666666,0.6761065363883972
ALL_CTRL,lh_fusiform -- rh_paracentral,1,375,0.0026666666666666666,0.0024762448289497602,214.47826086956522,-0.5956725115361421
ALL_CTRL,lh_fusiform -- rh_parahippocampal,0,375,0.0,0.0014296859002279865,347.0,0.8983288407325745
ALL_CTRL,lh_fusiform -- rh_parsopercularis,0,375,0.0,0.0023008716519876296,309.0,0.023742049932479803
ALL_CTRL,lh_fusiform -- rh_parsorbitalis,3,375,0.008,0.004314349685022911,135.58823529411765,-0.9632846748127657
ALL_CTRL,lh_fusiform -- rh_parstriangularis,5,375,0.013333333333333334,0.002805522332574178,189.75,-0.6948225386440754
ALL_CTRL,lh_fusiform -- rh_pericalcarine,3,375,0.008,0.0031344530357398787,169.9,-0.16345394849777223
ALL_CTRL,lh_fusiform -- rh_postcentral,0,375,0.0,0.0033379100797562332,333.0,0.5825773119926453
ALL_CTRL,lh_fusiform -- rh_posteriorcingulate,2,375,0.005333333333333333,0.003809796742338129,234.5,0.4525993764400482
ALL_CTRL,lh_fusiform -- rh_precentral,0,375,0.0,0.0019263455549090077,266.0,-0.905535101890564
ALL_CTRL,lh_fusiform -- rh_precuneus,1,375,0.0026666666666666666,0.003158315440806997,212.5,0.9183563590049744
ALL_CTRL,lh_fusiform -- rh_rostralanteriorcingulate,1,375,0.0026666666666666666,0.0022762990290002096,239.33333333333334,-0.3059590657552083
ALL_CTRL,lh_fusiform -- rh_rostralmiddlefrontal,0,375,0.0,0.001800565871775509,327.0,0.9181671341260275
ALL_CTRL,lh_fusiform -- rh_superiorfrontal,0,375,0.0,0.003551873207714173,39.0,-0.932965099811554
ALL_CTRL,lh_fusiform -- rh_superiorparietal,0,375,0.0,0.0033100406662247292,222.6,0.5922775268554686
ALL_CTRL,lh_fusiform -- rh_superiortemporal,0,375,0.0,0.0022939212855574397,299.7,0.5644027113914489
ALL_CTRL,lh_fusiform -- rh_supramarginal,4,375,0.010666666666666666,0.004415223478955447,128.625,0.829223345965147
ALL_CTRL,lh_fusiform -- rh_temporalpole,2,375,0.005333333333333333,0.005068610932180423,94.1,-0.9490555703639985
ALL_CTRL,lh_fusiform -- rh_transversetemporal,4,375,0.010666666666666666,0.005081025440494747,62.54545454545455,0.9228293137116865
ALL_CTRL,lh_inferiorparietal -- lh_inferiortemporal,0,375,0.0,0.0028576345407719797,220.55555555555554,0.9346169255397938
ALL_CTRL,lh_inferiorparietal -- lh_insula,0,375,0.0,0.001787020550681679,267.625,-0.8908095993101597
ALL_CTRL,lh_inferiorparietal -- lh_isthmuscingulate,0,375,0.0,0.004072714883941041,135.125,-0.9398385584354401
ALL_CTRL,lh_inferiorparietal -- lh_lateraloccipital,10,375,0.02666666666666667,0.0030531491688304928,206.62564102564102,0.9602938966873364
ALL_CTRL,lh_inferiorparietal -- lh_lateralorbitofrontal,3,375,0.008,0.0031282072146583476,192.025,-0.8162286281585693
ALL_CTRL,lh_inferiorparietal -- lh_lingual,2,375,0.005333333333333333,0.002491200864694909,220.06521739130434,0.9389572856218918
ALL_CTRL,lh_inferiorparietal -- lh_medialorbitofrontal,1,375,0.0026666666666666666,0.002177262170570552,219.08333333333334,0.7768489072720209
ALL_CTRL,lh_inferiorparietal -- lh_middletemporal,0,375,0.0,0.0034739856030983115,229.33333333333334,0.9642186760902404
ALL_CTRL,lh_inferiorparietal -- lh_paracentral,0,375,0.0,0.0029854355334609675,234.43333333333334,-0.9649070004622141
ALL_CTRL,lh_inferiorparietal -- lh_parahippocampal,11,375,0.029333333333333333,0.0031413004812492935,207.0408163265306,-0.94913129660548
ALL_CTRL,lh_inferiorparietal -- lh_parsopercularis,5,375,0.013333333333333334,0.0031499574577189466,213.8780487804878,-0.9596296425272779
ALL_CTRL,lh_inferiorparietal -- lh_parsorbitalis,1,375,0.0026666666666666666,0.006410426455717971,104.33333333333333,-0.97091805934906
ALL_CTRL,lh_inferiorparietal -- lh_parstriangularis,2,375,0.005333333333333333,0.0029738177442911306,198.87878787878788,-0.9588057723912325
ALL_CTRL,lh_inferiorparietal -- lh_postcentral,10,375,0.02666666666666667,0.0032556456382215088,194.35971223021582,0.9779368587535062
ALL_CTRL,lh_inferiorparietal -- lh_posteriorcingulate,0,375,0.0,0.0013601473558006022,417.5,-0.8530170917510986
ALL_CTRL,lh_inferiorparietal -- lh_precentral,8,375,0.021333333333333333,0.0027663868033647922,234.02970297029702,0.9464749180444396
ALL_CTRL,lh_inferiorparietal -- lh_precuneus,5,375,0.013333333333333334,0.0032881248065709393,190.66037735849056,0.9513628932664979
ALL_CTRL,lh_inferiorparietal -- lh_rostralanteriorcingulate,4,375,0.010666666666666666,0.0026235013280693827,240.11111111111111,-0.942370865907934
ALL_CTRL,lh_inferiorparietal -- lh_rostralmiddlefrontal,14,375,0.037333333333333336,0.003220655925688981,186.89615384615385,0.9711906935159976
ALL_CTRL,lh_inferiorparietal -- lh_superiorfrontal,0,375,0.0,0.0019369982446947878,322.0181818181818,0.9119430000131781
ALL_CTRL,lh_inferiorparietal -- lh_superiorparietal,9,375,0.024,0.0032544466668689024,182.53191489361703,0.9746874017072907
ALL_CTRL,lh_inferiorparietal -- lh_superiortemporal,0,375,0.0,0.0022499091376076063,283.6,0.8859919905662537
ALL_CTRL,lh_inferiorparietal -- lh_supramarginal,8,375,0.021333333333333333,0.002919370360062828,216.96835443037975,0.9626076617572881
ALL_CTRL,lh_inferiorparietal -- lh_temporalpole,1,375,0.0026666666666666666,0.003243625470835027,115.0,-0.9594195038080215
ALL_CTRL,lh_inferiorparietal -- rh_bankssts,0,375,0.0,0.0018847114277306348,331.92857142857144,-0.9113126056534904
ALL_CTRL,lh_inferiorparietal -- rh_caudalanteriorcingulate,0,375,0.0,0.002373188950614266,253.66666666666666,-0.916286031405131
ALL_CTRL,lh_inferiorparietal -- rh_caudalmiddlefrontal,0,375,0.0,0.0023868049161712168,242.94117647058823,-0.9395834488027236
ALL_CTRL,lh_inferiorparietal -- rh_cuneus,1,375,0.0026666666666666666,0.003045114031361093,201.86111111111111,0.9602365493774414
ALL_CTRL,lh_inferiorparietal -- rh_entorhinal,1,375,0.0026666666666666666,0.00281365390709514,212.53488372093022,-0.9300306744353716
ALL_CTRL,lh_inferiorparietal -- rh_fusiform,0,375,0.0,0.003102879138063811,61.666666666666664,0.31814169883728033
ALL_CTRL,lh_inferiorparietal -- rh_inferiorparietal,14,375,0.037333333333333336,0.0033822443841528857,190.1881918819188,0.974042851766537
ALL_CTRL,lh_inferiorparietal -- rh_inferiortemporal,1,375,0.0026666666666666666,0.004986685390521572,61.333333333333336,0.9667224287986756
ALL_CTRL,lh_inferiorparietal -- rh_insula,0,375,0.0,0.0015922108864226785,253.58823529411765,-0.8819377632702098
ALL_CTRL,lh_inferiorparietal -- rh_isthmuscingulate,0,375,0.0,0.001964019756781453,237.5,-0.9263467590014139
ALL_CTRL,lh_inferiorparietal -- rh_lateraloccipital,12,375,0.032,0.0030822146468409534,190.85148514851485,0.9617651329182162
ALL_CTRL,lh_inferiorparietal -- rh_lateralorbitofrontal,1,375,0.0026666666666666666,0.0028370950872315857,219.89285714285714,-0.8180190665381295
ALL_CTRL,lh_inferiorparietal -- rh_lingual,5,375,0.013333333333333334,0.003092718360328413,202.12345679012347,0.942129358097359
ALL_CTRL,lh_inferiorparietal -- rh_medialorbitofrontal,4,375,0.010666666666666666,0.0030017850778025624,218.14705882352942,0.9098687846870983
ALL_CTRL,lh_inferiorparietal -- rh_middletemporal,1,375,0.0026666666666666666,0.004490148966764511,8.0,0.8401589393615723
ALL_CTRL,lh_inferiorparietal -- rh_paracentral,1,375,0.0026666666666666666,0.002660093253293477,231.18367346938774,-0.9442681183620375
ALL_CTRL,lh_inferiorparietal -- rh_parahippocampal,2,375,0.005333333333333333,0.002937555029208573,209.4496124031008,-0.9594303129255309
ALL_CTRL,lh_inferiorparietal -- rh_parsopercularis,4,375,0.010666666666666666,0.002863975365430918,233.83783783783784,-0.9511959504436802
ALL_CTRL,lh_inferiorparietal -- rh_parsorbitalis,0,375,0.0,0.0038357003586538575,94.33333333333333,-0.9832288026809692
ALL_CTRL,lh_inferiorparietal -- rh_parstriangularis,1,375,0.0026666666666666666,0.002820114531727286,211.3469387755102,-0.9507372780722014
ALL_CTRL,lh_inferiorparietal -- rh_postcentral,14,375,0.037333333333333336,0.003313579559372335,184.63385826771653,0.9692589035184365
ALL_CTRL,lh_inferiorparietal -- rh_posteriorcingulate,0,375,0.0,0.0014310509292751457,395.0,-0.8661080002784729
ALL_CTRL,lh_inferiorparietal -- rh_precentral,2,375,0.005333333333333333,0.0023079732858985826,249.5595238095238,0.936176278761455
ALL_CTRL,lh_inferiorparietal -- rh_precuneus,6,375,0.016,0.003304794331390614,180.13924050632912,0.9605971031551119
ALL_CTRL,lh_inferiorparietal -- rh_rostralanteriorcingulate,2,375,0.005333333333333333,0.0024431205226824954,266.05882352941177,-0.9358656520352644
ALL_CTRL,lh_inferiorparietal -- rh_rostralmiddlefrontal,9,375,0.024,0.003308629651089831,194.17898832684824,0.9721968642468582
ALL_CTRL,lh_inferiorparietal -- rh_superiorfrontal,4,375,0.010666666666666666,0.0022589857275227944,269.546875,0.9210184589028358
ALL_CTRL,lh_inferiorparietal -- rh_superiorparietal,16,375,0.042666666666666665,0.00343020343711806,173.1964912280702,0.973636872099157
ALL_CTRL,lh_inferiorparietal -- rh_superiortemporal,0,375,0.0,0.0010832221948219795,648.0,0.8497446179389954
ALL_CTRL,lh_inferiorparietal -- rh_supramarginal,7,375,0.018666666666666668,0.0034171034728896614,190.60509554140128,0.962982946140751
ALL_CTRL,lh_inferiorparietal -- rh_temporalpole,0,375,0.0,0.0017610756949007077,390.0,-0.8581987917423248
ALL_CTRL,lh_inferiortemporal -- lh_insula,6,375,0.016,0.002896345069870425,230.1818181818182,-0.9441068654108529
ALL_CTRL,lh_inferiortemporal -- lh_isthmuscingulate,1,375,0.0026666666666666666,0.002803401201138567,209.29545454545453,-0.9479976492849264
ALL_CTRL,lh_inferiortemporal -- lh_lateraloccipital,3,375,0.008,0.002707856342781776,242.76923076923077,0.9331441154846778
ALL_CTRL,lh_inferiortemporal -- lh_lateralorbitofrontal,0,375,0.0,0.0027983503662960436,206.7058823529412,-0.1557331085205078
ALL_CTRL,lh_inferiortemporal -- lh_lingual,1,375,0.0026666666666666666,0.0031071873909679693,176.0,0.7256293222308159
ALL_CTRL,lh_inferiortemporal -- lh_medialorbitofrontal,0,375,0.0,0.0014250443738754734,253.33333333333334,0.8912592066658868
ALL_CTRL,lh_inferiortemporal -- lh_middletemporal,3,375,0.008,0.003013691522779739,187.0854700854701,0.9508556051132007
ALL_CTRL,lh_inferiortemporal -- lh_paracentral,4,375,0.010666666666666666,0.0028024167893455185,228.65853658536585,-0.9446983075723415
ALL_CTRL,lh_inferiortemporal -- lh_parahippocampal,4,375,0.010666666666666666,0.0031623801203204682,195.96969696969697,-0.948370590354457
ALL_CTRL,lh_inferiortemporal -- lh_parsopercularis,2,375,0.005333333333333333,0.0028116466539937403,199.625,-0.9516536667943001
ALL_CTRL,lh_inferiortemporal -- lh_parsorbitalis,0,375,0.0,0.002223741178462178,180.625,0.9114251658320427
ALL_CTRL,lh_inferiortemporal -- lh_parstriangularis,6,375,0.016,0.00282074937325274,202.82758620689654,-0.9467257864173801
ALL_CTRL,lh_inferiortemporal -- lh_pericalcarine,2,375,0.005333333333333333,0.0021284976772008705,235.3181818181818,-0.905920844186436
ALL_CTRL,lh_inferiortemporal -- lh_postcentral,0,375,0.0,0.002879418809755226,158.0,0.9354278668761253
ALL_CTRL,lh_inferiortemporal -- lh_posteriorcingulate,6,375,0.016,0.0030508311997852343,209.2421875,-0.9545180001296103
ALL_CTRL,lh_inferiortemporal -- lh_precentral,7,375,0.018666666666666668,0.003634718968983088,165.36363636363637,0.9497274843129244
ALL_CTRL,lh_inferiortemporal -- lh_precuneus,0,375,0.0,0.0014944658369045749,182.0,0.8586571216583252
ALL_CTRL,lh_inferiortemporal -- lh_rostralanteriorcingulate,5,375,0.013333333333333334,0.002991329349720494,180.61363636363637,-0.9479063532569192
ALL_CTRL,lh_inferiortemporal -- lh_rostralmiddlefrontal,1,375,0.0026666666666666666,0.002983051324286693,200.21875,0.9533238057047129
ALL_CTRL,lh_inferiortemporal -- lh_superiorfrontal,8,375,0.021333333333333333,0.0029312348236469315,208.48958333333334,0.9547070370366176
ALL_CTRL,lh_inferiortemporal -- lh_superiorparietal,1,375,0.0026666666666666666,0.00279993397486292,207.72727272727272,0.9393921223553744
ALL_CTRL,lh_inferiortemporal -- lh_superiortemporal,6,375,0.016,0.003073114806126825,185.49668874172184,0.9663323965293682
ALL_CTRL,lh_inferiortemporal -- lh_supramarginal,4,375,0.010666666666666666,0.003003484404472486,209.38235294117646,0.9253334245261025
ALL_CTRL,lh_inferiortemporal -- lh_temporalpole,0,375,0.0,0.001926210532648902,279.25,0.9009574800729752
ALL_CTRL,lh_inferiortemporal -- lh_transversetemporal,2,375,0.005333333333333333,0.0022075865499735646,284.35,-0.9080518245697021
ALL_CTRL,lh_inferiortemporal -- rh_bankssts,10,375,0.02666666666666667,0.0030790783511462864,178.6595744680851,-0.9582506862092526
ALL_CTRL,lh_inferiortemporal -- rh_caudalanteriorcingulate,6,375,0.016,0.0029340362023991405,171.98181818181817,-0.9516123408621008
ALL_CTRL,lh_inferiortemporal -- rh_caudalmiddlefrontal,2,375,0.005333333333333333,0.002663059393242304,202.3763440860215,-0.9420901991987741
ALL_CTRL,lh_inferiortemporal -- rh_cuneus,0,375,0.0,0.0016105602947182863,65.0,0.8156262040138245
ALL_CTRL,lh_inferiortemporal -- rh_entorhinal,1,375,0.0026666666666666666,0.002185868623497219,28.5,-0.9035075306892396
ALL_CTRL,lh_inferiortemporal -- rh_frontalpole,0,375,0.0,0.0022355015707460923,240.46153846153845,0.9135939478874207
ALL_CTRL,lh_inferiortemporal -- rh_fusiform,1,375,0.0026666666666666666,0.002438650707887534,184.33333333333334,0.9228910406430563
ALL_CTRL,lh_inferiortemporal -- rh_inferiorparietal,1,375,0.0026666666666666666,0.002782495393405103,222.23529411764707,0.9432910014601315
ALL_CTRL,lh_inferiortemporal -- rh_inferiortemporal,5,375,0.013333333333333334,0.0030780731280484917,201.1897810218978,0.9641190680274128
ALL_CTRL,lh_inferiortemporal -- rh_insula,3,375,0.008,0.0024126792781255612,248.73809523809524,-0.9406922700859252
ALL_CTRL,lh_inferiortemporal -- rh_isthmuscingulate,2,375,0.005333333333333333,0.002948555127302251,207.4025974025974,-0.9411636807701804
ALL_CTRL,lh_inferiortemporal -- rh_lateraloccipital,1,375,0.0026666666666666666,0.002450695443944579,264.5,0.9356246155041915
ALL_CTRL,lh_inferiortemporal -- rh_lateralorbitofrontal,0,375,0.0,0.0027986963279738103,248.15,-0.9316909849643707
ALL_CTRL,lh_inferiortemporal -- rh_lingual,0,375,0.0,0.00179905574140768,335.75,0.47564716637134546
ALL_CTRL,lh_inferiortemporal -- rh_medialorbitofrontal,1,375,0.0026666666666666666,0.002464458283791015,190.4375,0.9466733168810606
ALL_CTRL,lh_inferiortemporal -- rh_middletemporal,6,375,0.016,0.0030219010188353703,180.56923076923076,0.9599301966337057
ALL_CTRL,lh_inferiortemporal -- rh_paracentral,4,375,0.010666666666666666,0.002871171408908558,210.5151515151515,-0.9437559602236507
ALL_CTRL,lh_inferiortemporal -- rh_parahippocampal,4,375,0.010666666666666666,0.003339326039580746,163.65454545454546,-0.9532300710678101
ALL_CTRL,lh_inferiortemporal -- rh_parsopercularis,4,375,0.010666666666666666,0.0029646486599456414,242.53571428571428,-0.9376726107937949
ALL_CTRL,lh_inferiortemporal -- rh_parsorbitalis,0,375,0.0,0.001943436425650653,271.5,0.8999445974826813
ALL_CTRL,lh_inferiortemporal -- rh_parstriangularis,6,375,0.016,0.003006870978013698,230.17021276595744,-0.9515899571966617
ALL_CTRL,lh_inferiortemporal -- rh_pericalcarine,1,375,0.0026666666666666666,0.0027126215344918394,215.5,-0.9228106086904352
ALL_CTRL,lh_inferiortemporal -- rh_postcentral,0,375,0.0,0.002560293113689152,241.0,0.9462005198001862
ALL_CTRL,lh_inferiortemporal -- rh_posteriorcingulate,10,375,0.02666666666666667,0.003257638636435211,203.45070422535213,-0.9544343650341034
ALL_CTRL,lh_inferiortemporal -- rh_precentral,2,375,0.005333333333333333,0.00268886323759541,230.6206896551724,0.9437982809954676
ALL_CTRL,lh_inferiortemporal -- rh_precuneus,0,375,0.0,0.0016314326640741895,51.0,0.8619729280471802
ALL_CTRL,lh_inferiortemporal -- rh_rostralanteriorcingulate,5,375,0.013333333333333334,0.0029163154944641355,251.44897959183675,-0.9416381059860697
ALL_CTRL,lh_inferiortemporal -- rh_rostralmiddlefrontal,1,375,0.0026666666666666666,0.0030284977728281992,169.78125,0.9478786252439022
ALL_CTRL,lh_inferiortemporal -- rh_superiorfrontal,4,375,0.010666666666666666,0.0029077522901388483,205.76344086021504,0.9557917182163526
ALL_CTRL,lh_inferiortemporal -- rh_superiorparietal,2,375,0.005333333333333333,0.002592840617458945,229.30434782608697,0.9306190946827764
ALL_CTRL,lh_inferiortemporal -- rh_superiortemporal,3,375,0.008,0.0032103255001974243,202.46017699115043,0.9591365688669998
ALL_CTRL,lh_inferiortemporal -- rh_supramarginal,1,375,0.0026666666666666666,0.002882239048044281,202.025,0.8953449502587318
ALL_CTRL,lh_inferiortemporal -- rh_temporalpole,0,375,0.0,0.001908349844615514,253.5,0.902003601193428
ALL_CTRL,lh_inferiortemporal -- rh_transversetemporal,5,375,0.013333333333333334,0.0034166800631054927,175.6315789473684,-0.9252329123647589
ALL_CTRL,lh_insula -- lh_isthmuscingulate,4,375,0.010666666666666666,0.0027066408776262154,203.66666666666666,0.9476916028393639
ALL_CTRL,lh_insula -- lh_lateraloccipital,2,375,0.005333333333333333,0.002548578793701041,265.5820895522388,-0.9264092614401632
ALL_CTRL,lh_insula -- lh_lateralorbitofrontal,0,375,0.0,0.0021820851691985604,242.5,-0.042355343699455275
ALL_CTRL,lh_insula -- lh_medialorbitofrontal,1,375,0.0026666666666666666,0.0032582859720773428,221.93333333333334,-0.5669919888178507
ALL_CTRL,lh_insula -- lh_middletemporal,1,375,0.0026666666666666666,0.0021655975682795016,305.625,-0.9053390026092529
ALL_CTRL,lh_insula -- lh_paracentral,3,375,0.008,0.002109574130948302,260.8679245283019,0.9138175170376616
ALL_CTRL,lh_insula -- lh_parahippocampal,8,375,0.021333333333333333,0.00400745104618998,214.6081081081081,0.9525285943134411
ALL_CTRL,lh_insula -- lh_parsopercularis,5,375,0.013333333333333334,0.00291096693382652,232.66666666666666,0.948640305797259
ALL_CTRL,lh_insula -- lh_parstriangularis,8,375,0.021333333333333333,0.003010464751165977,207.29333333333332,0.957719624042511
ALL_CTRL,lh_insula -- lh_postcentral,0,375,0.0,0.001560715839447986,407.0,-0.8844622241126167
ALL_CTRL,lh_insula -- lh_posteriorcingulate,9,375,0.024,0.003009953952939348,238.67415730337078,0.9393117307277208
ALL_CTRL,lh_insula -- lh_precentral,5,375,0.013333333333333334,0.002900228617417621,220.3135593220339,-0.9500941169463982
ALL_CTRL,lh_insula -- lh_rostralanteriorcingulate,7,375,0.018666666666666668,0.0032828268505256985,199.66346153846155,0.9544861316680908
ALL_CTRL,lh_insula -- lh_rostralmiddlefrontal,0,375,0.0,0.0018547779734465033,293.4318181818182,-0.8940519744699652
ALL_CTRL,lh_insula -- lh_superiorfrontal,16,375,0.042666666666666665,0.003439718641827837,184.29807692307693,-0.9715196194174962
ALL_CTRL,lh_insula -- lh_superiorparietal,0,375,0.0,0.0021059996128885415,328.10526315789474,-0.9020185062759801
ALL_CTRL,lh_insula -- lh_superiortemporal,5,375,0.013333333333333334,0.0025840519655290157,241.22666666666666,-0.9314980181058248
ALL_CTRL,lh_insula -- lh_supramarginal,7,375,0.018666666666666668,0.002925794556965305,226.2173913043478,-0.9469677862913712
ALL_CTRL,lh_insula -- lh_transversetemporal,12,375,0.032,0.003947440137997505,179.7826086956522,0.9413673540820247
ALL_CTRL,lh_insula -- rh_bankssts,9,375,0.024,0.0031683405428973976,195.87878787878788,0.9613630413407027
ALL_CTRL,lh_insula -- rh_caudalanteriorcingulate,6,375,0.016,0.0030211646529082472,218.97142857142856,0.9473775687671843
ALL_CTRL,lh_insula -- rh_caudalmiddlefrontal,9,375,0.024,0.003315949290147409,177.46315789473684,0.9667079316942315
ALL_CTRL,lh_insula -- rh_cuneus,0,375,0.0,0.0028696164576273078,279.3333333333333,-0.9446918037202623
ALL_CTRL,lh_insula -- rh_fusiform,4,375,0.010666666666666666,0.0061326356674318095,157.66666666666666,0.9347572724024454
ALL_CTRL,lh_insula -- rh_inferiorparietal,4,375,0.010666666666666666,0.002013600388815548,289.6666666666667,-0.9001707926629081
ALL_CTRL,lh_insula -- rh_inferiortemporal,2,375,0.005333333333333333,0.0025234991994693835,262.7692307692308,-0.9060314221259875
ALL_CTRL,lh_insula -- rh_insula,30,375,0.08,0.0037423129204276545,165.8849315068493,0.9888100855971036
ALL_CTRL,lh_insula -- rh_isthmuscingulate,3,375,0.008,0.0025083984224690157,191.92,0.9278597295284271
ALL_CTRL,lh_insula -- rh_lateraloccipital,1,375,0.0026666666666666666,0.0023528040319948694,237.7875,-0.9332760728895664
ALL_CTRL,lh_insula -- rh_lateralorbitofrontal,0,375,0.0,0.0025226063466884997,234.33333333333334,0.9390374918778738
ALL_CTRL,lh_insula -- rh_medialorbitofrontal,2,375,0.005333333333333333,0.002648796198688878,238.91176470588235,-0.9503583557465497
ALL_CTRL,lh_insula -- rh_middletemporal,1,375,0.0026666666666666666,0.0022815602363358035,257.45454545454544,-0.9034816731106151
ALL_CTRL,lh_insula -- rh_paracentral,2,375,0.005333333333333333,0.0023937437835709697,245.45714285714286,0.9303163630621774
ALL_CTRL,lh_insula -- rh_parahippocampal,10,375,0.02666666666666667,0.0035222782621064704,178.20338983050848,0.9615689278659174
ALL_CTRL,lh_insula -- rh_parsopercularis,11,375,0.029333333333333333,0.003117501922382852,196.72289156626505,0.9668155125824802
ALL_CTRL,lh_insula -- rh_parstriangularis,1,375,0.0026666666666666666,0.002575051927774948,227.51063829787233,0.9281870266224476
ALL_CTRL,lh_insula -- rh_postcentral,0,375,0.0,0.001388522777633492,383.3333333333333,-0.8759408295154572
ALL_CTRL,lh_insula -- rh_posteriorcingulate,12,375,0.032,0.0031723038579011082,227.79381443298968,0.9383269763484443
ALL_CTRL,lh_insula -- rh_precentral,2,375,0.005333333333333333,0.002582843839163851,252.26315789473685,-0.9427277155612644
ALL_CTRL,lh_insula -- rh_rostralanteriorcingulate,10,375,0.02666666666666667,0.003252979113075308,209.5078125,0.9595794044435024
ALL_CTRL,lh_insula -- rh_rostralmiddlefrontal,1,375,0.0026666666666666666,0.002184630343593587,278.3333333333333,-0.9029630285998186
ALL_CTRL,lh_insula -- rh_superiorfrontal,18,375,0.048,0.0034861597104185976,182.39527027027026,-0.9689748907411421
ALL_CTRL,lh_insula -- rh_superiorparietal,1,375,0.0026666666666666666,0.0018220276950921674,372.56,-0.8821054196357727
ALL_CTRL,lh_insula -- rh_superiortemporal,1,375,0.0026666666666666666,0.0025817080628439764,281.4,-0.9047580018639565
ALL_CTRL,lh_insula -- rh_supramarginal,0,375,0.0,0.0018386329488185606,368.875,-0.8245405703783035
ALL_CTRL,lh_insula -- rh_transversetemporal,4,375,0.010666666666666666,0.002653166963454809,265.25581395348837,0.927452472753303
ALL_CTRL,lh_isthmuscingulate -- lh_lateraloccipital,0,375,0.0,0.001440331295075749,233.66666666666666,-0.8447595437367758
ALL_CTRL,lh_isthmuscingulate -- lh_lateralorbitofrontal,2,375,0.005333333333333333,0.0028031077635354705,166.9268292682927,0.8124136793904189
ALL_CTRL,lh_isthmuscingulate -- lh_lingual,0,375,0.0,0.004335931073064658,87.66666666666667,-0.9820204377174376
ALL_CTRL,lh_isthmuscingulate -- lh_medialorbitofrontal,2,375,0.005333333333333333,0.0027227129310982805,218.53125,-0.13551100529730317
ALL_CTRL,lh_isthmuscingulate -- lh_middletemporal,10,375,0.02666666666666667,0.003151359402281673,199.05670103092783,-0.9616588624482302
ALL_CTRL,lh_isthmuscingulate -- lh_paracentral,5,375,0.013333333333333334,0.003089351087807947,194.16363636363636,0.9581876901063052
ALL_CTRL,lh_isthmuscingulate -- lh_parahippocampal,2,375,0.005333333333333333,0.002340373674423177,223.42857142857142,0.9055331264223371
ALL_CTRL,lh_isthmuscingulate -- lh_parsopercularis,1,375,0.0026666666666666666,0.002697129569292584,234.0,0.7891106605529785
ALL_CTRL,lh_isthmuscingulate -- lh_parsorbitalis,3,375,0.008,0.0028390353209292217,230.57142857142858,-0.9345763666289193
ALL_CTRL,lh_isthmuscingulate -- lh_parstriangularis,7,375,0.018666666666666668,0.0032121666001557535,174.19101123595505,0.9646680000123014
ALL_CTRL,lh_isthmuscingulate -- lh_pericalcarine,10,375,0.02666666666666667,0.003010683273630154,202.94,0.9600801773866018
ALL_CTRL,lh_isthmuscingulate -- lh_postcentral,0,375,0.0,0.0033697989547510107,141.25,-0.9591779857873917
ALL_CTRL,lh_isthmuscingulate -- lh_posteriorcingulate,9,375,0.024,0.003332734892103484,184.6839826839827,0.9691704189106499
ALL_CTRL,lh_isthmuscingulate -- lh_precentral,1,375,0.0026666666666666666,0.0037166677771145193,173.0,-0.9636403492518834
ALL_CTRL,lh_isthmuscingulate -- lh_precuneus,0,375,0.0,0.0014806054880884614,164.0,0.8558658361434937
ALL_CTRL,lh_isthmuscingulate -- lh_rostralanteriorcingulate,1,375,0.0026666666666666666,0.004093169487182405,236.27272727272728,0.9332019036466425
ALL_CTRL,lh_isthmuscingulate -- lh_rostralmiddlefrontal,0,375,0.0,0.003244212495979241,166.0,-0.9579684734344481
ALL_CTRL,lh_isthmuscingulate -- lh_superiorfrontal,0,375,0.0,0.0027151462826282423,182.90625,-0.9425384476780891
ALL_CTRL,lh_isthmuscingulate -- lh_superiorparietal,1,375,0.0026666666666666666,0.0037102090699604362,128.57142857142858,-0.9534968308040074
ALL_CTRL,lh_isthmuscingulate -- lh_superiortemporal,6,375,0.016,0.0029987071117116224,201.65384615384616,-0.951697824551509
ALL_CTRL,lh_isthmuscingulate -- lh_supramarginal,1,375,0.0026666666666666666,0.002812456160798491,169.1153846153846,-0.7163262046300448
ALL_CTRL,lh_isthmuscingulate -- lh_temporalpole,0,375,0.0,0.0014748947187516689,264.14285714285717,-0.8599824139050075
ALL_CTRL,lh_isthmuscingulate -- lh_transversetemporal,2,375,0.005333333333333333,0.004205106515231071,234.41666666666666,0.9344585786263148
ALL_CTRL,lh_isthmuscingulate -- rh_bankssts,13,375,0.034666666666666665,0.0031988988952228233,197.90666666666667,0.9572720336914062
ALL_CTRL,lh_isthmuscingulate -- rh_caudalanteriorcingulate,16,375,0.042666666666666665,0.003266874385394904,184.34234234234233,0.9644997219244639
ALL_CTRL,lh_isthmuscingulate -- rh_caudalmiddlefrontal,9,375,0.024,0.0032784835789847655,193.9814814814815,0.9537164072195689
ALL_CTRL,lh_isthmuscingulate -- rh_cuneus,0,375,0.0,0.0011992099183027963,672.0,0.844745934009552
ALL_CTRL,lh_isthmuscingulate -- rh_entorhinal,0,375,0.0,0.0012746419030738867,590.0,-0.8670600056648254
ALL_CTRL,lh_isthmuscingulate -- rh_frontalpole,3,375,0.008,0.002929115161113682,238.00884955752213,-0.9584211707115173
ALL_CTRL,lh_isthmuscingulate -- rh_fusiform,1,375,0.0026666666666666666,0.0017171049959278598,251.66666666666666,-0.5822718888521194
ALL_CTRL,lh_isthmuscingulate -- rh_inferiorparietal,1,375,0.0026666666666666666,0.003631918527550802,165.23529411764707,-0.9456190116265241
ALL_CTRL,lh_isthmuscingulate -- rh_inferiortemporal,1,375,0.0026666666666666666,0.0025432209482749955,235.45631067961165,-0.947444074940913
ALL_CTRL,lh_isthmuscingulate -- rh_insula,3,375,0.008,0.003335031415953827,216.9,0.94592644572258
ALL_CTRL,lh_isthmuscingulate -- rh_isthmuscingulate,14,375,0.037333333333333336,0.0033640524841373164,189.13765182186233,0.9761473937073217
ALL_CTRL,lh_isthmuscingulate -- rh_lateraloccipital,0,375,0.0,0.0014519847033377775,268.3333333333333,-0.8589370052019755
ALL_CTRL,lh_isthmuscingulate -- rh_lateralorbitofrontal,5,375,0.013333333333333334,0.0032563322689397405,181.1573033707865,0.9514658384108812
ALL_CTRL,lh_isthmuscingulate -- rh_medialorbitofrontal,2,375,0.005333333333333333,0.003081996915553959,175.3684210526316,-0.7950734025553653
ALL_CTRL,lh_isthmuscingulate -- rh_middletemporal,17,375,0.04533333333333334,0.003194795574499986,197.95794392523365,-0.9613110526142833
ALL_CTRL,lh_isthmuscingulate -- rh_paracentral,8,375,0.021333333333333333,0.003097490494272977,194.96503496503496,0.9637101280105698
ALL_CTRL,lh_isthmuscingulate -- rh_parahippocampal,2,375,0.005333333333333333,0.003807538037593953,205.5,0.9310819777575406
ALL_CTRL,lh_isthmuscingulate -- rh_parsopercularis,0,375,0.0,0.002129738455293822,230.73333333333332,0.9190489927927653
ALL_CTRL,lh_isthmuscingulate -- rh_parsorbitalis,0,375,0.0,0.0026977570963680106,207.5151515151515,-0.9354127139756174
ALL_CTRL,lh_isthmuscingulate -- rh_parstriangularis,3,375,0.008,0.00310297787081002,215.97333333333333,0.9518348463376363
ALL_CTRL,lh_isthmuscingulate -- rh_pericalcarine,6,375,0.016,0.0028637287154992244,221.0079365079365,0.9556484610315353
ALL_CTRL,lh_isthmuscingulate -- rh_posteriorcingulate,7,375,0.018666666666666668,0.0032157467296297193,190.51982378854626,0.9645252508739017
ALL_CTRL,lh_isthmuscingulate -- rh_precentral,0,375,0.0,0.0032077966968233665,193.58333333333334,-0.9596551855405172
ALL_CTRL,lh_isthmuscingulate -- rh_precuneus,0,375,0.0,0.0011786033407413835,401.0,0.8274412751197815
ALL_CTRL,lh_isthmuscingulate -- rh_rostralanteriorcingulate,2,375,0.005333333333333333,0.0030402486309239773,155.8421052631579,0.9341318701442919
ALL_CTRL,lh_isthmuscingulate -- rh_rostralmiddlefrontal,1,375,0.0026666666666666666,0.003446416658485949,109.625,-0.9583274126052856
ALL_CTRL,lh_isthmuscingulate -- rh_superiorfrontal,0,375,0.0,0.0030954297490617274,198.86666666666667,-0.9538022001584371
ALL_CTRL,lh_isthmuscingulate -- rh_superiorparietal,0,375,0.0,0.0034333555042163266,123.75,-0.9388498812913895
ALL_CTRL,lh_isthmuscingulate -- rh_superiortemporal,11,375,0.029333333333333333,0.0031412729036745727,197.07407407407408,-0.9543244272102545
ALL_CTRL,lh_isthmuscingulate -- rh_supramarginal,0,375,0.0,0.003243850367138223,154.71428571428572,-0.9438980221748352
ALL_CTRL,lh_isthmuscingulate -- rh_temporalpole,0,375,0.0,0.0015791642627875243,212.57142857142858,-0.8784004705292838
ALL_CTRL,lh_lateraloccipital -- lh_lateralorbitofrontal,0,375,0.0,0.0022786494462230015,304.61538461538464,-0.6341338524451623
ALL_CTRL,lh_lateraloccipital -- lh_lingual,2,375,0.005333333333333333,0.0023589299376198616,310.14814814814815,0.9098485619933517
ALL_CTRL,lh_lateraloccipital -- lh_medialorbitofrontal,0,375,0.0,0.0023257913651713678,216.22222222222223,0.30517284075419104
ALL_CTRL,lh_lateraloccipital -- lh_middletemporal,0,375,0.0,0.0018727137947500473,324.2,0.8892391204833985
ALL_CTRL,lh_lateraloccipital -- lh_paracentral,2,375,0.005333333333333333,0.002783025297418239,219.2325581395349,-0.9405832027280053
ALL_CTRL,lh_lateraloccipital -- lh_parahippocampal,12,375,0.032,0.003303361129655787,197.18120805369128,-0.9581265601535771
ALL_CTRL,lh_lateraloccipital -- lh_parsopercularis,5,375,0.013333333333333334,0.0031667843860954323,182.35971223021582,-0.9565201946299711
ALL_CTRL,lh_lateraloccipital -- lh_parstriangularis,5,375,0.013333333333333334,0.0027356280152603996,225.0151515151515,-0.9475942786895868
ALL_CTRL,lh_lateraloccipital -- lh_pericalcarine,1,375,0.0026666666666666666,0.0018161475581611906,22.5,-0.8360046744346619
ALL_CTRL,lh_lateraloccipital -- lh_postcentral,13,375,0.034666666666666665,0.0033764202121188327,183.5568181818182,0.9687234526782325
ALL_CTRL,lh_lateraloccipital -- lh_posteriorcingulate,0,375,0.0,0.0013541785940149166,439.7142857142857,-0.8680773292269025
ALL_CTRL,lh_lateraloccipital -- lh_precentral,14,375,0.037333333333333336,0.0032940065569181296,191.28163265306122,0.9677155042181209
ALL_CTRL,lh_lateraloccipital -- lh_precuneus,4,375,0.010666666666666666,0.0028463008857665235,216.875,0.9373029917478561
ALL_CTRL,lh_lateraloccipital -- lh_rostralanteriorcingulate,14,375,0.037333333333333336,0.003348564699910342,191.12432432432433,-0.9620344306971575
ALL_CTRL,lh_lateraloccipital -- lh_rostralmiddlefrontal,25,375,0.06666666666666667,0.0035936566133419447,163.1787878787879,0.9825771922414953
ALL_CTRL,lh_lateraloccipital -- lh_superiorfrontal,4,375,0.010666666666666666,0.0024334755136479745,250.28333333333333,0.9412894343336423
ALL_CTRL,lh_lateraloccipital -- lh_superiorparietal,21,375,0.056,0.003410262171589789,176.02469135802468,0.9773501946970269
ALL_CTRL,lh_lateraloccipital -- lh_superiortemporal,3,375,0.008,0.00247415078693614,238.1875,0.9149275235831738
ALL_CTRL,lh_lateraloccipital -- lh_supramarginal,9,375,0.024,0.003166599819855662,202.50526315789475,0.9664090216159821
ALL_CTRL,lh_lateraloccipital -- lh_transversetemporal,0,375,0.0,0.0023389538587937427,322.875,-0.8918221667408943
ALL_CTRL,lh_lateraloccipital -- rh_bankssts,1,375,0.0026666666666666666,0.0016325036661212202,360.25,-0.8805587589740753
ALL_CTRL,lh_lateraloccipital -- rh_caudalanteriorcingulate,0,375,0.0,0.0019001253993888724,304.85714285714283,-0.9029670400278909
ALL_CTRL,lh_lateraloccipital -- rh_caudalmiddlefrontal,3,375,0.008,0.002635488125236919,248.03571428571428,-0.9327054364340646
ALL_CTRL,lh_lateraloccipital -- rh_cuneus,7,375,0.018666666666666668,0.0032100175972967476,220.875,0.9558194130659103
ALL_CTRL,lh_lateraloccipital -- rh_entorhinal,1,375,0.0026666666666666666,0.005591303970478534,208.25,-0.936221644282341
ALL_CTRL,lh_lateraloccipital -- rh_fusiform,0,375,0.0,0.0013340965564496165,461.0,-0.85314412911733
ALL_CTRL,lh_lateraloccipital -- rh_inferiorparietal,17,375,0.04533333333333334,0.0033094461198446674,179.95934959349594,0.9639783758458084
ALL_CTRL,lh_lateraloccipital -- rh_insula,2,375,0.005333333333333333,0.0022856092861482332,286.0,-0.9266295948146303
ALL_CTRL,lh_lateraloccipital -- rh_isthmuscingulate,0,375,0.0,0.0025066841628934586,263.1666666666667,-0.9606544474760691
ALL_CTRL,lh_lateraloccipital -- rh_lateraloccipital,18,375,0.048,0.0036926011690333184,172.51396648044692,0.9896161579552976
ALL_CTRL,lh_lateraloccipital -- rh_lateralorbitofrontal,0,375,0.0,0.0028094199491941253,259.3333333333333,-0.9394327700138092
ALL_CTRL,lh_lateraloccipital -- rh_lingual,1,375,0.0026666666666666666,0.0026195823230631024,243.7674418604651,0.929092544455861
ALL_CTRL,lh_lateraloccipital -- rh_medialorbitofrontal,1,375,0.0026666666666666666,0.0028352752428268675,215.70454545454547,0.9458354007114064
ALL_CTRL,lh_lateraloccipital -- rh_middletemporal,0,375,0.0,0.0014502642618709398,286.0,0.9259914557139078
ALL_CTRL,lh_lateraloccipital -- rh_paracentral,0,375,0.0,0.0024372835625837597,214.4,-0.9407685501234871
ALL_CTRL,lh_lateraloccipital -- rh_parahippocampal,12,375,0.032,0.0031360371719440037,186.93157894736842,-0.9659017832655655
ALL_CTRL,lh_lateraloccipital -- rh_parsopercularis,8,375,0.021333333333333333,0.003022086298865356,210.9090909090909,-0.9528732257229942
ALL_CTRL,lh_lateraloccipital -- rh_parstriangularis,1,375,0.0026666666666666666,0.0024836945744247897,234.14285714285714,-0.9429493512426104
ALL_CTRL,lh_lateraloccipital -- rh_postcentral,7,375,0.018666666666666668,0.0029782531072248047,209.3041237113402,0.9595470661969528
ALL_CTRL,lh_lateraloccipital -- rh_posteriorcingulate,0,375,0.0,0.0026371508052262923,315.57142857142856,-0.9397663388933454
ALL_CTRL,lh_lateraloccipital -- rh_precentral,14,375,0.037333333333333336,0.003364875103235234,183.93859649122808,0.9678126874200085
ALL_CTRL,lh_lateraloccipital -- rh_precuneus,1,375,0.0026666666666666666,0.002916949813032068,204.6551724137931,0.9384264843217258
ALL_CTRL,lh_lateraloccipital -- rh_rostralanteriorcingulate,5,375,0.013333333333333334,0.0028766085061198484,232.06711409395973,-0.9615595352729694
ALL_CTRL,lh_lateraloccipital -- rh_rostralmiddlefrontal,25,375,0.06666666666666667,0.0036028389838491212,167.72256097560975,0.9798531828493606
ALL_CTRL,lh_lateraloccipital -- rh_superiorfrontal,6,375,0.016,0.0029568980557024443,225.44755244755245,0.9487522215276332
ALL_CTRL,lh_lateraloccipital -- rh_superiorparietal,16,375,0.042666666666666665,0.00350333744696751,175.6843657817109,0.9790606897840809
ALL_CTRL,lh_lateraloccipital -- rh_superiortemporal,0,375,0.0,0.0032388483406602907,221.5,0.9639191031455994
ALL_CTRL,lh_lateraloccipital -- rh_supramarginal,3,375,0.008,0.0025850726876335784,270.741935483871,0.9416199797584165
ALL_CTRL,lh_lateraloccipital -- rh_transversetemporal,0,375,0.0,0.0013181470642307784,554.6666666666666,-0.8572879731655121
ALL_CTRL,lh_lateralorbitofrontal -- lh_lingual,1,375,0.0026666666666666666,0.002714171173266381,224.19230769230768,-0.5945397844681373
ALL_CTRL,lh_lateralorbitofrontal -- lh_medialorbitofrontal,11,375,0.029333333333333333,0.004086607438342431,161.0731707317073,0.6882728774373125
ALL_CTRL,lh_lateralorbitofrontal -- lh_middletemporal,2,375,0.005333333333333333,0.0029351312840667733,236.41935483870967,-0.7046505232011119
ALL_CTRL,lh_lateralorbitofrontal -- lh_paracentral,5,375,0.013333333333333334,0.0035922942337686904,166.8,0.6793853253126144
ALL_CTRL,lh_lateralorbitofrontal -- lh_parahippocampal,4,375,0.010666666666666666,0.0046987534007324454,186.94736842105263,0.6331669688224792
ALL_CTRL,lh_lateralorbitofrontal -- lh_parsopercularis,0,375,0.0,0.0026382050210229787,219.6,-0.16441646218299866
ALL_CTRL,lh_lateralorbitofrontal -- lh_parsorbitalis,7,375,0.018666666666666668,0.0037192616319072606,165.60377358490567,-0.3164494397505274
ALL_CTRL,lh_lateralorbitofrontal -- lh_parstriangularis,4,375,0.010666666666666666,0.0033342298423683506,156.33333333333334,0.675230085849762
ALL_CTRL,lh_lateralorbitofrontal -- lh_pericalcarine,2,375,0.005333333333333333,0.003269301080016326,212.6140350877193,0.8263545548706724
ALL_CTRL,lh_lateralorbitofrontal -- lh_postcentral,3,375,0.008,0.0027259515920063774,220.35294117647058,-0.8295795619487762
ALL_CTRL,lh_lateralorbitofrontal -- lh_posteriorcingulate,0,375,0.0,0.0026289409022762027,243.26315789473685,0.44777226134350423
ALL_CTRL,lh_lateralorbitofrontal -- lh_precentral,0,375,0.0,0.0027872118037675243,233.33333333333334,-0.4099513954586453
ALL_CTRL,lh_lateralorbitofrontal -- lh_precuneus,4,375,0.010666666666666666,0.0029532745116994056,200.02941176470588,-0.16561761498451236
ALL_CTRL,lh_lateralorbitofrontal -- lh_rostralanteriorcingulate,2,375,0.005333333333333333,0.003558885912274016,203.3125,0.3533707410097122
ALL_CTRL,lh_lateralorbitofrontal -- lh_rostralmiddlefrontal,1,375,0.0026666666666666666,0.002277301575289032,266.1904761904762,-0.6620909401348659
ALL_CTRL,lh_lateralorbitofrontal -- lh_superiorfrontal,1,375,0.0026666666666666666,0.0028246892217799443,171.8181818181818,-0.07639408111572263
ALL_CTRL,lh_lateralorbitofrontal -- lh_superiorparietal,1,375,0.0026666666666666666,0.002463046811333963,258.59375,-0.8250501751899719
ALL_CTRL,lh_lateralorbitofrontal -- lh_superiortemporal,0,375,0.0,0.00275659759122168,192.3684210526316,-0.04881784163023297
ALL_CTRL,lh_lateralorbitofrontal -- lh_supramarginal,2,375,0.005333333333333333,0.0024750931767203344,231.24,-0.4871385192871094
ALL_CTRL,lh_lateralorbitofrontal -- lh_temporalpole,1,375,0.0026666666666666666,0.003371336909474855,186.73809523809524,-0.2680581779707046
ALL_CTRL,lh_lateralorbitofrontal -- lh_transversetemporal,2,375,0.005333333333333333,0.005288690559620583,150.28571428571428,-0.16266663585390365
ALL_CTRL,lh_lateralorbitofrontal -- rh_bankssts,3,375,0.008,0.0024752570244794573,239.5,0.33767110109329224
ALL_CTRL,lh_lateralorbitofrontal -- rh_caudalanteriorcingulate,5,375,0.013333333333333334,0.002879391706375426,205.46875,0.578382721170783
ALL_CTRL,lh_lateralorbitofrontal -- rh_caudalmiddlefrontal,5,375,0.013333333333333334,0.004758227250503731,153.75,0.23894058540463448
ALL_CTRL,lh_lateralorbitofrontal -- rh_cuneus,2,375,0.005333333333333333,0.0027141749841582672,202.16666666666666,-0.24979059696197506
ALL_CTRL,lh_lateralorbitofrontal -- rh_entorhinal,0,375,0.0,0.0018539414129764686,270.6296296296296,0.3566820665642067
ALL_CTRL,lh_lateralorbitofrontal -- rh_frontalpole,2,375,0.005333333333333333,0.00269247508117204,185.35714285714286,-0.7765673966634841
ALL_CTRL,lh_lateralorbitofrontal -- rh_fusiform,6,375,0.016,0.004861563141151814,206.12,-0.011249761581420867
ALL_CTRL,lh_lateralorbitofrontal -- rh_inferiorparietal,1,375,0.0026666666666666666,0.003263187677656027,215.84615384615384,-0.5769109955200782
ALL_CTRL,lh_lateralorbitofrontal -- rh_inferiortemporal,1,375,0.0026666666666666666,0.002347173395768794,253.45454545454547,-0.3870497454296459
ALL_CTRL,lh_lateralorbitofrontal -- rh_insula,0,375,0.0,0.0020551148217631053,276.0,-0.2612345516681671
ALL_CTRL,lh_lateralorbitofrontal -- rh_isthmuscingulate,1,375,0.0026666666666666666,0.002538514260007432,212.8709677419355,0.6310125051006195
ALL_CTRL,lh_lateralorbitofrontal -- rh_lateraloccipital,1,375,0.0026666666666666666,0.0024815391070268345,282.8181818181818,-0.6665307229215448
ALL_CTRL,lh_lateralorbitofrontal -- rh_lateralorbitofrontal,9,375,0.024,0.004026074286147202,178.56923076923076,0.7475309069340046
ALL_CTRL,lh_lateralorbitofrontal -- rh_lingual,3,375,0.008,0.002898234718066647,186.65625,-0.6553121283650398
ALL_CTRL,lh_lateralorbitofrontal -- rh_medialorbitofrontal,3,375,0.008,0.0029901030130262967,193.5,0.013625497167760651
ALL_CTRL,lh_lateralorbitofrontal -- rh_middletemporal,0,375,0.0,0.003028566026431077,177.13333333333333,-0.5514429966608684
ALL_CTRL,lh_lateralorbitofrontal -- rh_paracentral,2,375,0.005333333333333333,0.0034042354899470246,182.0,0.5238336876034737
ALL_CTRL,lh_lateralorbitofrontal -- rh_parahippocampal,2,375,0.005333333333333333,0.0025325980684082787,188.05882352941177,0.7125503841568442
ALL_CTRL,lh_lateralorbitofrontal -- rh_parsopercularis,1,375,0.0026666666666666666,0.0028311172790619617,253.75,0.48698579892516136
ALL_CTRL,lh_lateralorbitofrontal -- rh_parsorbitalis,5,375,0.013333333333333334,0.0031565863919355125,207.40425531914894,-0.63776821532148
ALL_CTRL,lh_lateralorbitofrontal -- rh_parstriangularis,8,375,0.021333333333333333,0.0036006391166082674,174.38095238095238,0.7865789958408901
ALL_CTRL,lh_lateralorbitofrontal -- rh_pericalcarine,6,375,0.016,0.003271171773195767,217.17307692307693,0.8471937649525129
ALL_CTRL,lh_lateralorbitofrontal -- rh_postcentral,0,375,0.0,0.0029657851318340986,190.78125,-0.7616779766976833
ALL_CTRL,lh_lateralorbitofrontal -- rh_posteriorcingulate,2,375,0.005333333333333333,0.003066243100592565,241.44,0.40725738763809205
ALL_CTRL,lh_lateralorbitofrontal -- rh_precentral,2,375,0.005333333333333333,0.002865595143098201,211.9,-0.3649195522069931
ALL_CTRL,lh_lateralorbitofrontal -- rh_precuneus,3,375,0.008,0.0034917884049720386,168.6,-0.5395429770151774
ALL_CTRL,lh_lateralorbitofrontal -- rh_rostralanteriorcingulate,2,375,0.005333333333333333,0.003124936552492488,202.57142857142858,0.41329735517501837
ALL_CTRL,lh_lateralorbitofrontal -- rh_rostralmiddlefrontal,1,375,0.0026666666666666666,0.002194540213680881,293.15,-0.731481996178627
ALL_CTRL,lh_lateralorbitofrontal -- rh_superiorfrontal,0,375,0.0,0.0027932559666998995,232.4,0.006389820575714156
ALL_CTRL,lh_lateralorbitofrontal -- rh_superiorparietal,0,375,0.0,0.002291688642140337,283.9230769230769,-0.7898645125902616
ALL_CTRL,lh_lateralorbitofrontal -- rh_superiortemporal,0,375,0.0,0.0020232538923149503,289.88235294117646,-0.5879451667561251
ALL_CTRL,lh_lateralorbitofrontal -- rh_supramarginal,2,375,0.005333333333333333,0.0029653018533522413,209.1891891891892,-0.32567329342300827
ALL_CTRL,lh_lateralorbitofrontal -- rh_temporalpole,2,375,0.005333333333333333,0.003745900604121247,196.16666666666666,-0.31707320184934706
ALL_CTRL,lh_lateralorbitofrontal -- rh_transversetemporal,2,375,0.005333333333333333,0.006298744133055036,165.75,0.7399517744779587
ALL_CTRL,lh_lingual -- lh_medialorbitofrontal,2,375,0.005333333333333333,0.0032020316338976463,148.87878787878788,0.1501049850926255
ALL_CTRL,lh_lingual -- lh_parahippocampal,5,375,0.013333333333333334,0.0030849679535312553,226.77586206896552,-0.8784241090560782
ALL_CTRL,lh_lingual -- lh_parsopercularis,2,375,0.005333333333333333,0.0030355586583080524,156.58823529411765,-0.9420743619694429
ALL_CTRL,lh_lingual -- lh_parsorbitalis,5,375,0.013333333333333334,0.0037251865537956063,205.02564102564102,-0.9454108430789068
ALL_CTRL,lh_lingual -- lh_parstriangularis,0,375,0.0,0.0014107180754235561,283.1666666666667,-0.3066258132457733
ALL_CTRL,lh_lingual -- lh_pericalcarine,0,375,0.0,0.0015992478349461988,277.5,0.8577393889427185
ALL_CTRL,lh_lingual -- lh_postcentral,2,375,0.005333333333333333,0.002493532691425746,244.28985507246378,0.9349397965099501
ALL_CTRL,lh_lingual -- lh_precentral,1,375,0.0026666666666666666,0.0025255025897572706,294.73333333333335,0.9091405312220255
ALL_CTRL,lh_lingual -- lh_precuneus,19,375,0.050666666666666665,0.003649509500959156,167.6267281105991,0.9682017729579029
ALL_CTRL,lh_lingual -- lh_rostralanteriorcingulate,2,375,0.005333333333333333,0.0026672375683053726,266.75,-0.8910418202479681
ALL_CTRL,lh_lingual -- lh_rostralmiddlefrontal,0,375,0.0,0.0015746405511617655,257.5,0.8947780132293701
ALL_CTRL,lh_lingual -- lh_superiorfrontal,0,375,0.0,0.004425728304006907,64.0,0.9775139689445496
ALL_CTRL,lh_lingual -- lh_superiorparietal,5,375,0.013333333333333334,0.003027179836942344,229.5142857142857,0.9426278948783875
ALL_CTRL,lh_lingual -- lh_superiortemporal,0,375,0.0,0.003938143688507878,162.0,0.9787192940711976
ALL_CTRL,lh_lingual -- lh_supramarginal,1,375,0.0026666666666666666,0.0018360346494831546,343.94444444444446,0.8958869775136312
ALL_CTRL,lh_lingual -- lh_temporalpole,9,375,0.024,0.002833101546594629,240.8732394366197,-0.9298227538525219
ALL_CTRL,lh_lingual -- rh_bankssts,1,375,0.0026666666666666666,0.004181213066037394,133.66666666666666,-0.9831518530845642
ALL_CTRL,lh_lingual -- rh_caudalanteriorcingulate,0,375,0.0,0.0013725206417248541,393.5,0.8927786350250244
ALL_CTRL,lh_lingual -- rh_caudalmiddlefrontal,2,375,0.005333333333333333,0.007698497692483001,27.666666666666668,-0.9668131470680236
ALL_CTRL,lh_lingual -- rh_cuneus,5,375,0.013333333333333334,0.002847493219197213,194.44660194174756,0.9447514825654262
ALL_CTRL,lh_lingual -- rh_entorhinal,13,375,0.034666666666666665,0.003445648274084445,181.7098445595855,-0.9608837925090691
ALL_CTRL,lh_lingual -- rh_frontalpole,1,375,0.0026666666666666666,0.004820816247190089,78.9090909090909,-0.9583545543930747
ALL_CTRL,lh_lingual -- rh_fusiform,2,375,0.005333333333333333,0.0035399047704745925,240.55555555555554,-0.07412590583165486
ALL_CTRL,lh_lingual -- rh_inferiorparietal,3,375,0.008,0.0033229719831961066,231.4,0.9355492025613785
ALL_CTRL,lh_lingual -- rh_inferiortemporal,3,375,0.008,0.006034236093235247,108.5,-0.37158215641975406
ALL_CTRL,lh_lingual -- rh_lateraloccipital,2,375,0.005333333333333333,0.0022763427267277754,261.8666666666667,0.899735689163208
ALL_CTRL,lh_lingual -- rh_lateralorbitofrontal,3,375,0.008,0.0030683454937617555,107.72222222222223,0.4335273206233978
ALL_CTRL,lh_lingual -- rh_lingual,33,375,0.088,0.004059576809829829,159.91638795986623,0.9771101803683916
ALL_CTRL,lh_lingual -- rh_medialorbitofrontal,0,375,0.0,0.0024083886341778695,247.02631578947367,0.8471274862163946
ALL_CTRL,lh_lingual -- rh_middletemporal,0,375,0.0,0.003464129031482195,180.5,0.520724356174469
ALL_CTRL,lh_lingual -- rh_paracentral,0,375,0.0,0.003096369308024665,110.33333333333333,-0.9602773785591124
ALL_CTRL,lh_lingual -- rh_parahippocampal,0,375,0.0,0.0022996886673548487,211.45454545454547,-0.8230231006940206
ALL_CTRL,lh_lingual -- rh_parsopercularis,1,375,0.0026666666666666666,0.002249286235373352,255.3846153846154,-0.93335727086434
ALL_CTRL,lh_lingual -- rh_parsorbitalis,1,375,0.0026666666666666666,0.0026663635249101897,246.2058823529412,-0.932189553976059
ALL_CTRL,lh_lingual -- rh_parstriangularis,0,375,0.0,0.0022317139566451335,278.85,-0.9509549498558044
ALL_CTRL,lh_lingual -- rh_pericalcarine,0,375,0.0,0.0016023200240964125,331.75,0.8732504993677139
ALL_CTRL,lh_lingual -- rh_postcentral,4,375,0.010666666666666666,0.002866472033731067,224.29591836734693,0.9498885730091406
ALL_CTRL,lh_lingual -- rh_precentral,1,375,0.0026666666666666666,0.0036641628886735335,241.3846153846154,0.9029214886518625
ALL_CTRL,lh_lingual -- rh_precuneus,16,375,0.042666666666666665,0.0036209136490849485,165.7258064516129,0.9732327792913683
ALL_CTRL,lh_lingual -- rh_rostralanteriorcingulate,0,375,0.0,0.0032242338001761003,152.0,-0.9292235493659973
ALL_CTRL,lh_lingual -- rh_rostralmiddlefrontal,1,375,0.0026666666666666666,0.0022571319121855982,248.28571428571428,0.8956716741834369
ALL_CTRL,lh_lingual -- rh_superiorfrontal,0,375,0.0,0.004070992776953227,136.33333333333334,0.9914345145225524
ALL_CTRL,lh_lingual -- rh_superiorparietal,5,375,0.013333333333333334,0.002859682305363203,204.96774193548387,0.9354050524773136
ALL_CTRL,lh_lingual -- rh_supramarginal,4,375,0.010666666666666666,0.0034474493395361965,216.60377358490567,0.8462389010303425
ALL_CTRL,lh_lingual -- rh_temporalpole,9,375,0.024,0.0029961050404129237,203.41237113402062,-0.9350322171584847
ALL_CTRL,lh_medialorbitofrontal -- lh_middletemporal,4,375,0.010666666666666666,0.0024160655196514592,184.83333333333334,0.0007773314913113912
ALL_CTRL,lh_medialorbitofrontal -- lh_paracentral,0,375,0.0,0.0014567543397160676,393.22222222222223,-0.5130304959085252
ALL_CTRL,lh_medialorbitofrontal -- lh_parahippocampal,1,375,0.0026666666666666666,0.0027829683120803553,203.5,-0.8372950951258341
ALL_CTRL,lh_medialorbitofrontal -- lh_parsopercularis,5,375,0.013333333333333334,0.006315942211772781,141.76470588235293,-0.6364688627860126
ALL_CTRL,lh_medialorbitofrontal -- lh_parsorbitalis,1,375,0.0026666666666666666,0.0028609530737965655,168.47058823529412,0.5181626747636234
ALL_CTRL,lh_medialorbitofrontal -- lh_parstriangularis,3,375,0.008,0.003384725139253618,194.28,-0.2633435368537903
ALL_CTRL,lh_medialorbitofrontal -- lh_pericalcarine,0,375,0.0,0.0022766949115321415,224.7941176470588,-0.1215207366382375
ALL_CTRL,lh_medialorbitofrontal -- lh_postcentral,1,375,0.0026666666666666666,0.0019445571938945375,175.78571428571428,0.38775039996419636
ALL_CTRL,lh_medialorbitofrontal -- lh_posteriorcingulate,1,375,0.0026666666666666666,0.0021520545439768363,252.33333333333334,-0.11605177985297309
ALL_CTRL,lh_medialorbitofrontal -- lh_precentral,0,375,0.0,0.002706352467518827,204.9,0.3467814743518829
ALL_CTRL,lh_medialorbitofrontal -- lh_precuneus,2,375,0.005333333333333333,0.0027465025784208035,231.79310344827587,0.2535462584988824
ALL_CTRL,lh_medialorbitofrontal -- lh_rostralanteriorcingulate,1,375,0.0026666666666666666,0.002659253131984021,253.46153846153845,-0.925844880250784
ALL_CTRL,lh_medialorbitofrontal -- lh_rostralmiddlefrontal,0,375,0.0,0.002452908272600362,319.8333333333333,0.4649319400389989
ALL_CTRL,lh_medialorbitofrontal -- lh_superiorfrontal,1,375,0.0026666666666666666,0.0036072072054397597,178.07692307692307,0.5126830018483676
ALL_CTRL,lh_medialorbitofrontal -- lh_superiorparietal,0,375,0.0,0.0021604697000598277,246.3846153846154,0.4924468398094177
ALL_CTRL,lh_medialorbitofrontal -- lh_superiortemporal,0,375,0.0,0.0015491825908471293,262.1666666666667,-0.005545934041341183
ALL_CTRL,lh_medialorbitofrontal -- lh_supramarginal,1,375,0.0026666666666666666,0.003023127028343739,187.93333333333334,0.15924584468205766
ALL_CTRL,lh_medialorbitofrontal -- lh_temporalpole,3,375,0.008,0.0028666218684878985,156.58620689655172,0.5714197693199947
ALL_CTRL,lh_medialorbitofrontal -- lh_transversetemporal,0,375,0.0,0.0015219260791709797,182.5,-0.41307714581489563
ALL_CTRL,lh_medialorbitofrontal -- rh_bankssts,1,375,0.0026666666666666666,0.0037413166288449763,230.64705882352942,-0.8433817309491775
ALL_CTRL,lh_medialorbitofrontal -- rh_caudalanteriorcingulate,1,375,0.0026666666666666666,0.0022683947831871796,237.05263157894737,-0.34790193407159103
ALL_CTRL,lh_medialorbitofrontal -- rh_caudalmiddlefrontal,0,375,0.0,0.002317209656848683,214.07692307692307,-0.20842073055414045
ALL_CTRL,lh_medialorbitofrontal -- rh_cuneus,2,375,0.005333333333333333,0.0033878281401471034,248.78947368421052,0.5664498398178502
ALL_CTRL,lh_medialorbitofrontal -- rh_entorhinal,5,375,0.013333333333333334,0.004181094920367909,145.11428571428573,0.24672425304140364
ALL_CTRL,lh_medialorbitofrontal -- rh_frontalpole,7,375,0.018666666666666668,0.0025933410567512633,171.97297297297297,0.40116726546674164
ALL_CTRL,lh_medialorbitofrontal -- rh_fusiform,9,375,0.024,0.004673263481364922,169.72727272727272,-0.7842251577160575
ALL_CTRL,lh_medialorbitofrontal -- rh_inferiorparietal,2,375,0.005333333333333333,0.0024470226291007716,258.5625,0.5652651265263557
ALL_CTRL,lh_medialorbitofrontal -- rh_inferiortemporal,0,375,0.0,0.002041607735614108,267.2142857142857,0.2775737047195435
ALL_CTRL,lh_medialorbitofrontal -- rh_insula,2,375,0.005333333333333333,0.003250355908599026,236.23076923076923,-0.4932212508641757
ALL_CTRL,lh_medialorbitofrontal -- rh_isthmuscingulate,1,375,0.0026666666666666666,0.0023124156525690014,272.5217391304348,0.03286702995714934
ALL_CTRL,lh_medialorbitofrontal -- rh_lateraloccipital,0,375,0.0,0.002247243824268222,223.88888888888889,0.3034548163414002
ALL_CTRL,lh_medialorbitofrontal -- rh_lateralorbitofrontal,5,375,0.013333333333333334,0.0031384800238181305,180.03703703703704,-0.19080016568855004
ALL_CTRL,lh_medialorbitofrontal -- rh_lingual,3,375,0.008,0.0032544116456894386,173.95454545454547,0.18205103007229895
ALL_CTRL,lh_medialorbitofrontal -- rh_medialorbitofrontal,13,375,0.034666666666666665,0.004608838347542336,156.4,0.5733673055966695
ALL_CTRL,lh_medialorbitofrontal -- rh_middletemporal,1,375,0.0026666666666666666,0.0021379826627880546,286.0,0.2339488977477664
ALL_CTRL,lh_medialorbitofrontal -- rh_paracentral,0,375,0.0,0.001865531766755045,353.0,-0.1672366121236016
ALL_CTRL,lh_medialorbitofrontal -- rh_parahippocampal,0,375,0.0,0.003123988831410501,193.64285714285714,-0.9409726772989545
ALL_CTRL,lh_medialorbitofrontal -- rh_parsopercularis,1,375,0.0026666666666666666,0.0030191597428600265,254.15384615384616,-0.8096312422018784
ALL_CTRL,lh_medialorbitofrontal -- rh_parsorbitalis,2,375,0.005333333333333333,0.0031189467855772418,191.37142857142857,0.423141644682203
ALL_CTRL,lh_medialorbitofrontal -- rh_parstriangularis,5,375,0.013333333333333334,0.004062160571774924,220.14285714285714,0.14573268095652264
ALL_CTRL,lh_medialorbitofrontal -- rh_pericalcarine,2,375,0.005333333333333333,0.0026530237329971725,261.2121212121212,-0.15226627479900012
ALL_CTRL,lh_medialorbitofrontal -- rh_postcentral,1,375,0.0026666666666666666,0.0021034615536814454,225.61111111111111,0.4065578877925873
ALL_CTRL,lh_medialorbitofrontal -- rh_posteriorcingulate,0,375,0.0,0.002001034894633667,242.1875,-0.36367904767394066
ALL_CTRL,lh_medialorbitofrontal -- rh_precentral,0,375,0.0,0.0016380146350437274,400.8,0.895292854309082
ALL_CTRL,lh_medialorbitofrontal -- rh_precuneus,0,375,0.0,0.0031748237741028138,184.27272727272728,0.5386484834280881
ALL_CTRL,lh_medialorbitofrontal -- rh_rostralanteriorcingulate,3,375,0.008,0.0036276854997408753,160.7058823529412,-0.6173793393022873
ALL_CTRL,lh_medialorbitofrontal -- rh_rostralmiddlefrontal,1,375,0.0026666666666666666,0.0029428031695923453,171.93333333333334,0.5517662167549133
ALL_CTRL,lh_medialorbitofrontal -- rh_superiorfrontal,1,375,0.0026666666666666666,0.003394166426103477,203.3846153846154,0.5037895991252019
ALL_CTRL,lh_medialorbitofrontal -- rh_superiorparietal,0,375,0.0,0.001680579905802566,295.4,0.7145329356193543
ALL_CTRL,lh_medialorbitofrontal -- rh_superiortemporal,2,375,0.005333333333333333,0.0023777989841924614,230.2941176470588,-0.2689693990875692
ALL_CTRL,lh_medialorbitofrontal -- rh_supramarginal,0,375,0.0,0.003237067390658874,232.23529411764707,0.2858973986962262
ALL_CTRL,lh_medialorbitofrontal -- rh_temporalpole,2,375,0.005333333333333333,0.0028818692159645006,196.24242424242425,0.5480663433219447
ALL_CTRL,lh_medialorbitofrontal -- rh_transversetemporal,4,375,0.010666666666666666,0.005074954077297688,87.57142857142857,-0.9128605212484088
ALL_CTRL,lh_middletemporal -- lh_paracentral,6,375,0.016,0.0032308678288951453,196.47727272727272,-0.9510568800297651
ALL_CTRL,lh_middletemporal -- lh_parahippocampal,0,375,0.0,0.0013184987628842087,402.3333333333333,-0.8719316323598226
ALL_CTRL,lh_middletemporal -- lh_parsopercularis,1,375,0.0026666666666666666,0.002650818918486326,229.375,-0.9539970234036446
ALL_CTRL,lh_middletemporal -- lh_parsorbitalis,0,375,0.0,0.00235931406916153,270.1666666666667,0.9126914309130775
ALL_CTRL,lh_middletemporal -- lh_parstriangularis,5,375,0.013333333333333334,0.0029956503434086556,227.45070422535213,-0.9465312101471592
ALL_CTRL,lh_middletemporal -- lh_pericalcarine,14,375,0.037333333333333336,0.0031324744045964537,196.9090909090909,-0.9552545369445503
ALL_CTRL,lh_middletemporal -- lh_postcentral,2,375,0.005333333333333333,0.007774672273914076,53.666666666666664,0.9909480214118958
ALL_CTRL,lh_middletemporal -- lh_posteriorcingulate,14,375,0.037333333333333336,0.0033214885740401327,187.94761904761904,-0.9573412415527162
ALL_CTRL,lh_middletemporal -- lh_precentral,0,375,0.0,0.001493117549246704,301.5,0.9125581085681915
ALL_CTRL,lh_middletemporal -- lh_rostralanteriorcingulate,3,375,0.008,0.004673286082695206,194.77777777777777,-0.9518184264500936
ALL_CTRL,lh_middletemporal -- lh_rostralmiddlefrontal,2,375,0.005333333333333333,0.00329127033630497,219.6,0.9239676475524903
ALL_CTRL,lh_middletemporal -- lh_superiorfrontal,1,375,0.0026666666666666666,0.0024422482660839294,292.1764705882353,0.9326457135817584
ALL_CTRL,lh_middletemporal -- lh_superiorparietal,1,375,0.0026666666666666666,0.002084186387691103,279.0,0.8700344413518906
ALL_CTRL,lh_middletemporal -- lh_superiortemporal,14,375,0.037333333333333336,0.003177007926434846,194.25454545454545,0.9573709701046799
ALL_CTRL,lh_middletemporal -- lh_supramarginal,3,375,0.008,0.0027141830088204632,246.68421052631578,0.8485025073352613
ALL_CTRL,lh_middletemporal -- lh_temporalpole,0,375,0.0,0.002376710458360499,225.0,0.8945605382323265
ALL_CTRL,lh_middletemporal -- lh_transversetemporal,0,375,0.0,0.0023152499106405943,316.0,-0.8716549575328827
ALL_CTRL,lh_middletemporal -- rh_bankssts,5,375,0.013333333333333334,0.002817752975282285,202.63725490196077,-0.937196182269676
ALL_CTRL,lh_middletemporal -- rh_caudalanteriorcingulate,16,375,0.042666666666666665,0.0034187109561309927,172.8548387096774,-0.9607613951929154
ALL_CTRL,lh_middletemporal -- rh_caudalmiddlefrontal,8,375,0.021333333333333333,0.0030647234710078925,186.44554455445544,-0.9419581341271354
ALL_CTRL,lh_middletemporal -- rh_entorhinal,0,375,0.0,0.0023257350104320374,93.0,0.8904560208320618
ALL_CTRL,lh_middletemporal -- rh_frontalpole,6,375,0.016,0.0028511527534506834,182.8695652173913,0.9418321919182072
ALL_CTRL,lh_middletemporal -- rh_fusiform,2,375,0.005333333333333333,0.0033179487719169503,258.1111111111111,0.9184886283344693
ALL_CTRL,lh_middletemporal -- rh_inferiorparietal,0,375,0.0,0.002227504946956604,180.25,0.9127785116434097
ALL_CTRL,lh_middletemporal -- rh_inferiortemporal,8,375,0.021333333333333333,0.0033371767443816265,172.51470588235293,0.9677837228073793
ALL_CTRL,lh_middletemporal -- rh_insula,1,375,0.0026666666666666666,0.0016333348957517113,354.14285714285717,-0.8866577403885978
ALL_CTRL,lh_middletemporal -- rh_isthmuscingulate,13,375,0.034666666666666665,0.0033972724612996827,180.97282608695653,-0.9615763412869495
ALL_CTRL,lh_middletemporal -- rh_lateraloccipital,1,375,0.0026666666666666666,0.0026429064151879153,221.14285714285714,0.9228144288063049
ALL_CTRL,lh_middletemporal -- rh_lateralorbitofrontal,4,375,0.010666666666666666,0.00289201210320917,206.56666666666666,-0.9395268778006236
ALL_CTRL,lh_middletemporal -- rh_medialorbitofrontal,0,375,0.0,0.0028483163754741774,191.71428571428572,0.9377847931214741
ALL_CTRL,lh_middletemporal -- rh_middletemporal,18,375,0.048,0.0034786088357642345,166.7986798679868,0.9810045959532457
ALL_CTRL,lh_middletemporal -- rh_paracentral,6,375,0.016,0.0032142477683696413,206.36607142857142,-0.9557055405208043
ALL_CTRL,lh_middletemporal -- rh_parahippocampal,3,375,0.008,0.0037153644507918033,183.9375,-0.9291176646947861
ALL_CTRL,lh_middletemporal -- rh_parsopercularis,3,375,0.008,0.0031895242597522184,222.72727272727272,-0.9270081628452648
ALL_CTRL,lh_middletemporal -- rh_parsorbitalis,2,375,0.005333333333333333,0.0021041891184480953,284.27272727272725,0.9068372249603271
ALL_CTRL,lh_middletemporal -- rh_parstriangularis,4,375,0.010666666666666666,0.002727744792515383,225.17543859649123,-0.9447914435152422
ALL_CTRL,lh_middletemporal -- rh_pericalcarine,7,375,0.018666666666666668,0.0028708826876190103,191.9922480620155,-0.946441210055536
ALL_CTRL,lh_middletemporal -- rh_postcentral,0,375,0.0,0.0012789529336864958,420.0,0.8552815914154053
ALL_CTRL,lh_middletemporal -- rh_posteriorcingulate,13,375,0.034666666666666665,0.003201188162441091,180.12135922330097,-0.9581268230109539
ALL_CTRL,lh_middletemporal -- rh_precentral,0,375,0.0,0.0021959232266032173,282.85714285714283,0.9299901638712201
ALL_CTRL,lh_middletemporal -- rh_rostralanteriorcingulate,3,375,0.008,0.0030148062175865942,192.85714285714286,-0.934017402785165
ALL_CTRL,lh_middletemporal -- rh_rostralmiddlefrontal,0,375,0.0,0.0014996095623601028,177.0,0.9373569885889689
ALL_CTRL,lh_middletemporal -- rh_superiorfrontal,3,375,0.008,0.002617640345595992,193.8125,0.9271407648921013
ALL_CTRL,lh_middletemporal -- rh_superiorparietal,0,375,0.0,0.0013987310843415527,380.0,0.8586499094963074
ALL_CTRL,lh_middletemporal -- rh_superiortemporal,11,375,0.029333333333333333,0.003302951456188884,171.50222222222223,0.9701992710431416
ALL_CTRL,lh_middletemporal -- rh_supramarginal,4,375,0.010666666666666666,0.003055379583676997,161.5,0.8637141853570938
ALL_CTRL,lh_middletemporal -- rh_temporalpole,0,375,0.0,0.0018801294123895066,194.5,0.8796073198318481
ALL_CTRL,lh_paracentral -- lh_parahippocampal,2,375,0.005333333333333333,0.0030196763863539295,221.89285714285714,0.9191783560173852
ALL_CTRL,lh_paracentral -- lh_parsopercularis,3,375,0.008,0.0035976763786646528,169.5,0.9529502019286156
ALL_CTRL,lh_paracentral -- lh_parsorbitalis,0,375,0.0,0.001496495003348829,73.0,-0.9293997287750244
ALL_CTRL,lh_paracentral -- lh_parstriangularis,9,375,0.024,0.0031184611493115136,202.0,0.9600974424811434
ALL_CTRL,lh_paracentral -- lh_pericalcarine,2,375,0.005333333333333333,0.0025031105090748767,252.40740740740742,0.9042067086255109
ALL_CTRL,lh_paracentral -- lh_postcentral,1,375,0.0026666666666666666,0.002641450965638317,231.61764705882354,-0.9383308273904464
ALL_CTRL,lh_paracentral -- lh_posteriorcingulate,4,375,0.010666666666666666,0.0027440340324527655,222.97272727272727,0.9460756301879882
ALL_CTRL,lh_paracentral -- lh_precentral,1,375,0.0026666666666666666,0.0024255577142098445,255.19444444444446,-0.9264077262745963
ALL_CTRL,lh_paracentral -- lh_precuneus,1,375,0.0026666666666666666,0.002610257301941626,208.6,-0.5859269738197326
ALL_CTRL,lh_paracentral -- lh_rostralanteriorcingulate,6,375,0.016,0.0037303114910616246,178.02,0.9531102907657624
ALL_CTRL,lh_paracentral -- lh_rostralmiddlefrontal,1,375,0.0026666666666666666,0.002854812384434117,242.80769230769232,-0.9430996752702273
ALL_CTRL,lh_paracentral -- lh_superiorfrontal,3,375,0.008,0.00250641084268981,236.40243902439025,-0.922086775302887
ALL_CTRL,lh_paracentral -- lh_superiorparietal,0,375,0.0,0.0027902820778049086,225.5,-0.9425478453437487
ALL_CTRL,lh_paracentral -- lh_superiortemporal,3,375,0.008,0.002667002405551951,221.79545454545453,-0.9378456209193576
ALL_CTRL,lh_paracentral -- lh_supramarginal,2,375,0.005333333333333333,0.002961525194103323,214.32978723404256,-0.9394576980712566
ALL_CTRL,lh_paracentral -- lh_transversetemporal,0,375,0.0,0.0011806634903227422,561.0,0.8883205056190491
ALL_CTRL,lh_paracentral -- rh_bankssts,7,375,0.018666666666666668,0.00295061313118259,207.54,0.9562447281678518
ALL_CTRL,lh_paracentral -- rh_caudalanteriorcingulate,7,375,0.018666666666666668,0.0028495118918267295,219.10569105691056,0.9546387883705821
ALL_CTRL,lh_paracentral -- rh_caudalmiddlefrontal,2,375,0.005333333333333333,0.0027971168980259033,231.01063829787233,0.9420765340328217
ALL_CTRL,lh_paracentral -- rh_frontalpole,0,375,0.0,0.0024440465801964474,257.2,-0.8910878837108612
ALL_CTRL,lh_paracentral -- rh_fusiform,7,375,0.018666666666666668,0.0027311093085860246,234.61111111111111,-0.6917864382266998
ALL_CTRL,lh_paracentral -- rh_inferiorparietal,6,375,0.016,0.003004033787007994,195.82474226804123,-0.9536007691904441
ALL_CTRL,lh_paracentral -- rh_inferiortemporal,1,375,0.0026666666666666666,0.0025661536058124127,199.45454545454547,-0.942266659303145
ALL_CTRL,lh_paracentral -- rh_insula,4,375,0.010666666666666666,0.002164894009689852,259.6296296296296,0.9171824676019175
ALL_CTRL,lh_paracentral -- rh_isthmuscingulate,8,375,0.021333333333333333,0.003232924291299481,183.89370078740157,0.9632127937369459
ALL_CTRL,lh_paracentral -- rh_lateraloccipital,0,375,0.0,0.0026465823848744506,223.59615384615384,-0.9393482987697308
ALL_CTRL,lh_paracentral -- rh_lateralorbitofrontal,3,375,0.008,0.0035165914387604437,211.48837209302326,0.9533724951189618
ALL_CTRL,lh_paracentral -- rh_lingual,0,375,0.0,0.0014433509856539165,288.5,-0.886317789554596
ALL_CTRL,lh_paracentral -- rh_medialorbitofrontal,3,375,0.008,0.0029322442105063815,202.80357142857142,-0.9169507654649871
ALL_CTRL,lh_paracentral -- rh_middletemporal,2,375,0.005333333333333333,0.002845341492145226,236.08219178082192,-0.9359740149484922
ALL_CTRL,lh_paracentral -- rh_paracentral,22,375,0.058666666666666666,0.003648505631055523,166.18548387096774,0.9768718901661134
ALL_CTRL,lh_paracentral -- rh_parahippocampal,4,375,0.010666666666666666,0.0030071508861285044,227.11320754716982,0.9525141209926246
ALL_CTRL,lh_paracentral -- rh_parsopercularis,2,375,0.005333333333333333,0.002355957738903801,284.09090909090907,0.9373101727529005
ALL_CTRL,lh_paracentral -- rh_parsorbitalis,1,375,0.0026666666666666666,0.0034933695532103908,134.33333333333334,-0.9790686964988708
ALL_CTRL,lh_paracentral -- rh_parstriangularis,9,375,0.024,0.0033783470926136445,164.96521739130435,0.9589708913927493
ALL_CTRL,lh_paracentral -- rh_pericalcarine,1,375,0.0026666666666666666,0.002849360131620931,150.05882352941177,0.9298311051200417
ALL_CTRL,lh_paracentral -- rh_postcentral,1,375,0.0026666666666666666,0.0026520463547234697,239.16666666666666,-0.9512375469009081
ALL_CTRL,lh_paracentral -- rh_posteriorcingulate,4,375,0.010666666666666666,0.0026909637377065766,225.12121212121212,0.9430431043258821
ALL_CTRL,lh_paracentral -- rh_precentral,0,375,0.0,0.0024871792032631025,249.77272727272728,-0.9321381395513361
ALL_CTRL,lh_paracentral -- rh_precuneus,0,375,0.0,0.0014242315522406783,384.5,-0.9037494361400604
ALL_CTRL,lh_paracentral -- rh_rostralanteriorcingulate,4,375,0.010666666666666666,0.002843454325015489,246.42372881355934,0.947866309497316
ALL_CTRL,lh_paracentral -- rh_rostralmiddlefrontal,3,375,0.008,0.002824344180586985,227.95652173913044,-0.9430199524630671
ALL_CTRL,lh_paracentral -- rh_superiorfrontal,1,375,0.0026666666666666666,0.0024261047006848397,247.7945205479452,-0.9306344659361121
ALL_CTRL,lh_paracentral -- rh_superiorparietal,1,375,0.0026666666666666666,0.002679382760273468,211.9047619047619,-0.9379967536245074
ALL_CTRL,lh_paracentral -- rh_superiortemporal,2,375,0.005333333333333333,0.002706218158764071,240.61111111111111,-0.934267505451485
ALL_CTRL,lh_paracentral -- rh_supramarginal,7,375,0.018666666666666668,0.0033084496842722584,181.85333333333332,-0.9628361058235169
ALL_CTRL,lh_paracentral -- rh_transversetemporal,1,375,0.0026666666666666666,0.007021660729048187,52.5,0.9103160500526428
ALL_CTRL,lh_parahippocampal -- lh_parsopercularis,8,375,0.021333333333333333,0.0030607570459932863,203.88235294117646,0.9611240397481358
ALL_CTRL,lh_parahippocampal -- lh_parsorbitalis,1,375,0.0026666666666666666,0.0022619177985314706,252.0,-0.5010536313056947
ALL_CTRL,lh_parahippocampal -- lh_parstriangularis,3,375,0.008,0.00331533080265654,224.28571428571428,0.9544860246230145
ALL_CTRL,lh_parahippocampal -- lh_pericalcarine,1,375,0.0026666666666666666,0.0018611869471037174,25.0,0.8417483568191528
ALL_CTRL,lh_parahippocampal -- lh_postcentral,3,375,0.008,0.0030070459511465017,209.93162393162393,-0.9532333999617487
ALL_CTRL,lh_parahippocampal -- lh_posteriorcingulate,1,375,0.0026666666666666666,0.002845960055757873,157.8,0.9120633006095886
ALL_CTRL,lh_parahippocampal -- lh_precentral,6,375,0.016,0.0031968260604704805,181.8803418803419,-0.9553765567958864
ALL_CTRL,lh_parahippocampal -- lh_precuneus,5,375,0.013333333333333334,0.0038761811794362057,178.78,-0.9510140860080719
ALL_CTRL,lh_parahippocampal -- lh_rostralanteriorcingulate,6,375,0.016,0.003216111708608389,187.56140350877192,0.9572324203817468
ALL_CTRL,lh_parahippocampal -- lh_rostralmiddlefrontal,9,375,0.024,0.0032530087983012306,195.95804195804195,-0.9604072012267746
ALL_CTRL,lh_parahippocampal -- lh_superiorfrontal,2,375,0.005333333333333333,0.0030750023552947366,202.96385542168676,-0.9550488856901606
ALL_CTRL,lh_parahippocampal -- lh_superiorparietal,9,375,0.024,0.003039689946251617,198.94193548387096,-0.962739098072052
ALL_CTRL,lh_parahippocampal -- lh_superiortemporal,1,375,0.0026666666666666666,0.002733621493885782,201.66666666666666,-0.9236083262496524
ALL_CTRL,lh_parahippocampal -- lh_supramarginal,1,375,0.0026666666666666666,0.0029005126086616624,205.48192771084337,-0.949454748486898
ALL_CTRL,lh_parahippocampal -- lh_temporalpole,2,375,0.005333333333333333,0.0022262845345634515,143.83333333333334,-0.05119816462198893
ALL_CTRL,lh_parahippocampal -- lh_transversetemporal,4,375,0.010666666666666666,0.0037780199944889153,171.11111111111111,0.94298055768013
ALL_CTRL,lh_parahippocampal -- rh_bankssts,0,375,0.0,0.002313510354523952,231.85714285714286,0.92851665190288
ALL_CTRL,lh_parahippocampal -- rh_caudalanteriorcingulate,1,375,0.0026666666666666666,0.002556161570931852,232.93333333333334,0.9138898332913716
ALL_CTRL,lh_parahippocampal -- rh_caudalmiddlefrontal,2,375,0.005333333333333333,0.0027831310419959513,242.77777777777777,0.9435793669135483
ALL_CTRL,lh_parahippocampal -- rh_cuneus,4,375,0.010666666666666666,0.0028267145992564606,198.41935483870967,-0.9451760236294039
ALL_CTRL,lh_parahippocampal -- rh_entorhinal,3,375,0.008,0.002538257553315274,202.36363636363637,0.9312049692327325
ALL_CTRL,lh_parahippocampal -- rh_frontalpole,0,375,0.0,0.002753570394362128,168.6,-0.9036641597747803
ALL_CTRL,lh_parahippocampal -- rh_fusiform,1,375,0.0026666666666666666,0.0042269588736378785,112.0,0.9669956415891647
ALL_CTRL,lh_parahippocampal -- rh_inferiorparietal,8,375,0.021333333333333333,0.0033581380108177023,199.2674418604651,-0.9569444469241208
ALL_CTRL,lh_parahippocampal -- rh_inferiortemporal,1,375,0.0026666666666666666,0.0024027870094550778,170.27272727272728,-0.9572587555105035
ALL_CTRL,lh_parahippocampal -- rh_insula,6,375,0.016,0.003339612917688635,191.79166666666666,0.9543724639548196
ALL_CTRL,lh_parahippocampal -- rh_isthmuscingulate,1,375,0.0026666666666666666,0.0018807336253972727,243.0,0.9222680585724967
ALL_CTRL,lh_parahippocampal -- rh_lateraloccipital,7,375,0.018666666666666668,0.003232743890531055,194.32432432432432,-0.9577349980135221
ALL_CTRL,lh_parahippocampal -- rh_lateralorbitofrontal,1,375,0.0026666666666666666,0.0023139874393662122,271.9,0.5669188976287842
ALL_CTRL,lh_parahippocampal -- rh_lingual,4,375,0.010666666666666666,0.0030723938670065456,200.38372093023256,-0.9091428968795511
ALL_CTRL,lh_parahippocampal -- rh_medialorbitofrontal,1,375,0.0026666666666666666,0.0020610138798741475,302.17241379310343,-0.7985175210854103
ALL_CTRL,lh_parahippocampal -- rh_middletemporal,1,375,0.0026666666666666666,0.0020725738340586467,225.16666666666666,-0.8739353020985922
ALL_CTRL,lh_parahippocampal -- rh_paracentral,3,375,0.008,0.002660032811796894,271.1904761904762,0.9302848946480524
ALL_CTRL,lh_parahippocampal -- rh_parahippocampal,23,375,0.06133333333333333,0.0038287645402613445,166.28217821782178,0.9730501101158633
ALL_CTRL,lh_parahippocampal -- rh_parsopercularis,6,375,0.016,0.003805918160870381,180.38144329896906,0.9637422629238404
ALL_CTRL,lh_parahippocampal -- rh_parsorbitalis,1,375,0.0026666666666666666,0.005214116880545422,183.5,-0.9623265266418456
ALL_CTRL,lh_parahippocampal -- rh_parstriangularis,2,375,0.005333333333333333,0.003123812292090179,217.9142857142857,0.9475408145359584
ALL_CTRL,lh_parahippocampal -- rh_postcentral,8,375,0.021333333333333333,0.003137635373882242,225.584,-0.9558768439292907
ALL_CTRL,lh_parahippocampal -- rh_posteriorcingulate,1,375,0.0026666666666666666,0.0028701251591977967,202.11111111111111,0.9304690692159865
ALL_CTRL,lh_parahippocampal -- rh_precentral,12,375,0.032,0.0030484444282530996,183.19117647058823,-0.9553770067937234
ALL_CTRL,lh_parahippocampal -- rh_precuneus,3,375,0.008,0.0028791984407921297,223.29032258064515,-0.9462014859722506
ALL_CTRL,lh_parahippocampal -- rh_rostralanteriorcingulate,5,375,0.013333333333333334,0.0033227778304053446,182.95555555555555,0.9596333126227061
ALL_CTRL,lh_parahippocampal -- rh_rostralmiddlefrontal,8,375,0.021333333333333333,0.0030735845331278278,220.71641791044777,-0.9601475556394947
ALL_CTRL,lh_parahippocampal -- rh_superiorfrontal,4,375,0.010666666666666666,0.003112681954709194,199.29545454545453,-0.9566566449674693
ALL_CTRL,lh_parahippocampal -- rh_superiorparietal,8,375,0.021333333333333333,0.0031724567091984926,197.33561643835617,-0.960116928979142
ALL_CTRL,lh_parahippocampal -- rh_superiortemporal,1,375,0.0026666666666666666,0.004601395241470293,185.27272727272728,-0.9737024253064935
ALL_CTRL,lh_parahippocampal -- rh_supramarginal,4,375,0.010666666666666666,0.002869729551467701,260.1818181818182,-0.8068341558629816
ALL_CTRL,lh_parahippocampal -- rh_temporalpole,1,375,0.0026666666666666666,0.0025139054733705926,171.85714285714286,0.3347243240901402
ALL_CTRL,lh_parahippocampal -- rh_transversetemporal,3,375,0.008,0.0033007302902688714,188.22727272727272,0.9309080649505962
ALL_CTRL,lh_parsopercularis -- lh_parsorbitalis,0,375,0.0,0.001851098628162758,22.0,0.902404487133026
ALL_CTRL,lh_parsopercularis -- lh_parstriangularis,4,375,0.010666666666666666,0.003750954938807032,184.6,0.9567064315080642
ALL_CTRL,lh_parsopercularis -- lh_pericalcarine,1,375,0.0026666666666666666,0.0032849037929281663,83.5,-0.9059154689311981
ALL_CTRL,lh_parsopercularis -- lh_postcentral,4,375,0.010666666666666666,0.0029787428172810865,228.92,-0.9542596155405044
ALL_CTRL,lh_parsopercularis -- lh_posteriorcingulate,0,375,0.0,0.0031296225205341486,199.53846153846155,0.9511384322093084
ALL_CTRL,lh_parsopercularis -- lh_precentral,6,375,0.016,0.003029945200110968,211.67796610169492,-0.9557268366975299
ALL_CTRL,lh_parsopercularis -- lh_precuneus,2,375,0.005333333333333333,0.0031619875146481516,170.75,-0.9567218091752794
ALL_CTRL,lh_parsopercularis -- lh_rostralanteriorcingulate,2,375,0.005333333333333333,0.0025195372476137777,237.9078947368421,0.9427235299035123
ALL_CTRL,lh_parsopercularis -- lh_rostralmiddlefrontal,4,375,0.010666666666666666,0.002999720952050823,202.5873015873016,-0.9622727164200374
ALL_CTRL,lh_parsopercularis -- lh_superiorfrontal,2,375,0.005333333333333333,0.002879899290322104,239.06944444444446,-0.9520907344089614
ALL_CTRL,lh_parsopercularis -- lh_superiorparietal,2,375,0.005333333333333333,0.003091771412583921,215.10084033613447,-0.9595789643896728
ALL_CTRL,lh_parsopercularis -- lh_superiortemporal,0,375,0.0,0.002834237125769079,233.33333333333334,-0.9293810526529948
ALL_CTRL,lh_parsopercularis -- lh_supramarginal,6,375,0.016,0.0029403150581682313,213.5463917525773,-0.9508528813873369
ALL_CTRL,lh_parsopercularis -- lh_temporalpole,0,375,0.0,0.0012201044906697664,526.0,0.8525176644325256
ALL_CTRL,lh_parsopercularis -- lh_transversetemporal,5,375,0.013333333333333334,0.003558795406110039,234.1290322580645,0.9483792801057139
ALL_CTRL,lh_parsopercularis -- rh_bankssts,0,375,0.0,0.0028877847806250377,212.96428571428572,0.9500399870531899
ALL_CTRL,lh_parsopercularis -- rh_caudalanteriorcingulate,5,375,0.013333333333333334,0.0032237009467328075,198.2,0.8418176144361496
ALL_CTRL,lh_parsopercularis -- rh_caudalmiddlefrontal,2,375,0.005333333333333333,0.002901618563154538,224.94117647058823,0.9619630417403053
ALL_CTRL,lh_parsopercularis -- rh_cuneus,4,375,0.010666666666666666,0.002888663784225049,186.70833333333334,-0.9390181762476763
ALL_CTRL,lh_parsopercularis -- rh_entorhinal,3,375,0.008,0.003638779038756203,193.63636363636363,0.91442594203082
ALL_CTRL,lh_parsopercularis -- rh_frontalpole,2,375,0.005333333333333333,0.004091246916120873,7.0,0.894267350435257
ALL_CTRL,lh_parsopercularis -- rh_fusiform,6,375,0.016,0.005837021806981546,195.26666666666668,0.917997670173645
ALL_CTRL,lh_parsopercularis -- rh_inferiorparietal,3,375,0.008,0.003120055926843359,202.60714285714286,-0.9546999101127897
ALL_CTRL,lh_parsopercularis -- rh_inferiortemporal,3,375,0.008,0.006214081360134945,202.125,-0.480923667550087
ALL_CTRL,lh_parsopercularis -- rh_insula,1,375,0.0026666666666666666,0.0030202925425836013,226.3125,0.9474416814744473
ALL_CTRL,lh_parsopercularis -- rh_isthmuscingulate,1,375,0.0026666666666666666,0.002846868680963275,224.5,0.6979506313800812
ALL_CTRL,lh_parsopercularis -- rh_lateraloccipital,4,375,0.010666666666666666,0.003023605387340548,220.36029411764707,-0.9556689871584668
ALL_CTRL,lh_parsopercularis -- rh_lateralorbitofrontal,0,375,0.0,0.0017837979643019846,356.4,-0.18927294015884394
ALL_CTRL,lh_parsopercularis -- rh_lingual,2,375,0.005333333333333333,0.002887710535191663,188.59574468085106,-0.9547055477791644
ALL_CTRL,lh_parsopercularis -- rh_medialorbitofrontal,6,375,0.016,0.004000087828479788,185.12244897959184,-0.9531272333495471
ALL_CTRL,lh_parsopercularis -- rh_middletemporal,1,375,0.0026666666666666666,0.002843859739540574,175.4,-0.9190812826156616
ALL_CTRL,lh_parsopercularis -- rh_paracentral,0,375,0.0,0.0030007745256627983,252.57692307692307,0.9428789271758153
ALL_CTRL,lh_parsopercularis -- rh_parahippocampal,2,375,0.005333333333333333,0.0028813296868308897,204.9120879120879,0.9678494668268895
ALL_CTRL,lh_parsopercularis -- rh_parsopercularis,11,375,0.029333333333333333,0.003652020566188768,186.325,0.9598154187202453
ALL_CTRL,lh_parsopercularis -- rh_parsorbitalis,0,375,0.0,0.0014476729394186129,113.0,0.8656941652297974
ALL_CTRL,lh_parsopercularis -- rh_parstriangularis,2,375,0.005333333333333333,0.003326497622781551,196.0,0.9629483359200613
ALL_CTRL,lh_parsopercularis -- rh_pericalcarine,1,375,0.0026666666666666666,0.00318713273620967,25.0,-0.9096840918064117
ALL_CTRL,lh_parsopercularis -- rh_postcentral,4,375,0.010666666666666666,0.0027885737687465637,238.93939393939394,-0.9535608779300343
ALL_CTRL,lh_parsopercularis -- rh_posteriorcingulate,1,375,0.0026666666666666666,0.0027089003779707903,167.14285714285714,0.9301797364439283
ALL_CTRL,lh_parsopercularis -- rh_precentral,4,375,0.010666666666666666,0.0029322936502927345,226.15503875968992,-0.9598399567049604
ALL_CTRL,lh_parsopercularis -- rh_precuneus,3,375,0.008,0.0029860639609894024,183.34375,-0.9479956533759832
ALL_CTRL,lh_parsopercularis -- rh_rostralanteriorcingulate,6,375,0.016,0.003063062944729659,224.6627906976744,0.9512398194435031
ALL_CTRL,lh_parsopercularis -- rh_rostralmiddlefrontal,7,375,0.018666666666666668,0.003092359027708974,195.92125984251967,-0.9629144058452817
ALL_CTRL,lh_parsopercularis -- rh_superiorfrontal,3,375,0.008,0.002992512461579388,227.27272727272728,-0.9535630407271447
ALL_CTRL,lh_parsopercularis -- rh_superiorparietal,7,375,0.018666666666666668,0.00303007855598986,221.75862068965517,-0.950398677895809
ALL_CTRL,lh_parsopercularis -- rh_superiortemporal,1,375,0.0026666666666666666,0.0026373793362942763,201.9,-0.5576954841613769
ALL_CTRL,lh_parsopercularis -- rh_supramarginal,2,375,0.005333333333333333,0.0029402226939478095,250.5142857142857,-0.9456594773701259
ALL_CTRL,lh_parsopercularis -- rh_temporalpole,1,375,0.0026666666666666666,0.002330335640409147,123.0,0.8483283519744873
ALL_CTRL,lh_parsopercularis -- rh_transversetemporal,10,375,0.02666666666666667,0.004686257440595523,233.8918918918919,0.9419744353036623
ALL_CTRL,lh_parsorbitalis -- lh_parstriangularis,0,375,0.0,0.0014669584786729819,253.25,-0.827858492732048
ALL_CTRL,lh_parsorbitalis -- lh_pericalcarine,6,375,0.016,0.0029597568561994837,202.7295081967213,-0.9495830276950461
ALL_CTRL,lh_parsorbitalis -- lh_posteriorcingulate,0,375,0.0,0.00250260919739632,239.16666666666666,-0.894195963939031
ALL_CTRL,lh_parsorbitalis -- lh_precuneus,5,375,0.013333333333333334,0.003259945469076779,173.0493827160494,-0.9566028625876816
ALL_CTRL,lh_parsorbitalis -- lh_superiortemporal,0,375,0.0,0.0017184726472319614,252.11111111111111,0.9055381814638773
ALL_CTRL,lh_parsorbitalis -- lh_temporalpole,25,375,0.06666666666666667,0.0036931168134865947,162.29241877256317,0.9713418765618913
ALL_CTRL,lh_parsorbitalis -- lh_transversetemporal,0,375,0.0,0.0014057367226777058,329.5,-0.81028813123703
ALL_CTRL,lh_parsorbitalis -- rh_caudalanteriorcingulate,1,375,0.0026666666666666666,0.0016730081076730388,135.0,-0.8855467538038889
ALL_CTRL,lh_parsorbitalis -- rh_caudalmiddlefrontal,0,375,0.0,0.0021767641727888217,193.33333333333334,-0.8502418994903564
ALL_CTRL,lh_parsorbitalis -- rh_cuneus,3,375,0.008,0.002270471223405939,281.04,-0.9085643792152405
ALL_CTRL,lh_parsorbitalis -- rh_entorhinal,3,375,0.008,0.00263055840409848,217.4,0.9317912556908348
ALL_CTRL,lh_parsorbitalis -- rh_frontalpole,22,375,0.058666666666666666,0.0036161610954258184,169.6813725490196,0.9714750916350121
ALL_CTRL,lh_parsorbitalis -- rh_fusiform,0,375,0.0,0.0027676272246907004,266.3333333333333,0.2705579996109009
ALL_CTRL,lh_parsorbitalis -- rh_inferiortemporal,4,375,0.010666666666666666,0.0035322395521949794,181.3793103448276,0.72086069090613
ALL_CTRL,lh_parsorbitalis -- rh_isthmuscingulate,1,375,0.0026666666666666666,0.0021981692257716763,180.15,-0.9169126003980637
ALL_CTRL,lh_parsorbitalis -- rh_lateralorbitofrontal,5,375,0.013333333333333334,0.0033227427500651177,187.43589743589743,-0.9417379093475831
ALL_CTRL,lh_parsorbitalis -- rh_lingual,3,375,0.008,0.0028235490068491825,213.1764705882353,-0.9249571947490468
ALL_CTRL,lh_parsorbitalis -- rh_medialorbitofrontal,0,375,0.0,0.003005436432738773,126.47058823529412,0.8569248388795292
ALL_CTRL,lh_parsorbitalis -- rh_middletemporal,1,375,0.0026666666666666666,0.002420994998259727,250.5,0.9113782681524754
ALL_CTRL,lh_parsorbitalis -- rh_paracentral,0,375,0.0,0.00127481710724839,382.5,-0.886056661605835
ALL_CTRL,lh_parsorbitalis -- rh_parahippocampal,0,375,0.0,0.001379628660725916,374.5,-0.8394457101821899
ALL_CTRL,lh_parsorbitalis -- rh_parsorbitalis,21,375,0.056,0.0035256995675053662,161.76494023904382,0.9780061073987133
ALL_CTRL,lh_parsorbitalis -- rh_parstriangularis,0,375,0.0,0.0015318784533971646,464.25,-0.4375354200601578
ALL_CTRL,lh_parsorbitalis -- rh_pericalcarine,6,375,0.016,0.0030132635636986225,177.70469798657717,-0.952294085649836
ALL_CTRL,lh_parsorbitalis -- rh_posteriorcingulate,0,375,0.0,0.0019425291705477757,301.3333333333333,-0.887623647848765
ALL_CTRL,lh_parsorbitalis -- rh_precuneus,4,375,0.010666666666666666,0.0029704580082424346,200.05769230769232,-0.9371015509733787
ALL_CTRL,lh_parsorbitalis -- rh_superiortemporal,1,375,0.0026666666666666666,0.0022892773257860736,213.88372093023256,0.9292754863583764
ALL_CTRL,lh_parsorbitalis -- rh_supramarginal,1,375,0.0026666666666666666,0.002884613211559575,187.46153846153845,-0.8226443024782034
ALL_CTRL,lh_parsorbitalis -- rh_temporalpole,27,375,0.072,0.0036559266356650136,167.18867924528303,0.9700168616366837
ALL_CTRL,lh_parstriangularis -- lh_pericalcarine,3,375,0.008,0.0028128894107786713,174.04,0.9338248872756958
ALL_CTRL,lh_parstriangularis -- lh_postcentral,1,375,0.0026666666666666666,0.002548581673123858,237.37209302325581,-0.9483020042264184
ALL_CTRL,lh_parstriangularis -- lh_posteriorcingulate,7,375,0.018666666666666668,0.003212810639749735,181.1900826446281,0.9623299053877838
ALL_CTRL,lh_parstriangularis -- lh_precentral,3,375,0.008,0.0029866096129183024,205.52906976744185,-0.9553228616714478
ALL_CTRL,lh_parstriangularis -- lh_precuneus,1,375,0.0026666666666666666,0.0024013774499237403,292.5,-0.898045688867569
ALL_CTRL,lh_parstriangularis -- lh_rostralanteriorcingulate,6,375,0.016,0.0030233775186416486,208.24590163934425,0.9460046496547636
ALL_CTRL,lh_parstriangularis -- lh_rostralmiddlefrontal,3,375,0.008,0.0029110179940646974,211.3827160493827,-0.9533936123789093
ALL_CTRL,lh_parstriangularis -- lh_superiorfrontal,3,375,0.008,0.0030954544831075298,181.45774647887325,-0.9598005955487909
ALL_CTRL,lh_parstriangularis -- lh_superiorparietal,3,375,0.008,0.0029263731689166458,218.0754716981132,-0.9545873313579919
ALL_CTRL,lh_parstriangularis -- lh_superiortemporal,3,375,0.008,0.0030131741228548318,191.9158878504673,-0.9479679092068538
ALL_CTRL,lh_parstriangularis -- lh_supramarginal,5,375,0.013333333333333334,0.0031609325516951266,206.60833333333332,-0.9495150436957677
ALL_CTRL,lh_parstriangularis -- lh_transversetemporal,5,375,0.013333333333333334,0.0033859868225508956,255.03846153846155,0.9333130831901844
ALL_CTRL,lh_parstriangularis -- rh_bankssts,13,375,0.034666666666666665,0.003257847881200839,198.29891304347825,0.9653599032241366
ALL_CTRL,lh_parstriangularis -- rh_caudalanteriorcingulate,7,375,0.018666666666666668,0.003057110826869824,194.54471544715446,0.9661217714712872
ALL_CTRL,lh_parstriangularis -- rh_caudalmiddlefrontal,8,375,0.021333333333333333,0.003290541968674816,198.52554744525548,0.9582043007342484
ALL_CTRL,lh_parstriangularis -- rh_cuneus,0,375,0.0,0.0018500629726784475,204.14285714285714,-0.9121638025556292
ALL_CTRL,lh_parstriangularis -- rh_entorhinal,0,375,0.0,0.001331684416957558,452.5,0.8487215638160706
ALL_CTRL,lh_parstriangularis -- rh_frontalpole,0,375,0.0,0.0019271407827344282,205.75,-0.8734231342871984
ALL_CTRL,lh_parstriangularis -- rh_fusiform,2,375,0.005333333333333333,0.004236140007139936,128.125,0.020129024982452393
ALL_CTRL,lh_parstriangularis -- rh_inferiorparietal,3,375,0.008,0.0030315408127325936,179.18627450980392,-0.9625703061328215
ALL_CTRL,lh_parstriangularis -- rh_inferiortemporal,5,375,0.013333333333333334,0.003069078875242596,226.76666666666668,-0.9456750720739364
ALL_CTRL,lh_parstriangularis -- rh_insula,8,375,0.021333333333333333,0.002981708137999743,204.0,0.9538086811415583
ALL_CTRL,lh_parstriangularis -- rh_isthmuscingulate,6,375,0.016,0.0032229498002162658,176.96875,0.9580444737027088
ALL_CTRL,lh_parstriangularis -- rh_lateraloccipital,1,375,0.0026666666666666666,0.0030340643665108516,206.3125,-0.9519837692379951
ALL_CTRL,lh_parstriangularis -- rh_lateralorbitofrontal,3,375,0.008,0.0031897275921843244,206.3170731707317,0.9402391169129348
ALL_CTRL,lh_parstriangularis -- rh_lingual,0,375,0.0,0.0025487790343526238,214.08333333333334,-0.9297849337259928
ALL_CTRL,lh_parstriangularis -- rh_medialorbitofrontal,2,375,0.005333333333333333,0.0027773148973041723,206.52380952380952,-0.9572703284876687
ALL_CTRL,lh_parstriangularis -- rh_middletemporal,4,375,0.010666666666666666,0.00280662006660958,222.8082191780822,-0.9518561542850651
ALL_CTRL,lh_parstriangularis -- rh_paracentral,11,375,0.029333333333333333,0.0033002905613471766,192.10526315789474,0.9645630948637661
ALL_CTRL,lh_parstriangularis -- rh_parahippocampal,3,375,0.008,0.002849939062679145,229.14772727272728,0.9577587687156417
ALL_CTRL,lh_parstriangularis -- rh_parsopercularis,8,375,0.021333333333333333,0.003270800984894141,204.42056074766356,0.960151731967926
ALL_CTRL,lh_parstriangularis -- rh_parstriangularis,9,375,0.024,0.0033036159398239493,161.98039215686273,0.9610986662845985
ALL_CTRL,lh_parstriangularis -- rh_pericalcarine,4,375,0.010666666666666666,0.002708684996001606,219.9047619047619,0.9204695820808411
ALL_CTRL,lh_parstriangularis -- rh_postcentral,1,375,0.0026666666666666666,0.0025434972355289722,250.27272727272728,-0.9467113270904078
ALL_CTRL,lh_parstriangularis -- rh_posteriorcingulate,6,375,0.016,0.003168630423587983,208.33333333333334,0.9614548745908236
ALL_CTRL,lh_parstriangularis -- rh_precentral,6,375,0.016,0.003164217641075601,192.6627906976744,-0.9475621317708215
ALL_CTRL,lh_parstriangularis -- rh_precuneus,0,375,0.0,0.0025219433756600166,251.0,-0.9290381499699184
ALL_CTRL,lh_parstriangularis -- rh_rostralanteriorcingulate,3,375,0.008,0.0031566767633817256,210.34567901234567,0.9591048617421845
ALL_CTRL,lh_parstriangularis -- rh_rostralmiddlefrontal,3,375,0.008,0.003032472949542769,213.65753424657535,-0.9565285844345616
ALL_CTRL,lh_parstriangularis -- rh_superiorfrontal,4,375,0.010666666666666666,0.003143288365576805,210.26470588235293,-0.9578552960472948
ALL_CTRL,lh_parstriangularis -- rh_superiorparietal,5,375,0.013333333333333334,0.003083687022187499,199.73134328358208,-0.9544622017376458
ALL_CTRL,lh_parstriangularis -- rh_superiortemporal,3,375,0.008,0.002722140573749709,205.6875,-0.9344741031527519
ALL_CTRL,lh_parstriangularis -- rh_supramarginal,6,375,0.016,0.0034112472731522197,188.5735294117647,-0.9245460533043918
ALL_CTRL,lh_parstriangularis -- rh_transversetemporal,3,375,0.008,0.00443009020625628,174.23076923076923,0.9509815298593961
ALL_CTRL,lh_pericalcarine -- lh_posteriorcingulate,4,375,0.010666666666666666,0.0022540072434242124,249.1904761904762,0.92359245201898
ALL_CTRL,lh_pericalcarine -- lh_precuneus,0,375,0.0,0.0023522275484943907,246.7,0.9249248027801513
ALL_CTRL,lh_pericalcarine -- lh_superiortemporal,2,375,0.005333333333333333,0.0022288704909534597,265.3777777777778,-0.9242859986093309
ALL_CTRL,lh_pericalcarine -- lh_supramarginal,1,375,0.0026666666666666666,0.004021421547113614,84.75,-0.4882872253656386
ALL_CTRL,lh_pericalcarine -- lh_temporalpole,1,375,0.0026666666666666666,0.002327303779787058,177.4,-0.8989622741937637
ALL_CTRL,lh_pericalcarine -- lh_transversetemporal,2,375,0.005333333333333333,0.0034817351346815156,8.0,0.8484450578689575
ALL_CTRL,lh_pericalcarine -- rh_bankssts,1,375,0.0026666666666666666,0.0020683039622955528,287.72222222222223,0.8956695397694906
ALL_CTRL,lh_pericalcarine -- rh_caudalanteriorcingulate,3,375,0.008,0.0030633832195785036,219.5076923076923,0.93813939002844
ALL_CTRL,lh_pericalcarine -- rh_caudalmiddlefrontal,4,375,0.010666666666666666,0.0034979974556813105,263.6,0.9253062868118286
ALL_CTRL,lh_pericalcarine -- rh_cuneus,0,375,0.0,0.0015663902483062557,288.75,0.873513251543045
ALL_CTRL,lh_pericalcarine -- rh_entorhinal,1,375,0.0026666666666666666,0.0016862126908837424,168.5,-0.882441520690918
ALL_CTRL,lh_pericalcarine -- rh_frontalpole,26,375,0.06933333333333333,0.0036678707472695134,162.73548387096776,-0.9786616754147315
ALL_CTRL,lh_pericalcarine -- rh_fusiform,2,375,0.005333333333333333,0.002621636484386014,220.12,-0.9037502527236938
ALL_CTRL,lh_pericalcarine -- rh_inferiortemporal,4,375,0.010666666666666666,0.002738811415777502,234.89772727272728,-0.9380099759860472
ALL_CTRL,lh_pericalcarine -- rh_isthmuscingulate,7,375,0.018666666666666668,0.0031396252799174617,219.10569105691056,0.9552449545240015
ALL_CTRL,lh_pericalcarine -- rh_lateralorbitofrontal,3,375,0.008,0.0030337736914603426,214.57608695652175,0.9526987840300021
ALL_CTRL,lh_pericalcarine -- rh_medialorbitofrontal,3,375,0.008,0.003636991359688018,163.26470588235293,-0.6093196693588706
ALL_CTRL,lh_pericalcarine -- rh_middletemporal,5,375,0.013333333333333334,0.0027767997504274926,220.83448275862068,-0.9473965357089865
ALL_CTRL,lh_pericalcarine -- rh_paracentral,3,375,0.008,0.003274193281640265,184.65625,0.9327924828976393
ALL_CTRL,lh_pericalcarine -- rh_parahippocampal,0,375,0.0,0.0025964292322127815,97.33333333333333,0.981620728969574
ALL_CTRL,lh_pericalcarine -- rh_parsorbitalis,8,375,0.021333333333333333,0.0033439642860525415,181.79775280898878,-0.9502524030342531
ALL_CTRL,lh_pericalcarine -- rh_parstriangularis,4,375,0.010666666666666666,0.00281269071600508,238.3684210526316,0.9389174925653558
ALL_CTRL,lh_pericalcarine -- rh_pericalcarine,37,375,0.09866666666666667,0.004054270594045477,149.84864864864866,0.994407216439376
ALL_CTRL,lh_pericalcarine -- rh_posteriorcingulate,6,375,0.016,0.0025805301464765056,254.875,0.924737623469396
ALL_CTRL,lh_pericalcarine -- rh_precuneus,0,375,0.0,0.0013015619282534174,366.0,0.855337530374527
ALL_CTRL,lh_pericalcarine -- rh_rostralanteriorcingulate,0,375,0.0,0.0041542932182255694,24.0,0.9282576441764832
ALL_CTRL,lh_pericalcarine -- rh_superiortemporal,6,375,0.016,0.0027104761118968692,231.05769230769232,-0.941563147191818
ALL_CTRL,lh_pericalcarine -- rh_supramarginal,1,375,0.0026666666666666666,0.0019852651556209453,220.85714285714286,-0.35099772044590544
ALL_CTRL,lh_pericalcarine -- rh_temporalpole,1,375,0.0026666666666666666,0.002015821471233843,315.57142857142856,-0.8730809560843876
ALL_CTRL,lh_postcentral -- lh_posteriorcingulate,0,375,0.0,0.0012822308894233977,513.6666666666666,-0.8620437184969584
ALL_CTRL,lh_postcentral -- lh_precentral,2,375,0.005333333333333333,0.002664748229951503,254.9765625,0.9441454047337174
ALL_CTRL,lh_postcentral -- lh_precuneus,0,375,0.0,0.002918678216125548,190.61904761904762,0.9460391421166677
ALL_CTRL,lh_postcentral -- lh_rostralanteriorcingulate,4,375,0.010666666666666666,0.002643376877747371,247.05208333333334,-0.9367830945799748
ALL_CTRL,lh_postcentral -- lh_rostralmiddlefrontal,8,375,0.021333333333333333,0.003311432501899835,179.74750830564784,0.972097807746393
ALL_CTRL,lh_postcentral -- lh_superiorfrontal,0,375,0.0,0.0015813417565890616,402.7435897435897,0.8908044436039069
ALL_CTRL,lh_postcentral -- lh_superiorparietal,10,375,0.02666666666666667,0.0033688559735426398,179.1478260869565,0.9833836755890777
ALL_CTRL,lh_postcentral -- lh_superiortemporal,0,375,0.0,0.0017809221417787386,202.0,0.8838557004928589
ALL_CTRL,lh_postcentral -- lh_supramarginal,7,375,0.018666666666666668,0.0029489631871159536,214.15172413793104,0.9501704676397915
ALL_CTRL,lh_postcentral -- rh_bankssts,0,375,0.0,0.0017371023458193514,417.5,-0.9143069088459015
ALL_CTRL,lh_postcentral -- rh_caudalanteriorcingulate,0,375,0.0,0.0015853324508305917,258.625,-0.8824504986405373
ALL_CTRL,lh_postcentral -- rh_caudalmiddlefrontal,0,375,0.0,0.001908178399979209,263.3333333333333,-0.9224242369333903
ALL_CTRL,lh_postcentral -- rh_cuneus,2,375,0.005333333333333333,0.0030045223531434445,207.1076923076923,0.9549814911989065
ALL_CTRL,lh_postcentral -- rh_entorhinal,3,375,0.008,0.002805908377256384,250.04347826086956,-0.9058459945346998
ALL_CTRL,lh_postcentral -- rh_fusiform,0,375,0.0,0.0015929619294526136,72.33333333333333,-0.8232592542966207
ALL_CTRL,lh_postcentral -- rh_inferiorparietal,10,375,0.02666666666666667,0.0032118040690856534,190.23318385650225,0.969518776699032
ALL_CTRL,lh_postcentral -- rh_inferiortemporal,0,375,0.0,0.0018005285239435123,117.0,0.044988930225372314
ALL_CTRL,lh_postcentral -- rh_insula,0,375,0.0,0.0014747554936437582,366.3333333333333,-0.8576990365982056
ALL_CTRL,lh_postcentral -- rh_isthmuscingulate,0,375,0.0,0.002729104356715151,252.14285714285714,-0.9723092062132699
ALL_CTRL,lh_postcentral -- rh_lateraloccipital,4,375,0.010666666666666666,0.0032420832688628974,199.6606425702811,0.9662146608992274
ALL_CTRL,lh_postcentral -- rh_lateralorbitofrontal,1,375,0.0026666666666666666,0.002506258750311555,244.63636363636363,-0.7910008430480957
ALL_CTRL,lh_postcentral -- rh_lingual,4,375,0.010666666666666666,0.0029036205845937653,211.3,0.9507720080288974
ALL_CTRL,lh_postcentral -- rh_medialorbitofrontal,1,375,0.0026666666666666666,0.003149158101487335,215.09259259259258,0.951237620026977
ALL_CTRL,lh_postcentral -- rh_middletemporal,0,375,0.0,0.0014592179049543535,334.0,0.8932715654373169
ALL_CTRL,lh_postcentral -- rh_paracentral,1,375,0.0026666666666666666,0.0024032074375317826,230.88888888888889,-0.9474806101233871
ALL_CTRL,lh_postcentral -- rh_parahippocampal,4,375,0.010666666666666666,0.0028674025377180556,224.0,-0.9585439885845621
ALL_CTRL,lh_postcentral -- rh_parsopercularis,3,375,0.008,0.002790015599797864,222.25,-0.9487683317727513
ALL_CTRL,lh_postcentral -- rh_parstriangularis,1,375,0.0026666666666666666,0.0028977853277690046,198.80392156862746,-0.9500082567626355
ALL_CTRL,lh_postcentral -- rh_postcentral,18,375,0.048,0.0034441365085602104,167.82420749279538,0.9865948698706174
ALL_CTRL,lh_postcentral -- rh_posteriorcingulate,0,375,0.0,0.0014002400557285005,180.0,-0.8658856749534607
ALL_CTRL,lh_postcentral -- rh_precentral,2,375,0.005333333333333333,0.0027712429134153266,230.75,0.9447044619492122
ALL_CTRL,lh_postcentral -- rh_precuneus,4,375,0.010666666666666666,0.00314995699637204,207.4891304347826,0.9579144690347754
ALL_CTRL,lh_postcentral -- rh_rostralanteriorcingulate,1,375,0.0026666666666666666,0.001984434990135348,296.6825396825397,-0.917055867021046
ALL_CTRL,lh_postcentral -- rh_rostralmiddlefrontal,13,375,0.034666666666666665,0.003404960782604905,182.0273037542662,0.9734083245231837
ALL_CTRL,lh_postcentral -- rh_superiorfrontal,0,375,0.0,0.0016686746568072568,281.07142857142856,0.8982028847648984
ALL_CTRL,lh_postcentral -- rh_superiorparietal,12,375,0.032,0.0033497964599512498,175.32551319648093,0.9843719786912465
ALL_CTRL,lh_postcentral -- rh_supramarginal,5,375,0.013333333333333334,0.002965487648997065,194.43809523809523,0.9522029678026835
ALL_CTRL,lh_posteriorcingulate -- lh_precentral,2,375,0.005333333333333333,0.003893138147794153,233.27272727272728,-0.9340093677694147
ALL_CTRL,lh_posteriorcingulate -- lh_rostralanteriorcingulate,2,375,0.005333333333333333,0.002381863449593225,272.9166666666667,0.9191482812166214
ALL_CTRL,lh_posteriorcingulate -- lh_rostralmiddlefrontal,0,375,0.0,0.0014323702237712256,343.75,-0.8726944029331207
ALL_CTRL,lh_posteriorcingulate -- lh_superiorfrontal,1,375,0.0026666666666666666,0.0023901213515176846,264.0,-0.9218573492506276
ALL_CTRL,lh_posteriorcingulate -- lh_superiortemporal,7,375,0.018666666666666668,0.0029966721129225707,199.0374331550802,-0.9524618476469886
ALL_CTRL,lh_posteriorcingulate -- lh_supramarginal,2,375,0.005333333333333333,0.0023485512982735204,192.0,-0.6239604416646456
ALL_CTRL,lh_posteriorcingulate -- lh_transversetemporal,1,375,0.0026666666666666666,0.0027568767957461575,219.08,0.9155670261383057
ALL_CTRL,lh_posteriorcingulate -- rh_bankssts,16,375,0.042666666666666665,0.0033921758728120413,179.65234375,0.9706092493142933
ALL_CTRL,lh_posteriorcingulate -- rh_caudalanteriorcingulate,18,375,0.048,0.0034956497742136944,168.28671328671328,0.9764459720858327
ALL_CTRL,lh_posteriorcingulate -- rh_caudalmiddlefrontal,17,375,0.04533333333333334,0.0035061226911736747,183.68361581920905,0.9695057397508352
ALL_CTRL,lh_posteriorcingulate -- rh_frontalpole,1,375,0.0026666666666666666,0.0017080281171625202,298.3243243243243,-0.8973984605557209
ALL_CTRL,lh_posteriorcingulate -- rh_fusiform,3,375,0.008,0.0037978057014005874,190.54545454545453,0.10142240741036156
ALL_CTRL,lh_posteriorcingulate -- rh_inferiorparietal,0,375,0.0,0.001430669873520948,296.6666666666667,-0.8600420852502187
ALL_CTRL,lh_posteriorcingulate -- rh_inferiortemporal,9,375,0.024,0.0033089245380888603,195.65680473372782,-0.9543896941743659
ALL_CTRL,lh_posteriorcingulate -- rh_insula,3,375,0.008,0.0025145138499074104,263.04761904761904,0.935765802150681
ALL_CTRL,lh_posteriorcingulate -- rh_isthmuscingulate,13,375,0.034666666666666665,0.0032456268754722855,197.22279792746113,0.9624148860496561
ALL_CTRL,lh_posteriorcingulate -- rh_lateraloccipital,0,375,0.0,0.0013518945514135994,519.8,-0.8773861527442932
ALL_CTRL,lh_posteriorcingulate -- rh_lateralorbitofrontal,2,375,0.005333333333333333,0.002768090141055158,245.44444444444446,0.949306415186988
ALL_CTRL,lh_posteriorcingulate -- rh_medialorbitofrontal,1,375,0.0026666666666666666,0.0029000828628400277,192.0625,-0.9613960664719343
ALL_CTRL,lh_posteriorcingulate -- rh_middletemporal,12,375,0.032,0.0032834925649506764,194.35897435897436,-0.9613589494146852
ALL_CTRL,lh_posteriorcingulate -- rh_paracentral,10,375,0.02666666666666667,0.0030880332223494145,195.03571428571428,0.9608933487108775
ALL_CTRL,lh_posteriorcingulate -- rh_parahippocampal,8,375,0.021333333333333333,0.0033541973329429394,154.33333333333334,0.9606447191465468
ALL_CTRL,lh_posteriorcingulate -- rh_parsopercularis,1,375,0.0026666666666666666,0.0027016462346926497,195.74285714285713,0.9373213836124965
ALL_CTRL,lh_posteriorcingulate -- rh_parsorbitalis,2,375,0.005333333333333333,0.003904285112859299,182.25,-0.9541918188333512
ALL_CTRL,lh_posteriorcingulate -- rh_parstriangularis,8,375,0.021333333333333333,0.003053389693506781,220.0,0.9565354791688331
ALL_CTRL,lh_posteriorcingulate -- rh_pericalcarine,4,375,0.010666666666666666,0.0023521402889205897,254.34615384615384,0.9214961861188595
ALL_CTRL,lh_posteriorcingulate -- rh_posteriorcingulate,18,375,0.048,0.00353459546933817,171.38050314465409,0.9795715473357987
ALL_CTRL,lh_posteriorcingulate -- rh_precentral,0,375,0.0,0.002758762827228892,220.0,-0.9550707414746284
ALL_CTRL,lh_posteriorcingulate -- rh_precuneus,0,375,0.0,0.0011326463425586364,508.0,0.8125157356262207
ALL_CTRL,lh_posteriorcingulate -- rh_rostralanteriorcingulate,4,375,0.010666666666666666,0.0034833459086302983,185.225,0.9466689512133598
ALL_CTRL,lh_posteriorcingulate -- rh_rostralmiddlefrontal,0,375,0.0,0.0013977042526460526,232.0,-0.8603441715240479
ALL_CTRL,lh_posteriorcingulate -- rh_superiorfrontal,1,375,0.0026666666666666666,0.0023090355786414885,263.06976744186045,-0.9169811509376349
ALL_CTRL,lh_posteriorcingulate -- rh_superiorparietal,0,375,0.0,0.0014595846975021455,232.0,-0.8533769845962524
ALL_CTRL,lh_posteriorcingulate -- rh_superiortemporal,10,375,0.02666666666666667,0.003161519068790536,191.44751381215468,-0.9564845361103669
ALL_CTRL,lh_posteriorcingulate -- rh_supramarginal,1,375,0.0026666666666666666,0.002714389731358218,233.11111111111111,-0.7143032948176066
ALL_CTRL,lh_posteriorcingulate -- rh_transversetemporal,0,375,0.0,0.0017972375064914557,285.5,0.9006370902061462
ALL_CTRL,lh_precentral -- lh_precuneus,0,375,0.0,0.0014242872629512964,253.0,0.8612474203109741
ALL_CTRL,lh_precentral -- lh_rostralanteriorcingulate,12,375,0.032,0.00350661160190258,186.75418994413408,-0.9626273919084218
ALL_CTRL,lh_precentral -- lh_rostralmiddlefrontal,8,375,0.021333333333333333,0.003212512477917456,199.1086956521739,0.9665015979953434
ALL_CTRL,lh_precentral -- lh_superiorfrontal,12,375,0.032,0.0032397518086918157,210.2295918367347,0.9670702775522154
ALL_CTRL,lh_precentral -- lh_superiorparietal,6,375,0.016,0.0028569554132513507,227.0496894409938,0.9492241984568768
ALL_CTRL,lh_precentral -- lh_superiortemporal,3,375,0.008,0.0028418743596610486,251.24242424242425,0.9422452449798584
ALL_CTRL,lh_precentral -- lh_supramarginal,9,375,0.024,0.0031783358487188704,186.64324324324323,0.962804447638022
ALL_CTRL,lh_precentral -- lh_transversetemporal,1,375,0.0026666666666666666,0.0023902534146250116,304.3157894736842,-0.9178630866502461
ALL_CTRL,lh_precentral -- rh_bankssts,2,375,0.005333333333333333,0.0024252138195771282,284.8918918918919,-0.933796101325267
ALL_CTRL,lh_precentral -- rh_caudalanteriorcingulate,1,375,0.0026666666666666666,0.003057055538758948,256.65,-0.9382754772901535
ALL_CTRL,lh_precentral -- rh_caudalmiddlefrontal,3,375,0.008,0.002964186800684059,195.15686274509804,-0.9469291953479543
ALL_CTRL,lh_precentral -- rh_cuneus,2,375,0.005333333333333333,0.0028140599176315513,214.79310344827587,0.9379144310951233
ALL_CTRL,lh_precentral -- rh_entorhinal,0,375,0.0,0.0013910149735705433,404.0,-0.821272611618042
ALL_CTRL,lh_precentral -- rh_fusiform,0,375,0.0,0.0027986246175187674,231.8,-0.9412090659141541
ALL_CTRL,lh_precentral -- rh_inferiorparietal,8,375,0.021333333333333333,0.0032372219836539888,202.52380952380952,0.9560651992048536
ALL_CTRL,lh_precentral -- rh_inferiortemporal,0,375,0.0,0.0016340073011231453,298.0,0.89971062541008
ALL_CTRL,lh_precentral -- rh_insula,8,375,0.021333333333333333,0.003141459094340537,209.45864661654136,-0.9508897258823079
ALL_CTRL,lh_precentral -- rh_isthmuscingulate,0,375,0.0,0.0029641605193459273,124.53846153846153,-0.9449396179272578
ALL_CTRL,lh_precentral -- rh_lateraloccipital,18,375,0.048,0.003451716464524717,183.84583333333333,0.9709629784027736
ALL_CTRL,lh_precentral -- rh_lateralorbitofrontal,0,375,0.0,0.0014837675941204893,311.8,-0.8977895736694336
ALL_CTRL,lh_precentral -- rh_lingual,0,375,0.0,0.002045956067358663,316.22727272727275,0.9169140918688341
ALL_CTRL,lh_precentral -- rh_medialorbitofrontal,2,375,0.005333333333333333,0.00249599564298847,269.0,0.9515441298484802
ALL_CTRL,lh_precentral -- rh_middletemporal,0,375,0.0,0.0013283835553010476,399.5,0.8811006546020508
ALL_CTRL,lh_precentral -- rh_paracentral,1,375,0.0026666666666666666,0.0022496043127155185,250.31428571428572,-0.9261438812528338
ALL_CTRL,lh_precentral -- rh_parahippocampal,7,375,0.018666666666666668,0.0032693284652919857,193.3546511627907,-0.9677221161681552
ALL_CTRL,lh_precentral -- rh_parsopercularis,2,375,0.005333333333333333,0.0029125319459435035,232.64444444444445,-0.9508208323408056
ALL_CTRL,lh_precentral -- rh_parstriangularis,1,375,0.0026666666666666666,0.002653833593302314,211.92105263157896,-0.9396679040632749
ALL_CTRL,lh_precentral -- rh_postcentral,5,375,0.013333333333333334,0.0022890798672977426,261.4270833333333,0.9312944480528434
ALL_CTRL,lh_precentral -- rh_posteriorcingulate,1,375,0.0026666666666666666,0.0034012670660979122,266.94117647058823,-0.9264986024183386
ALL_CTRL,lh_precentral -- rh_precentral,24,375,0.064,0.003677908110933165,166.59666666666666,0.9821004348993302
ALL_CTRL,lh_precentral -- rh_precuneus,2,375,0.005333333333333333,0.00408945918919602,197.8181818181818,0.9293328632007946
ALL_CTRL,lh_precentral -- rh_rostralanteriorcingulate,11,375,0.029333333333333333,0.0033435011098185137,189.0614525139665,-0.9654160225191596
ALL_CTRL,lh_precentral -- rh_rostralmiddlefrontal,7,375,0.018666666666666668,0.003261396878216249,203.91203703703704,0.9652637364687743
ALL_CTRL,lh_precentral -- rh_superiorfrontal,10,375,0.02666666666666667,0.0033105910064321503,187.8421052631579,0.9690619111061096
ALL_CTRL,lh_precentral -- rh_superiorparietal,4,375,0.010666666666666666,0.0028971340925028743,225.1264367816092,0.9549976063185724
ALL_CTRL,lh_precentral -- rh_superiortemporal,0,375,0.0,0.002266889324487955,247.83333333333334,0.9402154485384623
ALL_CTRL,lh_precentral -- rh_supramarginal,0,375,0.0,0.002137944946601774,281.74468085106383,0.9213584471256175
ALL_CTRL,lh_precentral -- rh_transversetemporal,0,375,0.0,0.001588399780956433,402.38461538461536,-0.9030187221673819
ALL_CTRL,lh_precuneus -- lh_rostralanteriorcingulate,3,375,0.008,0.002580774295857363,156.27272727272728,-0.9142289811914618
ALL_CTRL,lh_precuneus -- lh_rostralmiddlefrontal,1,375,0.0026666666666666666,0.0026545262583214982,244.9047619047619,0.9319034899984088
ALL_CTRL,lh_precuneus -- lh_superiorparietal,6,375,0.016,0.002686013408580461,180.52777777777777,0.9343710409270393
ALL_CTRL,lh_precuneus -- lh_superiortemporal,0,375,0.0,0.0013203016144291426,590.0,-0.8987975120544434
ALL_CTRL,lh_precuneus -- lh_supramarginal,2,375,0.005333333333333333,0.0025252233309454673,234.3846153846154,0.4799230786470266
ALL_CTRL,lh_precuneus -- lh_temporalpole,9,375,0.024,0.0032502062863622944,202.25179856115108,-0.9582169420427555
ALL_CTRL,lh_precuneus -- rh_caudalmiddlefrontal,1,375,0.0026666666666666666,0.007303067555820352,55.0,-0.9576147198677064
ALL_CTRL,lh_precuneus -- rh_cuneus,8,375,0.021333333333333333,0.002993013884106014,206.26865671641792,0.9474933049572047
ALL_CTRL,lh_precuneus -- rh_entorhinal,17,375,0.04533333333333334,0.0035110856803500924,169.3197969543147,-0.9661020448970311
ALL_CTRL,lh_precuneus -- rh_frontalpole,4,375,0.010666666666666666,0.002479345421966993,256.48148148148147,-0.9271665833614491
ALL_CTRL,lh_precuneus -- rh_fusiform,1,375,0.0026666666666666666,0.0057764601761535654,26.333333333333332,-0.3028073310852051
ALL_CTRL,lh_precuneus -- rh_inferiorparietal,0,375,0.0,0.0022630677530355334,300.85714285714283,0.9416816660336086
ALL_CTRL,lh_precuneus -- rh_inferiortemporal,2,375,0.005333333333333333,0.004710084284420266,185.54545454545453,-0.25290919433940545
ALL_CTRL,lh_precuneus -- rh_isthmuscingulate,0,375,0.0,0.001953812731904521,120.5,0.44162866473197937
ALL_CTRL,lh_precuneus -- rh_lateraloccipital,1,375,0.0026666666666666666,0.0017901733325159325,214.88888888888889,0.8944858776198493
ALL_CTRL,lh_precuneus -- rh_lateralorbitofrontal,1,375,0.0026666666666666666,0.0032831404852027447,200.25,0.4835365153849125
ALL_CTRL,lh_precuneus -- rh_lingual,21,375,0.056,0.0037912423792357923,163.86885245901638,0.9639181403514466
ALL_CTRL,lh_precuneus -- rh_medialorbitofrontal,5,375,0.013333333333333334,0.0029209306080671673,198.42857142857142,0.4539542385510036
ALL_CTRL,lh_precuneus -- rh_middletemporal,1,375,0.0026666666666666666,0.0031337105978620334,79.0,-0.0031110644340515137
ALL_CTRL,lh_precuneus -- rh_paracentral,0,375,0.0,0.0030041760095034396,138.75,-0.9401220381259918
ALL_CTRL,lh_precuneus -- rh_parahippocampal,1,375,0.0026666666666666666,0.0023977087959354665,285.2105263157895,-0.9371203874286852
ALL_CTRL,lh_precuneus -- rh_parsopercularis,1,375,0.0026666666666666666,0.00304509451611919,153.1578947368421,-0.9450148845973768
ALL_CTRL,lh_precuneus -- rh_parsorbitalis,7,375,0.018666666666666668,0.002785212890904665,218.19444444444446,-0.948218372133043
ALL_CTRL,lh_precuneus -- rh_parstriangularis,1,375,0.0026666666666666666,0.0026470149345198916,237.6818181818182,-0.9249932982704856
ALL_CTRL,lh_precuneus -- rh_pericalcarine,3,375,0.008,0.002616956605173576,216.10526315789474,0.898064607068112
ALL_CTRL,lh_precuneus -- rh_postcentral,7,375,0.018666666666666668,0.00333625054189777,213.63636363636363,0.9515906100149278
ALL_CTRL,lh_precuneus -- rh_precentral,2,375,0.005333333333333333,0.002411365721881244,156.46666666666667,0.9229190230369568
ALL_CTRL,lh_precuneus -- rh_precuneus,19,375,0.050666666666666665,0.0037695366936293566,160.78700361010831,0.975267938758492
ALL_CTRL,lh_precuneus -- rh_rostralanteriorcingulate,0,375,0.0,0.0014822097399255951,87.0,-0.921271562576294
ALL_CTRL,lh_precuneus -- rh_rostralmiddlefrontal,0,375,0.0,0.002100034464084224,244.4,0.9200309077898662
ALL_CTRL,lh_precuneus -- rh_superiorparietal,1,375,0.0026666666666666666,0.0023222846046477095,258.7307692307692,0.9344017689044659
ALL_CTRL,lh_precuneus -- rh_superiortemporal,1,375,0.0026666666666666666,0.0022007716688730115,351.2857142857143,-0.9267169577734811
ALL_CTRL,lh_precuneus -- rh_supramarginal,4,375,0.010666666666666666,0.0025139327626379133,181.44827586206895,0.8771886887221501
ALL_CTRL,lh_precuneus -- rh_temporalpole,11,375,0.029333333333333333,0.0033561569715611275,188.06849315068493,-0.961928858740689
ALL_CTRL,lh_rostralanteriorcingulate -- lh_rostralmiddlefrontal,13,375,0.034666666666666665,0.003406176302048738,183.84831460674158,-0.9631468382444275
ALL_CTRL,lh_rostralanteriorcingulate -- lh_superiorfrontal,15,375,0.04,0.0035102084914121496,170.34027777777777,-0.965813639263312
ALL_CTRL,lh_rostralanteriorcingulate -- lh_superiorparietal,4,375,0.010666666666666666,0.002981466374381463,214.8272727272727,-0.9500816377726469
ALL_CTRL,lh_rostralanteriorcingulate -- lh_superiortemporal,2,375,0.005333333333333333,0.0024830532846620472,185.72,-0.9218725395202637
ALL_CTRL,lh_rostralanteriorcingulate -- lh_supramarginal,4,375,0.010666666666666666,0.0030615587165723087,215.75,-0.9429657502520469
ALL_CTRL,lh_rostralanteriorcingulate -- lh_transversetemporal,4,375,0.010666666666666666,0.0027306771492294686,253.75757575757575,0.9325211933164885
ALL_CTRL,lh_rostralanteriorcingulate -- rh_bankssts,2,375,0.005333333333333333,0.0030798638207046596,221.87234042553192,0.9408509122564438
ALL_CTRL,lh_rostralanteriorcingulate -- rh_caudalanteriorcingulate,2,375,0.005333333333333333,0.0031157065224446303,222.0,0.9537502098828554
ALL_CTRL,lh_rostralanteriorcingulate -- rh_caudalmiddlefrontal,3,375,0.008,0.0031074324083942137,193.75,0.956508885209377
ALL_CTRL,lh_rostralanteriorcingulate -- rh_cuneus,5,375,0.013333333333333334,0.0029826842058800437,207.5625,-0.942124143242836
ALL_CTRL,lh_rostralanteriorcingulate -- rh_entorhinal,1,375,0.0026666666666666666,0.003954856947244137,222.0,0.9475394189357758
ALL_CTRL,lh_rostralanteriorcingulate -- rh_fusiform,1,375,0.0026666666666666666,0.002143662106585415,283.75,0.8717120438814163
ALL_CTRL,lh_rostralanteriorcingulate -- rh_inferiorparietal,11,375,0.029333333333333333,0.003374193401801781,176.76335877862596,-0.9581888559210392
ALL_CTRL,lh_rostralanteriorcingulate -- rh_inferiortemporal,0,375,0.0,0.0013397171540974334,451.0,-0.8896214067935944
ALL_CTRL,lh_rostralanteriorcingulate -- rh_insula,6,375,0.016,0.0033052223093180872,189.95555555555555,0.9575859030087789
ALL_CTRL,lh_rostralanteriorcingulate -- rh_isthmuscingulate,0,375,0.0,0.003487943767363852,210.3684210526316,0.9393092895808973
ALL_CTRL,lh_rostralanteriorcingulate -- rh_lateraloccipital,10,375,0.02666666666666667,0.0035187221447982313,182.11290322580646,-0.964471992625985
ALL_CTRL,lh_rostralanteriorcingulate -- rh_lateralorbitofrontal,3,375,0.008,0.002914070312831764,192.2,0.8011479496955871
ALL_CTRL,lh_rostralanteriorcingulate -- rh_lingual,1,375,0.0026666666666666666,0.0024475156243093698,186.1578947368421,-0.9336655390890021
ALL_CTRL,lh_rostralanteriorcingulate -- rh_medialorbitofrontal,4,375,0.010666666666666666,0.0032431785363564994,226.69444444444446,-0.9473386291000578
ALL_CTRL,lh_rostralanteriorcingulate -- rh_middletemporal,1,375,0.0026666666666666666,0.0031380145721409077,191.92307692307693,-0.9144947666388291
ALL_CTRL,lh_rostralanteriorcingulate -- rh_paracentral,2,375,0.005333333333333333,0.0032166502508142575,192.19148936170214,0.9449269949121678
ALL_CTRL,lh_rostralanteriorcingulate -- rh_parahippocampal,9,375,0.024,0.0033731922466075214,185.7537313432836,0.9584871223613397
ALL_CTRL,lh_rostralanteriorcingulate -- rh_parsopercularis,5,375,0.013333333333333334,0.003134277769532006,212.60743801652893,0.962390249918315
ALL_CTRL,lh_rostralanteriorcingulate -- rh_parstriangularis,3,375,0.008,0.003299527967793394,172.91071428571428,0.9608419739774295
ALL_CTRL,lh_rostralanteriorcingulate -- rh_postcentral,4,375,0.010666666666666666,0.0022762036521517337,238.03125,-0.9241338176652789
ALL_CTRL,lh_rostralanteriorcingulate -- rh_posteriorcingulate,3,375,0.008,0.003248698689048464,192.28571428571428,0.9454037830943153
ALL_CTRL,lh_rostralanteriorcingulate -- rh_precentral,7,375,0.018666666666666668,0.0031203778203871993,200.74269005847952,-0.959594788607101
ALL_CTRL,lh_rostralanteriorcingulate -- rh_precuneus,0,375,0.0,0.0023135993757087345,199.8125,-0.9213606528937817
ALL_CTRL,lh_rostralanteriorcingulate -- rh_rostralanteriorcingulate,16,375,0.042666666666666665,0.0034728831824710096,194.22142857142856,0.9620199352502823
ALL_CTRL,lh_rostralanteriorcingulate -- rh_rostralmiddlefrontal,7,375,0.018666666666666668,0.003342211050286218,207.5,-0.9606783673705825
ALL_CTRL,lh_rostralanteriorcingulate -- rh_superiorfrontal,8,375,0.021333333333333333,0.003394076611832033,196.84313725490196,-0.9634161762941896
ALL_CTRL,lh_rostralanteriorcingulate -- rh_superiorparietal,7,375,0.018666666666666668,0.0030165792631275195,209.26666666666668,-0.9504750673969586
ALL_CTRL,lh_rostralanteriorcingulate -- rh_superiortemporal,0,375,0.0,0.0017257204275470412,270.0,-0.9067485673086983
ALL_CTRL,lh_rostralanteriorcingulate -- rh_supramarginal,0,375,0.0,0.002392543744102742,264.3636363636364,-0.9304118626045458
ALL_CTRL,lh_rostralanteriorcingulate -- rh_transversetemporal,1,375,0.0026666666666666666,0.002344797275773044,251.2962962962963,0.9300922398213987
ALL_CTRL,lh_rostralmiddlefrontal -- lh_superiorfrontal,1,375,0.0026666666666666666,0.002489264559719312,247.54545454545453,0.9396429188323744
ALL_CTRL,lh_rostralmiddlefrontal -- lh_superiorparietal,17,375,0.04533333333333334,0.0034204369646703625,182.63803680981596,0.9796883306620311
ALL_CTRL,lh_rostralmiddlefrontal -- lh_superiortemporal,2,375,0.005333333333333333,0.0036376963011317508,180.64705882352942,0.9248146414756775
ALL_CTRL,lh_rostralmiddlefrontal -- lh_supramarginal,7,375,0.018666666666666668,0.003207129042125191,191.98173515981736,0.9727876855902475
ALL_CTRL,lh_rostralmiddlefrontal -- rh_bankssts,0,375,0.0,0.0015425726350573649,350.0,-0.8886011498314994
ALL_CTRL,lh_rostralmiddlefrontal -- rh_caudalanteriorcingulate,0,375,0.0,0.0014702577381291526,334.55555555555554,-0.8994579977459378
ALL_CTRL,lh_rostralmiddlefrontal -- rh_caudalmiddlefrontal,1,375,0.0026666666666666666,0.0025585822910827627,227.52631578947367,-0.9332080373638555
ALL_CTRL,lh_rostralmiddlefrontal -- rh_cuneus,0,375,0.0,0.002467872531730213,223.36111111111111,0.9455434928337733
ALL_CTRL,lh_rostralmiddlefrontal -- rh_entorhinal,0,375,0.0,0.0020109559006304145,214.33333333333334,-0.8922930757204691
ALL_CTRL,lh_rostralmiddlefrontal -- rh_fusiform,0,375,0.0,0.0014229777053848787,363.5,-0.8490793406963348
ALL_CTRL,lh_rostralmiddlefrontal -- rh_inferiorparietal,12,375,0.032,0.0033375703013733475,176.15254237288136,0.9750996102721005
ALL_CTRL,lh_rostralmiddlefrontal -- rh_inferiortemporal,0,375,0.0,0.0027586777773083533,145.25,0.9240078926086426
ALL_CTRL,lh_rostralmiddlefrontal -- rh_insula,1,375,0.0026666666666666666,0.002018300987613151,279.5882352941176,-0.9054416207706227
ALL_CTRL,lh_rostralmiddlefrontal -- rh_isthmuscingulate,0,375,0.0,0.0026629778626403276,216.88888888888889,-0.9528119828965929
ALL_CTRL,lh_rostralmiddlefrontal -- rh_lateraloccipital,21,375,0.056,0.003544315127057555,178.95770392749245,0.9830888034353804
ALL_CTRL,lh_rostralmiddlefrontal -- rh_lateralorbitofrontal,0,375,0.0,0.0023707709028717556,307.9047619047619,-0.9353948519343421
ALL_CTRL,lh_rostralmiddlefrontal -- rh_lingual,2,375,0.005333333333333333,0.0021870590436134586,285.8095238095238,0.9202139718191964
ALL_CTRL,lh_rostralmiddlefrontal -- rh_medialorbitofrontal,1,375,0.0026666666666666666,0.0028283454794625984,232.49056603773585,0.9487909742121426
ALL_CTRL,lh_rostralmiddlefrontal -- rh_middletemporal,1,375,0.0026666666666666666,0.003026473151123739,164.2,0.9227552533149719
ALL_CTRL,lh_rostralmiddlefrontal -- rh_paracentral,0,375,0.0,0.002550554563348696,209.11627906976744,-0.9452032017153363
ALL_CTRL,lh_rostralmiddlefrontal -- rh_parahippocampal,10,375,0.02666666666666667,0.003227780637102742,189.80582524271844,-0.9704212896453525
ALL_CTRL,lh_rostralmiddlefrontal -- rh_parsopercularis,5,375,0.013333333333333334,0.0029344631983844074,213.52,-0.9578526620070139
ALL_CTRL,lh_rostralmiddlefrontal -- rh_parstriangularis,0,375,0.0,0.002427332518587231,248.61904761904762,-0.9516784974506923
ALL_CTRL,lh_rostralmiddlefrontal -- rh_postcentral,8,375,0.021333333333333333,0.003088890367566522,202.21145374449338,0.9636635029368463
ALL_CTRL,lh_rostralmiddlefrontal -- rh_posteriorcingulate,0,375,0.0,0.00205096624514303,140.0,-0.9111747443675995
ALL_CTRL,lh_rostralmiddlefrontal -- rh_precentral,12,375,0.032,0.0031330160975235485,204.545871559633,0.9685853878292469
ALL_CTRL,lh_rostralmiddlefrontal -- rh_precuneus,2,375,0.005333333333333333,0.0028767705563037763,240.6875,0.9405698534101248
ALL_CTRL,lh_rostralmiddlefrontal -- rh_rostralanteriorcingulate,3,375,0.008,0.002876895077344213,203.54814814814816,-0.9522455294926961
ALL_CTRL,lh_rostralmiddlefrontal -- rh_rostralmiddlefrontal,18,375,0.048,0.003541749969214762,176.9207650273224,0.9911978847342111
ALL_CTRL,lh_rostralmiddlefrontal -- rh_superiorfrontal,8,375,0.021333333333333333,0.0027990126553422232,235.1904761904762,0.9418207500256649
ALL_CTRL,lh_rostralmiddlefrontal -- rh_superiorparietal,13,375,0.034666666666666665,0.003324127573279618,172.38023952095807,0.982530977911578
ALL_CTRL,lh_rostralmiddlefrontal -- rh_superiortemporal,0,375,0.0,0.0015741433429484798,335.0,0.9443215131759644
ALL_CTRL,lh_rostralmiddlefrontal -- rh_supramarginal,3,375,0.008,0.0027982385091796257,196.25806451612902,0.9369837930125575
ALL_CTRL,lh_superiorfrontal -- lh_superiorparietal,1,375,0.0026666666666666666,0.0019247164603170975,277.92857142857144,0.8940872326493263
ALL_CTRL,lh_superiorfrontal -- lh_superiortemporal,5,375,0.013333333333333334,0.0030801003415957344,190.6504854368932,0.9523110273972298
ALL_CTRL,lh_superiorfrontal -- lh_supramarginal,7,375,0.018666666666666668,0.003124501339068065,212.64473684210526,0.9652172496967149
ALL_CTRL,lh_superiorfrontal -- lh_transversetemporal,1,375,0.0026666666666666666,0.0019445806224889367,334.2,-0.8986507105827332
ALL_CTRL,lh_superiorfrontal -- rh_bankssts,7,375,0.018666666666666668,0.0027938680967617376,235.11688311688312,-0.9495977089776622
ALL_CTRL,lh_superiorfrontal -- rh_caudalanteriorcingulate,2,375,0.005333333333333333,0.0027296183803240917,241.45833333333334,-0.9387049087219768
ALL_CTRL,lh_superiorfrontal -- rh_caudalmiddlefrontal,7,375,0.018666666666666668,0.00304470801795394,209.5514705882353,-0.9538160115480423
ALL_CTRL,lh_superiorfrontal -- rh_cuneus,2,375,0.005333333333333333,0.002396039613010294,242.55555555555554,0.9404275019963583
ALL_CTRL,lh_superiorfrontal -- rh_fusiform,0,375,0.0,0.0023657352941772766,317.0,-0.9369427263736725
ALL_CTRL,lh_superiorfrontal -- rh_inferiorparietal,3,375,0.008,0.00278302116114884,212.17283950617283,0.9483760992685953
ALL_CTRL,lh_superiorfrontal -- rh_inferiortemporal,0,375,0.0,0.002457680652007319,210.77777777777777,0.9165722462866042
ALL_CTRL,lh_superiorfrontal -- rh_insula,18,375,0.048,0.003503685433785334,173.27564102564102,-0.9730342878745153
ALL_CTRL,lh_superiorfrontal -- rh_isthmuscingulate,1,375,0.0026666666666666666,0.0021296203471700722,241.03125,-0.9244673736393452
ALL_CTRL,lh_superiorfrontal -- rh_lateraloccipital,4,375,0.010666666666666666,0.0028669951732883028,225.36942675159236,0.9524320736052884
ALL_CTRL,lh_superiorfrontal -- rh_lateralorbitofrontal,0,375,0.0,0.001890145830733378,291.375,-0.9284368082880973
ALL_CTRL,lh_superiorfrontal -- rh_medialorbitofrontal,1,375,0.0026666666666666666,0.002418923055803352,247.3125,0.9360575694590807
ALL_CTRL,lh_superiorfrontal -- rh_middletemporal,0,375,0.0,0.002809365799115395,232.0909090909091,0.9342943592505022
ALL_CTRL,lh_superiorfrontal -- rh_paracentral,0,375,0.0,0.0024336028205468527,229.54166666666666,-0.935069949262672
ALL_CTRL,lh_superiorfrontal -- rh_parahippocampal,13,375,0.034666666666666665,0.0032336022380163483,196.125,-0.9604278735461689
ALL_CTRL,lh_superiorfrontal -- rh_parsopercularis,4,375,0.010666666666666666,0.003088064246903687,203.5054945054945,-0.9661773433397104
ALL_CTRL,lh_superiorfrontal -- rh_parstriangularis,0,375,0.0,0.0026653536337150163,233.72549019607843,-0.939537436354394
ALL_CTRL,lh_superiorfrontal -- rh_postcentral,0,375,0.0,0.0015551221101337469,384.0,0.8937262415885925
ALL_CTRL,lh_superiorfrontal -- rh_posteriorcingulate,1,375,0.0026666666666666666,0.0018566100251436416,281.9117647058824,-0.9004778195829952
ALL_CTRL,lh_superiorfrontal -- rh_precentral,3,375,0.008,0.0028442510628352907,208.645390070922,0.9559894026593959
ALL_CTRL,lh_superiorfrontal -- rh_rostralanteriorcingulate,9,375,0.024,0.003176422044609833,199.27118644067798,-0.9619874876771269
ALL_CTRL,lh_superiorfrontal -- rh_rostralmiddlefrontal,4,375,0.010666666666666666,0.0025298349829129883,258.4297520661157,0.9343869065450243
ALL_CTRL,lh_superiorfrontal -- rh_superiorfrontal,24,375,0.064,0.003590059364814552,176.88533333333334,0.9965516891479492
ALL_CTRL,lh_superiorfrontal -- rh_superiorparietal,1,375,0.0026666666666666666,0.0018708791871732524,315.3538461538462,0.9101440677276025
ALL_CTRL,lh_superiorfrontal -- rh_superiortemporal,1,375,0.0026666666666666666,0.0027871625871551185,258.4642857142857,0.9292086682149342
ALL_CTRL,lh_superiorfrontal -- rh_supramarginal,2,375,0.005333333333333333,0.002805732804216411,230.203125,0.8506156438961625
ALL_CTRL,lh_superiorfrontal -- rh_transversetemporal,0,375,0.0,0.0020877029682952555,231.0,-0.8992363725389753
ALL_CTRL,lh_superiorparietal -- lh_superiortemporal,1,375,0.0026666666666666666,0.0033931985067213472,165.22222222222223,0.9473011957274543
ALL_CTRL,lh_superiorparietal -- lh_supramarginal,6,375,0.016,0.002930099738189423,218.94701986754967,0.9660884670863877
ALL_CTRL,lh_superiorparietal -- rh_bankssts,1,375,0.0026666666666666666,0.0027910164571892573,158.66666666666666,-0.8491585652033488
ALL_CTRL,lh_superiorparietal -- rh_caudalanteriorcingulate,0,375,0.0,0.0013888002252011125,288.25,-0.8727096617221832
ALL_CTRL,lh_superiorparietal -- rh_caudalmiddlefrontal,1,375,0.0026666666666666666,0.0026577596463391567,233.0,-0.9401998927718714
ALL_CTRL,lh_superiorparietal -- rh_cuneus,2,375,0.005333333333333333,0.0029230397299447913,216.72058823529412,0.9488772671012318
ALL_CTRL,lh_superiorparietal -- rh_entorhinal,3,375,0.008,0.0031918054813859053,225.71428571428572,-0.9176936745643616
ALL_CTRL,lh_superiorparietal -- rh_inferiorparietal,12,375,0.032,0.0033017506033180552,181.21810699588477,0.9704732551496216
ALL_CTRL,lh_superiorparietal -- rh_inferiortemporal,0,375,0.0,0.0019178984456792534,126.0,0.9187006950378418
ALL_CTRL,lh_superiorparietal -- rh_insula,1,375,0.0026666666666666666,0.0015100974514447559,320.05882352941177,-0.876475965275484
ALL_CTRL,lh_superiorparietal -- rh_isthmuscingulate,0,375,0.0,0.0033982775596618033,214.83333333333334,-0.9709357023239136
ALL_CTRL,lh_superiorparietal -- rh_lateraloccipital,13,375,0.034666666666666665,0.003525751539688251,168.14195583596214,0.9762580334576146
ALL_CTRL,lh_superiorparietal -- rh_lateralorbitofrontal,1,375,0.0026666666666666666,0.0023887282809867587,262.2631578947368,-0.745686367938393
ALL_CTRL,lh_superiorparietal -- rh_lingual,5,375,0.013333333333333334,0.0030812159664601016,183.0373831775701,0.9571310994781066
ALL_CTRL,lh_superiorparietal -- rh_medialorbitofrontal,0,375,0.0,0.0027169333827983273,231.54545454545453,0.94986031814055
ALL_CTRL,lh_superiorparietal -- rh_middletemporal,0,375,0.0,0.004021491175701054,110.66666666666667,0.9589308500289916
ALL_CTRL,lh_superiorparietal -- rh_paracentral,2,375,0.005333333333333333,0.0026918238523518903,174.17241379310346,-0.9435810734485758
ALL_CTRL,lh_superiorparietal -- rh_parahippocampal,4,375,0.010666666666666666,0.0031452974325665807,210.46428571428572,-0.968763498019199
ALL_CTRL,lh_superiorparietal -- rh_parsopercularis,7,375,0.018666666666666668,0.003112112254859546,225.14736842105262,-0.9583909649597971
ALL_CTRL,lh_superiorparietal -- rh_parstriangularis,0,375,0.0,0.0024975995466188883,250.0,-0.95053012503518
ALL_CTRL,lh_superiorparietal -- rh_postcentral,11,375,0.029333333333333333,0.003299913157544567,179.7741935483871,0.9794232810697248
ALL_CTRL,lh_superiorparietal -- rh_posteriorcingulate,0,375,0.0,0.0021801289861437434,199.0,-0.916549026966095
ALL_CTRL,lh_superiorparietal -- rh_precentral,4,375,0.010666666666666666,0.0027280999396108907,237.93548387096774,0.9548703097528027
ALL_CTRL,lh_superiorparietal -- rh_precuneus,4,375,0.010666666666666666,0.0030143592306842945,230.6969696969697,0.9394293508746407
ALL_CTRL,lh_superiorparietal -- rh_rostralanteriorcingulate,1,375,0.0026666666666666666,0.0026170429981803053,237.1264367816092,-0.941141182663797
ALL_CTRL,lh_superiorparietal -- rh_rostralmiddlefrontal,8,375,0.021333333333333333,0.003397779104933652,182.09872611464968,0.9817900484914233
ALL_CTRL,lh_superiorparietal -- rh_superiorfrontal,4,375,0.010666666666666666,0.002358199593474839,253.61290322580646,0.9025565443500396
ALL_CTRL,lh_superiorparietal -- rh_superiorparietal,15,375,0.04,0.003406553752268632,178.35714285714286,0.9907838384528737
ALL_CTRL,lh_superiorparietal -- rh_superiortemporal,0,375,0.0,0.0014405166060096394,257.0,0.8403944969177246
ALL_CTRL,lh_superiorparietal -- rh_supramarginal,2,375,0.005333333333333333,0.002914916904600233,234.77272727272728,0.9541660666465759
ALL_CTRL,lh_superiortemporal -- lh_supramarginal,3,375,0.008,0.003185667460483612,173.44230769230768,0.9127187843506153
ALL_CTRL,lh_superiortemporal -- lh_temporalpole,0,375,0.0,0.0013956766370975691,350.0,0.857330322265625
ALL_CTRL,lh_superiortemporal -- lh_transversetemporal,0,375,0.0,0.0015171079085862513,325.125,-0.8797267153859138
ALL_CTRL,lh_superiortemporal -- rh_bankssts,8,375,0.021333333333333333,0.003048070889337176,194.25157232704402,-0.9554018918073403
ALL_CTRL,lh_superiortemporal -- rh_caudalanteriorcingulate,5,375,0.013333333333333334,0.002615483789024363,225.3095238095238,-0.9417314827442169
ALL_CTRL,lh_superiortemporal -- rh_caudalmiddlefrontal,6,375,0.016,0.0029524733492325844,210.51724137931035,-0.9474393910375135
ALL_CTRL,lh_superiortemporal -- rh_cuneus,2,375,0.005333333333333333,0.004894307320721591,60.333333333333336,0.9618636965751648
ALL_CTRL,lh_superiortemporal -- rh_frontalpole,0,375,0.0,0.0022282458789410196,291.5,0.9220645981175559
ALL_CTRL,lh_superiortemporal -- rh_fusiform,1,375,0.0026666666666666666,0.002493593454469956,236.0,0.7064780034124851
ALL_CTRL,lh_superiortemporal -- rh_inferiorparietal,1,375,0.0026666666666666666,0.0025731626255477975,216.90322580645162,0.9156390005542386
ALL_CTRL,lh_superiortemporal -- rh_inferiortemporal,3,375,0.008,0.0030449479284669167,197.93413173652695,0.959000060658255
ALL_CTRL,lh_superiortemporal -- rh_insula,7,375,0.018666666666666668,0.0027674033120370974,210.52,-0.9363185779253642
ALL_CTRL,lh_superiortemporal -- rh_isthmuscingulate,5,375,0.013333333333333334,0.002557913726862521,218.50574712643677,-0.9421582023302714
ALL_CTRL,lh_superiortemporal -- rh_lateraloccipital,1,375,0.0026666666666666666,0.0023484602935311713,297.09090909090907,0.9113608165220781
ALL_CTRL,lh_superiortemporal -- rh_lateralorbitofrontal,1,375,0.0026666666666666666,0.002576707969008338,259.0285714285714,-0.9218236514500209
ALL_CTRL,lh_superiortemporal -- rh_medialorbitofrontal,0,375,0.0,0.002038870875506411,361.4736842105263,0.845969231505143
ALL_CTRL,lh_superiortemporal -- rh_middletemporal,10,375,0.02666666666666667,0.0031597415768773772,192.3063063063063,0.9695736994077494
ALL_CTRL,lh_superiortemporal -- rh_paracentral,10,375,0.02666666666666667,0.0031721227004031637,207.91538461538462,-0.9477657689498021
ALL_CTRL,lh_superiortemporal -- rh_parahippocampal,5,375,0.013333333333333334,0.003129988330435474,181.53125,-0.9410300273448229
ALL_CTRL,lh_superiortemporal -- rh_parsopercularis,5,375,0.013333333333333334,0.003251613687966868,169.23636363636365,-0.9388675191185691
ALL_CTRL,lh_superiortemporal -- rh_parsorbitalis,2,375,0.005333333333333333,0.0027798563149162197,197.85714285714286,0.9280920880181449
ALL_CTRL,lh_superiortemporal -- rh_parstriangularis,2,375,0.005333333333333333,0.0027998701709778875,235.53623188405797,-0.9337901706280916
ALL_CTRL,lh_superiortemporal -- rh_pericalcarine,0,375,0.0,0.0022991216358191073,240.8684210526316,-0.9305195337847659
ALL_CTRL,lh_superiortemporal -- rh_postcentral,0,375,0.0,0.003322862541218848,63.0,0.9155943989753724
ALL_CTRL,lh_superiortemporal -- rh_posteriorcingulate,13,375,0.034666666666666665,0.003181433814409472,199.23463687150837,-0.9484531995970443
ALL_CTRL,lh_superiortemporal -- rh_precentral,1,375,0.0026666666666666666,0.0027815497066646234,206.52380952380952,0.9368924754006522
ALL_CTRL,lh_superiortemporal -- rh_rostralanteriorcingulate,5,375,0.013333333333333334,0.003016585591904231,199.53658536585365,-0.9415147115544575
ALL_CTRL,lh_superiortemporal -- rh_rostralmiddlefrontal,2,375,0.005333333333333333,0.0029835691762619913,245.94444444444446,0.9102214276790619
ALL_CTRL,lh_superiortemporal -- rh_superiorfrontal,1,375,0.0026666666666666666,0.0030807352236138425,201.51612903225808,0.954573437090843
ALL_CTRL,lh_superiortemporal -- rh_superiorparietal,1,375,0.0026666666666666666,0.003907740289492355,311.625,0.9346925243735313
ALL_CTRL,lh_superiortemporal -- rh_superiortemporal,11,375,0.029333333333333333,0.003368413124450775,173.75652173913045,0.9739780534868655
ALL_CTRL,lh_superiortemporal -- rh_supramarginal,2,375,0.005333333333333333,0.0028630408784515314,226.42307692307693,0.8604871355570279
ALL_CTRL,lh_superiortemporal -- rh_temporalpole,0,375,0.0,0.001242444576803218,630.0,0.8618945479393005
ALL_CTRL,lh_superiortemporal -- rh_transversetemporal,0,375,0.0,0.0017204642556661973,278.0,-0.8913748661677042
ALL_CTRL,lh_supramarginal -- lh_transversetemporal,1,375,0.0026666666666666666,0.0021078955789176814,298.5,-0.8678221851587296
ALL_CTRL,lh_supramarginal -- rh_bankssts,5,375,0.013333333333333334,0.0028892676346389473,198.7872340425532,-0.9336626447261648
ALL_CTRL,lh_supramarginal -- rh_caudalanteriorcingulate,2,375,0.005333333333333333,0.0029302940035110625,199.64444444444445,-0.8096873256895277
ALL_CTRL,lh_supramarginal -- rh_caudalmiddlefrontal,1,375,0.0026666666666666666,0.002862810946892323,228.79365079365078,-0.859758560619657
ALL_CTRL,lh_supramarginal -- rh_cuneus,2,375,0.005333333333333333,0.0026030154967288262,311.5,0.943900802731514
ALL_CTRL,lh_supramarginal -- rh_entorhinal,0,375,0.0,0.0016549954737915843,320.75,-0.8597971796989441
ALL_CTRL,lh_supramarginal -- rh_frontalpole,0,375,0.0,0.0017942432446083636,185.0,0.9060734510421752
ALL_CTRL,lh_supramarginal -- rh_fusiform,1,375,0.0026666666666666666,0.00440922627098268,20.0,-0.8624613881111145
ALL_CTRL,lh_supramarginal -- rh_inferiorparietal,12,375,0.032,0.0033404729626188216,175.360153256705,0.978318385922589
ALL_CTRL,lh_supramarginal -- rh_inferiortemporal,0,375,0.0,0.002620955531663942,230.73684210526315,0.9461536972146285
ALL_CTRL,lh_supramarginal -- rh_insula,7,375,0.018666666666666668,0.0029679736067892717,229.31297709923663,-0.9489504808687982
ALL_CTRL,lh_supramarginal -- rh_isthmuscingulate,0,375,0.0,0.0032408784696031276,182.11627906976744,-0.826024309147236
ALL_CTRL,lh_supramarginal -- rh_lateraloccipital,12,375,0.032,0.003157547846653018,214.1256038647343,0.9670297322065934
ALL_CTRL,lh_supramarginal -- rh_lateralorbitofrontal,2,375,0.005333333333333333,0.0023263263499552385,248.3913043478261,-0.847875820553821
ALL_CTRL,lh_supramarginal -- rh_lingual,2,375,0.005333333333333333,0.0031940439150000945,232.9655172413793,0.9238392340725866
ALL_CTRL,lh_supramarginal -- rh_medialorbitofrontal,2,375,0.005333333333333333,0.00300475912383639,241.19230769230768,0.9438566187253365
ALL_CTRL,lh_supramarginal -- rh_middletemporal,1,375,0.0026666666666666666,0.002340022244692787,220.9090909090909,0.4136547933925282
ALL_CTRL,lh_supramarginal -- rh_paracentral,2,375,0.005333333333333333,0.0026964541183890243,233.17333333333335,-0.871440494855245
ALL_CTRL,lh_supramarginal -- rh_parahippocampal,7,375,0.018666666666666668,0.0031021495895960567,192.23333333333332,-0.9596193706989289
ALL_CTRL,lh_supramarginal -- rh_parsopercularis,0,375,0.0,0.002626460336689355,233.66346153846155,-0.9443429083778307
ALL_CTRL,lh_supramarginal -- rh_parstriangularis,3,375,0.008,0.00300099985736821,208.93846153846152,-0.9640294075012207
ALL_CTRL,lh_supramarginal -- rh_pericalcarine,0,375,0.0,0.0034760121951882567,113.75,-0.47797659039497387
ALL_CTRL,lh_supramarginal -- rh_postcentral,9,375,0.024,0.003005398043305597,203.69402985074626,0.9586150521662697
ALL_CTRL,lh_supramarginal -- rh_posteriorcingulate,0,375,0.0,0.0020260377616894104,259.4761904761905,-0.6402616444088164
ALL_CTRL,lh_supramarginal -- rh_precentral,4,375,0.010666666666666666,0.002883104544559306,218.68115942028984,0.9629762868086497
ALL_CTRL,lh_supramarginal -- rh_precuneus,1,375,0.0026666666666666666,0.002584929715924401,249.33333333333334,0.9365463687313927
ALL_CTRL,lh_supramarginal -- rh_rostralanteriorcingulate,8,375,0.021333333333333333,0.0029935868894409613,205.83471074380165,-0.9588942301174825
ALL_CTRL,lh_supramarginal -- rh_rostralmiddlefrontal,11,375,0.029333333333333333,0.0032364319051520086,184.29383886255926,0.9734368279081951
ALL_CTRL,lh_supramarginal -- rh_superiorfrontal,15,375,0.04,0.0032450066199382044,197.22727272727272,0.9658866559917276
ALL_CTRL,lh_supramarginal -- rh_superiorparietal,6,375,0.016,0.002996136026378326,204.90860215053763,0.966656502216093
ALL_CTRL,lh_supramarginal -- rh_superiortemporal,0,375,0.0,0.0024291556571118572,225.625,0.8241949677467346
ALL_CTRL,lh_supramarginal -- rh_supramarginal,1,375,0.0026666666666666666,0.0030199278106058836,221.5566037735849,0.9620232025407395
ALL_CTRL,lh_supramarginal -- rh_transversetemporal,0,375,0.0,0.0029012079294908066,272.2,-0.924542236328125
ALL_CTRL,lh_temporalpole -- lh_transversetemporal,0,375,0.0,0.0014779898956786826,209.0,-0.8207681775093079
ALL_CTRL,lh_temporalpole -- rh_caudalmiddlefrontal,0,375,0.0,0.004125099168163762,142.33333333333334,-0.973418802022934
ALL_CTRL,lh_temporalpole -- rh_cuneus,2,375,0.005333333333333333,0.002231372079236821,220.78125,-0.9159915689378977
ALL_CTRL,lh_temporalpole -- rh_entorhinal,17,375,0.04533333333333334,0.003246410340055412,179.0110497237569,0.9544901940045436
ALL_CTRL,lh_temporalpole -- rh_frontalpole,10,375,0.02666666666666667,0.0032531007901561763,185.07766990291262,0.9421734763580618
ALL_CTRL,lh_temporalpole -- rh_fusiform,0,375,0.0,0.0012917348726158154,567.0,0.8477256894111633
ALL_CTRL,lh_temporalpole -- rh_inferiortemporal,4,375,0.010666666666666666,0.0037582824884268744,218.92307692307693,0.7024219655073606
ALL_CTRL,lh_temporalpole -- rh_isthmuscingulate,0,375,0.0,0.0014287120361187605,243.25,-0.8726287633180618
ALL_CTRL,lh_temporalpole -- rh_lateralorbitofrontal,6,375,0.016,0.003356798089398797,177.6315789473684,-0.8938258227549101
ALL_CTRL,lh_temporalpole -- rh_lingual,1,375,0.0026666666666666666,0.002141383567440098,266.468085106383,-0.9024956112212323
ALL_CTRL,lh_temporalpole -- rh_medialorbitofrontal,0,375,0.0,0.002245133886715073,250.23809523809524,0.24893187341235928
ALL_CTRL,lh_temporalpole -- rh_middletemporal,0,375,0.0,0.002819825076661183,124.0,0.9205653071403503
ALL_CTRL,lh_temporalpole -- rh_parsorbitalis,28,375,0.07466666666666667,0.0035424379777055114,142.67567567567568,0.9758020250493495
ALL_CTRL,lh_temporalpole -- rh_parstriangularis,2,375,0.005333333333333333,0.0028017556035749036,108.0,0.9187459945678711
ALL_CTRL,lh_temporalpole -- rh_pericalcarine,1,375,0.0026666666666666666,0.002155442859525236,238.68965517241378,-0.9018388164454493
ALL_CTRL,lh_temporalpole -- rh_precentral,0,375,0.0,0.0014499891462496574,77.0,-0.8125290870666504
ALL_CTRL,lh_temporalpole -- rh_precuneus,14,375,0.037333333333333336,0.0030963479676711057,195.0625,-0.9473557450941631
ALL_CTRL,lh_temporalpole -- rh_superiortemporal,1,375,0.0026666666666666666,0.002199249455511553,307.125,0.9025768488645554
ALL_CTRL,lh_temporalpole -- rh_supramarginal,1,375,0.0026666666666666666,0.003044204469679532,145.5,-0.8730463764884255
ALL_CTRL,lh_temporalpole -- rh_temporalpole,35,375,0.09333333333333334,0.0040396776750031725,145.96236559139786,0.991559253584954
ALL_CTRL,lh_transversetemporal -- rh_bankssts,6,375,0.016,0.0033548214018924573,212.08333333333334,0.916063666343689
ALL_CTRL,lh_transversetemporal -- rh_caudalanteriorcingulate,1,375,0.0026666666666666666,0.0023447679002544975,306.05263157894734,0.9227347656300193
ALL_CTRL,lh_transversetemporal -- rh_caudalmiddlefrontal,10,375,0.02666666666666667,0.004490739356958324,173.41935483870967,0.9317037328597038
ALL_CTRL,lh_transversetemporal -- rh_cuneus,0,375,0.0,0.002904338079091073,209.0,-0.9610585073630015
ALL_CTRL,lh_transversetemporal -- rh_frontalpole,0,375,0.0,0.0012337671622122382,528.0,-0.8473014831542969
ALL_CTRL,lh_transversetemporal -- rh_fusiform,6,375,0.016,0.008277635140541001,128.91666666666666,0.9509258170922598
ALL_CTRL,lh_transversetemporal -- rh_inferiortemporal,4,375,0.010666666666666666,0.0062784714349629405,142.5,-0.9287140866120657
ALL_CTRL,lh_transversetemporal -- rh_insula,9,375,0.024,0.003669445982106213,198.52777777777777,0.9414499443438318
ALL_CTRL,lh_transversetemporal -- rh_isthmuscingulate,5,375,0.013333333333333334,0.00842889565108036,158.44444444444446,0.9281744360923767
ALL_CTRL,lh_transversetemporal -- rh_lateraloccipital,0,375,0.0,0.0028859035875121674,149.2,-0.9244413733482361
ALL_CTRL,lh_transversetemporal -- rh_lateralorbitofrontal,1,375,0.0026666666666666666,0.0040785834740682345,137.66666666666666,0.9701938629150392
ALL_CTRL,lh_transversetemporal -- rh_medialorbitofrontal,4,375,0.010666666666666666,0.0033218357653989564,211.69230769230768,-0.9212016325730544
ALL_CTRL,lh_transversetemporal -- rh_middletemporal,0,375,0.0,0.0020107383656229145,314.42857142857144,-0.9063865116664341
ALL_CTRL,lh_transversetemporal -- rh_paracentral,1,375,0.0026666666666666666,0.0016646008399095788,285.6666666666667,0.9006281693776449
ALL_CTRL,lh_transversetemporal -- rh_parahippocampal,7,375,0.018666666666666668,0.0027612636122065666,172.5185185185185,0.9296618810406437
ALL_CTRL,lh_transversetemporal -- rh_parsopercularis,5,375,0.013333333333333334,0.0032154237240868007,192.61666666666667,0.9513003299633662
ALL_CTRL,lh_transversetemporal -- rh_parsorbitalis,0,375,0.0,0.001329182048328356,479.0,-0.8678334355354309
ALL_CTRL,lh_transversetemporal -- rh_parstriangularis,2,375,0.005333333333333333,0.0048202487258722365,180.07142857142858,0.937868092741285
ALL_CTRL,lh_transversetemporal -- rh_posteriorcingulate,3,375,0.008,0.0034517314916340334,225.0,0.91488645474116
ALL_CTRL,lh_transversetemporal -- rh_precentral,1,375,0.0026666666666666666,0.002427566563353969,234.5909090909091,-0.921109906651757
ALL_CTRL,lh_transversetemporal -- rh_rostralanteriorcingulate,2,375,0.005333333333333333,0.0023297370485643285,264.2,0.9234427769978841
ALL_CTRL,lh_transversetemporal -- rh_superiorfrontal,4,375,0.010666666666666666,0.0020814602284053092,261.2916666666667,-0.8995964700977007
ALL_CTRL,lh_transversetemporal -- rh_superiortemporal,2,375,0.005333333333333333,0.005579491395624311,315.77777777777777,-0.9105866882536147
ALL_CTRL,lh_transversetemporal -- rh_transversetemporal,75,375,0.2,0.005503861271857462,121.95708154506438,0.9706063134987467
ALL_CTRL,rh_bankssts -- rh_caudalanteriorcingulate,19,375,0.050666666666666665,0.0033553714717041603,200.40650406504065,0.9722965429953443
ALL_CTRL,rh_bankssts -- rh_caudalmiddlefrontal,19,375,0.050666666666666665,0.0034450612490498534,164.54935622317598,0.9737475230458469
ALL_CTRL,rh_bankssts -- rh_frontalpole,0,375,0.0,0.002749236669785446,250.2,-0.9610090136528016
ALL_CTRL,rh_bankssts -- rh_fusiform,3,375,0.008,0.004761792788979307,194.77777777777777,0.5554184118906657
ALL_CTRL,rh_bankssts -- rh_inferiorparietal,2,375,0.005333333333333333,0.002106185378962747,275.35185185185185,-0.9192115112587258
ALL_CTRL,rh_bankssts -- rh_inferiortemporal,9,375,0.024,0.0033004491969423847,186.54954954954954,-0.9521748514862748
ALL_CTRL,rh_bankssts -- rh_insula,10,375,0.02666666666666667,0.0031080270257452017,211.91397849462365,0.9574230370983001
ALL_CTRL,rh_bankssts -- rh_isthmuscingulate,5,375,0.013333333333333334,0.0030232439209613277,211.90845070422534,0.9589082942882055
ALL_CTRL,rh_bankssts -- rh_lateraloccipital,0,375,0.0,0.0013923830232214004,369.8095238095238,-0.8667203386624655
ALL_CTRL,rh_bankssts -- rh_lateralorbitofrontal,4,375,0.010666666666666666,0.002588233378046394,246.55263157894737,0.93166089842194
ALL_CTRL,rh_bankssts -- rh_medialorbitofrontal,2,375,0.005333333333333333,0.002770659602432281,258.42857142857144,-0.9555566495373136
ALL_CTRL,rh_bankssts -- rh_middletemporal,7,375,0.018666666666666668,0.002956701318700524,212.64615384615385,-0.9451271034204043
ALL_CTRL,rh_bankssts -- rh_paracentral,16,375,0.042666666666666665,0.003338303245257814,186.04651162790697,0.9676285089448441
ALL_CTRL,rh_bankssts -- rh_parahippocampal,3,375,0.008,0.0031500695099592213,202.54545454545453,0.957271422400619
ALL_CTRL,rh_bankssts -- rh_parsopercularis,3,375,0.008,0.003124998108673321,215.87058823529412,0.9600568701239193
ALL_CTRL,rh_bankssts -- rh_parstriangularis,8,375,0.021333333333333333,0.002980609210151853,205.97752808988764,0.9569066622284021
ALL_CTRL,rh_bankssts -- rh_pericalcarine,0,375,0.0,0.0013185285978391692,476.4,0.8502769470214844
ALL_CTRL,rh_bankssts -- rh_postcentral,1,375,0.0026666666666666666,0.003185097291359524,102.5,-0.8405809700489044
ALL_CTRL,rh_bankssts -- rh_posteriorcingulate,17,375,0.04533333333333334,0.0033275929533922496,176.2991452991453,0.9726109937724904
ALL_CTRL,rh_bankssts -- rh_precentral,3,375,0.008,0.0025756495662158365,249.69230769230768,-0.9290107282308432
ALL_CTRL,rh_bankssts -- rh_rostralanteriorcingulate,7,375,0.018666666666666668,0.003772333706422175,185.97979797979798,0.9546534750196669
ALL_CTRL,rh_bankssts -- rh_rostralmiddlefrontal,0,375,0.0,0.0017457926573818828,399.25,-0.8747833296656609
ALL_CTRL,rh_bankssts -- rh_superiorfrontal,6,375,0.016,0.0028904151198309324,202.95070422535213,-0.9413855982498384
ALL_CTRL,rh_bankssts -- rh_superiorparietal,0,375,0.0,0.0013769003765989347,424.5,-0.8508444825808207
ALL_CTRL,rh_bankssts -- rh_superiortemporal,8,375,0.021333333333333333,0.003141646724115777,223.375,-0.9417507109733728
ALL_CTRL,rh_bankssts -- rh_supramarginal,1,375,0.0026666666666666666,0.0027899761782012255,256.86842105263156,-0.8891834569604773
ALL_CTRL,rh_bankssts -- rh_transversetemporal,0,375,0.0,0.0022504959103170578,353.625,0.9074252918362617
ALL_CTRL,rh_caudalanteriorcingulate -- rh_caudalmiddlefrontal,16,375,0.042666666666666665,0.0035173091952515733,178.47252747252747,0.9698963044108925
ALL_CTRL,rh_caudalanteriorcingulate -- rh_cuneus,0,375,0.0,0.0015833067627530981,88.0,-0.8710314035415649
ALL_CTRL,rh_caudalanteriorcingulate -- rh_frontalpole,1,375,0.0026666666666666666,0.00212085614034855,226.33333333333334,-0.9053757389386495
ALL_CTRL,rh_caudalanteriorcingulate -- rh_fusiform,2,375,0.005333333333333333,0.0036102267138316225,217.57142857142858,0.03856060760361808
ALL_CTRL,rh_caudalanteriorcingulate -- rh_inferiorparietal,1,375,0.0026666666666666666,0.0018380531000564027,366.8181818181818,-0.8933717581358823
ALL_CTRL,rh_caudalanteriorcingulate -- rh_inferiortemporal,6,375,0.016,0.0029752055275440465,199.3125,-0.9491565339267254
ALL_CTRL,rh_caudalanteriorcingulate -- rh_insula,5,375,0.013333333333333334,0.0028646759923747957,219.1326530612245,0.9485261251731795
ALL_CTRL,rh_caudalanteriorcingulate -- rh_isthmuscingulate,9,375,0.024,0.0031640305287067415,193.45128205128205,0.9682916280550834
ALL_CTRL,rh_caudalanteriorcingulate -- rh_lateraloccipital,3,375,0.008,0.003049521736643678,202.58333333333334,-0.9414381807049116
ALL_CTRL,rh_caudalanteriorcingulate -- rh_lateralorbitofrontal,3,375,0.008,0.0030718705728051713,187.74,0.9520082688331604
ALL_CTRL,rh_caudalanteriorcingulate -- rh_medialorbitofrontal,3,375,0.008,0.002898143846796768,251.02272727272728,-0.9525107660076835
ALL_CTRL,rh_caudalanteriorcingulate -- rh_middletemporal,19,375,0.050666666666666665,0.0033664164670849385,183.55050505050505,-0.9583553515299402
ALL_CTRL,rh_caudalanteriorcingulate -- rh_paracentral,7,375,0.018666666666666668,0.0032783672629864086,180.99404761904762,0.9691006303543136
ALL_CTRL,rh_caudalanteriorcingulate -- rh_parahippocampal,3,375,0.008,0.0032194821749695667,199.4848484848485,0.9410081144535181
ALL_CTRL,rh_caudalanteriorcingulate -- rh_parsopercularis,3,375,0.008,0.003052356142007845,220.7027027027027,0.9598080821939416
ALL_CTRL,rh_caudalanteriorcingulate -- rh_parsorbitalis,0,375,0.0,0.0014431759660066222,344.5,-0.8573658963044485
ALL_CTRL,rh_caudalanteriorcingulate -- rh_parstriangularis,6,375,0.016,0.0030124757697503573,194.93333333333334,0.9537555634975433
ALL_CTRL,rh_caudalanteriorcingulate -- rh_pericalcarine,5,375,0.013333333333333334,0.00269032839439101,229.76923076923077,0.928603783249855
ALL_CTRL,rh_caudalanteriorcingulate -- rh_postcentral,0,375,0.0,0.001394157521901868,255.0,-0.841327965259552
ALL_CTRL,rh_caudalanteriorcingulate -- rh_posteriorcingulate,28,375,0.07466666666666667,0.0037693454221545686,162.7517006802721,0.9747846598933343
ALL_CTRL,rh_caudalanteriorcingulate -- rh_precentral,1,375,0.0026666666666666666,0.001636547402374428,333.0,-0.8959028766705439
ALL_CTRL,rh_caudalanteriorcingulate -- rh_rostralanteriorcingulate,6,375,0.016,0.0033139715862618552,181.97619047619048,0.9481262763341268
ALL_CTRL,rh_caudalanteriorcingulate -- rh_rostralmiddlefrontal,2,375,0.005333333333333333,0.002689461177732335,261.8,-0.8939091622829437
ALL_CTRL,rh_caudalanteriorcingulate -- rh_superiorfrontal,6,375,0.016,0.0032752017185738507,222.81690140845072,-0.9413269875754773
ALL_CTRL,rh_caudalanteriorcingulate -- rh_superiorparietal,0,375,0.0,0.0013187278517021424,440.5,-0.8578604012727737
ALL_CTRL,rh_caudalanteriorcingulate -- rh_superiortemporal,8,375,0.021333333333333333,0.0031432725030931803,200.72661870503597,-0.9534223255493658
ALL_CTRL,rh_caudalanteriorcingulate -- rh_supramarginal,0,375,0.0,0.0019986321956503576,322.0,-0.89881182461977
ALL_CTRL,rh_caudalanteriorcingulate -- rh_transversetemporal,1,375,0.0026666666666666666,0.0017004120810138058,302.6,0.8997531175613404
ALL_CTRL,rh_caudalmiddlefrontal -- rh_cuneus,1,375,0.0026666666666666666,0.003150116085305054,136.75,-0.9521986246109009
ALL_CTRL,rh_caudalmiddlefrontal -- rh_entorhinal,1,375,0.0026666666666666666,0.0024391940684871157,11.0,0.8885590434074402
ALL_CTRL,rh_caudalmiddlefrontal -- rh_frontalpole,3,375,0.008,0.0026832216379339136,201.94117647058823,-0.8121894738253426
ALL_CTRL,rh_caudalmiddlefrontal -- rh_fusiform,1,375,0.0026666666666666666,0.00263543094933259,131.85714285714286,0.43170635189328876
ALL_CTRL,rh_caudalmiddlefrontal -- rh_inferiorparietal,2,375,0.005333333333333333,0.00260280032298024,198.21428571428572,-0.9457124727112907
ALL_CTRL,rh_caudalmiddlefrontal -- rh_inferiortemporal,6,375,0.016,0.002983892913151309,187.5625,-0.9419704243540764
ALL_CTRL,rh_caudalmiddlefrontal -- rh_insula,9,375,0.024,0.0032712405362868603,190.27777777777777,0.9630312746689643
ALL_CTRL,rh_caudalmiddlefrontal -- rh_isthmuscingulate,8,375,0.021333333333333333,0.003101554519630555,204.364406779661,0.9580743024914952
ALL_CTRL,rh_caudalmiddlefrontal -- rh_lateraloccipital,0,375,0.0,0.002527778644887935,227.8181818181818,-0.9404280172152952
ALL_CTRL,rh_caudalmiddlefrontal -- rh_lateralorbitofrontal,0,375,0.0,0.002504296770913298,238.51612903225808,0.921459480639427
ALL_CTRL,rh_caudalmiddlefrontal -- rh_lingual,1,375,0.0026666666666666666,0.0028368771808512474,22.5,-0.9029912948608398
ALL_CTRL,rh_caudalmiddlefrontal -- rh_medialorbitofrontal,2,375,0.005333333333333333,0.0028723466677093353,216.54545454545453,-0.94027866377975
ALL_CTRL,rh_caudalmiddlefrontal -- rh_middletemporal,10,375,0.02666666666666667,0.003097244392570905,172.9433962264151,-0.949196884654603
ALL_CTRL,rh_caudalmiddlefrontal -- rh_paracentral,12,375,0.032,0.0031774873229054364,177.34027777777777,0.9585047244197793
ALL_CTRL,rh_caudalmiddlefrontal -- rh_parahippocampal,6,375,0.016,0.0037223551629050407,218.3653846153846,0.9573683314598523
ALL_CTRL,rh_caudalmiddlefrontal -- rh_parsopercularis,4,375,0.010666666666666666,0.0026976065325074417,224.92,0.9501144178708394
ALL_CTRL,rh_caudalmiddlefrontal -- rh_parsorbitalis,0,375,0.0,0.0030733419862817943,170.66666666666666,-0.9224773844083151
ALL_CTRL,rh_caudalmiddlefrontal -- rh_parstriangularis,5,375,0.013333333333333334,0.0029003464952879815,212.4794520547945,0.9541584996327962
ALL_CTRL,rh_caudalmiddlefrontal -- rh_pericalcarine,2,375,0.005333333333333333,0.002540366569809187,271.6,0.8529177355766296
ALL_CTRL,rh_caudalmiddlefrontal -- rh_postcentral,0,375,0.0,0.0022104327604436725,138.0909090909091,-0.9253589944405989
ALL_CTRL,rh_caudalmiddlefrontal -- rh_posteriorcingulate,14,375,0.037333333333333336,0.00344319227575343,181.65425531914894,0.966234823490711
ALL_CTRL,rh_caudalmiddlefrontal -- rh_precentral,0,375,0.0,0.0026984323761308623,230.21951219512195,-0.9415267691379641
ALL_CTRL,rh_caudalmiddlefrontal -- rh_precuneus,1,375,0.0026666666666666666,0.002769133651825373,7.0,-0.902543008327484
ALL_CTRL,rh_caudalmiddlefrontal -- rh_rostralanteriorcingulate,8,375,0.021333333333333333,0.003491591556564685,179.73469387755102,0.9638017774844656
ALL_CTRL,rh_caudalmiddlefrontal -- rh_rostralmiddlefrontal,1,375,0.0026666666666666666,0.0027026408820702563,228.75862068965517,-0.9346079230308533
ALL_CTRL,rh_caudalmiddlefrontal -- rh_superiorfrontal,6,375,0.016,0.0029463407531267797,213.88983050847457,-0.9496900939335258
ALL_CTRL,rh_caudalmiddlefrontal -- rh_superiorparietal,0,375,0.0,0.002390867371329156,245.8846153846154,-0.9380938181510339
ALL_CTRL,rh_caudalmiddlefrontal -- rh_superiortemporal,4,375,0.010666666666666666,0.002791719407226748,223.6547619047619,-0.9384498872927257
ALL_CTRL,rh_caudalmiddlefrontal -- rh_supramarginal,0,375,0.0,0.001752570225645573,284.6,-0.7921017328898112
ALL_CTRL,rh_caudalmiddlefrontal -- rh_temporalpole,0,375,0.0,0.003938696434133977,206.66666666666666,-0.9792574048042296
ALL_CTRL,rh_caudalmiddlefrontal -- rh_transversetemporal,3,375,0.008,0.00359962620985413,232.625,0.9399838174382845
ALL_CTRL,rh_cuneus -- rh_entorhinal,4,375,0.010666666666666666,0.0023615298533334376,207.3913043478261,-0.9259408440278925
ALL_CTRL,rh_cuneus -- rh_frontalpole,1,375,0.0026666666666666666,0.0018188592592892241,248.22222222222223,-0.860897613896264
ALL_CTRL,rh_cuneus -- rh_fusiform,2,375,0.005333333333333333,0.003182645416461957,166.43478260869566,-0.9409939050674438
ALL_CTRL,rh_cuneus -- rh_inferiorparietal,1,375,0.0026666666666666666,0.0031625664568902838,221.2258064516129,0.9471741857067231
ALL_CTRL,rh_cuneus -- rh_inferiortemporal,0,375,0.0,0.0032206931753637597,161.66666666666666,-0.96745765209198
ALL_CTRL,rh_cuneus -- rh_insula,0,375,0.0,0.0028241903488152257,200.16666666666666,-0.9576377073923745
ALL_CTRL,rh_cuneus -- rh_lateraloccipital,2,375,0.005333333333333333,0.0028230450130614236,186.77272727272728,0.9522694660858675
ALL_CTRL,rh_cuneus -- rh_lateralorbitofrontal,2,375,0.005333333333333333,0.0033010478208929024,217.7,0.929714810848236
ALL_CTRL,rh_cuneus -- rh_lingual,17,375,0.04533333333333334,0.0036462854178596965,179.56363636363636,0.9616591057994149
ALL_CTRL,rh_cuneus -- rh_medialorbitofrontal,3,375,0.008,0.002972147372456144,239.45945945945945,0.9416749010214934
ALL_CTRL,rh_cuneus -- rh_paracentral,0,375,0.0,0.0013887245988451135,249.0,-0.8814795315265656
ALL_CTRL,rh_cuneus -- rh_parahippocampal,4,375,0.010666666666666666,0.0027514085745894154,187.02325581395348,-0.9549253264138865
ALL_CTRL,rh_cuneus -- rh_parsopercularis,6,375,0.016,0.0038537529372615923,185.79310344827587,-0.9660880339556727
ALL_CTRL,rh_cuneus -- rh_parsorbitalis,0,375,0.0,0.0016840936844285525,257.93333333333334,-0.8971575419108073
ALL_CTRL,rh_cuneus -- rh_parstriangularis,3,375,0.008,0.003917092322775,236.29166666666666,-0.9461965709924698
ALL_CTRL,rh_cuneus -- rh_pericalcarine,0,375,0.0,0.0015773516087729089,239.57142857142858,0.8880275402750287
ALL_CTRL,rh_cuneus -- rh_postcentral,9,375,0.024,0.0033158301067967746,190.0843373493976,0.9585163255771959
ALL_CTRL,rh_cuneus -- rh_precentral,5,375,0.013333333333333334,0.0026920537670454096,226.8421052631579,0.936811586743907
ALL_CTRL,rh_cuneus -- rh_precuneus,6,375,0.016,0.0031049989719052103,190.54166666666666,0.9495782293379307
ALL_CTRL,rh_cuneus -- rh_rostralanteriorcingulate,3,375,0.008,0.003055725777760932,212.8,-0.9516540220805577
ALL_CTRL,rh_cuneus -- rh_rostralmiddlefrontal,4,375,0.010666666666666666,0.0030297006710429063,255.88888888888889,0.9498978508843317
ALL_CTRL,rh_cuneus -- rh_superiorfrontal,0,375,0.0,0.0024704243694295895,266.6,0.9453707337379456
ALL_CTRL,rh_cuneus -- rh_superiorparietal,5,375,0.013333333333333334,0.0031226129392766385,197.04285714285714,0.9523205637931824
ALL_CTRL,rh_cuneus -- rh_superiortemporal,0,375,0.0,0.00323736337059227,164.4,0.21241967678070064
ALL_CTRL,rh_cuneus -- rh_supramarginal,2,375,0.005333333333333333,0.002636912359482958,243.21052631578948,0.8365898069582487
ALL_CTRL,rh_cuneus -- rh_temporalpole,4,375,0.010666666666666666,0.0027107224263398177,194.85416666666666,-0.9272801714638869
ALL_CTRL,rh_cuneus -- rh_transversetemporal,0,375,0.0,0.0016415244485118296,43.0,-0.8305003643035889
ALL_CTRL,rh_entorhinal -- rh_frontalpole,2,375,0.005333333333333333,0.0017609119776728355,268.0,0.889074730873108
ALL_CTRL,rh_entorhinal -- rh_inferiorparietal,0,375,0.0,0.0024807063660338786,145.0,-0.9540424346923828
ALL_CTRL,rh_entorhinal -- rh_inferiortemporal,0,375,0.0,0.0017035693035786685,216.0,0.9285375078519186
ALL_CTRL,rh_entorhinal -- rh_lateralorbitofrontal,3,375,0.008,0.0025990806803782183,182.25,-0.41963533205645426
ALL_CTRL,rh_entorhinal -- rh_lingual,13,375,0.034666666666666665,0.0030350624968959274,203.9923076923077,-0.9450237077016097
ALL_CTRL,rh_entorhinal -- rh_medialorbitofrontal,3,375,0.008,0.0033532314959664163,199.58333333333334,-0.7386928995450338
ALL_CTRL,rh_entorhinal -- rh_paracentral,0,375,0.0,0.001405287893505975,445.0,0.826637864112854
ALL_CTRL,rh_entorhinal -- rh_parahippocampal,1,375,0.0026666666666666666,0.0014665521916901528,201.0,0.8920338238988604
ALL_CTRL,rh_entorhinal -- rh_parsopercularis,1,375,0.0026666666666666666,0.001969570985460638,238.33333333333334,0.9209786653518677
ALL_CTRL,rh_entorhinal -- rh_parsorbitalis,6,375,0.016,0.0025064646633313117,186.04761904761904,0.93689111963151
ALL_CTRL,rh_entorhinal -- rh_parstriangularis,2,375,0.005333333333333333,0.0031453961182565477,200.5,0.951945012807846
ALL_CTRL,rh_entorhinal -- rh_pericalcarine,0,375,0.0,0.0015160663643378639,283.5,-0.897145003080368
ALL_CTRL,rh_entorhinal -- rh_postcentral,4,375,0.010666666666666666,0.0028063970000423164,262.9230769230769,-0.9179832537968954
ALL_CTRL,rh_entorhinal -- rh_precentral,0,375,0.0,0.001409913081606964,274.5,-0.8620067238807678
ALL_CTRL,rh_entorhinal -- rh_precuneus,14,375,0.037333333333333336,0.0033896592438233315,175.68586387434556,-0.9611186556791136
ALL_CTRL,rh_entorhinal -- rh_rostralmiddlefrontal,1,375,0.0026666666666666666,0.005244032914722309,157.2,-0.9507946372032166
ALL_CTRL,rh_entorhinal -- rh_superiorparietal,2,375,0.005333333333333333,0.0034849233890562725,254.3846153846154,-0.9260707268348107
ALL_CTRL,rh_entorhinal -- rh_supramarginal,6,375,0.016,0.0034584330315966427,180.68627450980392,-0.8384300318418765
ALL_CTRL,rh_entorhinal -- rh_temporalpole,14,375,0.037333333333333336,0.003239644815880667,181.85405405405405,0.9603686728992977
ALL_CTRL,rh_frontalpole -- rh_fusiform,0,375,0.0,0.0013540687613425601,387.0,0.5820253789424896
ALL_CTRL,rh_frontalpole -- rh_inferiortemporal,4,375,0.010666666666666666,0.002578338324212398,278.6140350877193,0.9272645408647102
ALL_CTRL,rh_frontalpole -- rh_isthmuscingulate,6,375,0.016,0.0035227777595301935,190.73863636363637,-0.9514860266988928
ALL_CTRL,rh_frontalpole -- rh_lateralorbitofrontal,7,375,0.018666666666666668,0.0033641495447379647,176.65714285714284,-0.9605488374119713
ALL_CTRL,rh_frontalpole -- rh_lingual,2,375,0.005333333333333333,0.0020897618749057315,196.66666666666666,-0.8720232645670573
ALL_CTRL,rh_frontalpole -- rh_medialorbitofrontal,3,375,0.008,0.003498338802285984,185.88235294117646,0.7350784242153168
ALL_CTRL,rh_frontalpole -- rh_middletemporal,1,375,0.0026666666666666666,0.0024645013237693477,237.30379746835442,0.9269836552535431
ALL_CTRL,rh_frontalpole -- rh_paracentral,1,375,0.0026666666666666666,0.003228609177969161,273.05882352941177,-0.9254490908454446
ALL_CTRL,rh_frontalpole -- rh_parsorbitalis,16,375,0.042666666666666665,0.0037262061776483666,164.05454545454546,0.963833144939307
ALL_CTRL,rh_frontalpole -- rh_parstriangularis,1,375,0.0026666666666666666,0.0029193171308788857,207.1818181818182,-0.9486213380640204
ALL_CTRL,rh_frontalpole -- rh_pericalcarine,22,375,0.058666666666666666,0.0034980786975018887,157.55218855218854,-0.9801489421815583
ALL_CTRL,rh_frontalpole -- rh_posteriorcingulate,1,375,0.0026666666666666666,0.0018512740745073753,311.37142857142857,-0.90154207774571
ALL_CTRL,rh_frontalpole -- rh_precuneus,2,375,0.005333333333333333,0.004034446834558094,196.9090909090909,-0.9184734550389376
ALL_CTRL,rh_frontalpole -- rh_superiortemporal,8,375,0.021333333333333333,0.0027466186458491707,242.18421052631578,0.9299821673255217
ALL_CTRL,rh_frontalpole -- rh_supramarginal,0,375,0.0,0.002398804159343615,304.85714285714283,-0.40839816842760357
ALL_CTRL,rh_frontalpole -- rh_temporalpole,12,375,0.032,0.003404008041013422,188.64444444444445,0.9372294498814477
ALL_CTRL,rh_fusiform -- rh_inferiorparietal,1,375,0.0026666666666666666,0.0031320002935140596,222.5,0.008052945137023926
ALL_CTRL,rh_fusiform -- rh_inferiortemporal,0,375,0.0,0.0019647921000306035,233.2,0.9049710869789124
ALL_CTRL,rh_fusiform -- rh_insula,3,375,0.008,0.006929726103124473,92.8,0.9428584218025208
ALL_CTRL,rh_fusiform -- rh_isthmuscingulate,3,375,0.008,0.004048816722540693,159.13333333333333,-0.5238999207814534
ALL_CTRL,rh_fusiform -- rh_lateraloccipital,0,375,0.0,0.0020628620074872976,297.5,-0.9297795295715332
ALL_CTRL,rh_fusiform -- rh_lateralorbitofrontal,1,375,0.0026666666666666666,0.003440105814545643,196.76923076923077,-0.9297558665275574
ALL_CTRL,rh_fusiform -- rh_lingual,0,375,0.0,0.0013603272748282426,417.4,-0.9040390610694885
ALL_CTRL,rh_fusiform -- rh_medialorbitofrontal,6,375,0.016,0.003466180644115061,139.22222222222223,-0.12667246659596762
ALL_CTRL,rh_fusiform -- rh_middletemporal,4,375,0.010666666666666666,0.004458209679975074,253.05555555555554,0.5966050922870636
ALL_CTRL,rh_fusiform -- rh_paracentral,0,375,0.0,0.002283005471035734,227.3684210526316,-0.7255950664219103
ALL_CTRL,rh_fusiform -- rh_parahippocampal,1,375,0.0026666666666666666,0.0029877493398988426,274.7142857142857,0.9039473107882908
ALL_CTRL,rh_fusiform -- rh_parsopercularis,0,375,0.0,0.003078751805697145,156.5,0.9167357881863912
ALL_CTRL,rh_fusiform -- rh_parsorbitalis,1,375,0.0026666666666666666,0.0030908574314682433,121.25,-0.039391204714775085
ALL_CTRL,rh_fusiform -- rh_parstriangularis,3,375,0.008,0.0036547826832878778,155.88888888888889,-0.5517480108473036
ALL_CTRL,rh_fusiform -- rh_pericalcarine,0,375,0.0,0.0020919716405205986,228.52380952380952,-0.8983447949091593
ALL_CTRL,rh_fusiform -- rh_postcentral,0,375,0.0,0.0016383299495294514,339.3333333333333,-0.27756865819295246
ALL_CTRL,rh_fusiform -- rh_posteriorcingulate,4,375,0.010666666666666666,0.004354396992916033,263.8,0.2140550017356873
ALL_CTRL,rh_fusiform -- rh_precentral,0,375,0.0,0.0033981601546877824,170.55555555555554,-0.9285529123412238
ALL_CTRL,rh_fusiform -- rh_precuneus,0,375,0.0,0.0026737443055023084,76.66666666666667,-0.25227731466293335
ALL_CTRL,rh_fusiform -- rh_rostralanteriorcingulate,4,375,0.010666666666666666,0.004567039942981907,126.1,0.9107066452503204
ALL_CTRL,rh_fusiform -- rh_rostralmiddlefrontal,1,375,0.0026666666666666666,0.0023782471838219906,346.6666666666667,-0.859823743502299
ALL_CTRL,rh_fusiform -- rh_superiorfrontal,0,375,0.0,0.0027675556269274935,252.5,-0.9326561391353607
ALL_CTRL,rh_fusiform -- rh_superiorparietal,0,375,0.0,0.0014231996152314574,358.0,-0.8264164328575134
ALL_CTRL,rh_fusiform -- rh_superiortemporal,0,375,0.0,0.0016577252211378117,276.3333333333333,0.5854242791732153
ALL_CTRL,rh_fusiform -- rh_supramarginal,1,375,0.0026666666666666666,0.003191347362986292,187.85714285714286,0.9732745460101536
ALL_CTRL,rh_fusiform -- rh_temporalpole,2,375,0.005333333333333333,0.006763163176351062,112.0,-0.5013649612665176
ALL_CTRL,rh_fusiform -- rh_transversetemporal,3,375,0.008,0.0026032640455486396,188.85714285714286,0.9115175179072789
ALL_CTRL,rh_inferiorparietal -- rh_inferiortemporal,0,375,0.0,0.0023896694934970437,270.2,0.9145425319671631
ALL_CTRL,rh_inferiorparietal -- rh_insula,4,375,0.010666666666666666,0.0018340540122935164,300.1969696969697,-0.9025719490918246
ALL_CTRL,rh_inferiorparietal -- rh_isthmuscingulate,0,375,0.0,0.0028439356746406993,187.7,-0.9436046093702316
ALL_CTRL,rh_inferiorparietal -- rh_lateraloccipital,19,375,0.050666666666666665,0.003385743829605877,178.53454545454545,0.9703436300971291
ALL_CTRL,rh_inferiorparietal -- rh_lateralorbitofrontal,1,375,0.0026666666666666666,0.003142112643708997,182.86206896551724,-0.8903987510450955
ALL_CTRL,rh_inferiorparietal -- rh_lingual,3,375,0.008,0.0029064037130670647,227.14285714285714,0.9276790299585888
ALL_CTRL,rh_inferiorparietal -- rh_medialorbitofrontal,2,375,0.005333333333333333,0.002714867496588806,255.12,0.9520112454891205
ALL_CTRL,rh_inferiorparietal -- rh_middletemporal,3,375,0.008,0.006163689779008989,142.0,0.9556787610054016
ALL_CTRL,rh_inferiorparietal -- rh_paracentral,5,375,0.013333333333333334,0.002574537311834428,232.83783783783784,-0.9433161382739609
ALL_CTRL,rh_inferiorparietal -- rh_parahippocampal,7,375,0.018666666666666668,0.0031894054598706465,197.86111111111111,-0.9640344811810387
ALL_CTRL,rh_inferiorparietal -- rh_parsopercularis,3,375,0.008,0.0027882222693794726,230.5648148148148,-0.9453999394619906
ALL_CTRL,rh_inferiorparietal -- rh_parstriangularis,3,375,0.008,0.00328823714755029,198.44444444444446,-0.956446568907043
ALL_CTRL,rh_inferiorparietal -- rh_postcentral,10,375,0.02666666666666667,0.0030537251500307987,204.11627906976744,0.9626999774644541
ALL_CTRL,rh_inferiorparietal -- rh_posteriorcingulate,0,375,0.0,0.0015778172397919708,215.8,-0.8672435522079468
ALL_CTRL,rh_inferiorparietal -- rh_precentral,2,375,0.005333333333333333,0.0029976161318262338,214.9607843137255,0.9547163368829714
ALL_CTRL,rh_inferiorparietal -- rh_precuneus,0,375,0.0,0.002169989145884256,245.0,0.8960585594177246
ALL_CTRL,rh_inferiorparietal -- rh_rostralanteriorcingulate,10,375,0.02666666666666667,0.003007285158646852,200.1651376146789,-0.9516502711751046
ALL_CTRL,rh_inferiorparietal -- rh_rostralmiddlefrontal,12,375,0.032,0.0034257022318957015,173.4636678200692,0.9748174663645999
ALL_CTRL,rh_inferiorparietal -- rh_superiorfrontal,13,375,0.034666666666666665,0.0030044283248013147,213.50292397660817,0.9515875358330576
ALL_CTRL,rh_inferiorparietal -- rh_superiorparietal,12,375,0.032,0.003386095454342725,180.51908396946564,0.9729051125868586
ALL_CTRL,rh_inferiorparietal -- rh_superiortemporal,0,375,0.0,0.0014955713811333846,239.25,0.9013867527246475
ALL_CTRL,rh_inferiorparietal -- rh_supramarginal,5,375,0.013333333333333334,0.0034317737749150375,188.79285714285714,0.9552282094955444
ALL_CTRL,rh_inferiortemporal -- rh_insula,4,375,0.010666666666666666,0.0026595676214306277,290.2307692307692,-0.913105077468432
ALL_CTRL,rh_inferiortemporal -- rh_isthmuscingulate,6,375,0.016,0.0030247275772477614,240.9387755102041,-0.943075490241148
ALL_CTRL,rh_inferiortemporal -- rh_lateraloccipital,1,375,0.0026666666666666666,0.004910451648711326,91.0,0.9363550186157227
ALL_CTRL,rh_inferiortemporal -- rh_lateralorbitofrontal,1,375,0.0026666666666666666,0.002420127204588355,250.33333333333334,-0.9271579616599612
ALL_CTRL,rh_inferiortemporal -- rh_lingual,2,375,0.005333333333333333,0.005522321938943107,141.88888888888889,-0.2818933725357055
ALL_CTRL,rh_inferiortemporal -- rh_medialorbitofrontal,0,375,0.0,0.0029105928287862294,184.1304347826087,0.7087450830832772
ALL_CTRL,rh_inferiortemporal -- rh_middletemporal,9,375,0.024,0.0033036844676446984,177.7792207792208,0.9757469508038971
ALL_CTRL,rh_inferiortemporal -- rh_paracentral,6,375,0.016,0.003081120065925696,210.5609756097561,-0.9532848240398779
ALL_CTRL,rh_inferiortemporal -- rh_parahippocampal,1,375,0.0026666666666666666,0.0027588253889045565,219.7,-0.8936594665050507
ALL_CTRL,rh_inferiortemporal -- rh_parsopercularis,1,375,0.0026666666666666666,0.0028598753828292718,245.94736842105263,-0.9380428194999695
ALL_CTRL,rh_inferiortemporal -- rh_parsorbitalis,1,375,0.0026666666666666666,0.0027047360357876546,263.37931034482756,0.9278765834611038
ALL_CTRL,rh_inferiortemporal -- rh_parstriangularis,3,375,0.008,0.0031872375334167894,242.24528301886792,-0.952813521871027
ALL_CTRL,rh_inferiortemporal -- rh_pericalcarine,1,375,0.0026666666666666666,0.0024776234347248863,251.12857142857143,-0.9244342488901955
ALL_CTRL,rh_inferiortemporal -- rh_postcentral,0,375,0.0,0.003411510104294007,137.0,0.9760859608650208
ALL_CTRL,rh_inferiortemporal -- rh_posteriorcingulate,13,375,0.034666666666666665,0.003149402151793168,196.2037037037037,-0.9535879717196947
ALL_CTRL,rh_inferiortemporal -- rh_precentral,1,375,0.0026666666666666666,0.0038589922602475673,288.8,0.9325958371162415
ALL_CTRL,rh_inferiortemporal -- rh_precuneus,0,375,0.0,0.0022018241378831435,271.42857142857144,-0.9103574241910662
ALL_CTRL,rh_inferiortemporal -- rh_rostralanteriorcingulate,4,375,0.010666666666666666,0.0032768837773707953,198.7,-0.9378591179847717
ALL_CTRL,rh_inferiortemporal -- rh_rostralmiddlefrontal,1,375,0.0026666666666666666,0.0036990171003755947,140.71428571428572,0.9679992880140033
ALL_CTRL,rh_inferiortemporal -- rh_superiorfrontal,1,375,0.0026666666666666666,0.002387525932097986,231.23529411764707,0.9150801195817835
ALL_CTRL,rh_inferiortemporal -- rh_superiortemporal,16,375,0.042666666666666665,0.0033225528457266314,184.1336405529954,0.9691260327941261
ALL_CTRL,rh_inferiortemporal -- rh_supramarginal,2,375,0.005333333333333333,0.005078978955311524,170.4,0.29992560744285585
ALL_CTRL,rh_inferiortemporal -- rh_temporalpole,3,375,0.008,0.0039350609327345664,195.95833333333334,0.683161181708177
ALL_CTRL,rh_inferiortemporal -- rh_transversetemporal,0,375,0.0,0.001638581476230089,320.0,-0.8710845510164896
ALL_CTRL,rh_insula -- rh_isthmuscingulate,2,375,0.005333333333333333,0.0026774224090313653,196.52380952380952,0.9379646820681435
ALL_CTRL,rh_insula -- rh_lateraloccipital,2,375,0.005333333333333333,0.002541424517894402,263.2352941176471,-0.9335028803816029
ALL_CTRL,rh_insula -- rh_lateralorbitofrontal,3,375,0.008,0.0033111449117789837,202.7058823529412,0.959677492871004
ALL_CTRL,rh_insula -- rh_medialorbitofrontal,2,375,0.005333333333333333,0.002685755560892486,240.8,-0.9449180617928505
ALL_CTRL,rh_insula -- rh_middletemporal,1,375,0.0026666666666666666,0.002455591921232055,223.25,-0.9136082508734295
ALL_CTRL,rh_insula -- rh_paracentral,1,375,0.0026666666666666666,0.0022556667127177628,236.83333333333334,0.9326345195372899
ALL_CTRL,rh_insula -- rh_parahippocampal,5,375,0.013333333333333334,0.0033061148807708852,191.91666666666666,0.9614502771033181
ALL_CTRL,rh_insula -- rh_parsopercularis,11,375,0.029333333333333333,0.0032397987698857744,208.7157894736842,0.967093301760523
ALL_CTRL,rh_insula -- rh_parstriangularis,1,375,0.0026666666666666666,0.0024222711802233477,266.3125,0.9334562433262666
ALL_CTRL,rh_insula -- rh_postcentral,0,375,0.0,0.001508106022740068,328.5,-0.8778532346089681
ALL_CTRL,rh_insula -- rh_posteriorcingulate,6,375,0.016,0.0027112168784114857,251.6216216216216,0.9330707611264409
ALL_CTRL,rh_insula -- rh_precentral,4,375,0.010666666666666666,0.0025375928914155997,244.27272727272728,-0.9404841397296299
ALL_CTRL,rh_insula -- rh_rostralanteriorcingulate,11,375,0.029333333333333333,0.0029126257780858556,217.77027027027026,0.956011325926394
ALL_CTRL,rh_insula -- rh_rostralmiddlefrontal,5,375,0.013333333333333334,0.0022035997155884736,276.6461538461538,-0.9091775389818045
ALL_CTRL,rh_insula -- rh_superiorfrontal,19,375,0.050666666666666665,0.0035281986720651984,170.3106796116505,-0.970808364619715
ALL_CTRL,rh_insula -- rh_superiorparietal,1,375,0.0026666666666666666,0.0018098900161815311,306.2903225806452,-0.892817824117599
ALL_CTRL,rh_insula -- rh_superiortemporal,0,375,0.0,0.0025824951665163152,302.0,-0.9246040867722553
ALL_CTRL,rh_insula -- rh_supramarginal,0,375,0.0,0.0015367926371711695,354.23809523809524,-0.8077138350123451
ALL_CTRL,rh_insula -- rh_transversetemporal,5,375,0.013333333333333334,0.0037622967090065714,223.75,0.932322158054872
ALL_CTRL,rh_isthmuscingulate -- rh_lateraloccipital,0,375,0.0,0.002867998522200988,238.28571428571428,-0.9455271703856332
ALL_CTRL,rh_isthmuscingulate -- rh_lateralorbitofrontal,3,375,0.008,0.003054651086388003,208.9,0.9487082266807556
ALL_CTRL,rh_isthmuscingulate -- rh_lingual,0,375,0.0,0.001388725326407455,203.0,-0.8860881924629211
ALL_CTRL,rh_isthmuscingulate -- rh_medialorbitofrontal,1,375,0.0026666666666666666,0.002996366010867174,178.6153846153846,-0.8933273951212565
ALL_CTRL,rh_isthmuscingulate -- rh_middletemporal,8,375,0.021333333333333333,0.003077748771611317,203.4093567251462,-0.951823071429604
ALL_CTRL,rh_isthmuscingulate -- rh_paracentral,8,375,0.021333333333333333,0.0033499183293819166,177.84393063583815,0.9663916595409371
ALL_CTRL,rh_isthmuscingulate -- rh_parahippocampal,1,375,0.0026666666666666666,0.0028199418135046155,228.375,0.9533282890915871
ALL_CTRL,rh_isthmuscingulate -- rh_parsopercularis,0,375,0.0,0.0019195201873643995,284.52941176470586,0.908126504982219
ALL_CTRL,rh_isthmuscingulate -- rh_parsorbitalis,1,375,0.0026666666666666666,0.0030059893382048514,195.33333333333334,-0.9430432575089591
ALL_CTRL,rh_isthmuscingulate -- rh_parstriangularis,9,375,0.024,0.0032726655478607525,187.5679012345679,0.9551540775063597
ALL_CTRL,rh_isthmuscingulate -- rh_pericalcarine,2,375,0.005333333333333333,0.0031240732082536576,219.8910891089109,0.9550378629476717
ALL_CTRL,rh_isthmuscingulate -- rh_postcentral,0,375,0.0,0.0023406961743357843,285.85714285714283,-0.9276624236788068
ALL_CTRL,rh_isthmuscingulate -- rh_posteriorcingulate,13,375,0.034666666666666665,0.0032979314095717303,187.72222222222223,0.9657155545773329
ALL_CTRL,rh_isthmuscingulate -- rh_precentral,0,375,0.0,0.002266399678642685,206.58333333333334,-0.9244587471087774
ALL_CTRL,rh_isthmuscingulate -- rh_precuneus,1,375,0.0026666666666666666,0.0038379248484385815,101.0,-0.969858169555664
ALL_CTRL,rh_isthmuscingulate -- rh_rostralanteriorcingulate,4,375,0.010666666666666666,0.0032761410874084704,199.46153846153845,0.94565844306579
ALL_CTRL,rh_isthmuscingulate -- rh_rostralmiddlefrontal,1,375,0.0026666666666666666,0.002855493386923162,195.0,-0.938731568701127
ALL_CTRL,rh_isthmuscingulate -- rh_superiorfrontal,1,375,0.0026666666666666666,0.0020515031186311215,271.32142857142856,-0.9101966151169368
ALL_CTRL,rh_isthmuscingulate -- rh_superiorparietal,0,375,0.0,0.0031715498014643585,131.25,-0.9613665640354156
ALL_CTRL,rh_isthmuscingulate -- rh_superiortemporal,4,375,0.010666666666666666,0.0029887069976248697,219.7948717948718,-0.9450473051804763
ALL_CTRL,rh_isthmuscingulate -- rh_supramarginal,2,375,0.005333333333333333,0.0034369527393080333,212.83333333333334,-0.7022308061520258
ALL_CTRL,rh_isthmuscingulate -- rh_temporalpole,0,375,0.0,0.0013626435188485073,451.5,-0.8971169590950012
ALL_CTRL,rh_isthmuscingulate -- rh_transversetemporal,0,375,0.0,0.0028971320126171766,105.0,0.954591065645218
ALL_CTRL,rh_lateraloccipital -- rh_lateralorbitofrontal,0,375,0.0,0.0026089801623298938,277.92857142857144,-0.9378775996821267
ALL_CTRL,rh_lateraloccipital -- rh_lingual,2,375,0.005333333333333333,0.0024427075063086254,243.24324324324326,0.9251275642498119
ALL_CTRL,rh_lateraloccipital -- rh_medialorbitofrontal,1,375,0.0026666666666666666,0.002648659137779498,239.86363636363637,0.9464474388144233
ALL_CTRL,rh_lateraloccipital -- rh_middletemporal,1,375,0.0026666666666666666,0.003142606846370513,189.11111111111111,0.9481670724021064
ALL_CTRL,rh_lateraloccipital -- rh_paracentral,0,375,0.0,0.0022337948091685077,250.75,-0.9273142740130424
ALL_CTRL,rh_lateraloccipital -- rh_parahippocampal,7,375,0.018666666666666668,0.003197602625053615,190.00520833333334,-0.9694901639595628
ALL_CTRL,rh_lateraloccipital -- rh_parsopercularis,9,375,0.024,0.0029609811687869164,216.54545454545453,-0.9510053492985763
ALL_CTRL,rh_lateraloccipital -- rh_parstriangularis,2,375,0.005333333333333333,0.002841180387559776,257.2826086956522,-0.9491671867992567
ALL_CTRL,rh_lateraloccipital -- rh_postcentral,10,375,0.02666666666666667,0.003105001353024077,218.3419689119171,0.9594360342915194
ALL_CTRL,rh_lateraloccipital -- rh_posteriorcingulate,0,375,0.0,0.0023963396812819323,328.6666666666667,-0.9077435533205668
ALL_CTRL,rh_lateraloccipital -- rh_precentral,9,375,0.024,0.0032802620850339794,205.85777777777778,0.9688779211044312
ALL_CTRL,rh_lateraloccipital -- rh_precuneus,1,375,0.0026666666666666666,0.003106381491537606,229.9090909090909,0.9388583519242026
ALL_CTRL,rh_lateraloccipital -- rh_rostralanteriorcingulate,7,375,0.018666666666666668,0.002959927862314788,209.57142857142858,-0.9574291506169005
ALL_CTRL,rh_lateraloccipital -- rh_rostralmiddlefrontal,26,375,0.06933333333333333,0.003570332199219429,170.5421686746988,0.9824333499713116
ALL_CTRL,rh_lateraloccipital -- rh_superiorfrontal,6,375,0.016,0.0030367339989964856,201.92045454545453,0.9533837969330224
ALL_CTRL,rh_lateraloccipital -- rh_superiorparietal,28,375,0.07466666666666667,0.0036257177716977045,175.51898734177215,0.9781737116318715
ALL_CTRL,rh_lateraloccipital -- rh_superiortemporal,1,375,0.0026666666666666666,0.0036292751258688435,291.0,0.949811302125454
ALL_CTRL,rh_lateraloccipital -- rh_supramarginal,1,375,0.0026666666666666666,0.0029219604995715737,203.2625,0.9077583901584149
ALL_CTRL,rh_lateraloccipital -- rh_transversetemporal,0,375,0.0,0.0014723637733819613,272.5,-0.8506232798099518
ALL_CTRL,rh_lateralorbitofrontal -- rh_lingual,0,375,0.0,0.002648916572482855,270.09090909090907,0.1139341213486412
ALL_CTRL,rh_lateralorbitofrontal -- rh_medialorbitofrontal,3,375,0.008,0.0027045099816131383,220.21428571428572,-0.27860127176557264
ALL_CTRL,rh_lateralorbitofrontal -- rh_middletemporal,2,375,0.005333333333333333,0.0029526088914859977,181.6346153846154,-0.9401189822417039
ALL_CTRL,rh_lateralorbitofrontal -- rh_paracentral,4,375,0.010666666666666666,0.0032984816779448264,165.80434782608697,0.9507637645887292
ALL_CTRL,rh_lateralorbitofrontal -- rh_parahippocampal,1,375,0.0026666666666666666,0.0036455554497602494,121.66666666666667,0.8036339730024338
ALL_CTRL,rh_lateralorbitofrontal -- rh_parsopercularis,0,375,0.0,0.002007824308161233,253.91666666666666,0.9278225352366766
ALL_CTRL,rh_lateralorbitofrontal -- rh_parsorbitalis,4,375,0.010666666666666666,0.0028114519487125312,191.53061224489795,-0.8793577880275493
ALL_CTRL,rh_lateralorbitofrontal -- rh_parstriangularis,13,375,0.034666666666666665,0.0047333655402121925,152.83870967741936,0.7629512509992046
ALL_CTRL,rh_lateralorbitofrontal -- rh_pericalcarine,8,375,0.021333333333333333,0.0031488741927086445,197.25301204819277,0.9560986541839968
ALL_CTRL,rh_lateralorbitofrontal -- rh_postcentral,1,375,0.0026666666666666666,0.002874298707577557,283.7391304347826,-0.7042741516362065
ALL_CTRL,rh_lateralorbitofrontal -- rh_posteriorcingulate,1,375,0.0026666666666666666,0.0030865013626694584,221.79032258064515,0.9448262289647134
ALL_CTRL,rh_lateralorbitofrontal -- rh_precentral,0,375,0.0,0.0015688514429114148,386.6666666666667,-0.9103395839532217
ALL_CTRL,rh_lateralorbitofrontal -- rh_precuneus,1,375,0.0026666666666666666,0.002490036501997667,264.3333333333333,0.3985741411646207
ALL_CTRL,rh_lateralorbitofrontal -- rh_rostralanteriorcingulate,1,375,0.0026666666666666666,0.0026812670845235273,203.88888888888889,0.931810286309984
ALL_CTRL,rh_lateralorbitofrontal -- rh_rostralmiddlefrontal,0,375,0.0,0.0022635251279141838,322.4166666666667,-0.9153750538825989
ALL_CTRL,rh_lateralorbitofrontal -- rh_superiorfrontal,0,375,0.0,0.001968676282174285,160.125,-0.9238785356283188
ALL_CTRL,rh_lateralorbitofrontal -- rh_superiorparietal,1,375,0.0026666666666666666,0.0027368362939006155,202.91304347826087,-0.7840420137281003
ALL_CTRL,rh_lateralorbitofrontal -- rh_superiortemporal,4,375,0.010666666666666666,0.0022724649829903468,236.77083333333334,-0.9260746836662292
ALL_CTRL,rh_lateralorbitofrontal -- rh_supramarginal,2,375,0.005333333333333333,0.0028685743210955434,190.7826086956522,-0.410810226979463
ALL_CTRL,rh_lateralorbitofrontal -- rh_temporalpole,3,375,0.008,0.00326801625008197,168.578125,-0.8743812395259738
ALL_CTRL,rh_lateralorbitofrontal -- rh_transversetemporal,1,375,0.0026666666666666666,0.0044885840727609165,67.0,-0.9747647643089294
ALL_CTRL,rh_lingual -- rh_medialorbitofrontal,5,375,0.013333333333333334,0.003294849833686788,209.68421052631578,0.779224671815571
ALL_CTRL,rh_lingual -- rh_paracentral,0,375,0.0,0.0014380506519022702,376.0,-0.8430806398391724
ALL_CTRL,rh_lingual -- rh_parahippocampal,2,375,0.005333333333333333,0.002489192642701351,250.875,-0.9364293615023295
ALL_CTRL,rh_lingual -- rh_parsopercularis,0,375,0.0,0.002164349758514343,237.22222222222223,-0.9235533674558004
ALL_CTRL,rh_lingual -- rh_parsorbitalis,1,375,0.0026666666666666666,0.002076267958055733,336.7894736842105,-0.9008525076665377
ALL_CTRL,rh_lingual -- rh_parstriangularis,1,375,0.0026666666666666666,0.0024599795888346535,223.33333333333334,-0.9403193493684133
ALL_CTRL,rh_lingual -- rh_pericalcarine,0,375,0.0,0.001597418761266956,74.0,0.8293940424919128
ALL_CTRL,rh_lingual -- rh_postcentral,11,375,0.029333333333333333,0.003266201605615882,203.3716216216216,0.9654214160667883
ALL_CTRL,rh_lingual -- rh_precentral,3,375,0.008,0.003216430019403986,211.59459459459458,0.9269896681244308
ALL_CTRL,rh_lingual -- rh_precuneus,16,375,0.042666666666666665,0.003746754748580427,176.5279187817259,0.968389729255347
ALL_CTRL,rh_lingual -- rh_rostralanteriorcingulate,0,375,0.0,0.0017037705875260444,265.1111111111111,-0.9028530253304375
ALL_CTRL,rh_lingual -- rh_rostralmiddlefrontal,2,375,0.005333333333333333,0.002785322621369921,230.06666666666666,0.9241279628541734
ALL_CTRL,rh_lingual -- rh_superiorfrontal,0,375,0.0,0.0012900528312139983,647.0,0.8293455243110657
ALL_CTRL,rh_lingual -- rh_superiorparietal,6,375,0.016,0.003010172502245755,213.8695652173913,0.952133829826894
ALL_CTRL,rh_lingual -- rh_supramarginal,3,375,0.008,0.003135856533245348,215.6078431372549,0.8305155541382584
ALL_CTRL,rh_lingual -- rh_temporalpole,4,375,0.010666666666666666,0.0023825905305672555,293.52,-0.9066407001018524
ALL_CTRL,rh_medialorbitofrontal -- rh_middletemporal,1,375,0.0026666666666666666,0.0025850373790069553,255.17857142857142,0.8890571551663535
ALL_CTRL,rh_medialorbitofrontal -- rh_paracentral,7,375,0.018666666666666668,0.003167776706712215,193.84,-0.8767983901500702
ALL_CTRL,rh_medialorbitofrontal -- rh_parahippocampal,1,375,0.0026666666666666666,0.0025523471009536117,234.42105263157896,-0.9475299872850117
ALL_CTRL,rh_medialorbitofrontal -- rh_parsopercularis,0,375,0.0,0.002601219426663154,229.79545454545453,-0.951054338704456
ALL_CTRL,rh_medialorbitofrontal -- rh_parsorbitalis,0,375,0.0,0.0029116963801004013,180.8125,0.6598041020333767
ALL_CTRL,rh_medialorbitofrontal -- rh_parstriangularis,5,375,0.013333333333333334,0.0035140867797068907,192.29545454545453,-0.9221112294630571
ALL_CTRL,rh_medialorbitofrontal -- rh_pericalcarine,2,375,0.005333333333333333,0.0032132415636965074,163.56756756756758,-0.644823296650036
ALL_CTRL,rh_medialorbitofrontal -- rh_postcentral,2,375,0.005333333333333333,0.002895917802243511,217.55555555555554,0.8965894513660007
ALL_CTRL,rh_medialorbitofrontal -- rh_posteriorcingulate,1,375,0.0026666666666666666,0.0025770169909956225,229.3125,-0.9590573478490114
ALL_CTRL,rh_medialorbitofrontal -- rh_precentral,3,375,0.008,0.0030475328606057225,233.72222222222223,0.953363890449206
ALL_CTRL,rh_medialorbitofrontal -- rh_precuneus,2,375,0.005333333333333333,0.003037114211503241,194.36170212765958,0.7108389202584612
ALL_CTRL,rh_medialorbitofrontal -- rh_rostralanteriorcingulate,3,375,0.008,0.002773131319169648,203.7906976744186,-0.9449590888134268
ALL_CTRL,rh_medialorbitofrontal -- rh_rostralmiddlefrontal,1,375,0.0026666666666666666,0.0026900180004709277,224.86,0.956456731557846
ALL_CTRL,rh_medialorbitofrontal -- rh_superiorfrontal,1,375,0.0026666666666666666,0.0025359609114940056,230.54285714285714,0.939352193900517
ALL_CTRL,rh_medialorbitofrontal -- rh_superiorparietal,1,375,0.0026666666666666666,0.0028267350230666167,206.62962962962962,0.9591020180119408
ALL_CTRL,rh_medialorbitofrontal -- rh_superiortemporal,1,375,0.0026666666666666666,0.0022843770690129427,277.95454545454544,0.86143697662787
ALL_CTRL,rh_medialorbitofrontal -- rh_supramarginal,3,375,0.008,0.0029646544133181347,233.07142857142858,0.7644697087151664
ALL_CTRL,rh_medialorbitofrontal -- rh_temporalpole,1,375,0.0026666666666666666,0.002325021633902098,196.0952380952381,0.15150044077918642
ALL_CTRL,rh_medialorbitofrontal -- rh_transversetemporal,3,375,0.008,0.0029427035786518596,236.4375,-0.9540127888321877
ALL_CTRL,rh_middletemporal -- rh_paracentral,4,375,0.010666666666666666,0.0031696657687107343,194.73043478260868,-0.9524745039317919
ALL_CTRL,rh_middletemporal -- rh_parahippocampal,2,375,0.005333333333333333,0.003069893304262388,236.5,-0.9343124106526375
ALL_CTRL,rh_middletemporal -- rh_parsopercularis,1,375,0.0026666666666666666,0.002249822760127566,302.1818181818182,-0.9042890938845548
ALL_CTRL,rh_middletemporal -- rh_parsorbitalis,0,375,0.0,0.002304930432513722,292.1333333333333,0.9157212376594543
ALL_CTRL,rh_middletemporal -- rh_parstriangularis,10,375,0.02666666666666667,0.0031863732239951177,210.7391304347826,-0.9543389323828877
ALL_CTRL,rh_middletemporal -- rh_pericalcarine,3,375,0.008,0.0028427902252341135,211.5,-0.9431583961205823
ALL_CTRL,rh_middletemporal -- rh_posteriorcingulate,15,375,0.04,0.00339161249497037,160.55327868852459,-0.9645649346171833
ALL_CTRL,rh_middletemporal -- rh_precentral,0,375,0.0,0.0013521759787866465,564.0,0.8725952506065369
ALL_CTRL,rh_middletemporal -- rh_rostralanteriorcingulate,2,375,0.005333333333333333,0.0032894559669256747,205.54545454545453,-0.9399684098633853
ALL_CTRL,rh_middletemporal -- rh_rostralmiddlefrontal,0,375,0.0,0.0024578933808848983,297.3333333333333,0.9425060749053955
ALL_CTRL,rh_middletemporal -- rh_superiorfrontal,1,375,0.0026666666666666666,0.0036389514328132137,237.82608695652175,0.9292944617893385
ALL_CTRL,rh_middletemporal -- rh_superiorparietal,0,375,0.0,0.001608148490700687,69.0,0.8260596394538879
ALL_CTRL,rh_middletemporal -- rh_superiortemporal,14,375,0.037333333333333336,0.0033676896631350648,170.41785714285714,0.9743251344987325
ALL_CTRL,rh_middletemporal -- rh_supramarginal,0,375,0.0,0.0024356168169986487,246.0,0.6292582154273987
ALL_CTRL,rh_paracentral -- rh_parahippocampal,2,375,0.005333333333333333,0.002590769767572303,203.13513513513513,0.9332908569155512
ALL_CTRL,rh_paracentral -- rh_parsopercularis,2,375,0.005333333333333333,0.0026567572905509076,198.5,0.9447053269199703
ALL_CTRL,rh_paracentral -- rh_parsorbitalis,0,375,0.0,0.0017913613551044376,134.0,-0.9010564088821412
ALL_CTRL,rh_paracentral -- rh_parstriangularis,10,375,0.02666666666666667,0.003076113887066682,175.49056603773585,0.9528183037380002
ALL_CTRL,rh_paracentral -- rh_pericalcarine,1,375,0.0026666666666666666,0.002539662997483943,226.54166666666666,0.9162606870134672
ALL_CTRL,rh_paracentral -- rh_postcentral,0,375,0.0,0.0019783762468323957,267.57142857142856,-0.9434230540479932
ALL_CTRL,rh_paracentral -- rh_posteriorcingulate,13,375,0.034666666666666665,0.0033213788329587647,169.84939759036143,0.9633484418133655
ALL_CTRL,rh_paracentral -- rh_precentral,1,375,0.0026666666666666666,0.002190489953267454,266.2962962962963,-0.9350311778209828
ALL_CTRL,rh_paracentral -- rh_precuneus,0,375,0.0,0.003115618181080487,202.25,-0.9535103887319564
ALL_CTRL,rh_paracentral -- rh_rostralanteriorcingulate,5,375,0.013333333333333334,0.003481762353781179,159.85333333333332,0.9595230666796366
ALL_CTRL,rh_paracentral -- rh_rostralmiddlefrontal,1,375,0.0026666666666666666,0.002699851853849451,217.975,-0.9329766526818275
ALL_CTRL,rh_paracentral -- rh_superiorfrontal,3,375,0.008,0.0023999718200761358,264.19718309859155,-0.9322401578997223
ALL_CTRL,rh_paracentral -- rh_superiorparietal,0,375,0.0,0.002085416574961364,259.41379310344826,-0.9366938225154219
ALL_CTRL,rh_paracentral -- rh_superiortemporal,5,375,0.013333333333333334,0.003011713421121249,186.30263157894737,-0.9451938263679805
ALL_CTRL,rh_paracentral -- rh_supramarginal,3,375,0.008,0.0031710723393496886,214.11475409836066,-0.9444964752822625
ALL_CTRL,rh_paracentral -- rh_transversetemporal,0,375,0.0,0.001505447911028257,221.0,0.8405137062072754
ALL_CTRL,rh_parahippocampal -- rh_parsopercularis,4,375,0.010666666666666666,0.002991320706268464,197.0,0.9609499644795689
ALL_CTRL,rh_parahippocampal -- rh_parsorbitalis,0,375,0.0,0.0013377548961533772,449.5,-0.8326843976974487
ALL_CTRL,rh_parahippocampal -- rh_parstriangularis,3,375,0.008,0.0033453338350933125,206.28571428571428,0.9316663848502296
ALL_CTRL,rh_parahippocampal -- rh_pericalcarine,0,375,0.0,0.0014695701873402409,196.0,0.8843727111816406
ALL_CTRL,rh_parahippocampal -- rh_postcentral,2,375,0.005333333333333333,0.0028701332050436634,206.0487804878049,-0.956338318867412
ALL_CTRL,rh_parahippocampal -- rh_posteriorcingulate,3,375,0.008,0.0033429054928107663,215.70833333333334,0.9510359788934389
ALL_CTRL,rh_parahippocampal -- rh_precentral,6,375,0.016,0.003171588999170976,197.86184210526315,-0.9625935201582155
ALL_CTRL,rh_parahippocampal -- rh_precuneus,2,375,0.005333333333333333,0.002241919363974698,246.32258064516128,-0.9172239380498086
ALL_CTRL,rh_parahippocampal -- rh_rostralanteriorcingulate,5,375,0.013333333333333334,0.0028391927731344275,211.0,0.9557827826131854
ALL_CTRL,rh_parahippocampal -- rh_rostralmiddlefrontal,4,375,0.010666666666666666,0.0031381139134356805,200.92964824120602,-0.9724023983107141
ALL_CTRL,rh_parahippocampal -- rh_superiorfrontal,11,375,0.029333333333333333,0.0032857149822188257,184.94610778443115,-0.9607673608614299
ALL_CTRL,rh_parahippocampal -- rh_superiorparietal,5,375,0.013333333333333334,0.003115908791345808,208.07368421052632,-0.9653575254114051
ALL_CTRL,rh_parahippocampal -- rh_superiortemporal,1,375,0.0026666666666666666,0.0036922944871454616,188.91666666666666,-0.9397052675485611
ALL_CTRL,rh_parahippocampal -- rh_supramarginal,3,375,0.008,0.002771860753145977,218.65217391304347,-0.9547191124031509
ALL_CTRL,rh_parahippocampal -- rh_transversetemporal,0,375,0.0,0.0023951489829525207,211.33333333333334,0.9354801807138655
ALL_CTRL,rh_parsopercularis -- rh_parsorbitalis,0,375,0.0,0.002240617659284622,69.0,0.892609179019928
ALL_CTRL,rh_parsopercularis -- rh_parstriangularis,1,375,0.0026666666666666666,0.002806769441292757,213.14814814814815,0.9453782030829677
ALL_CTRL,rh_parsopercularis -- rh_postcentral,0,375,0.0,0.0024888783400469883,259.9811320754717,-0.9473382279558001
ALL_CTRL,rh_parsopercularis -- rh_posteriorcingulate,2,375,0.005333333333333333,0.0028567206150889807,201.1875,0.9459294509142637
ALL_CTRL,rh_parsopercularis -- rh_precentral,5,375,0.013333333333333334,0.0031323762538631094,204.5,-0.9585721349879487
ALL_CTRL,rh_parsopercularis -- rh_precuneus,0,375,0.0,0.002775934774075628,250.84615384615384,-0.9510934627973117
ALL_CTRL,rh_parsopercularis -- rh_rostralanteriorcingulate,2,375,0.005333333333333333,0.0030107686991882074,208.28025477707007,0.9594035425763221
ALL_CTRL,rh_parsopercularis -- rh_rostralmiddlefrontal,5,375,0.013333333333333334,0.0028730149425899507,237.125,-0.9541759888331095
ALL_CTRL,rh_parsopercularis -- rh_superiorfrontal,5,375,0.013333333333333334,0.00298754111005534,199.91764705882352,-0.9634812947581796
ALL_CTRL,rh_parsopercularis -- rh_superiorparietal,3,375,0.008,0.0030026686541027026,218.5242718446602,-0.9545948158190088
ALL_CTRL,rh_parsopercularis -- rh_superiortemporal,1,375,0.0026666666666666666,0.0029824880430429587,280.8,-0.9086138923962911
ALL_CTRL,rh_parsopercularis -- rh_supramarginal,1,375,0.0026666666666666666,0.003050391590856722,223.48717948717947,-0.7553794659101046
ALL_CTRL,rh_parsopercularis -- rh_transversetemporal,1,375,0.0026666666666666666,0.0023221940525284903,245.76923076923077,0.9303076848005637
ALL_CTRL,rh_parsorbitalis -- rh_parstriangularis,1,375,0.0026666666666666666,0.00258400422721916,184.77777777777777,-0.5321247180302939
ALL_CTRL,rh_parsorbitalis -- rh_pericalcarine,6,375,0.016,0.003107409203157425,200.78947368421052,-0.9572759822795266
ALL_CTRL,rh_parsorbitalis -- rh_posteriorcingulate,1,375,0.0026666666666666666,0.0029944299827855234,255.66666666666666,-0.8529569109280905
ALL_CTRL,rh_parsorbitalis -- rh_precuneus,4,375,0.010666666666666666,0.0024435629909314513,305.3658536585366,-0.9219376837334982
ALL_CTRL,rh_parsorbitalis -- rh_superiortemporal,2,375,0.005333333333333333,0.002460592300153265,173.7,0.9269418160120646
ALL_CTRL,rh_parsorbitalis -- rh_supramarginal,3,375,0.008,0.0036212069168859587,179.93333333333334,-0.9605577309926351
ALL_CTRL,rh_parsorbitalis -- rh_temporalpole,19,375,0.050666666666666665,0.0033044213513515074,164.86283185840708,0.9735631199009651
ALL_CTRL,rh_parstriangularis -- rh_pericalcarine,3,375,0.008,0.0028492364001169277,198.24242424242425,0.935576111981363
ALL_CTRL,rh_parstriangularis -- rh_postcentral,0,375,0.0,0.0024665060230226335,209.5897435897436,-0.9479010257965479
ALL_CTRL,rh_parstriangularis -- rh_posteriorcingulate,9,375,0.024,0.0030969880096677186,191.0,0.9611269026012211
ALL_CTRL,rh_parstriangularis -- rh_precentral,5,375,0.013333333333333334,0.003689496240547913,209.825,-0.9502629935741425
ALL_CTRL,rh_parstriangularis -- rh_precuneus,0,375,0.0,0.002673189915019591,234.21052631578948,-0.947062611579895
ALL_CTRL,rh_parstriangularis -- rh_rostralanteriorcingulate,6,375,0.016,0.0039334629765307655,173.6578947368421,0.9371917373255679
ALL_CTRL,rh_parstriangularis -- rh_rostralmiddlefrontal,3,375,0.008,0.002723020656076317,244.79591836734693,-0.9542280557204266
ALL_CTRL,rh_parstriangularis -- rh_superiorfrontal,1,375,0.0026666666666666666,0.0025223673303748344,252.84,-0.9343748688697815
ALL_CTRL,rh_parstriangularis -- rh_superiorparietal,0,375,0.0,0.002229729935668719,245.86111111111111,-0.9419714444213443
ALL_CTRL,rh_parstriangularis -- rh_superiortemporal,2,375,0.005333333333333333,0.0026624949903245715,226.25,-0.9375567693601955
ALL_CTRL,rh_parstriangularis -- rh_supramarginal,4,375,0.010666666666666666,0.00300459844754219,227.8048780487805,-0.8715535474986564
ALL_CTRL,rh_parstriangularis -- rh_temporalpole,0,375,0.0,0.001531013398993598,331.6666666666667,0.9287711183230082
ALL_CTRL,rh_parstriangularis -- rh_transversetemporal,1,375,0.0026666666666666666,0.0029740724990646454,166.8,0.9724976420402527
ALL_CTRL,rh_pericalcarine -- rh_posteriorcingulate,4,375,0.010666666666666666,0.002402128086520969,288.0576923076923,0.9199729160620616
ALL_CTRL,rh_pericalcarine -- rh_precuneus,1,375,0.0026666666666666666,0.0018327439222879244,398.42857142857144,0.8585186515535627
ALL_CTRL,rh_pericalcarine -- rh_rostralanteriorcingulate,0,375,0.0,0.004179820673320852,21.0,0.8824566006660461
ALL_CTRL,rh_pericalcarine -- rh_superiortemporal,4,375,0.010666666666666666,0.0024175236290324554,249.27272727272728,-0.9353694582914377
ALL_CTRL,rh_pericalcarine -- rh_supramarginal,0,375,0.0,0.0023573153167206523,279.875,0.24851094186305997
ALL_CTRL,rh_pericalcarine -- rh_temporalpole,2,375,0.005333333333333333,0.0019433460856781925,292.14285714285717,-0.8694947702544076
ALL_CTRL,rh_postcentral -- rh_precentral,6,375,0.016,0.0025404172968046964,210.75221238938053,0.9364525438409991
ALL_CTRL,rh_postcentral -- rh_precuneus,7,375,0.018666666666666668,0.0033104174456551707,212.30275229357798,0.9611449296321344
ALL_CTRL,rh_postcentral -- rh_rostralanteriorcingulate,0,375,0.0,0.001955354231837245,322.2564102564103,-0.9128609590041332
ALL_CTRL,rh_postcentral -- rh_rostralmiddlefrontal,16,375,0.042666666666666665,0.003399812227095782,167.03734439834025,0.9680101883856588
ALL_CTRL,rh_postcentral -- rh_superiorfrontal,0,375,0.0,0.0015310024764372979,374.1578947368421,0.8809961739339327
ALL_CTRL,rh_postcentral -- rh_superiorparietal,13,375,0.034666666666666665,0.0032792416706623564,174.0,0.9781288625865147
ALL_CTRL,rh_postcentral -- rh_superiortemporal,0,375,0.0,0.005931999724392379,172.66666666666666,0.9888363480567932
ALL_CTRL,rh_postcentral -- rh_supramarginal,4,375,0.010666666666666666,0.002766633298151089,247.58620689655172,0.8865952361589191
ALL_CTRL,rh_postcentral -- rh_temporalpole,0,375,0.0,0.0015618437465163863,54.0,-0.8322242498397827
ALL_CTRL,rh_posteriorcingulate -- rh_precentral,1,375,0.0026666666666666666,0.0014294973291173584,256.8,-0.8821684837341308
ALL_CTRL,rh_posteriorcingulate -- rh_rostralanteriorcingulate,3,375,0.008,0.0033732019586706907,182.1578947368421,0.9430363915468517
ALL_CTRL,rh_posteriorcingulate -- rh_rostralmiddlefrontal,1,375,0.0026666666666666666,0.0036695373544619746,90.66666666666667,-0.9725668430328368
ALL_CTRL,rh_posteriorcingulate -- rh_superiorfrontal,0,375,0.0,0.0019179247048335603,278.9310344827586,-0.905828229312239
ALL_CTRL,rh_posteriorcingulate -- rh_superiortemporal,17,375,0.04533333333333334,0.0033666969917870663,188.1169590643275,-0.9545547669393974
ALL_CTRL,rh_posteriorcingulate -- rh_supramarginal,2,375,0.005333333333333333,0.0032973777437698957,182.11764705882354,-0.9392292850157794
ALL_CTRL,rh_posteriorcingulate -- rh_transversetemporal,1,375,0.0026666666666666666,0.005309567148430195,195.2,0.9233734488487244
ALL_CTRL,rh_precentral -- rh_precuneus,1,375,0.0026666666666666666,0.0017656841886139363,240.75,0.8903489038348198
ALL_CTRL,rh_precentral -- rh_rostralanteriorcingulate,1,375,0.0026666666666666666,0.003130895423583348,194.07453416149067,-0.9657236681961865
ALL_CTRL,rh_precentral -- rh_rostralmiddlefrontal,13,375,0.034666666666666665,0.003313511609670623,186.26291079812208,0.9668836876260283
ALL_CTRL,rh_precentral -- rh_superiorfrontal,3,375,0.008,0.00293909981163787,197.81699346405227,0.9570444837894315
ALL_CTRL,rh_precentral -- rh_superiorparietal,10,375,0.02666666666666667,0.003036876689017201,203.75581395348837,0.9607082463281099
ALL_CTRL,rh_precentral -- rh_superiortemporal,0,375,0.0,0.0014948268598487253,311.0,0.9209831158320109
ALL_CTRL,rh_precentral -- rh_supramarginal,1,375,0.0026666666666666666,0.0021919273782352528,284.92857142857144,0.7263360293138594
ALL_CTRL,rh_precentral -- rh_transversetemporal,1,375,0.0026666666666666666,0.002698987608828965,234.8095238095238,-0.933824340502421
ALL_CTRL,rh_precuneus -- rh_rostralanteriorcingulate,0,375,0.0,0.0013044211047170589,337.0,-0.9211972951889038
ALL_CTRL,rh_precuneus -- rh_rostralmiddlefrontal,4,375,0.010666666666666666,0.0033723531333108648,242.96296296296296,0.9351178650502805
ALL_CTRL,rh_precuneus -- rh_superiorparietal,2,375,0.005333333333333333,0.0029421636498544253,197.39655172413794,0.9483593805082913
ALL_CTRL,rh_precuneus -- rh_superiortemporal,0,375,0.0,0.0015736888792521266,419.0,-0.8843284249305725
ALL_CTRL,rh_precuneus -- rh_supramarginal,4,375,0.010666666666666666,0.003003701714599092,218.7826086956522,0.9065611945546191
ALL_CTRL,rh_precuneus -- rh_temporalpole,15,375,0.04,0.003107119469704086,194.14912280701753,-0.9503886595106962
ALL_CTRL,rh_rostralanteriorcingulate -- rh_rostralmiddlefrontal,8,375,0.021333333333333333,0.0028483401102725454,204.0300751879699,-0.9515741328547772
ALL_CTRL,rh_rostralanteriorcingulate -- rh_superiorfrontal,14,375,0.037333333333333336,0.0032327076758804393,195.34285714285716,-0.9643828020777021
ALL_CTRL,rh_rostralanteriorcingulate -- rh_superiorparietal,3,375,0.008,0.002643478774678025,239.7111111111111,-0.946704974439409
ALL_CTRL,rh_rostralanteriorcingulate -- rh_superiortemporal,2,375,0.005333333333333333,0.002712936060810199,228.23076923076923,-0.9274844802342929
ALL_CTRL,rh_rostralanteriorcingulate -- rh_supramarginal,1,375,0.0026666666666666666,0.0028905083006157046,205.11363636363637,-0.9489942477508024
ALL_CTRL,rh_rostralanteriorcingulate -- rh_transversetemporal,2,375,0.005333333333333333,0.0025827645353123764,236.35714285714286,0.9096817672252655
ALL_CTRL,rh_rostralmiddlefrontal -- rh_superiorfrontal,7,375,0.018666666666666668,0.002661773671494889,225.6060606060606,0.9378303370692513
ALL_CTRL,rh_rostralmiddlefrontal -- rh_superiorparietal,17,375,0.04533333333333334,0.003416329002257071,183.77950310559007,0.9816959041245976
ALL_CTRL,rh_rostralmiddlefrontal -- rh_superiortemporal,1,375,0.0026666666666666666,0.003931024626188916,289.3333333333333,0.9300009608268738
ALL_CTRL,rh_rostralmiddlefrontal -- rh_supramarginal,4,375,0.010666666666666666,0.0030232858697341095,206.0879120879121,0.8927916262176011
ALL_CTRL,rh_rostralmiddlefrontal -- rh_transversetemporal,0,375,0.0,0.001366961439125885,509.5,-0.8423595726490021
ALL_CTRL,rh_superiorfrontal -- rh_superiorparietal,3,375,0.008,0.0021533469585088144,319.9189189189189,0.9105481352355029
ALL_CTRL,rh_superiorfrontal -- rh_superiortemporal,1,375,0.0026666666666666666,0.002400648640456302,211.26923076923077,0.9236385432573465
ALL_CTRL,rh_superiorfrontal -- rh_supramarginal,3,375,0.008,0.0025754920216441834,246.3,0.943648636341095
ALL_CTRL,rh_superiorfrontal -- rh_transversetemporal,0,375,0.0,0.002327934901373556,270.8181818181818,-0.9065553247928619
ALL_CTRL,rh_superiorparietal -- rh_superiortemporal,0,375,0.0,0.0012549084935647692,607.0,0.8534442186355591
ALL_CTRL,rh_superiorparietal -- rh_supramarginal,1,375,0.0026666666666666666,0.002801251797040547,239.30769230769232,0.9528371892296351
ALL_CTRL,rh_superiortemporal -- rh_supramarginal,2,375,0.005333333333333333,0.005039674001473578,245.4,0.15827106833457946
ALL_CTRL,rh_superiortemporal -- rh_temporalpole,0,375,0.0,0.002166923754256939,242.58333333333334,0.9081168820460638
ALL_CTRL,rh_superiortemporal -- rh_transversetemporal,0,375,0.0,0.0012781583161705066,492.75,-0.842048391699791
ALL_CTRL,rh_supramarginal -- rh_temporalpole,4,375,0.010666666666666666,0.0029569265828953977,143.6086956521739,-0.8761281552522079
