edge,presence_count,top20_count,group,n_instances,presence_frequency,overall_top20_frequency,conditional_top20_frequency
lh_bankssts -- lh_caudalanteriorcingulate,92,2.0,SZ,150,0.6133333333333333,0.013333333333333334,0.021739130434782608
lh_bankssts -- lh_caudalmiddlefrontal,80,6.0,SZ,150,0.5333333333333333,0.04,0.075
lh_bankssts -- lh_entorhinal,1,0.0,SZ,150,0.006666666666666667,0.0,0.0
lh_bankssts -- lh_frontalpole,1,0.0,SZ,150,0.006666666666666667,0.0,0.0
lh_bankssts -- lh_fusiform,3,0.0,SZ,150,0.02,0.0,0.0
lh_bankssts -- lh_inferiorparietal,5,1.0,SZ,150,0.03333333333333333,0.006666666666666667,0.2
lh_bankssts -- lh_inferiortemporal,56,3.0,SZ,150,0.37333333333333335,0.02,0.05357142857142857
lh_bankssts -- lh_insula,55,4.0,SZ,150,0.36666666666666664,0.02666666666666667,0.07272727272727272
lh_bankssts -- lh_isthmuscingulate,71,3.0,SZ,150,0.47333333333333333,0.02,0.04225352112676056
lh_bankssts -- lh_lateraloccipital,9,1.0,SZ,150,0.06,0.006666666666666667,0.1111111111111111
lh_bankssts -- lh_lateralorbitofrontal,18,3.0,SZ,150,0.12,0.02,0.16666666666666666
lh_bankssts -- lh_medialorbitofrontal,5,1.0,SZ,150,0.03333333333333333,0.006666666666666667,0.2
lh_bankssts -- lh_middletemporal,59,5.0,SZ,150,0.3933333333333333,0.03333333333333333,0.0847457627118644
lh_bankssts -- lh_paracentral,70,6.0,SZ,150,0.4666666666666667,0.04,0.08571428571428572
lh_bankssts -- lh_parahippocampal,5,0.0,SZ,150,0.03333333333333333,0.0,0.0
lh_bankssts -- lh_parsopercularis,18,1.0,SZ,150,0.12,0.006666666666666667,0.05555555555555555
lh_bankssts -- lh_parstriangularis,46,4.0,SZ,150,0.30666666666666664,0.02666666666666667,0.08695652173913043
lh_bankssts -- lh_pericalcarine,11,1.0,SZ,150,0.07333333333333333,0.006666666666666667,0.09090909090909091
lh_bankssts -- lh_postcentral,4,1.0,SZ,150,0.02666666666666667,0.006666666666666667,0.25
lh_bankssts -- lh_posteriorcingulate,113,5.0,SZ,150,0.7533333333333333,0.03333333333333333,0.04424778761061947
lh_bankssts -- lh_precentral,11,0.0,SZ,150,0.07333333333333333,0.0,0.0
lh_bankssts -- lh_rostralanteriorcingulate,12,0.0,SZ,150,0.08,0.0,0.0
lh_bankssts -- lh_rostralmiddlefrontal,10,2.0,SZ,150,0.06666666666666667,0.013333333333333334,0.2
lh_bankssts -- lh_superiorfrontal,29,1.0,SZ,150,0.19333333333333333,0.006666666666666667,0.034482758620689655
lh_bankssts -- lh_superiorparietal,6,0.0,SZ,150,0.04,0.0,0.0
lh_bankssts -- lh_superiortemporal,57,3.0,SZ,150,0.38,0.02,0.05263157894736842
lh_bankssts -- lh_supramarginal,36,1.0,SZ,150,0.24,0.006666666666666667,0.027777777777777776
lh_bankssts -- lh_transversetemporal,8,2.0,SZ,150,0.05333333333333334,0.013333333333333334,0.25
lh_bankssts -- rh_bankssts,128,6.0,SZ,150,0.8533333333333334,0.04,0.046875
lh_bankssts -- rh_caudalanteriorcingulate,99,2.0,SZ,150,0.66,0.013333333333333334,0.020202020202020204
lh_bankssts -- rh_caudalmiddlefrontal,51,4.0,SZ,150,0.34,0.02666666666666667,0.0784313725490196
lh_bankssts -- rh_cuneus,3,0.0,SZ,150,0.02,0.0,0.0
lh_bankssts -- rh_entorhinal,1,0.0,SZ,150,0.006666666666666667,0.0,0.0
lh_bankssts -- rh_frontalpole,4,0.0,SZ,150,0.02666666666666667,0.0,0.0
lh_bankssts -- rh_fusiform,4,1.0,SZ,150,0.02666666666666667,0.006666666666666667,0.25
lh_bankssts -- rh_inferiorparietal,15,0.0,SZ,150,0.1,0.0,0.0
lh_bankssts -- rh_inferiortemporal,49,0.0,SZ,150,0.32666666666666666,0.0,0.0
lh_bankssts -- rh_insula,45,3.0,SZ,150,0.3,0.02,0.06666666666666667
lh_bankssts -- rh_isthmuscingulate,75,3.0,SZ,150,0.5,0.02,0.04
lh_bankssts -- rh_lateraloccipital,9,0.0,SZ,150,0.06,0.0,0.0
lh_bankssts -- rh_lateralorbitofrontal,24,1.0,SZ,150,0.16,0.006666666666666667,0.041666666666666664
lh_bankssts -- rh_lingual,1,0.0,SZ,150,0.006666666666666667,0.0,0.0
lh_bankssts -- rh_medialorbitofrontal,7,0.0,SZ,150,0.04666666666666667,0.0,0.0
lh_bankssts -- rh_middletemporal,68,3.0,SZ,150,0.4533333333333333,0.02,0.04411764705882353
lh_bankssts -- rh_paracentral,79,4.0,SZ,150,0.5266666666666666,0.02666666666666667,0.05063291139240506
lh_bankssts -- rh_parahippocampal,21,4.0,SZ,150,0.14,0.02666666666666667,0.19047619047619047
lh_bankssts -- rh_parsopercularis,41,6.0,SZ,150,0.2733333333333333,0.04,0.14634146341463414
lh_bankssts -- rh_parstriangularis,55,3.0,SZ,150,0.36666666666666664,0.02,0.05454545454545454
lh_bankssts -- rh_pericalcarine,8,1.0,SZ,150,0.05333333333333334,0.006666666666666667,0.125
lh_bankssts -- rh_postcentral,8,0.0,SZ,150,0.05333333333333334,0.0,0.0
lh_bankssts -- rh_posteriorcingulate,115,7.0,SZ,150,0.7666666666666667,0.04666666666666667,0.06086956521739131
lh_bankssts -- rh_precentral,7,0.0,SZ,150,0.04666666666666667,0.0,0.0
lh_bankssts -- rh_rostralanteriorcingulate,13,2.0,SZ,150,0.08666666666666667,0.013333333333333334,0.15384615384615385
lh_bankssts -- rh_rostralmiddlefrontal,14,2.0,SZ,150,0.09333333333333334,0.013333333333333334,0.14285714285714285
lh_bankssts -- rh_superiorfrontal,33,1.0,SZ,150,0.22,0.006666666666666667,0.030303030303030304
lh_bankssts -- rh_superiorparietal,5,0.0,SZ,150,0.03333333333333333,0.0,0.0
lh_bankssts -- rh_superiortemporal,58,1.0,SZ,150,0.38666666666666666,0.006666666666666667,0.017241379310344827
lh_bankssts -- rh_supramarginal,18,0.0,SZ,150,0.12,0.0,0.0
lh_bankssts -- rh_transversetemporal,1,0.0,SZ,150,0.006666666666666667,0.0,0.0
lh_caudalanteriorcingulate -- lh_caudalmiddlefrontal,76,4.0,SZ,150,0.5066666666666667,0.02666666666666667,0.05263157894736842
lh_caudalanteriorcingulate -- lh_entorhinal,1,0.0,SZ,150,0.006666666666666667,0.0,0.0
lh_caudalanteriorcingulate -- lh_frontalpole,6,0.0,SZ,150,0.04,0.0,0.0
lh_caudalanteriorcingulate -- lh_fusiform,2,0.0,SZ,150,0.013333333333333334,0.0,0.0
lh_caudalanteriorcingulate -- lh_inferiorparietal,13,0.0,SZ,150,0.08666666666666667,0.0,0.0
lh_caudalanteriorcingulate -- lh_inferiortemporal,39,1.0,SZ,150,0.26,0.006666666666666667,0.02564102564102564
lh_caudalanteriorcingulate -- lh_insula,44,2.0,SZ,150,0.29333333333333333,0.013333333333333334,0.045454545454545456
lh_caudalanteriorcingulate -- lh_isthmuscingulate,91,7.0,SZ,150,0.6066666666666667,0.04666666666666667,0.07692307692307693
lh_caudalanteriorcingulate -- lh_lateraloccipital,9,0.0,SZ,150,0.06,0.0,0.0
lh_caudalanteriorcingulate -- lh_lateralorbitofrontal,16,0.0,SZ,150,0.10666666666666667,0.0,0.0
lh_caudalanteriorcingulate -- lh_lingual,1,0.0,SZ,150,0.006666666666666667,0.0,0.0
lh_caudalanteriorcingulate -- lh_medialorbitofrontal,4,0.0,SZ,150,0.02666666666666667,0.0,0.0
lh_caudalanteriorcingulate -- lh_middletemporal,70,4.0,SZ,150,0.4666666666666667,0.02666666666666667,0.05714285714285714
lh_caudalanteriorcingulate -- lh_paracentral,51,3.0,SZ,150,0.34,0.02,0.058823529411764705
lh_caudalanteriorcingulate -- lh_parahippocampal,8,0.0,SZ,150,0.05333333333333334,0.0,0.0
lh_caudalanteriorcingulate -- lh_parsopercularis,12,1.0,SZ,150,0.08,0.006666666666666667,0.08333333333333333
lh_caudalanteriorcingulate -- lh_parsorbitalis,3,0.0,SZ,150,0.02,0.0,0.0
lh_caudalanteriorcingulate -- lh_parstriangularis,55,5.0,SZ,150,0.36666666666666664,0.03333333333333333,0.09090909090909091
lh_caudalanteriorcingulate -- lh_pericalcarine,19,0.0,SZ,150,0.12666666666666668,0.0,0.0
lh_caudalanteriorcingulate -- lh_posteriorcingulate,109,6.0,SZ,150,0.7266666666666667,0.04,0.05504587155963303
lh_caudalanteriorcingulate -- lh_precentral,5,0.0,SZ,150,0.03333333333333333,0.0,0.0
lh_caudalanteriorcingulate -- lh_rostralanteriorcingulate,16,1.0,SZ,150,0.10666666666666667,0.006666666666666667,0.0625
lh_caudalanteriorcingulate -- lh_rostralmiddlefrontal,10,0.0,SZ,150,0.06666666666666667,0.0,0.0
lh_caudalanteriorcingulate -- lh_superiorfrontal,42,1.0,SZ,150,0.28,0.006666666666666667,0.023809523809523808
lh_caudalanteriorcingulate -- lh_superiorparietal,3,0.0,SZ,150,0.02,0.0,0.0
lh_caudalanteriorcingulate -- lh_superiortemporal,52,1.0,SZ,150,0.3466666666666667,0.006666666666666667,0.019230769230769232
lh_caudalanteriorcingulate -- lh_supramarginal,30,0.0,SZ,150,0.2,0.0,0.0
lh_caudalanteriorcingulate -- lh_transversetemporal,1,0.0,SZ,150,0.006666666666666667,0.0,0.0
lh_caudalanteriorcingulate -- rh_bankssts,124,10.0,SZ,150,0.8266666666666667,0.06666666666666667,0.08064516129032258
lh_caudalanteriorcingulate -- rh_caudalanteriorcingulate,107,3.0,SZ,150,0.7133333333333334,0.02,0.028037383177570093
lh_caudalanteriorcingulate -- rh_caudalmiddlefrontal,55,3.0,SZ,150,0.36666666666666664,0.02,0.05454545454545454
lh_caudalanteriorcingulate -- rh_frontalpole,6,0.0,SZ,150,0.04,0.0,0.0
lh_caudalanteriorcingulate -- rh_fusiform,3,1.0,SZ,150,0.02,0.006666666666666667,0.3333333333333333
lh_caudalanteriorcingulate -- rh_inferiorparietal,24,1.0,SZ,150,0.16,0.006666666666666667,0.041666666666666664
lh_caudalanteriorcingulate -- rh_inferiortemporal,43,1.0,SZ,150,0.2866666666666667,0.006666666666666667,0.023255813953488372
lh_caudalanteriorcingulate -- rh_insula,43,2.0,SZ,150,0.2866666666666667,0.013333333333333334,0.046511627906976744
lh_caudalanteriorcingulate -- rh_isthmuscingulate,88,2.0,SZ,150,0.5866666666666667,0.013333333333333334,0.022727272727272728
lh_caudalanteriorcingulate -- rh_lateraloccipital,13,1.0,SZ,150,0.08666666666666667,0.006666666666666667,0.07692307692307693
lh_caudalanteriorcingulate -- rh_lateralorbitofrontal,31,0.0,SZ,150,0.20666666666666667,0.0,0.0
lh_caudalanteriorcingulate -- rh_medialorbitofrontal,8,0.0,SZ,150,0.05333333333333334,0.0,0.0
lh_caudalanteriorcingulate -- rh_middletemporal,65,2.0,SZ,150,0.43333333333333335,0.013333333333333334,0.03076923076923077
lh_caudalanteriorcingulate -- rh_paracentral,82,3.0,SZ,150,0.5466666666666666,0.02,0.036585365853658534
lh_caudalanteriorcingulate -- rh_parahippocampal,15,2.0,SZ,150,0.1,0.013333333333333334,0.13333333333333333
lh_caudalanteriorcingulate -- rh_parsopercularis,38,7.0,SZ,150,0.25333333333333335,0.04666666666666667,0.18421052631578946
lh_caudalanteriorcingulate -- rh_parstriangularis,52,4.0,SZ,150,0.3466666666666667,0.02666666666666667,0.07692307692307693
lh_caudalanteriorcingulate -- rh_pericalcarine,13,0.0,SZ,150,0.08666666666666667,0.0,0.0
lh_caudalanteriorcingulate -- rh_postcentral,3,0.0,SZ,150,0.02,0.0,0.0
lh_caudalanteriorcingulate -- rh_posteriorcingulate,93,4.0,SZ,150,0.62,0.02666666666666667,0.043010752688172046
lh_caudalanteriorcingulate -- rh_precentral,4,0.0,SZ,150,0.02666666666666667,0.0,0.0
lh_caudalanteriorcingulate -- rh_rostralanteriorcingulate,15,0.0,SZ,150,0.1,0.0,0.0
lh_caudalanteriorcingulate -- rh_rostralmiddlefrontal,12,0.0,SZ,150,0.08,0.0,0.0
lh_caudalanteriorcingulate -- rh_superiorfrontal,40,1.0,SZ,150,0.26666666666666666,0.006666666666666667,0.025
lh_caudalanteriorcingulate -- rh_superiorparietal,4,1.0,SZ,150,0.02666666666666667,0.006666666666666667,0.25
lh_caudalanteriorcingulate -- rh_superiortemporal,33,1.0,SZ,150,0.22,0.006666666666666667,0.030303030303030304
lh_caudalanteriorcingulate -- rh_supramarginal,16,1.0,SZ,150,0.10666666666666667,0.006666666666666667,0.0625
lh_caudalanteriorcingulate -- rh_temporalpole,1,0.0,SZ,150,0.006666666666666667,0.0,0.0
lh_caudalanteriorcingulate -- rh_transversetemporal,1,0.0,SZ,150,0.006666666666666667,0.0,0.0
lh_caudalmiddlefrontal -- lh_entorhinal,3,0.0,SZ,150,0.02,0.0,0.0
lh_caudalmiddlefrontal -- lh_frontalpole,20,1.0,SZ,150,0.13333333333333333,0.006666666666666667,0.05
lh_caudalmiddlefrontal -- lh_fusiform,6,0.0,SZ,150,0.04,0.0,0.0
lh_caudalmiddlefrontal -- lh_inferiorparietal,12,0.0,SZ,150,0.08,0.0,0.0
lh_caudalmiddlefrontal -- lh_inferiortemporal,44,1.0,SZ,150,0.29333333333333333,0.006666666666666667,0.022727272727272728
lh_caudalmiddlefrontal -- lh_insula,55,2.0,SZ,150,0.36666666666666664,0.013333333333333334,0.03636363636363636
lh_caudalmiddlefrontal -- lh_isthmuscingulate,58,6.0,SZ,150,0.38666666666666666,0.04,0.10344827586206896
lh_caudalmiddlefrontal -- lh_lateraloccipital,23,0.0,SZ,150,0.15333333333333332,0.0,0.0
lh_caudalmiddlefrontal -- lh_lateralorbitofrontal,10,0.0,SZ,150,0.06666666666666667,0.0,0.0
lh_caudalmiddlefrontal -- lh_lingual,1,0.0,SZ,150,0.006666666666666667,0.0,0.0
lh_caudalmiddlefrontal -- lh_medialorbitofrontal,4,0.0,SZ,150,0.02666666666666667,0.0,0.0
lh_caudalmiddlefrontal -- lh_middletemporal,46,4.0,SZ,150,0.30666666666666664,0.02666666666666667,0.08695652173913043
lh_caudalmiddlefrontal -- lh_paracentral,29,0.0,SZ,150,0.19333333333333333,0.0,0.0
lh_caudalmiddlefrontal -- lh_parahippocampal,7,1.0,SZ,150,0.04666666666666667,0.006666666666666667,0.14285714285714285
lh_caudalmiddlefrontal -- lh_parsopercularis,19,0.0,SZ,150,0.12666666666666668,0.0,0.0
lh_caudalmiddlefrontal -- lh_parsorbitalis,7,0.0,SZ,150,0.04666666666666667,0.0,0.0
lh_caudalmiddlefrontal -- lh_parstriangularis,54,7.0,SZ,150,0.36,0.04666666666666667,0.12962962962962962
lh_caudalmiddlefrontal -- lh_pericalcarine,23,1.0,SZ,150,0.15333333333333332,0.006666666666666667,0.043478260869565216
lh_caudalmiddlefrontal -- lh_postcentral,10,0.0,SZ,150,0.06666666666666667,0.0,0.0
lh_caudalmiddlefrontal -- lh_posteriorcingulate,84,3.0,SZ,150,0.56,0.02,0.03571428571428571
lh_caudalmiddlefrontal -- lh_precentral,25,0.0,SZ,150,0.16666666666666666,0.0,0.0
lh_caudalmiddlefrontal -- lh_precuneus,5,0.0,SZ,150,0.03333333333333333,0.0,0.0
lh_caudalmiddlefrontal -- lh_rostralanteriorcingulate,19,0.0,SZ,150,0.12666666666666668,0.0,0.0
lh_caudalmiddlefrontal -- lh_rostralmiddlefrontal,21,1.0,SZ,150,0.14,0.006666666666666667,0.047619047619047616
lh_caudalmiddlefrontal -- lh_superiorfrontal,37,1.0,SZ,150,0.24666666666666667,0.006666666666666667,0.02702702702702703
lh_caudalmiddlefrontal -- lh_superiorparietal,15,1.0,SZ,150,0.1,0.006666666666666667,0.06666666666666667
lh_caudalmiddlefrontal -- lh_superiortemporal,28,0.0,SZ,150,0.18666666666666668,0.0,0.0
lh_caudalmiddlefrontal -- lh_supramarginal,41,1.0,SZ,150,0.2733333333333333,0.006666666666666667,0.024390243902439025
lh_caudalmiddlefrontal -- lh_temporalpole,3,0.0,SZ,150,0.02,0.0,0.0
lh_caudalmiddlefrontal -- lh_transversetemporal,7,3.0,SZ,150,0.04666666666666667,0.02,0.42857142857142855
lh_caudalmiddlefrontal -- rh_bankssts,89,3.0,SZ,150,0.5933333333333334,0.02,0.033707865168539325
lh_caudalmiddlefrontal -- rh_caudalanteriorcingulate,73,1.0,SZ,150,0.4866666666666667,0.006666666666666667,0.0136986301369863
lh_caudalmiddlefrontal -- rh_caudalmiddlefrontal,76,6.0,SZ,150,0.5066666666666667,0.04,0.07894736842105263
lh_caudalmiddlefrontal -- rh_cuneus,7,0.0,SZ,150,0.04666666666666667,0.0,0.0
lh_caudalmiddlefrontal -- rh_frontalpole,14,0.0,SZ,150,0.09333333333333334,0.0,0.0
lh_caudalmiddlefrontal -- rh_fusiform,5,1.0,SZ,150,0.03333333333333333,0.006666666666666667,0.2
lh_caudalmiddlefrontal -- rh_inferiorparietal,27,2.0,SZ,150,0.18,0.013333333333333334,0.07407407407407407
lh_caudalmiddlefrontal -- rh_inferiortemporal,45,5.0,SZ,150,0.3,0.03333333333333333,0.1111111111111111
lh_caudalmiddlefrontal -- rh_insula,43,1.0,SZ,150,0.2866666666666667,0.006666666666666667,0.023255813953488372
lh_caudalmiddlefrontal -- rh_isthmuscingulate,52,2.0,SZ,150,0.3466666666666667,0.013333333333333334,0.038461538461538464
lh_caudalmiddlefrontal -- rh_lateraloccipital,23,0.0,SZ,150,0.15333333333333332,0.0,0.0
lh_caudalmiddlefrontal -- rh_lateralorbitofrontal,17,3.0,SZ,150,0.11333333333333333,0.02,0.17647058823529413
lh_caudalmiddlefrontal -- rh_lingual,3,0.0,SZ,150,0.02,0.0,0.0
lh_caudalmiddlefrontal -- rh_medialorbitofrontal,9,0.0,SZ,150,0.06,0.0,0.0
lh_caudalmiddlefrontal -- rh_middletemporal,64,4.0,SZ,150,0.4266666666666667,0.02666666666666667,0.0625
lh_caudalmiddlefrontal -- rh_paracentral,45,1.0,SZ,150,0.3,0.006666666666666667,0.022222222222222223
lh_caudalmiddlefrontal -- rh_parahippocampal,16,0.0,SZ,150,0.10666666666666667,0.0,0.0
lh_caudalmiddlefrontal -- rh_parsopercularis,26,1.0,SZ,150,0.17333333333333334,0.006666666666666667,0.038461538461538464
lh_caudalmiddlefrontal -- rh_parsorbitalis,4,0.0,SZ,150,0.02666666666666667,0.0,0.0
lh_caudalmiddlefrontal -- rh_parstriangularis,38,2.0,SZ,150,0.25333333333333335,0.013333333333333334,0.05263157894736842
lh_caudalmiddlefrontal -- rh_pericalcarine,17,1.0,SZ,150,0.11333333333333333,0.006666666666666667,0.058823529411764705
lh_caudalmiddlefrontal -- rh_postcentral,10,0.0,SZ,150,0.06666666666666667,0.0,0.0
lh_caudalmiddlefrontal -- rh_posteriorcingulate,85,6.0,SZ,150,0.5666666666666667,0.04,0.07058823529411765
lh_caudalmiddlefrontal -- rh_precentral,15,1.0,SZ,150,0.1,0.006666666666666667,0.06666666666666667
lh_caudalmiddlefrontal -- rh_precuneus,3,0.0,SZ,150,0.02,0.0,0.0
lh_caudalmiddlefrontal -- rh_rostralanteriorcingulate,20,1.0,SZ,150,0.13333333333333333,0.006666666666666667,0.05
lh_caudalmiddlefrontal -- rh_rostralmiddlefrontal,17,0.0,SZ,150,0.11333333333333333,0.0,0.0
lh_caudalmiddlefrontal -- rh_superiorfrontal,36,3.0,SZ,150,0.24,0.02,0.08333333333333333
lh_caudalmiddlefrontal -- rh_superiorparietal,19,0.0,SZ,150,0.12666666666666668,0.0,0.0
lh_caudalmiddlefrontal -- rh_superiortemporal,38,2.0,SZ,150,0.25333333333333335,0.013333333333333334,0.05263157894736842
lh_caudalmiddlefrontal -- rh_supramarginal,13,0.0,SZ,150,0.08666666666666667,0.0,0.0
lh_caudalmiddlefrontal -- rh_temporalpole,5,1.0,SZ,150,0.03333333333333333,0.006666666666666667,0.2
lh_caudalmiddlefrontal -- rh_transversetemporal,1,0.0,SZ,150,0.006666666666666667,0.0,0.0
lh_cuneus -- lh_entorhinal,23,1.0,SZ,150,0.15333333333333332,0.006666666666666667,0.043478260869565216
lh_cuneus -- lh_frontalpole,18,3.0,SZ,150,0.12,0.02,0.16666666666666666
lh_cuneus -- lh_fusiform,3,0.0,SZ,150,0.02,0.0,0.0
lh_cuneus -- lh_inferiorparietal,14,2.0,SZ,150,0.09333333333333334,0.013333333333333334,0.14285714285714285
lh_cuneus -- lh_inferiortemporal,4,2.0,SZ,150,0.02666666666666667,0.013333333333333334,0.5
lh_cuneus -- lh_isthmuscingulate,4,0.0,SZ,150,0.02666666666666667,0.0,0.0
lh_cuneus -- lh_lateraloccipital,2,0.0,SZ,150,0.013333333333333334,0.0,0.0
lh_cuneus -- lh_lateralorbitofrontal,16,3.0,SZ,150,0.10666666666666667,0.02,0.1875
lh_cuneus -- lh_lingual,74,9.0,SZ,150,0.49333333333333335,0.06,0.12162162162162163
lh_cuneus -- lh_medialorbitofrontal,11,4.0,SZ,150,0.07333333333333333,0.02666666666666667,0.36363636363636365
lh_cuneus -- lh_middletemporal,1,0.0,SZ,150,0.006666666666666667,0.0,0.0
lh_cuneus -- lh_paracentral,2,0.0,SZ,150,0.013333333333333334,0.0,0.0
lh_cuneus -- lh_parahippocampal,10,0.0,SZ,150,0.06666666666666667,0.0,0.0
lh_cuneus -- lh_parsopercularis,6,1.0,SZ,150,0.04,0.006666666666666667,0.16666666666666666
lh_cuneus -- lh_parsorbitalis,24,2.0,SZ,150,0.16,0.013333333333333334,0.08333333333333333
lh_cuneus -- lh_parstriangularis,1,0.0,SZ,150,0.006666666666666667,0.0,0.0
lh_cuneus -- lh_pericalcarine,15,5.0,SZ,150,0.1,0.03333333333333333,0.3333333333333333
lh_cuneus -- lh_postcentral,14,0.0,SZ,150,0.09333333333333334,0.0,0.0
lh_cuneus -- lh_precentral,7,0.0,SZ,150,0.04666666666666667,0.0,0.0
lh_cuneus -- lh_precuneus,51,4.0,SZ,150,0.34,0.02666666666666667,0.0784313725490196
lh_cuneus -- lh_rostralanteriorcingulate,5,1.0,SZ,150,0.03333333333333333,0.006666666666666667,0.2
lh_cuneus -- lh_rostralmiddlefrontal,1,0.0,SZ,150,0.006666666666666667,0.0,0.0
lh_cuneus -- lh_superiorparietal,5,0.0,SZ,150,0.03333333333333333,0.0,0.0
lh_cuneus -- lh_supramarginal,6,2.0,SZ,150,0.04,0.013333333333333334,0.3333333333333333
lh_cuneus -- lh_temporalpole,33,4.0,SZ,150,0.22,0.02666666666666667,0.12121212121212122
lh_cuneus -- rh_caudalmiddlefrontal,1,0.0,SZ,150,0.006666666666666667,0.0,0.0
lh_cuneus -- rh_cuneus,83,15.0,SZ,150,0.5533333333333333,0.1,0.18072289156626506
lh_cuneus -- rh_entorhinal,44,5.0,SZ,150,0.29333333333333333,0.03333333333333333,0.11363636363636363
lh_cuneus -- rh_frontalpole,22,7.0,SZ,150,0.14666666666666667,0.04666666666666667,0.3181818181818182
lh_cuneus -- rh_fusiform,5,0.0,SZ,150,0.03333333333333333,0.0,0.0
lh_cuneus -- rh_inferiorparietal,2,0.0,SZ,150,0.013333333333333334,0.0,0.0
lh_cuneus -- rh_inferiortemporal,1,0.0,SZ,150,0.006666666666666667,0.0,0.0
lh_cuneus -- rh_isthmuscingulate,3,2.0,SZ,150,0.02,0.013333333333333334,0.6666666666666666
lh_cuneus -- rh_lateraloccipital,3,0.0,SZ,150,0.02,0.0,0.0
lh_cuneus -- rh_lateralorbitofrontal,11,2.0,SZ,150,0.07333333333333333,0.013333333333333334,0.18181818181818182
lh_cuneus -- rh_lingual,63,9.0,SZ,150,0.42,0.06,0.14285714285714285
lh_cuneus -- rh_medialorbitofrontal,28,5.0,SZ,150,0.18666666666666668,0.03333333333333333,0.17857142857142858
lh_cuneus -- rh_paracentral,1,0.0,SZ,150,0.006666666666666667,0.0,0.0
lh_cuneus -- rh_parahippocampal,4,0.0,SZ,150,0.02666666666666667,0.0,0.0
lh_cuneus -- rh_parsopercularis,3,0.0,SZ,150,0.02,0.0,0.0
lh_cuneus -- rh_parsorbitalis,24,2.0,SZ,150,0.16,0.013333333333333334,0.08333333333333333
lh_cuneus -- rh_parstriangularis,8,0.0,SZ,150,0.05333333333333334,0.0,0.0
lh_cuneus -- rh_pericalcarine,22,4.0,SZ,150,0.14666666666666667,0.02666666666666667,0.18181818181818182
lh_cuneus -- rh_postcentral,13,2.0,SZ,150,0.08666666666666667,0.013333333333333334,0.15384615384615385
lh_cuneus -- rh_precentral,12,3.0,SZ,150,0.08,0.02,0.25
lh_cuneus -- rh_precuneus,47,4.0,SZ,150,0.31333333333333335,0.02666666666666667,0.0851063829787234
lh_cuneus -- rh_rostralanteriorcingulate,2,0.0,SZ,150,0.013333333333333334,0.0,0.0
lh_cuneus -- rh_rostralmiddlefrontal,2,0.0,SZ,150,0.013333333333333334,0.0,0.0
lh_cuneus -- rh_superiorparietal,6,0.0,SZ,150,0.04,0.0,0.0
lh_cuneus -- rh_superiortemporal,1,0.0,SZ,150,0.006666666666666667,0.0,0.0
lh_cuneus -- rh_supramarginal,10,0.0,SZ,150,0.06666666666666667,0.0,0.0
lh_cuneus -- rh_temporalpole,31,1.0,SZ,150,0.20666666666666667,0.006666666666666667,0.03225806451612903
lh_entorhinal -- lh_frontalpole,11,0.0,SZ,150,0.07333333333333333,0.0,0.0
lh_entorhinal -- lh_fusiform,5,2.0,SZ,150,0.03333333333333333,0.013333333333333334,0.4
lh_entorhinal -- lh_inferiorparietal,18,2.0,SZ,150,0.12,0.013333333333333334,0.1111111111111111
lh_entorhinal -- lh_lateralorbitofrontal,10,2.0,SZ,150,0.06666666666666667,0.013333333333333334,0.2
lh_entorhinal -- lh_lingual,71,0.0,SZ,150,0.47333333333333333,0.0,0.0
lh_entorhinal -- lh_medialorbitofrontal,16,1.0,SZ,150,0.10666666666666667,0.006666666666666667,0.0625
lh_entorhinal -- lh_paracentral,3,0.0,SZ,150,0.02,0.0,0.0
lh_entorhinal -- lh_parahippocampal,8,0.0,SZ,150,0.05333333333333334,0.0,0.0
lh_entorhinal -- lh_parsopercularis,5,0.0,SZ,150,0.03333333333333333,0.0,0.0
lh_entorhinal -- lh_parsorbitalis,46,1.0,SZ,150,0.30666666666666664,0.006666666666666667,0.021739130434782608
lh_entorhinal -- lh_parstriangularis,3,1.0,SZ,150,0.02,0.006666666666666667,0.3333333333333333
lh_entorhinal -- lh_pericalcarine,3,1.0,SZ,150,0.02,0.006666666666666667,0.3333333333333333
lh_entorhinal -- lh_postcentral,5,1.0,SZ,150,0.03333333333333333,0.006666666666666667,0.2
lh_entorhinal -- lh_precuneus,67,10.0,SZ,150,0.44666666666666666,0.06666666666666667,0.14925373134328357
lh_entorhinal -- lh_superiorparietal,2,0.0,SZ,150,0.013333333333333334,0.0,0.0
lh_entorhinal -- lh_supramarginal,2,0.0,SZ,150,0.013333333333333334,0.0,0.0
lh_entorhinal -- lh_temporalpole,69,7.0,SZ,150,0.46,0.04666666666666667,0.10144927536231885
lh_entorhinal -- rh_cuneus,16,3.0,SZ,150,0.10666666666666667,0.02,0.1875
lh_entorhinal -- rh_entorhinal,109,12.0,SZ,150,0.7266666666666667,0.08,0.11009174311926606
lh_entorhinal -- rh_frontalpole,14,0.0,SZ,150,0.09333333333333334,0.0,0.0
lh_entorhinal -- rh_fusiform,3,1.0,SZ,150,0.02,0.006666666666666667,0.3333333333333333
lh_entorhinal -- rh_inferiortemporal,2,0.0,SZ,150,0.013333333333333334,0.0,0.0
lh_entorhinal -- rh_lateralorbitofrontal,9,0.0,SZ,150,0.06,0.0,0.0
lh_entorhinal -- rh_lingual,50,4.0,SZ,150,0.3333333333333333,0.02666666666666667,0.08
lh_entorhinal -- rh_medialorbitofrontal,12,3.0,SZ,150,0.08,0.02,0.25
lh_entorhinal -- rh_middletemporal,1,0.0,SZ,150,0.006666666666666667,0.0,0.0
lh_entorhinal -- rh_parahippocampal,2,0.0,SZ,150,0.013333333333333334,0.0,0.0
lh_entorhinal -- rh_parsopercularis,3,0.0,SZ,150,0.02,0.0,0.0
lh_entorhinal -- rh_parsorbitalis,38,2.0,SZ,150,0.25333333333333335,0.013333333333333334,0.05263157894736842
lh_entorhinal -- rh_parstriangularis,7,0.0,SZ,150,0.04666666666666667,0.0,0.0
lh_entorhinal -- rh_pericalcarine,4,1.0,SZ,150,0.02666666666666667,0.006666666666666667,0.25
lh_entorhinal -- rh_postcentral,8,1.0,SZ,150,0.05333333333333334,0.006666666666666667,0.125
lh_entorhinal -- rh_posteriorcingulate,1,0.0,SZ,150,0.006666666666666667,0.0,0.0
lh_entorhinal -- rh_precentral,3,0.0,SZ,150,0.02,0.0,0.0
lh_entorhinal -- rh_precuneus,63,3.0,SZ,150,0.42,0.02,0.047619047619047616
lh_entorhinal -- rh_rostralmiddlefrontal,1,0.0,SZ,150,0.006666666666666667,0.0,0.0
lh_entorhinal -- rh_superiorparietal,2,0.0,SZ,150,0.013333333333333334,0.0,0.0
lh_entorhinal -- rh_supramarginal,19,3.0,SZ,150,0.12666666666666668,0.02,0.15789473684210525
lh_entorhinal -- rh_temporalpole,82,4.0,SZ,150,0.5466666666666666,0.02666666666666667,0.04878048780487805
lh_frontalpole -- lh_fusiform,6,0.0,SZ,150,0.04,0.0,0.0
lh_frontalpole -- lh_inferiortemporal,2,1.0,SZ,150,0.013333333333333334,0.006666666666666667,0.5
lh_frontalpole -- lh_isthmuscingulate,37,1.0,SZ,150,0.24666666666666667,0.006666666666666667,0.02702702702702703
lh_frontalpole -- lh_lateralorbitofrontal,24,4.0,SZ,150,0.16,0.02666666666666667,0.16666666666666666
lh_frontalpole -- lh_lingual,12,1.0,SZ,150,0.08,0.006666666666666667,0.08333333333333333
lh_frontalpole -- lh_medialorbitofrontal,6,0.0,SZ,150,0.04,0.0,0.0
lh_frontalpole -- lh_middletemporal,26,0.0,SZ,150,0.17333333333333334,0.0,0.0
lh_frontalpole -- lh_paracentral,5,0.0,SZ,150,0.03333333333333333,0.0,0.0
lh_frontalpole -- lh_parsorbitalis,73,4.0,SZ,150,0.4866666666666667,0.02666666666666667,0.0547945205479452
lh_frontalpole -- lh_parstriangularis,5,0.0,SZ,150,0.03333333333333333,0.0,0.0
lh_frontalpole -- lh_pericalcarine,99,6.0,SZ,150,0.66,0.04,0.06060606060606061
lh_frontalpole -- lh_posteriorcingulate,9,0.0,SZ,150,0.06,0.0,0.0
lh_frontalpole -- lh_precuneus,19,5.0,SZ,150,0.12666666666666668,0.03333333333333333,0.2631578947368421
lh_frontalpole -- lh_superiortemporal,8,1.0,SZ,150,0.05333333333333334,0.006666666666666667,0.125
lh_frontalpole -- lh_temporalpole,58,4.0,SZ,150,0.38666666666666666,0.02666666666666667,0.06896551724137931
lh_frontalpole -- rh_caudalanteriorcingulate,14,2.0,SZ,150,0.09333333333333334,0.013333333333333334,0.14285714285714285
lh_frontalpole -- rh_caudalmiddlefrontal,11,1.0,SZ,150,0.07333333333333333,0.006666666666666667,0.09090909090909091
lh_frontalpole -- rh_cuneus,4,0.0,SZ,150,0.02666666666666667,0.0,0.0
lh_frontalpole -- rh_entorhinal,15,1.0,SZ,150,0.1,0.006666666666666667,0.06666666666666667
lh_frontalpole -- rh_frontalpole,120,6.0,SZ,150,0.8,0.04,0.05
lh_frontalpole -- rh_fusiform,10,4.0,SZ,150,0.06666666666666667,0.02666666666666667,0.4
lh_frontalpole -- rh_inferiortemporal,23,0.0,SZ,150,0.15333333333333332,0.0,0.0
lh_frontalpole -- rh_isthmuscingulate,28,1.0,SZ,150,0.18666666666666668,0.006666666666666667,0.03571428571428571
lh_frontalpole -- rh_lateralorbitofrontal,11,1.0,SZ,150,0.07333333333333333,0.006666666666666667,0.09090909090909091
lh_frontalpole -- rh_lingual,3,0.0,SZ,150,0.02,0.0,0.0
lh_frontalpole -- rh_medialorbitofrontal,18,2.0,SZ,150,0.12,0.013333333333333334,0.1111111111111111
lh_frontalpole -- rh_middletemporal,26,0.0,SZ,150,0.17333333333333334,0.0,0.0
lh_frontalpole -- rh_paracentral,4,1.0,SZ,150,0.02666666666666667,0.006666666666666667,0.25
lh_frontalpole -- rh_parahippocampal,1,0.0,SZ,150,0.006666666666666667,0.0,0.0
lh_frontalpole -- rh_parsorbitalis,80,4.0,SZ,150,0.5333333333333333,0.02666666666666667,0.05
lh_frontalpole -- rh_parstriangularis,7,0.0,SZ,150,0.04666666666666667,0.0,0.0
lh_frontalpole -- rh_pericalcarine,105,14.0,SZ,150,0.7,0.09333333333333334,0.13333333333333333
lh_frontalpole -- rh_posteriorcingulate,15,0.0,SZ,150,0.1,0.0,0.0
lh_frontalpole -- rh_precuneus,6,0.0,SZ,150,0.04,0.0,0.0
lh_frontalpole -- rh_superiortemporal,22,1.0,SZ,150,0.14666666666666667,0.006666666666666667,0.045454545454545456
lh_frontalpole -- rh_supramarginal,7,0.0,SZ,150,0.04666666666666667,0.0,0.0
lh_frontalpole -- rh_temporalpole,35,3.0,SZ,150,0.23333333333333334,0.02,0.08571428571428572
lh_fusiform -- lh_inferiorparietal,2,0.0,SZ,150,0.013333333333333334,0.0,0.0
lh_fusiform -- lh_inferiortemporal,4,0.0,SZ,150,0.02666666666666667,0.0,0.0
lh_fusiform -- lh_insula,7,0.0,SZ,150,0.04666666666666667,0.0,0.0
lh_fusiform -- lh_isthmuscingulate,7,0.0,SZ,150,0.04666666666666667,0.0,0.0
lh_fusiform -- lh_lateraloccipital,4,1.0,SZ,150,0.02666666666666667,0.006666666666666667,0.25
lh_fusiform -- lh_lateralorbitofrontal,5,2.0,SZ,150,0.03333333333333333,0.013333333333333334,0.4
lh_fusiform -- lh_lingual,2,0.0,SZ,150,0.013333333333333334,0.0,0.0
lh_fusiform -- lh_medialorbitofrontal,20,8.0,SZ,150,0.13333333333333333,0.05333333333333334,0.4
lh_fusiform -- lh_middletemporal,9,2.0,SZ,150,0.06,0.013333333333333334,0.2222222222222222
lh_fusiform -- lh_paracentral,13,2.0,SZ,150,0.08666666666666667,0.013333333333333334,0.15384615384615385
lh_fusiform -- lh_parahippocampal,1,0.0,SZ,150,0.006666666666666667,0.0,0.0
lh_fusiform -- lh_parsorbitalis,1,0.0,SZ,150,0.006666666666666667,0.0,0.0
lh_fusiform -- lh_parstriangularis,2,0.0,SZ,150,0.013333333333333334,0.0,0.0
lh_fusiform -- lh_pericalcarine,10,1.0,SZ,150,0.06666666666666667,0.006666666666666667,0.1
lh_fusiform -- lh_postcentral,1,0.0,SZ,150,0.006666666666666667,0.0,0.0
lh_fusiform -- lh_posteriorcingulate,1,0.0,SZ,150,0.006666666666666667,0.0,0.0
lh_fusiform -- lh_precentral,1,0.0,SZ,150,0.006666666666666667,0.0,0.0
lh_fusiform -- lh_precuneus,1,0.0,SZ,150,0.006666666666666667,0.0,0.0
lh_fusiform -- lh_rostralanteriorcingulate,6,0.0,SZ,150,0.04,0.0,0.0
lh_fusiform -- lh_rostralmiddlefrontal,3,0.0,SZ,150,0.02,0.0,0.0
lh_fusiform -- lh_superiorfrontal,4,0.0,SZ,150,0.02666666666666667,0.0,0.0
lh_fusiform -- lh_superiorparietal,2,0.0,SZ,150,0.013333333333333334,0.0,0.0
lh_fusiform -- lh_superiortemporal,2,0.0,SZ,150,0.013333333333333334,0.0,0.0
lh_fusiform -- lh_supramarginal,5,0.0,SZ,150,0.03333333333333333,0.0,0.0
lh_fusiform -- lh_temporalpole,2,0.0,SZ,150,0.013333333333333334,0.0,0.0
lh_fusiform -- lh_transversetemporal,2,0.0,SZ,150,0.013333333333333334,0.0,0.0
lh_fusiform -- rh_bankssts,3,1.0,SZ,150,0.02,0.006666666666666667,0.3333333333333333
lh_fusiform -- rh_caudalanteriorcingulate,3,0.0,SZ,150,0.02,0.0,0.0
lh_fusiform -- rh_caudalmiddlefrontal,4,0.0,SZ,150,0.02666666666666667,0.0,0.0
lh_fusiform -- rh_cuneus,1,0.0,SZ,150,0.006666666666666667,0.0,0.0
lh_fusiform -- rh_entorhinal,3,1.0,SZ,150,0.02,0.006666666666666667,0.3333333333333333
lh_fusiform -- rh_frontalpole,6,2.0,SZ,150,0.04,0.013333333333333334,0.3333333333333333
lh_fusiform -- rh_fusiform,33,10.0,SZ,150,0.22,0.06666666666666667,0.30303030303030304
lh_fusiform -- rh_inferiorparietal,6,1.0,SZ,150,0.04,0.006666666666666667,0.16666666666666666
lh_fusiform -- rh_inferiortemporal,5,0.0,SZ,150,0.03333333333333333,0.0,0.0
lh_fusiform -- rh_insula,7,0.0,SZ,150,0.04666666666666667,0.0,0.0
lh_fusiform -- rh_isthmuscingulate,12,3.0,SZ,150,0.08,0.02,0.25
lh_fusiform -- rh_lateraloccipital,4,2.0,SZ,150,0.02666666666666667,0.013333333333333334,0.5
lh_fusiform -- rh_lateralorbitofrontal,8,4.0,SZ,150,0.05333333333333334,0.02666666666666667,0.5
lh_fusiform -- rh_lingual,2,0.0,SZ,150,0.013333333333333334,0.0,0.0
lh_fusiform -- rh_medialorbitofrontal,6,1.0,SZ,150,0.04,0.006666666666666667,0.16666666666666666
lh_fusiform -- rh_middletemporal,9,2.0,SZ,150,0.06,0.013333333333333334,0.2222222222222222
lh_fusiform -- rh_paracentral,12,2.0,SZ,150,0.08,0.013333333333333334,0.16666666666666666
lh_fusiform -- rh_parahippocampal,7,1.0,SZ,150,0.04666666666666667,0.006666666666666667,0.14285714285714285
lh_fusiform -- rh_parsopercularis,3,1.0,SZ,150,0.02,0.006666666666666667,0.3333333333333333
lh_fusiform -- rh_parsorbitalis,1,1.0,SZ,150,0.006666666666666667,0.006666666666666667,1.0
lh_fusiform -- rh_parstriangularis,11,0.0,SZ,150,0.07333333333333333,0.0,0.0
lh_fusiform -- rh_pericalcarine,10,0.0,SZ,150,0.06666666666666667,0.0,0.0
lh_fusiform -- rh_postcentral,2,0.0,SZ,150,0.013333333333333334,0.0,0.0
lh_fusiform -- rh_posteriorcingulate,6,0.0,SZ,150,0.04,0.0,0.0
lh_fusiform -- rh_precentral,1,0.0,SZ,150,0.006666666666666667,0.0,0.0
lh_fusiform -- rh_precuneus,2,0.0,SZ,150,0.013333333333333334,0.0,0.0
lh_fusiform -- rh_rostralanteriorcingulate,1,0.0,SZ,150,0.006666666666666667,0.0,0.0
lh_fusiform -- rh_superiorfrontal,5,0.0,SZ,150,0.03333333333333333,0.0,0.0
lh_fusiform -- rh_superiortemporal,6,0.0,SZ,150,0.04,0.0,0.0
lh_fusiform -- rh_supramarginal,10,2.0,SZ,150,0.06666666666666667,0.013333333333333334,0.2
lh_fusiform -- rh_temporalpole,1,0.0,SZ,150,0.006666666666666667,0.0,0.0
lh_inferiorparietal -- lh_inferiortemporal,5,0.0,SZ,150,0.03333333333333333,0.0,0.0
lh_inferiorparietal -- lh_insula,5,0.0,SZ,150,0.03333333333333333,0.0,0.0
lh_inferiorparietal -- lh_isthmuscingulate,4,0.0,SZ,150,0.02666666666666667,0.0,0.0
lh_inferiorparietal -- lh_lateraloccipital,86,2.0,SZ,150,0.5733333333333334,0.013333333333333334,0.023255813953488372
lh_inferiorparietal -- lh_lateralorbitofrontal,10,2.0,SZ,150,0.06666666666666667,0.013333333333333334,0.2
lh_inferiorparietal -- lh_lingual,34,0.0,SZ,150,0.22666666666666666,0.0,0.0
lh_inferiorparietal -- lh_medialorbitofrontal,3,0.0,SZ,150,0.02,0.0,0.0
lh_inferiorparietal -- lh_middletemporal,8,2.0,SZ,150,0.05333333333333334,0.013333333333333334,0.25
lh_inferiorparietal -- lh_paracentral,25,0.0,SZ,150,0.16666666666666666,0.0,0.0
lh_inferiorparietal -- lh_parahippocampal,34,0.0,SZ,150,0.22666666666666666,0.0,0.0
lh_inferiorparietal -- lh_parsopercularis,23,0.0,SZ,150,0.15333333333333332,0.0,0.0
lh_inferiorparietal -- lh_parsorbitalis,3,1.0,SZ,150,0.02,0.006666666666666667,0.3333333333333333
lh_inferiorparietal -- lh_parstriangularis,36,0.0,SZ,150,0.24,0.0,0.0
lh_inferiorparietal -- lh_postcentral,113,7.0,SZ,150,0.7533333333333333,0.04666666666666667,0.061946902654867256
lh_inferiorparietal -- lh_precentral,40,2.0,SZ,150,0.26666666666666666,0.013333333333333334,0.05
lh_inferiorparietal -- lh_precuneus,23,1.0,SZ,150,0.15333333333333332,0.006666666666666667,0.043478260869565216
lh_inferiorparietal -- lh_rostralanteriorcingulate,17,0.0,SZ,150,0.11333333333333333,0.0,0.0
lh_inferiorparietal -- lh_rostralmiddlefrontal,103,6.0,SZ,150,0.6866666666666666,0.04,0.05825242718446602
lh_inferiorparietal -- lh_superiorfrontal,21,1.0,SZ,150,0.14,0.006666666666666667,0.047619047619047616
lh_inferiorparietal -- lh_superiorparietal,125,7.0,SZ,150,0.8333333333333334,0.04666666666666667,0.056
lh_inferiorparietal -- lh_superiortemporal,8,3.0,SZ,150,0.05333333333333334,0.02,0.375
lh_inferiorparietal -- lh_supramarginal,59,5.0,SZ,150,0.3933333333333333,0.03333333333333333,0.0847457627118644
lh_inferiorparietal -- lh_temporalpole,3,1.0,SZ,150,0.02,0.006666666666666667,0.3333333333333333
lh_inferiorparietal -- rh_bankssts,2,0.0,SZ,150,0.013333333333333334,0.0,0.0
lh_inferiorparietal -- rh_caudalanteriorcingulate,5,0.0,SZ,150,0.03333333333333333,0.0,0.0
lh_inferiorparietal -- rh_caudalmiddlefrontal,6,0.0,SZ,150,0.04,0.0,0.0
lh_inferiorparietal -- rh_cuneus,22,1.0,SZ,150,0.14666666666666667,0.006666666666666667,0.045454545454545456
lh_inferiorparietal -- rh_entorhinal,10,1.0,SZ,150,0.06666666666666667,0.006666666666666667,0.1
lh_inferiorparietal -- rh_inferiorparietal,107,6.0,SZ,150,0.7133333333333334,0.04,0.056074766355140186
lh_inferiorparietal -- rh_insula,9,0.0,SZ,150,0.06,0.0,0.0
lh_inferiorparietal -- rh_isthmuscingulate,4,0.0,SZ,150,0.02666666666666667,0.0,0.0
lh_inferiorparietal -- rh_lateraloccipital,82,5.0,SZ,150,0.5466666666666666,0.03333333333333333,0.06097560975609756
lh_inferiorparietal -- rh_lateralorbitofrontal,16,0.0,SZ,150,0.10666666666666667,0.0,0.0
lh_inferiorparietal -- rh_lingual,33,2.0,SZ,150,0.22,0.013333333333333334,0.06060606060606061
lh_inferiorparietal -- rh_medialorbitofrontal,18,0.0,SZ,150,0.12,0.0,0.0
lh_inferiorparietal -- rh_middletemporal,1,0.0,SZ,150,0.006666666666666667,0.0,0.0
lh_inferiorparietal -- rh_paracentral,4,0.0,SZ,150,0.02666666666666667,0.0,0.0
lh_inferiorparietal -- rh_parahippocampal,56,2.0,SZ,150,0.37333333333333335,0.013333333333333334,0.03571428571428571
lh_inferiorparietal -- rh_parsopercularis,22,1.0,SZ,150,0.14666666666666667,0.006666666666666667,0.045454545454545456
lh_inferiorparietal -- rh_parsorbitalis,3,0.0,SZ,150,0.02,0.0,0.0
lh_inferiorparietal -- rh_parstriangularis,22,1.0,SZ,150,0.14666666666666667,0.006666666666666667,0.045454545454545456
lh_inferiorparietal -- rh_postcentral,88,7.0,SZ,150,0.5866666666666667,0.04666666666666667,0.07954545454545454
lh_inferiorparietal -- rh_precentral,43,0.0,SZ,150,0.2866666666666667,0.0,0.0
lh_inferiorparietal -- rh_precuneus,33,2.0,SZ,150,0.22,0.013333333333333334,0.06060606060606061
lh_inferiorparietal -- rh_rostralanteriorcingulate,26,1.0,SZ,150,0.17333333333333334,0.006666666666666667,0.038461538461538464
lh_inferiorparietal -- rh_rostralmiddlefrontal,104,2.0,SZ,150,0.6933333333333334,0.013333333333333334,0.019230769230769232
lh_inferiorparietal -- rh_superiorfrontal,28,0.0,SZ,150,0.18666666666666668,0.0,0.0
lh_inferiorparietal -- rh_superiorparietal,110,3.0,SZ,150,0.7333333333333333,0.02,0.02727272727272727
lh_inferiorparietal -- rh_superiortemporal,1,0.0,SZ,150,0.006666666666666667,0.0,0.0
lh_inferiorparietal -- rh_supramarginal,43,2.0,SZ,150,0.2866666666666667,0.013333333333333334,0.046511627906976744
lh_inferiorparietal -- rh_temporalpole,4,0.0,SZ,150,0.02666666666666667,0.0,0.0
lh_inferiorparietal -- rh_transversetemporal,1,0.0,SZ,150,0.006666666666666667,0.0,0.0
lh_inferiortemporal -- lh_insula,37,1.0,SZ,150,0.24666666666666667,0.006666666666666667,0.02702702702702703
lh_inferiortemporal -- lh_isthmuscingulate,23,1.0,SZ,150,0.15333333333333332,0.006666666666666667,0.043478260869565216
lh_inferiortemporal -- lh_lateraloccipital,13,0.0,SZ,150,0.08666666666666667,0.0,0.0
lh_inferiortemporal -- lh_lateralorbitofrontal,8,1.0,SZ,150,0.05333333333333334,0.006666666666666667,0.125
lh_inferiortemporal -- lh_lingual,3,1.0,SZ,150,0.02,0.006666666666666667,0.3333333333333333
lh_inferiortemporal -- lh_medialorbitofrontal,5,0.0,SZ,150,0.03333333333333333,0.0,0.0
lh_inferiortemporal -- lh_middletemporal,48,5.0,SZ,150,0.32,0.03333333333333333,0.10416666666666667
lh_inferiortemporal -- lh_paracentral,23,2.0,SZ,150,0.15333333333333332,0.013333333333333334,0.08695652173913043
lh_inferiortemporal -- lh_parahippocampal,9,1.0,SZ,150,0.06,0.006666666666666667,0.1111111111111111
lh_inferiortemporal -- lh_parsopercularis,12,1.0,SZ,150,0.08,0.006666666666666667,0.08333333333333333
lh_inferiortemporal -- lh_parsorbitalis,1,0.0,SZ,150,0.006666666666666667,0.0,0.0
lh_inferiortemporal -- lh_parstriangularis,33,6.0,SZ,150,0.22,0.04,0.18181818181818182
lh_inferiortemporal -- lh_pericalcarine,4,0.0,SZ,150,0.02666666666666667,0.0,0.0
lh_inferiortemporal -- lh_postcentral,3,0.0,SZ,150,0.02,0.0,0.0
lh_inferiortemporal -- lh_posteriorcingulate,63,2.0,SZ,150,0.42,0.013333333333333334,0.031746031746031744
lh_inferiortemporal -- lh_precentral,13,1.0,SZ,150,0.08666666666666667,0.006666666666666667,0.07692307692307693
lh_inferiortemporal -- lh_precuneus,5,2.0,SZ,150,0.03333333333333333,0.013333333333333334,0.4
lh_inferiortemporal -- lh_rostralanteriorcingulate,17,0.0,SZ,150,0.11333333333333333,0.0,0.0
lh_inferiortemporal -- lh_rostralmiddlefrontal,9,0.0,SZ,150,0.06,0.0,0.0
lh_inferiortemporal -- lh_superiorfrontal,32,1.0,SZ,150,0.21333333333333335,0.006666666666666667,0.03125
lh_inferiortemporal -- lh_superiorparietal,10,1.0,SZ,150,0.06666666666666667,0.006666666666666667,0.1
lh_inferiortemporal -- lh_superiortemporal,55,3.0,SZ,150,0.36666666666666664,0.02,0.05454545454545454
lh_inferiortemporal -- lh_supramarginal,21,0.0,SZ,150,0.14,0.0,0.0
lh_inferiortemporal -- lh_temporalpole,1,0.0,SZ,150,0.006666666666666667,0.0,0.0
lh_inferiortemporal -- lh_transversetemporal,11,0.0,SZ,150,0.07333333333333333,0.0,0.0
lh_inferiortemporal -- rh_bankssts,68,4.0,SZ,150,0.4533333333333333,0.02666666666666667,0.058823529411764705
lh_inferiortemporal -- rh_caudalanteriorcingulate,38,2.0,SZ,150,0.25333333333333335,0.013333333333333334,0.05263157894736842
lh_inferiortemporal -- rh_caudalmiddlefrontal,42,0.0,SZ,150,0.28,0.0,0.0
lh_inferiortemporal -- rh_cuneus,6,0.0,SZ,150,0.04,0.0,0.0
lh_inferiortemporal -- rh_entorhinal,3,1.0,SZ,150,0.02,0.006666666666666667,0.3333333333333333
lh_inferiortemporal -- rh_frontalpole,2,0.0,SZ,150,0.013333333333333334,0.0,0.0
lh_inferiortemporal -- rh_fusiform,4,1.0,SZ,150,0.02666666666666667,0.006666666666666667,0.25
lh_inferiortemporal -- rh_inferiorparietal,22,0.0,SZ,150,0.14666666666666667,0.0,0.0
lh_inferiortemporal -- rh_inferiortemporal,53,1.0,SZ,150,0.35333333333333333,0.006666666666666667,0.018867924528301886
lh_inferiortemporal -- rh_insula,42,2.0,SZ,150,0.28,0.013333333333333334,0.047619047619047616
lh_inferiortemporal -- rh_isthmuscingulate,32,1.0,SZ,150,0.21333333333333335,0.006666666666666667,0.03125
lh_inferiortemporal -- rh_lateraloccipital,12,0.0,SZ,150,0.08,0.0,0.0
lh_inferiortemporal -- rh_lateralorbitofrontal,9,0.0,SZ,150,0.06,0.0,0.0
lh_inferiortemporal -- rh_lingual,1,0.0,SZ,150,0.006666666666666667,0.0,0.0
lh_inferiortemporal -- rh_medialorbitofrontal,10,1.0,SZ,150,0.06666666666666667,0.006666666666666667,0.1
lh_inferiortemporal -- rh_middletemporal,60,1.0,SZ,150,0.4,0.006666666666666667,0.016666666666666666
lh_inferiortemporal -- rh_paracentral,28,1.0,SZ,150,0.18666666666666668,0.006666666666666667,0.03571428571428571
lh_inferiortemporal -- rh_parahippocampal,16,1.0,SZ,150,0.10666666666666667,0.006666666666666667,0.0625
lh_inferiortemporal -- rh_parsopercularis,27,4.0,SZ,150,0.18,0.02666666666666667,0.14814814814814814
lh_inferiortemporal -- rh_parsorbitalis,1,0.0,SZ,150,0.006666666666666667,0.0,0.0
lh_inferiortemporal -- rh_parstriangularis,28,1.0,SZ,150,0.18666666666666668,0.006666666666666667,0.03571428571428571
lh_inferiortemporal -- rh_pericalcarine,4,1.0,SZ,150,0.02666666666666667,0.006666666666666667,0.25
lh_inferiortemporal -- rh_postcentral,4,0.0,SZ,150,0.02666666666666667,0.0,0.0
lh_inferiortemporal -- rh_posteriorcingulate,48,2.0,SZ,150,0.32,0.013333333333333334,0.041666666666666664
lh_inferiortemporal -- rh_precentral,5,1.0,SZ,150,0.03333333333333333,0.006666666666666667,0.2
lh_inferiortemporal -- rh_precuneus,2,1.0,SZ,150,0.013333333333333334,0.006666666666666667,0.5
lh_inferiortemporal -- rh_rostralanteriorcingulate,20,2.0,SZ,150,0.13333333333333333,0.013333333333333334,0.1
lh_inferiortemporal -- rh_rostralmiddlefrontal,8,0.0,SZ,150,0.05333333333333334,0.0,0.0
lh_inferiortemporal -- rh_superiorfrontal,38,0.0,SZ,150,0.25333333333333335,0.0,0.0
lh_inferiortemporal -- rh_superiorparietal,9,1.0,SZ,150,0.06,0.006666666666666667,0.1111111111111111
lh_inferiortemporal -- rh_superiortemporal,53,3.0,SZ,150,0.35333333333333333,0.02,0.05660377358490566
lh_inferiortemporal -- rh_supramarginal,8,0.0,SZ,150,0.05333333333333334,0.0,0.0
lh_inferiortemporal -- rh_temporalpole,1,0.0,SZ,150,0.006666666666666667,0.0,0.0
lh_inferiortemporal -- rh_transversetemporal,1,0.0,SZ,150,0.006666666666666667,0.0,0.0
lh_insula -- lh_isthmuscingulate,14,0.0,SZ,150,0.09333333333333334,0.0,0.0
lh_insula -- lh_lateraloccipital,26,0.0,SZ,150,0.17333333333333334,0.0,0.0
lh_insula -- lh_lateralorbitofrontal,4,0.0,SZ,150,0.02666666666666667,0.0,0.0
lh_insula -- lh_lingual,1,0.0,SZ,150,0.006666666666666667,0.0,0.0
lh_insula -- lh_medialorbitofrontal,6,1.0,SZ,150,0.04,0.006666666666666667,0.16666666666666666
lh_insula -- lh_middletemporal,20,3.0,SZ,150,0.13333333333333333,0.02,0.15
lh_insula -- lh_paracentral,22,0.0,SZ,150,0.14666666666666667,0.0,0.0
lh_insula -- lh_parahippocampal,22,1.0,SZ,150,0.14666666666666667,0.006666666666666667,0.045454545454545456
lh_insula -- lh_parsopercularis,24,1.0,SZ,150,0.16,0.006666666666666667,0.041666666666666664
lh_insula -- lh_parstriangularis,43,1.0,SZ,150,0.2866666666666667,0.006666666666666667,0.023255813953488372
lh_insula -- lh_posteriorcingulate,55,2.0,SZ,150,0.36666666666666664,0.013333333333333334,0.03636363636363636
lh_insula -- lh_precentral,41,2.0,SZ,150,0.2733333333333333,0.013333333333333334,0.04878048780487805
lh_insula -- lh_rostralanteriorcingulate,40,3.0,SZ,150,0.26666666666666666,0.02,0.075
lh_insula -- lh_rostralmiddlefrontal,19,1.0,SZ,150,0.12666666666666668,0.006666666666666667,0.05263157894736842
lh_insula -- lh_superiorfrontal,103,4.0,SZ,150,0.6866666666666666,0.02666666666666667,0.038834951456310676
lh_insula -- lh_superiorparietal,5,0.0,SZ,150,0.03333333333333333,0.0,0.0
lh_insula -- lh_superiortemporal,33,3.0,SZ,150,0.22,0.02,0.09090909090909091
lh_insula -- lh_supramarginal,38,0.0,SZ,150,0.25333333333333335,0.0,0.0
lh_insula -- lh_transversetemporal,29,3.0,SZ,150,0.19333333333333333,0.02,0.10344827586206896
lh_insula -- rh_bankssts,92,3.0,SZ,150,0.6133333333333333,0.02,0.03260869565217391
lh_insula -- rh_caudalanteriorcingulate,61,3.0,SZ,150,0.4066666666666667,0.02,0.04918032786885246
lh_insula -- rh_caudalmiddlefrontal,73,5.0,SZ,150,0.4866666666666667,0.03333333333333333,0.0684931506849315
lh_insula -- rh_cuneus,3,0.0,SZ,150,0.02,0.0,0.0
lh_insula -- rh_fusiform,9,4.0,SZ,150,0.06,0.02666666666666667,0.4444444444444444
lh_insula -- rh_inferiorparietal,17,0.0,SZ,150,0.11333333333333333,0.0,0.0
lh_insula -- rh_inferiortemporal,16,0.0,SZ,150,0.10666666666666667,0.0,0.0
lh_insula -- rh_insula,148,12.0,SZ,150,0.9866666666666667,0.08,0.08108108108108109
lh_insula -- rh_isthmuscingulate,37,1.0,SZ,150,0.24666666666666667,0.006666666666666667,0.02702702702702703
lh_insula -- rh_lateraloccipital,28,0.0,SZ,150,0.18666666666666668,0.0,0.0
lh_insula -- rh_lateralorbitofrontal,7,2.0,SZ,150,0.04666666666666667,0.013333333333333334,0.2857142857142857
lh_insula -- rh_medialorbitofrontal,12,1.0,SZ,150,0.08,0.006666666666666667,0.08333333333333333
lh_insula -- rh_middletemporal,15,0.0,SZ,150,0.1,0.0,0.0
lh_insula -- rh_paracentral,24,2.0,SZ,150,0.16,0.013333333333333334,0.08333333333333333
lh_insula -- rh_parahippocampal,42,5.0,SZ,150,0.28,0.03333333333333333,0.11904761904761904
lh_insula -- rh_parsopercularis,55,5.0,SZ,150,0.36666666666666664,0.03333333333333333,0.09090909090909091
lh_insula -- rh_parstriangularis,25,0.0,SZ,150,0.16666666666666666,0.0,0.0
lh_insula -- rh_postcentral,1,0.0,SZ,150,0.006666666666666667,0.0,0.0
lh_insula -- rh_posteriorcingulate,50,3.0,SZ,150,0.3333333333333333,0.02,0.06
lh_insula -- rh_precentral,29,0.0,SZ,150,0.19333333333333333,0.0,0.0
lh_insula -- rh_rostralanteriorcingulate,35,1.0,SZ,150,0.23333333333333334,0.006666666666666667,0.02857142857142857
lh_insula -- rh_rostralmiddlefrontal,13,0.0,SZ,150,0.08666666666666667,0.0,0.0
lh_insula -- rh_superiorfrontal,98,8.0,SZ,150,0.6533333333333333,0.05333333333333334,0.08163265306122448
lh_insula -- rh_superiorparietal,6,0.0,SZ,150,0.04,0.0,0.0
lh_insula -- rh_superiortemporal,24,1.0,SZ,150,0.16,0.006666666666666667,0.041666666666666664
lh_insula -- rh_supramarginal,9,0.0,SZ,150,0.06,0.0,0.0
lh_insula -- rh_transversetemporal,17,5.0,SZ,150,0.11333333333333333,0.03333333333333333,0.29411764705882354
lh_isthmuscingulate -- lh_lateraloccipital,6,0.0,SZ,150,0.04,0.0,0.0
lh_isthmuscingulate -- lh_lateralorbitofrontal,23,1.0,SZ,150,0.15333333333333332,0.006666666666666667,0.043478260869565216
lh_isthmuscingulate -- lh_medialorbitofrontal,5,0.0,SZ,150,0.03333333333333333,0.0,0.0
lh_isthmuscingulate -- lh_middletemporal,70,6.0,SZ,150,0.4666666666666667,0.04,0.08571428571428572
lh_isthmuscingulate -- lh_paracentral,51,5.0,SZ,150,0.34,0.03333333333333333,0.09803921568627451
lh_isthmuscingulate -- lh_parahippocampal,4,0.0,SZ,150,0.02666666666666667,0.0,0.0
lh_isthmuscingulate -- lh_parsopercularis,4,0.0,SZ,150,0.02666666666666667,0.0,0.0
lh_isthmuscingulate -- lh_parsorbitalis,8,0.0,SZ,150,0.05333333333333334,0.0,0.0
lh_isthmuscingulate -- lh_parstriangularis,21,2.0,SZ,150,0.14,0.013333333333333334,0.09523809523809523
lh_isthmuscingulate -- lh_pericalcarine,59,7.0,SZ,150,0.3933333333333333,0.04666666666666667,0.11864406779661017
lh_isthmuscingulate -- lh_postcentral,1,0.0,SZ,150,0.006666666666666667,0.0,0.0
lh_isthmuscingulate -- lh_posteriorcingulate,96,3.0,SZ,150,0.64,0.02,0.03125
lh_isthmuscingulate -- lh_precentral,5,1.0,SZ,150,0.03333333333333333,0.006666666666666667,0.2
lh_isthmuscingulate -- lh_rostralanteriorcingulate,9,1.0,SZ,150,0.06,0.006666666666666667,0.1111111111111111
lh_isthmuscingulate -- lh_rostralmiddlefrontal,8,0.0,SZ,150,0.05333333333333334,0.0,0.0
lh_isthmuscingulate -- lh_superiorfrontal,20,0.0,SZ,150,0.13333333333333333,0.0,0.0
lh_isthmuscingulate -- lh_superiorparietal,2,0.0,SZ,150,0.013333333333333334,0.0,0.0
lh_isthmuscingulate -- lh_superiortemporal,36,0.0,SZ,150,0.24,0.0,0.0
lh_isthmuscingulate -- lh_supramarginal,16,1.0,SZ,150,0.10666666666666667,0.006666666666666667,0.0625
lh_isthmuscingulate -- lh_temporalpole,1,0.0,SZ,150,0.006666666666666667,0.0,0.0
lh_isthmuscingulate -- lh_transversetemporal,1,1.0,SZ,150,0.006666666666666667,0.006666666666666667,1.0
lh_isthmuscingulate -- rh_bankssts,61,5.0,SZ,150,0.4066666666666667,0.03333333333333333,0.08196721311475409
lh_isthmuscingulate -- rh_caudalanteriorcingulate,76,3.0,SZ,150,0.5066666666666667,0.02,0.039473684210526314
lh_isthmuscingulate -- rh_caudalmiddlefrontal,40,4.0,SZ,150,0.26666666666666666,0.02666666666666667,0.1
lh_isthmuscingulate -- rh_frontalpole,35,2.0,SZ,150,0.23333333333333334,0.013333333333333334,0.05714285714285714
lh_isthmuscingulate -- rh_fusiform,7,0.0,SZ,150,0.04666666666666667,0.0,0.0
lh_isthmuscingulate -- rh_inferiorparietal,13,1.0,SZ,150,0.08666666666666667,0.006666666666666667,0.07692307692307693
lh_isthmuscingulate -- rh_inferiortemporal,47,3.0,SZ,150,0.31333333333333335,0.02,0.06382978723404255
lh_isthmuscingulate -- rh_insula,13,0.0,SZ,150,0.08666666666666667,0.0,0.0
lh_isthmuscingulate -- rh_isthmuscingulate,102,6.0,SZ,150,0.68,0.04,0.058823529411764705
lh_isthmuscingulate -- rh_lateraloccipital,8,0.0,SZ,150,0.05333333333333334,0.0,0.0
lh_isthmuscingulate -- rh_lateralorbitofrontal,30,0.0,SZ,150,0.2,0.0,0.0
lh_isthmuscingulate -- rh_medialorbitofrontal,12,0.0,SZ,150,0.08,0.0,0.0
lh_isthmuscingulate -- rh_middletemporal,79,4.0,SZ,150,0.5266666666666666,0.02666666666666667,0.05063291139240506
lh_isthmuscingulate -- rh_paracentral,56,8.0,SZ,150,0.37333333333333335,0.05333333333333334,0.14285714285714285
lh_isthmuscingulate -- rh_parahippocampal,7,0.0,SZ,150,0.04666666666666667,0.0,0.0
lh_isthmuscingulate -- rh_parsopercularis,13,1.0,SZ,150,0.08666666666666667,0.006666666666666667,0.07692307692307693
lh_isthmuscingulate -- rh_parsorbitalis,8,0.0,SZ,150,0.05333333333333334,0.0,0.0
lh_isthmuscingulate -- rh_parstriangularis,39,2.0,SZ,150,0.26,0.013333333333333334,0.05128205128205128
lh_isthmuscingulate -- rh_pericalcarine,53,4.0,SZ,150,0.35333333333333333,0.02666666666666667,0.07547169811320754
lh_isthmuscingulate -- rh_postcentral,2,0.0,SZ,150,0.013333333333333334,0.0,0.0
lh_isthmuscingulate -- rh_posteriorcingulate,74,2.0,SZ,150,0.49333333333333335,0.013333333333333334,0.02702702702702703
lh_isthmuscingulate -- rh_precentral,2,0.0,SZ,150,0.013333333333333334,0.0,0.0
lh_isthmuscingulate -- rh_rostralanteriorcingulate,9,1.0,SZ,150,0.06,0.006666666666666667,0.1111111111111111
lh_isthmuscingulate -- rh_rostralmiddlefrontal,11,1.0,SZ,150,0.07333333333333333,0.006666666666666667,0.09090909090909091
lh_isthmuscingulate -- rh_superiorfrontal,22,0.0,SZ,150,0.14666666666666667,0.0,0.0
lh_isthmuscingulate -- rh_superiorparietal,2,0.0,SZ,150,0.013333333333333334,0.0,0.0
lh_isthmuscingulate -- rh_superiortemporal,46,2.0,SZ,150,0.30666666666666664,0.013333333333333334,0.043478260869565216
lh_isthmuscingulate -- rh_supramarginal,9,0.0,SZ,150,0.06,0.0,0.0
lh_isthmuscingulate -- rh_temporalpole,2,0.0,SZ,150,0.013333333333333334,0.0,0.0
lh_lateraloccipital -- lh_lateralorbitofrontal,4,0.0,SZ,150,0.02666666666666667,0.0,0.0
lh_lateraloccipital -- lh_lingual,8,0.0,SZ,150,0.05333333333333334,0.0,0.0
lh_lateraloccipital -- lh_medialorbitofrontal,4,0.0,SZ,150,0.02666666666666667,0.0,0.0
lh_lateraloccipital -- lh_middletemporal,8,2.0,SZ,150,0.05333333333333334,0.013333333333333334,0.25
lh_lateraloccipital -- lh_paracentral,19,0.0,SZ,150,0.12666666666666668,0.0,0.0
lh_lateraloccipital -- lh_parahippocampal,65,4.0,SZ,150,0.43333333333333335,0.02666666666666667,0.06153846153846154
lh_lateraloccipital -- lh_parsopercularis,41,0.0,SZ,150,0.2733333333333333,0.0,0.0
lh_lateraloccipital -- lh_parstriangularis,28,0.0,SZ,150,0.18666666666666668,0.0,0.0
lh_lateraloccipital -- lh_postcentral,93,1.0,SZ,150,0.62,0.006666666666666667,0.010752688172043012
lh_lateraloccipital -- lh_posteriorcingulate,1,0.0,SZ,150,0.006666666666666667,0.0,0.0
lh_lateraloccipital -- lh_precentral,100,3.0,SZ,150,0.6666666666666666,0.02,0.03
lh_lateraloccipital -- lh_precuneus,7,0.0,SZ,150,0.04666666666666667,0.0,0.0
lh_lateraloccipital -- lh_rostralanteriorcingulate,72,7.0,SZ,150,0.48,0.04666666666666667,0.09722222222222222
lh_lateraloccipital -- lh_rostralmiddlefrontal,130,7.0,SZ,150,0.8666666666666667,0.04666666666666667,0.05384615384615385
lh_lateraloccipital -- lh_superiorfrontal,61,6.0,SZ,150,0.4066666666666667,0.04,0.09836065573770492
lh_lateraloccipital -- lh_superiorparietal,129,7.0,SZ,150,0.86,0.04666666666666667,0.05426356589147287
lh_lateraloccipital -- lh_superiortemporal,19,0.0,SZ,150,0.12666666666666668,0.0,0.0
lh_lateraloccipital -- lh_supramarginal,83,3.0,SZ,150,0.5533333333333333,0.02,0.03614457831325301
lh_lateraloccipital -- lh_transversetemporal,3,0.0,SZ,150,0.02,0.0,0.0
lh_lateraloccipital -- rh_bankssts,8,0.0,SZ,150,0.05333333333333334,0.0,0.0
lh_lateraloccipital -- rh_caudalanteriorcingulate,7,0.0,SZ,150,0.04666666666666667,0.0,0.0
lh_lateraloccipital -- rh_caudalmiddlefrontal,6,0.0,SZ,150,0.04,0.0,0.0
lh_lateraloccipital -- rh_cuneus,15,1.0,SZ,150,0.1,0.006666666666666667,0.06666666666666667
lh_lateraloccipital -- rh_inferiorparietal,106,8.0,SZ,150,0.7066666666666667,0.05333333333333334,0.07547169811320754
lh_lateraloccipital -- rh_insula,40,0.0,SZ,150,0.26666666666666666,0.0,0.0
lh_lateraloccipital -- rh_isthmuscingulate,2,0.0,SZ,150,0.013333333333333334,0.0,0.0
lh_lateraloccipital -- rh_lateraloccipital,149,8.0,SZ,150,0.9933333333333333,0.05333333333333334,0.053691275167785234
lh_lateraloccipital -- rh_lateralorbitofrontal,9,0.0,SZ,150,0.06,0.0,0.0
lh_lateraloccipital -- rh_lingual,9,0.0,SZ,150,0.06,0.0,0.0
lh_lateraloccipital -- rh_medialorbitofrontal,19,0.0,SZ,150,0.12666666666666668,0.0,0.0
lh_lateraloccipital -- rh_paracentral,11,0.0,SZ,150,0.07333333333333333,0.0,0.0
lh_lateraloccipital -- rh_parahippocampal,82,3.0,SZ,150,0.5466666666666666,0.02,0.036585365853658534
lh_lateraloccipital -- rh_parsopercularis,45,3.0,SZ,150,0.3,0.02,0.06666666666666667
lh_lateraloccipital -- rh_parstriangularis,23,3.0,SZ,150,0.15333333333333332,0.02,0.13043478260869565
lh_lateraloccipital -- rh_postcentral,72,3.0,SZ,150,0.48,0.02,0.041666666666666664
lh_lateraloccipital -- rh_precentral,106,4.0,SZ,150,0.7066666666666667,0.02666666666666667,0.03773584905660377
lh_lateraloccipital -- rh_precuneus,6,0.0,SZ,150,0.04,0.0,0.0
lh_lateraloccipital -- rh_rostralanteriorcingulate,62,3.0,SZ,150,0.41333333333333333,0.02,0.04838709677419355
lh_lateraloccipital -- rh_rostralmiddlefrontal,128,5.0,SZ,150,0.8533333333333334,0.03333333333333333,0.0390625
lh_lateraloccipital -- rh_superiorfrontal,70,2.0,SZ,150,0.4666666666666667,0.013333333333333334,0.02857142857142857
lh_lateraloccipital -- rh_superiorparietal,135,12.0,SZ,150,0.9,0.08,0.08888888888888889
lh_lateraloccipital -- rh_superiortemporal,2,0.0,SZ,150,0.013333333333333334,0.0,0.0
lh_lateraloccipital -- rh_supramarginal,18,0.0,SZ,150,0.12,0.0,0.0
lh_lateraloccipital -- rh_transversetemporal,2,0.0,SZ,150,0.013333333333333334,0.0,0.0
lh_lateralorbitofrontal -- lh_lingual,11,2.0,SZ,150,0.07333333333333333,0.013333333333333334,0.18181818181818182
lh_lateralorbitofrontal -- lh_medialorbitofrontal,16,1.0,SZ,150,0.10666666666666667,0.006666666666666667,0.0625
lh_lateralorbitofrontal -- lh_middletemporal,22,2.0,SZ,150,0.14666666666666667,0.013333333333333334,0.09090909090909091
lh_lateralorbitofrontal -- lh_paracentral,8,0.0,SZ,150,0.05333333333333334,0.0,0.0
lh_lateralorbitofrontal -- lh_parahippocampal,8,0.0,SZ,150,0.05333333333333334,0.0,0.0
lh_lateralorbitofrontal -- lh_parsopercularis,9,1.0,SZ,150,0.06,0.006666666666666667,0.1111111111111111
lh_lateralorbitofrontal -- lh_parsorbitalis,7,0.0,SZ,150,0.04666666666666667,0.0,0.0
lh_lateralorbitofrontal -- lh_parstriangularis,10,0.0,SZ,150,0.06666666666666667,0.0,0.0
lh_lateralorbitofrontal -- lh_pericalcarine,23,2.0,SZ,150,0.15333333333333332,0.013333333333333334,0.08695652173913043
lh_lateralorbitofrontal -- lh_postcentral,16,1.0,SZ,150,0.10666666666666667,0.006666666666666667,0.0625
lh_lateralorbitofrontal -- lh_posteriorcingulate,7,0.0,SZ,150,0.04666666666666667,0.0,0.0
lh_lateralorbitofrontal -- lh_precentral,9,1.0,SZ,150,0.06,0.006666666666666667,0.1111111111111111
lh_lateralorbitofrontal -- lh_precuneus,8,0.0,SZ,150,0.05333333333333334,0.0,0.0
lh_lateralorbitofrontal -- lh_rostralanteriorcingulate,6,0.0,SZ,150,0.04,0.0,0.0
lh_lateralorbitofrontal -- lh_rostralmiddlefrontal,5,0.0,SZ,150,0.03333333333333333,0.0,0.0
lh_lateralorbitofrontal -- lh_superiorfrontal,2,0.0,SZ,150,0.013333333333333334,0.0,0.0
lh_lateralorbitofrontal -- lh_superiorparietal,8,1.0,SZ,150,0.05333333333333334,0.006666666666666667,0.125
lh_lateralorbitofrontal -- lh_superiortemporal,8,0.0,SZ,150,0.05333333333333334,0.0,0.0
lh_lateralorbitofrontal -- lh_supramarginal,10,1.0,SZ,150,0.06666666666666667,0.006666666666666667,0.1
lh_lateralorbitofrontal -- lh_temporalpole,7,1.0,SZ,150,0.04666666666666667,0.006666666666666667,0.14285714285714285
lh_lateralorbitofrontal -- lh_transversetemporal,2,0.0,SZ,150,0.013333333333333334,0.0,0.0
lh_lateralorbitofrontal -- rh_bankssts,6,2.0,SZ,150,0.04,0.013333333333333334,0.3333333333333333
lh_lateralorbitofrontal -- rh_caudalanteriorcingulate,6,0.0,SZ,150,0.04,0.0,0.0
lh_lateralorbitofrontal -- rh_caudalmiddlefrontal,4,0.0,SZ,150,0.02666666666666667,0.0,0.0
lh_lateralorbitofrontal -- rh_cuneus,2,0.0,SZ,150,0.013333333333333334,0.0,0.0
lh_lateralorbitofrontal -- rh_entorhinal,9,1.0,SZ,150,0.06,0.006666666666666667,0.1111111111111111
lh_lateralorbitofrontal -- rh_frontalpole,18,3.0,SZ,150,0.12,0.02,0.16666666666666666
lh_lateralorbitofrontal -- rh_fusiform,4,0.0,SZ,150,0.02666666666666667,0.0,0.0
lh_lateralorbitofrontal -- rh_inferiorparietal,11,2.0,SZ,150,0.07333333333333333,0.013333333333333334,0.18181818181818182
lh_lateralorbitofrontal -- rh_inferiortemporal,11,3.0,SZ,150,0.07333333333333333,0.02,0.2727272727272727
lh_lateralorbitofrontal -- rh_insula,1,0.0,SZ,150,0.006666666666666667,0.0,0.0
lh_lateralorbitofrontal -- rh_isthmuscingulate,19,2.0,SZ,150,0.12666666666666668,0.013333333333333334,0.10526315789473684
lh_lateralorbitofrontal -- rh_lateraloccipital,2,0.0,SZ,150,0.013333333333333334,0.0,0.0
lh_lateralorbitofrontal -- rh_lateralorbitofrontal,21,3.0,SZ,150,0.14,0.02,0.14285714285714285
lh_lateralorbitofrontal -- rh_lingual,12,0.0,SZ,150,0.08,0.0,0.0
lh_lateralorbitofrontal -- rh_medialorbitofrontal,20,4.0,SZ,150,0.13333333333333333,0.02666666666666667,0.2
lh_lateralorbitofrontal -- rh_middletemporal,16,0.0,SZ,150,0.10666666666666667,0.0,0.0
lh_lateralorbitofrontal -- rh_paracentral,23,6.0,SZ,150,0.15333333333333332,0.04,0.2608695652173913
lh_lateralorbitofrontal -- rh_parahippocampal,6,0.0,SZ,150,0.04,0.0,0.0
lh_lateralorbitofrontal -- rh_parsorbitalis,13,1.0,SZ,150,0.08666666666666667,0.006666666666666667,0.07692307692307693
lh_lateralorbitofrontal -- rh_parstriangularis,8,0.0,SZ,150,0.05333333333333334,0.0,0.0
lh_lateralorbitofrontal -- rh_pericalcarine,23,2.0,SZ,150,0.15333333333333332,0.013333333333333334,0.08695652173913043
lh_lateralorbitofrontal -- rh_postcentral,9,0.0,SZ,150,0.06,0.0,0.0
lh_lateralorbitofrontal -- rh_posteriorcingulate,9,0.0,SZ,150,0.06,0.0,0.0
lh_lateralorbitofrontal -- rh_precentral,9,0.0,SZ,150,0.06,0.0,0.0
lh_lateralorbitofrontal -- rh_precuneus,10,1.0,SZ,150,0.06666666666666667,0.006666666666666667,0.1
lh_lateralorbitofrontal -- rh_rostralanteriorcingulate,4,0.0,SZ,150,0.02666666666666667,0.0,0.0
lh_lateralorbitofrontal -- rh_rostralmiddlefrontal,7,0.0,SZ,150,0.04666666666666667,0.0,0.0
lh_lateralorbitofrontal -- rh_superiorfrontal,1,1.0,SZ,150,0.006666666666666667,0.006666666666666667,1.0
lh_lateralorbitofrontal -- rh_superiorparietal,11,2.0,SZ,150,0.07333333333333333,0.013333333333333334,0.18181818181818182
lh_lateralorbitofrontal -- rh_superiortemporal,9,0.0,SZ,150,0.06,0.0,0.0
lh_lateralorbitofrontal -- rh_supramarginal,10,0.0,SZ,150,0.06666666666666667,0.0,0.0
lh_lateralorbitofrontal -- rh_temporalpole,6,1.0,SZ,150,0.04,0.006666666666666667,0.16666666666666666
lh_lateralorbitofrontal -- rh_transversetemporal,1,0.0,SZ,150,0.006666666666666667,0.0,0.0
lh_lingual -- lh_medialorbitofrontal,6,0.0,SZ,150,0.04,0.0,0.0
lh_lingual -- lh_middletemporal,1,0.0,SZ,150,0.006666666666666667,0.0,0.0
lh_lingual -- lh_paracentral,3,0.0,SZ,150,0.02,0.0,0.0
lh_lingual -- lh_parahippocampal,21,1.0,SZ,150,0.14,0.006666666666666667,0.047619047619047616
lh_lingual -- lh_parsopercularis,4,0.0,SZ,150,0.02666666666666667,0.0,0.0
lh_lingual -- lh_parsorbitalis,34,3.0,SZ,150,0.22666666666666666,0.02,0.08823529411764706
lh_lingual -- lh_parstriangularis,6,0.0,SZ,150,0.04,0.0,0.0
lh_lingual -- lh_pericalcarine,3,1.0,SZ,150,0.02,0.006666666666666667,0.3333333333333333
lh_lingual -- lh_postcentral,20,0.0,SZ,150,0.13333333333333333,0.0,0.0
lh_lingual -- lh_posteriorcingulate,1,0.0,SZ,150,0.006666666666666667,0.0,0.0
lh_lingual -- lh_precentral,2,0.0,SZ,150,0.013333333333333334,0.0,0.0
lh_lingual -- lh_precuneus,76,8.0,SZ,150,0.5066666666666667,0.05333333333333334,0.10526315789473684
lh_lingual -- lh_rostralmiddlefrontal,8,0.0,SZ,150,0.05333333333333334,0.0,0.0
lh_lingual -- lh_superiorfrontal,1,0.0,SZ,150,0.006666666666666667,0.0,0.0
lh_lingual -- lh_superiorparietal,16,0.0,SZ,150,0.10666666666666667,0.0,0.0
lh_lingual -- lh_supramarginal,7,0.0,SZ,150,0.04666666666666667,0.0,0.0
lh_lingual -- lh_temporalpole,47,7.0,SZ,150,0.31333333333333335,0.04666666666666667,0.14893617021276595
lh_lingual -- rh_cuneus,35,2.0,SZ,150,0.23333333333333334,0.013333333333333334,0.05714285714285714
lh_lingual -- rh_entorhinal,79,6.0,SZ,150,0.5266666666666666,0.04,0.0759493670886076
lh_lingual -- rh_frontalpole,9,2.0,SZ,150,0.06,0.013333333333333334,0.2222222222222222
lh_lingual -- rh_fusiform,1,0.0,SZ,150,0.006666666666666667,0.0,0.0
lh_lingual -- rh_inferiorparietal,7,0.0,SZ,150,0.04666666666666667,0.0,0.0
lh_lingual -- rh_inferiortemporal,3,0.0,SZ,150,0.02,0.0,0.0
lh_lingual -- rh_insula,1,0.0,SZ,150,0.006666666666666667,0.0,0.0
lh_lingual -- rh_isthmuscingulate,2,0.0,SZ,150,0.013333333333333334,0.0,0.0
lh_lingual -- rh_lateraloccipital,5,0.0,SZ,150,0.03333333333333333,0.0,0.0
lh_lingual -- rh_lateralorbitofrontal,12,2.0,SZ,150,0.08,0.013333333333333334,0.16666666666666666
lh_lingual -- rh_lingual,120,14.0,SZ,150,0.8,0.09333333333333334,0.11666666666666667
lh_lingual -- rh_medialorbitofrontal,10,0.0,SZ,150,0.06666666666666667,0.0,0.0
lh_lingual -- rh_middletemporal,1,0.0,SZ,150,0.006666666666666667,0.0,0.0
lh_lingual -- rh_parahippocampal,9,0.0,SZ,150,0.06,0.0,0.0
lh_lingual -- rh_parsopercularis,3,0.0,SZ,150,0.02,0.0,0.0
lh_lingual -- rh_parsorbitalis,21,1.0,SZ,150,0.14,0.006666666666666667,0.047619047619047616
lh_lingual -- rh_parstriangularis,15,0.0,SZ,150,0.1,0.0,0.0
lh_lingual -- rh_pericalcarine,3,1.0,SZ,150,0.02,0.006666666666666667,0.3333333333333333
lh_lingual -- rh_postcentral,24,3.0,SZ,150,0.16,0.02,0.125
lh_lingual -- rh_precentral,3,0.0,SZ,150,0.02,0.0,0.0
lh_lingual -- rh_precuneus,92,10.0,SZ,150,0.6133333333333333,0.06666666666666667,0.10869565217391304
lh_lingual -- rh_rostralmiddlefrontal,8,1.0,SZ,150,0.05333333333333334,0.006666666666666667,0.125
lh_lingual -- rh_superiorfrontal,1,0.0,SZ,150,0.006666666666666667,0.0,0.0
lh_lingual -- rh_superiorparietal,17,2.0,SZ,150,0.11333333333333333,0.013333333333333334,0.11764705882352941
lh_lingual -- rh_supramarginal,15,3.0,SZ,150,0.1,0.02,0.2
lh_lingual -- rh_temporalpole,49,4.0,SZ,150,0.32666666666666666,0.02666666666666667,0.08163265306122448
lh_medialorbitofrontal -- lh_middletemporal,4,0.0,SZ,150,0.02666666666666667,0.0,0.0
lh_medialorbitofrontal -- lh_paracentral,4,0.0,SZ,150,0.02666666666666667,0.0,0.0
lh_medialorbitofrontal -- lh_parahippocampal,3,0.0,SZ,150,0.02,0.0,0.0
lh_medialorbitofrontal -- lh_parsopercularis,8,2.0,SZ,150,0.05333333333333334,0.013333333333333334,0.25
lh_medialorbitofrontal -- lh_parsorbitalis,17,0.0,SZ,150,0.11333333333333333,0.0,0.0
lh_medialorbitofrontal -- lh_parstriangularis,8,0.0,SZ,150,0.05333333333333334,0.0,0.0
lh_medialorbitofrontal -- lh_pericalcarine,9,3.0,SZ,150,0.06,0.02,0.3333333333333333
lh_medialorbitofrontal -- lh_postcentral,4,0.0,SZ,150,0.02666666666666667,0.0,0.0
lh_medialorbitofrontal -- lh_posteriorcingulate,9,0.0,SZ,150,0.06,0.0,0.0
lh_medialorbitofrontal -- lh_precentral,2,0.0,SZ,150,0.013333333333333334,0.0,0.0
lh_medialorbitofrontal -- lh_precuneus,17,0.0,SZ,150,0.11333333333333333,0.0,0.0
lh_medialorbitofrontal -- lh_rostralanteriorcingulate,4,1.0,SZ,150,0.02666666666666667,0.006666666666666667,0.25
lh_medialorbitofrontal -- lh_rostralmiddlefrontal,3,0.0,SZ,150,0.02,0.0,0.0
lh_medialorbitofrontal -- lh_superiorfrontal,3,0.0,SZ,150,0.02,0.0,0.0
lh_medialorbitofrontal -- lh_superiorparietal,2,0.0,SZ,150,0.013333333333333334,0.0,0.0
lh_medialorbitofrontal -- lh_superiortemporal,4,0.0,SZ,150,0.02666666666666667,0.0,0.0
lh_medialorbitofrontal -- lh_supramarginal,2,0.0,SZ,150,0.013333333333333334,0.0,0.0
lh_medialorbitofrontal -- lh_temporalpole,10,1.0,SZ,150,0.06666666666666667,0.006666666666666667,0.1
lh_medialorbitofrontal -- lh_transversetemporal,5,2.0,SZ,150,0.03333333333333333,0.013333333333333334,0.4
lh_medialorbitofrontal -- rh_bankssts,5,0.0,SZ,150,0.03333333333333333,0.0,0.0
lh_medialorbitofrontal -- rh_caudalanteriorcingulate,4,1.0,SZ,150,0.02666666666666667,0.006666666666666667,0.25
lh_medialorbitofrontal -- rh_caudalmiddlefrontal,3,0.0,SZ,150,0.02,0.0,0.0
lh_medialorbitofrontal -- rh_cuneus,6,0.0,SZ,150,0.04,0.0,0.0
lh_medialorbitofrontal -- rh_entorhinal,16,1.0,SZ,150,0.10666666666666667,0.006666666666666667,0.0625
lh_medialorbitofrontal -- rh_frontalpole,7,0.0,SZ,150,0.04666666666666667,0.0,0.0
lh_medialorbitofrontal -- rh_fusiform,8,2.0,SZ,150,0.05333333333333334,0.013333333333333334,0.25
lh_medialorbitofrontal -- rh_inferiorparietal,3,1.0,SZ,150,0.02,0.006666666666666667,0.3333333333333333
lh_medialorbitofrontal -- rh_inferiortemporal,2,0.0,SZ,150,0.013333333333333334,0.0,0.0
lh_medialorbitofrontal -- rh_insula,7,0.0,SZ,150,0.04666666666666667,0.0,0.0
lh_medialorbitofrontal -- rh_isthmuscingulate,10,0.0,SZ,150,0.06666666666666667,0.0,0.0
lh_medialorbitofrontal -- rh_lateraloccipital,3,0.0,SZ,150,0.02,0.0,0.0
lh_medialorbitofrontal -- rh_lateralorbitofrontal,12,2.0,SZ,150,0.08,0.013333333333333334,0.16666666666666666
lh_medialorbitofrontal -- rh_lingual,12,0.0,SZ,150,0.08,0.0,0.0
lh_medialorbitofrontal -- rh_medialorbitofrontal,13,4.0,SZ,150,0.08666666666666667,0.02666666666666667,0.3076923076923077
lh_medialorbitofrontal -- rh_middletemporal,4,0.0,SZ,150,0.02666666666666667,0.0,0.0
lh_medialorbitofrontal -- rh_paracentral,12,1.0,SZ,150,0.08,0.006666666666666667,0.08333333333333333
lh_medialorbitofrontal -- rh_parahippocampal,1,0.0,SZ,150,0.006666666666666667,0.0,0.0
lh_medialorbitofrontal -- rh_parsopercularis,5,1.0,SZ,150,0.03333333333333333,0.006666666666666667,0.2
lh_medialorbitofrontal -- rh_parsorbitalis,19,1.0,SZ,150,0.12666666666666668,0.006666666666666667,0.05263157894736842
lh_medialorbitofrontal -- rh_parstriangularis,8,0.0,SZ,150,0.05333333333333334,0.0,0.0
lh_medialorbitofrontal -- rh_pericalcarine,10,1.0,SZ,150,0.06666666666666667,0.006666666666666667,0.1
lh_medialorbitofrontal -- rh_postcentral,8,1.0,SZ,150,0.05333333333333334,0.006666666666666667,0.125
lh_medialorbitofrontal -- rh_posteriorcingulate,10,0.0,SZ,150,0.06666666666666667,0.0,0.0
lh_medialorbitofrontal -- rh_precentral,2,0.0,SZ,150,0.013333333333333334,0.0,0.0
lh_medialorbitofrontal -- rh_precuneus,14,0.0,SZ,150,0.09333333333333334,0.0,0.0
lh_medialorbitofrontal -- rh_rostralanteriorcingulate,3,0.0,SZ,150,0.02,0.0,0.0
lh_medialorbitofrontal -- rh_rostralmiddlefrontal,3,0.0,SZ,150,0.02,0.0,0.0
lh_medialorbitofrontal -- rh_superiorfrontal,4,0.0,SZ,150,0.02666666666666667,0.0,0.0
lh_medialorbitofrontal -- rh_superiorparietal,3,0.0,SZ,150,0.02,0.0,0.0
lh_medialorbitofrontal -- rh_superiortemporal,3,0.0,SZ,150,0.02,0.0,0.0
lh_medialorbitofrontal -- rh_supramarginal,11,4.0,SZ,150,0.07333333333333333,0.02666666666666667,0.36363636363636365
lh_medialorbitofrontal -- rh_temporalpole,19,2.0,SZ,150,0.12666666666666668,0.013333333333333334,0.10526315789473684
lh_medialorbitofrontal -- rh_transversetemporal,12,1.0,SZ,150,0.08,0.006666666666666667,0.08333333333333333
lh_middletemporal -- lh_paracentral,45,5.0,SZ,150,0.3,0.03333333333333333,0.1111111111111111
lh_middletemporal -- lh_parahippocampal,4,0.0,SZ,150,0.02666666666666667,0.0,0.0
lh_middletemporal -- lh_parsopercularis,5,1.0,SZ,150,0.03333333333333333,0.006666666666666667,0.2
lh_middletemporal -- lh_parsorbitalis,5,0.0,SZ,150,0.03333333333333333,0.0,0.0
lh_middletemporal -- lh_parstriangularis,33,3.0,SZ,150,0.22,0.02,0.09090909090909091
lh_middletemporal -- lh_pericalcarine,61,3.0,SZ,150,0.4066666666666667,0.02,0.04918032786885246
lh_middletemporal -- lh_postcentral,4,3.0,SZ,150,0.02666666666666667,0.02,0.75
lh_middletemporal -- lh_posteriorcingulate,58,2.0,SZ,150,0.38666666666666666,0.013333333333333334,0.034482758620689655
lh_middletemporal -- lh_precentral,7,0.0,SZ,150,0.04666666666666667,0.0,0.0
lh_middletemporal -- lh_precuneus,4,1.0,SZ,150,0.02666666666666667,0.006666666666666667,0.25
lh_middletemporal -- lh_rostralanteriorcingulate,11,0.0,SZ,150,0.07333333333333333,0.0,0.0
lh_middletemporal -- lh_rostralmiddlefrontal,6,1.0,SZ,150,0.04,0.006666666666666667,0.16666666666666666
lh_middletemporal -- lh_superiorfrontal,27,5.0,SZ,150,0.18,0.03333333333333333,0.18518518518518517
lh_middletemporal -- lh_superiorparietal,4,2.0,SZ,150,0.02666666666666667,0.013333333333333334,0.5
lh_middletemporal -- lh_superiortemporal,60,4.0,SZ,150,0.4,0.02666666666666667,0.06666666666666667
lh_middletemporal -- lh_supramarginal,24,4.0,SZ,150,0.16,0.02666666666666667,0.16666666666666666
lh_middletemporal -- lh_transversetemporal,1,0.0,SZ,150,0.006666666666666667,0.0,0.0
lh_middletemporal -- rh_bankssts,61,2.0,SZ,150,0.4066666666666667,0.013333333333333334,0.03278688524590164
lh_middletemporal -- rh_caudalanteriorcingulate,51,5.0,SZ,150,0.34,0.03333333333333333,0.09803921568627451
lh_middletemporal -- rh_caudalmiddlefrontal,29,0.0,SZ,150,0.19333333333333333,0.0,0.0
lh_middletemporal -- rh_frontalpole,27,0.0,SZ,150,0.18,0.0,0.0
lh_middletemporal -- rh_fusiform,6,1.0,SZ,150,0.04,0.006666666666666667,0.16666666666666666
lh_middletemporal -- rh_inferiorparietal,16,5.0,SZ,150,0.10666666666666667,0.03333333333333333,0.3125
lh_middletemporal -- rh_inferiortemporal,60,5.0,SZ,150,0.4,0.03333333333333333,0.08333333333333333
lh_middletemporal -- rh_insula,11,1.0,SZ,150,0.07333333333333333,0.006666666666666667,0.09090909090909091
lh_middletemporal -- rh_isthmuscingulate,55,3.0,SZ,150,0.36666666666666664,0.02,0.05454545454545454
lh_middletemporal -- rh_lateraloccipital,8,2.0,SZ,150,0.05333333333333334,0.013333333333333334,0.25
lh_middletemporal -- rh_lateralorbitofrontal,19,2.0,SZ,150,0.12666666666666668,0.013333333333333334,0.10526315789473684
lh_middletemporal -- rh_medialorbitofrontal,10,1.0,SZ,150,0.06666666666666667,0.006666666666666667,0.1
lh_middletemporal -- rh_middletemporal,106,9.0,SZ,150,0.7066666666666667,0.06,0.08490566037735849
lh_middletemporal -- rh_paracentral,61,5.0,SZ,150,0.4066666666666667,0.03333333333333333,0.08196721311475409
lh_middletemporal -- rh_parahippocampal,9,0.0,SZ,150,0.06,0.0,0.0
lh_middletemporal -- rh_parsopercularis,16,1.0,SZ,150,0.10666666666666667,0.006666666666666667,0.0625
lh_middletemporal -- rh_parsorbitalis,7,0.0,SZ,150,0.04666666666666667,0.0,0.0
lh_middletemporal -- rh_parstriangularis,35,5.0,SZ,150,0.23333333333333334,0.03333333333333333,0.14285714285714285
lh_middletemporal -- rh_pericalcarine,55,5.0,SZ,150,0.36666666666666664,0.03333333333333333,0.09090909090909091
lh_middletemporal -- rh_postcentral,1,0.0,SZ,150,0.006666666666666667,0.0,0.0
lh_middletemporal -- rh_posteriorcingulate,56,1.0,SZ,150,0.37333333333333335,0.006666666666666667,0.017857142857142856
lh_middletemporal -- rh_precentral,10,3.0,SZ,150,0.06666666666666667,0.02,0.3
lh_middletemporal -- rh_rostralanteriorcingulate,12,3.0,SZ,150,0.08,0.02,0.25
lh_middletemporal -- rh_rostralmiddlefrontal,12,5.0,SZ,150,0.08,0.03333333333333333,0.4166666666666667
lh_middletemporal -- rh_superiorfrontal,21,5.0,SZ,150,0.14,0.03333333333333333,0.23809523809523808
lh_middletemporal -- rh_superiorparietal,2,0.0,SZ,150,0.013333333333333334,0.0,0.0
lh_middletemporal -- rh_superiortemporal,72,3.0,SZ,150,0.48,0.02,0.041666666666666664
lh_middletemporal -- rh_supramarginal,13,1.0,SZ,150,0.08666666666666667,0.006666666666666667,0.07692307692307693
lh_paracentral -- lh_parahippocampal,12,2.0,SZ,150,0.08,0.013333333333333334,0.16666666666666666
lh_paracentral -- lh_parsopercularis,13,0.0,SZ,150,0.08666666666666667,0.0,0.0
lh_paracentral -- lh_parstriangularis,39,4.0,SZ,150,0.26,0.02666666666666667,0.10256410256410256
lh_paracentral -- lh_pericalcarine,15,3.0,SZ,150,0.1,0.02,0.2
lh_paracentral -- lh_postcentral,17,0.0,SZ,150,0.11333333333333333,0.0,0.0
lh_paracentral -- lh_posteriorcingulate,41,0.0,SZ,150,0.2733333333333333,0.0,0.0
lh_paracentral -- lh_precentral,26,0.0,SZ,150,0.17333333333333334,0.0,0.0
lh_paracentral -- lh_precuneus,1,0.0,SZ,150,0.006666666666666667,0.0,0.0
lh_paracentral -- lh_rostralanteriorcingulate,20,1.0,SZ,150,0.13333333333333333,0.006666666666666667,0.05
lh_paracentral -- lh_rostralmiddlefrontal,33,1.0,SZ,150,0.22,0.006666666666666667,0.030303030303030304
lh_paracentral -- lh_superiorfrontal,26,0.0,SZ,150,0.17333333333333334,0.0,0.0
lh_paracentral -- lh_superiorparietal,22,0.0,SZ,150,0.14666666666666667,0.0,0.0
lh_paracentral -- lh_superiortemporal,27,0.0,SZ,150,0.18,0.0,0.0
lh_paracentral -- lh_supramarginal,22,1.0,SZ,150,0.14666666666666667,0.006666666666666667,0.045454545454545456
lh_paracentral -- lh_transversetemporal,3,0.0,SZ,150,0.02,0.0,0.0
lh_paracentral -- rh_bankssts,58,2.0,SZ,150,0.38666666666666666,0.013333333333333334,0.034482758620689655
lh_paracentral -- rh_caudalanteriorcingulate,36,1.0,SZ,150,0.24,0.006666666666666667,0.027777777777777776
lh_paracentral -- rh_caudalmiddlefrontal,16,1.0,SZ,150,0.10666666666666667,0.006666666666666667,0.0625
lh_paracentral -- rh_cuneus,3,0.0,SZ,150,0.02,0.0,0.0
lh_paracentral -- rh_entorhinal,2,0.0,SZ,150,0.013333333333333334,0.0,0.0
lh_paracentral -- rh_frontalpole,5,1.0,SZ,150,0.03333333333333333,0.006666666666666667,0.2
lh_paracentral -- rh_fusiform,9,1.0,SZ,150,0.06,0.006666666666666667,0.1111111111111111
lh_paracentral -- rh_inferiorparietal,35,1.0,SZ,150,0.23333333333333334,0.006666666666666667,0.02857142857142857
lh_paracentral -- rh_inferiortemporal,20,1.0,SZ,150,0.13333333333333333,0.006666666666666667,0.05
lh_paracentral -- rh_insula,19,1.0,SZ,150,0.12666666666666668,0.006666666666666667,0.05263157894736842
lh_paracentral -- rh_isthmuscingulate,54,2.0,SZ,150,0.36,0.013333333333333334,0.037037037037037035
lh_paracentral -- rh_lateraloccipital,21,1.0,SZ,150,0.14,0.006666666666666667,0.047619047619047616
lh_paracentral -- rh_lateralorbitofrontal,27,4.0,SZ,150,0.18,0.02666666666666667,0.14814814814814814
lh_paracentral -- rh_lingual,3,0.0,SZ,150,0.02,0.0,0.0
lh_paracentral -- rh_medialorbitofrontal,24,2.0,SZ,150,0.16,0.013333333333333334,0.08333333333333333
lh_paracentral -- rh_middletemporal,39,2.0,SZ,150,0.26,0.013333333333333334,0.05128205128205128
lh_paracentral -- rh_paracentral,79,9.0,SZ,150,0.5266666666666666,0.06,0.11392405063291139
lh_paracentral -- rh_parahippocampal,18,0.0,SZ,150,0.12,0.0,0.0
lh_paracentral -- rh_parsopercularis,30,6.0,SZ,150,0.2,0.04,0.2
lh_paracentral -- rh_parstriangularis,40,3.0,SZ,150,0.26666666666666666,0.02,0.075
lh_paracentral -- rh_pericalcarine,15,1.0,SZ,150,0.1,0.006666666666666667,0.06666666666666667
lh_paracentral -- rh_postcentral,24,3.0,SZ,150,0.16,0.02,0.125
lh_paracentral -- rh_posteriorcingulate,35,3.0,SZ,150,0.23333333333333334,0.02,0.08571428571428572
lh_paracentral -- rh_precentral,16,0.0,SZ,150,0.10666666666666667,0.0,0.0
lh_paracentral -- rh_precuneus,6,0.0,SZ,150,0.04,0.0,0.0
lh_paracentral -- rh_rostralanteriorcingulate,14,1.0,SZ,150,0.09333333333333334,0.006666666666666667,0.07142857142857142
lh_paracentral -- rh_rostralmiddlefrontal,35,1.0,SZ,150,0.23333333333333334,0.006666666666666667,0.02857142857142857
lh_paracentral -- rh_superiorfrontal,28,0.0,SZ,150,0.18666666666666668,0.0,0.0
lh_paracentral -- rh_superiorparietal,17,0.0,SZ,150,0.11333333333333333,0.0,0.0
lh_paracentral -- rh_superiortemporal,22,0.0,SZ,150,0.14666666666666667,0.0,0.0
lh_paracentral -- rh_supramarginal,21,0.0,SZ,150,0.14,0.0,0.0
lh_parahippocampal -- lh_parsopercularis,57,4.0,SZ,150,0.38,0.02666666666666667,0.07017543859649122
lh_parahippocampal -- lh_parstriangularis,15,0.0,SZ,150,0.1,0.0,0.0
lh_parahippocampal -- lh_pericalcarine,1,0.0,SZ,150,0.006666666666666667,0.0,0.0
lh_parahippocampal -- lh_postcentral,52,2.0,SZ,150,0.3466666666666667,0.013333333333333334,0.038461538461538464
lh_parahippocampal -- lh_posteriorcingulate,4,0.0,SZ,150,0.02666666666666667,0.0,0.0
lh_parahippocampal -- lh_precentral,55,4.0,SZ,150,0.36666666666666664,0.02666666666666667,0.07272727272727272
lh_parahippocampal -- lh_precuneus,9,0.0,SZ,150,0.06,0.0,0.0
lh_parahippocampal -- lh_rostralanteriorcingulate,42,1.0,SZ,150,0.28,0.006666666666666667,0.023809523809523808
lh_parahippocampal -- lh_rostralmiddlefrontal,44,2.0,SZ,150,0.29333333333333333,0.013333333333333334,0.045454545454545456
lh_parahippocampal -- lh_superiorfrontal,25,1.0,SZ,150,0.16666666666666666,0.006666666666666667,0.04
lh_parahippocampal -- lh_superiorparietal,68,3.0,SZ,150,0.4533333333333333,0.02,0.04411764705882353
lh_parahippocampal -- lh_superiortemporal,10,2.0,SZ,150,0.06666666666666667,0.013333333333333334,0.2
lh_parahippocampal -- lh_supramarginal,43,4.0,SZ,150,0.2866666666666667,0.02666666666666667,0.09302325581395349
lh_parahippocampal -- lh_temporalpole,1,0.0,SZ,150,0.006666666666666667,0.0,0.0
lh_parahippocampal -- lh_transversetemporal,5,0.0,SZ,150,0.03333333333333333,0.0,0.0
lh_parahippocampal -- rh_bankssts,8,0.0,SZ,150,0.05333333333333334,0.0,0.0
lh_parahippocampal -- rh_caudalanteriorcingulate,6,0.0,SZ,150,0.04,0.0,0.0
lh_parahippocampal -- rh_caudalmiddlefrontal,6,0.0,SZ,150,0.04,0.0,0.0
lh_parahippocampal -- rh_cuneus,31,3.0,SZ,150,0.20666666666666667,0.02,0.0967741935483871
lh_parahippocampal -- rh_entorhinal,11,0.0,SZ,150,0.07333333333333333,0.0,0.0
lh_parahippocampal -- rh_fusiform,4,0.0,SZ,150,0.02666666666666667,0.0,0.0
lh_parahippocampal -- rh_inferiorparietal,26,1.0,SZ,150,0.17333333333333334,0.006666666666666667,0.038461538461538464
lh_parahippocampal -- rh_insula,18,1.0,SZ,150,0.12,0.006666666666666667,0.05555555555555555
lh_parahippocampal -- rh_isthmuscingulate,5,0.0,SZ,150,0.03333333333333333,0.0,0.0
lh_parahippocampal -- rh_lateraloccipital,66,4.0,SZ,150,0.44,0.02666666666666667,0.06060606060606061
lh_parahippocampal -- rh_lateralorbitofrontal,10,2.0,SZ,150,0.06666666666666667,0.013333333333333334,0.2
lh_parahippocampal -- rh_lingual,23,2.0,SZ,150,0.15333333333333332,0.013333333333333334,0.08695652173913043
lh_parahippocampal -- rh_medialorbitofrontal,15,1.0,SZ,150,0.1,0.006666666666666667,0.06666666666666667
lh_parahippocampal -- rh_middletemporal,1,0.0,SZ,150,0.006666666666666667,0.0,0.0
lh_parahippocampal -- rh_paracentral,3,0.0,SZ,150,0.02,0.0,0.0
lh_parahippocampal -- rh_parahippocampal,71,3.0,SZ,150,0.47333333333333333,0.02,0.04225352112676056
lh_parahippocampal -- rh_parsopercularis,35,3.0,SZ,150,0.23333333333333334,0.02,0.08571428571428572
lh_parahippocampal -- rh_parstriangularis,13,0.0,SZ,150,0.08666666666666667,0.0,0.0
lh_parahippocampal -- rh_pericalcarine,1,0.0,SZ,150,0.006666666666666667,0.0,0.0
lh_parahippocampal -- rh_postcentral,42,1.0,SZ,150,0.28,0.006666666666666667,0.023809523809523808
lh_parahippocampal -- rh_posteriorcingulate,3,1.0,SZ,150,0.02,0.006666666666666667,0.3333333333333333
lh_parahippocampal -- rh_precentral,63,4.0,SZ,150,0.42,0.02666666666666667,0.06349206349206349
lh_parahippocampal -- rh_precuneus,23,1.0,SZ,150,0.15333333333333332,0.006666666666666667,0.043478260869565216
lh_parahippocampal -- rh_rostralanteriorcingulate,42,1.0,SZ,150,0.28,0.006666666666666667,0.023809523809523808
lh_parahippocampal -- rh_rostralmiddlefrontal,54,7.0,SZ,150,0.36,0.04666666666666667,0.12962962962962962
lh_parahippocampal -- rh_superiorfrontal,24,0.0,SZ,150,0.16,0.0,0.0
lh_parahippocampal -- rh_superiorparietal,69,7.0,SZ,150,0.46,0.04666666666666667,0.10144927536231885
lh_parahippocampal -- rh_superiortemporal,1,0.0,SZ,150,0.006666666666666667,0.0,0.0
lh_parahippocampal -- rh_supramarginal,25,2.0,SZ,150,0.16666666666666666,0.013333333333333334,0.08
lh_parahippocampal -- rh_temporalpole,2,0.0,SZ,150,0.013333333333333334,0.0,0.0
lh_parahippocampal -- rh_transversetemporal,11,2.0,SZ,150,0.07333333333333333,0.013333333333333334,0.18181818181818182
lh_parsopercularis -- lh_parstriangularis,21,2.0,SZ,150,0.14,0.013333333333333334,0.09523809523809523
lh_parsopercularis -- lh_postcentral,32,1.0,SZ,150,0.21333333333333335,0.006666666666666667,0.03125
lh_parsopercularis -- lh_posteriorcingulate,9,1.0,SZ,150,0.06,0.006666666666666667,0.1111111111111111
lh_parsopercularis -- lh_precentral,49,1.0,SZ,150,0.32666666666666666,0.006666666666666667,0.02040816326530612
lh_parsopercularis -- lh_precuneus,5,0.0,SZ,150,0.03333333333333333,0.0,0.0
lh_parsopercularis -- lh_rostralanteriorcingulate,42,3.0,SZ,150,0.28,0.02,0.07142857142857142
lh_parsopercularis -- lh_rostralmiddlefrontal,39,7.0,SZ,150,0.26,0.04666666666666667,0.1794871794871795
lh_parsopercularis -- lh_superiorfrontal,42,2.0,SZ,150,0.28,0.013333333333333334,0.047619047619047616
lh_parsopercularis -- lh_superiorparietal,40,2.0,SZ,150,0.26666666666666666,0.013333333333333334,0.05
lh_parsopercularis -- lh_superiortemporal,20,5.0,SZ,150,0.13333333333333333,0.03333333333333333,0.25
lh_parsopercularis -- lh_supramarginal,59,7.0,SZ,150,0.3933333333333333,0.04666666666666667,0.11864406779661017
lh_parsopercularis -- lh_transversetemporal,20,6.0,SZ,150,0.13333333333333333,0.04,0.3
lh_parsopercularis -- rh_bankssts,21,2.0,SZ,150,0.14,0.013333333333333334,0.09523809523809523
lh_parsopercularis -- rh_caudalanteriorcingulate,14,1.0,SZ,150,0.09333333333333334,0.006666666666666667,0.07142857142857142
lh_parsopercularis -- rh_caudalmiddlefrontal,16,2.0,SZ,150,0.10666666666666667,0.013333333333333334,0.125
lh_parsopercularis -- rh_cuneus,11,1.0,SZ,150,0.07333333333333333,0.006666666666666667,0.09090909090909091
lh_parsopercularis -- rh_entorhinal,2,0.0,SZ,150,0.013333333333333334,0.0,0.0
lh_parsopercularis -- rh_fusiform,8,3.0,SZ,150,0.05333333333333334,0.02,0.375
lh_parsopercularis -- rh_inferiorparietal,37,6.0,SZ,150,0.24666666666666667,0.04,0.16216216216216217
lh_parsopercularis -- rh_inferiortemporal,5,2.0,SZ,150,0.03333333333333333,0.013333333333333334,0.4
lh_parsopercularis -- rh_insula,32,5.0,SZ,150,0.21333333333333335,0.03333333333333333,0.15625
lh_parsopercularis -- rh_isthmuscingulate,8,0.0,SZ,150,0.05333333333333334,0.0,0.0
lh_parsopercularis -- rh_lateraloccipital,43,2.0,SZ,150,0.2866666666666667,0.013333333333333334,0.046511627906976744
lh_parsopercularis -- rh_lateralorbitofrontal,7,0.0,SZ,150,0.04666666666666667,0.0,0.0
lh_parsopercularis -- rh_lingual,9,0.0,SZ,150,0.06,0.0,0.0
lh_parsopercularis -- rh_medialorbitofrontal,12,0.0,SZ,150,0.08,0.0,0.0
lh_parsopercularis -- rh_middletemporal,10,3.0,SZ,150,0.06666666666666667,0.02,0.3
lh_parsopercularis -- rh_paracentral,6,0.0,SZ,150,0.04,0.0,0.0
lh_parsopercularis -- rh_parahippocampal,54,5.0,SZ,150,0.36,0.03333333333333333,0.09259259259259259
lh_parsopercularis -- rh_parsopercularis,33,0.0,SZ,150,0.22,0.0,0.0
lh_parsopercularis -- rh_parstriangularis,25,3.0,SZ,150,0.16666666666666666,0.02,0.12
lh_parsopercularis -- rh_postcentral,32,0.0,SZ,150,0.21333333333333335,0.0,0.0
lh_parsopercularis -- rh_posteriorcingulate,14,1.0,SZ,150,0.09333333333333334,0.006666666666666667,0.07142857142857142
lh_parsopercularis -- rh_precentral,42,3.0,SZ,150,0.28,0.02,0.07142857142857142
lh_parsopercularis -- rh_precuneus,7,0.0,SZ,150,0.04666666666666667,0.0,0.0
lh_parsopercularis -- rh_rostralanteriorcingulate,28,0.0,SZ,150,0.18666666666666668,0.0,0.0
lh_parsopercularis -- rh_rostralmiddlefrontal,41,1.0,SZ,150,0.2733333333333333,0.006666666666666667,0.024390243902439025
lh_parsopercularis -- rh_superiorfrontal,34,5.0,SZ,150,0.22666666666666666,0.03333333333333333,0.14705882352941177
lh_parsopercularis -- rh_superiorparietal,41,5.0,SZ,150,0.2733333333333333,0.03333333333333333,0.12195121951219512
lh_parsopercularis -- rh_superiortemporal,7,2.0,SZ,150,0.04666666666666667,0.013333333333333334,0.2857142857142857
lh_parsopercularis -- rh_supramarginal,16,3.0,SZ,150,0.10666666666666667,0.02,0.1875
lh_parsopercularis -- rh_transversetemporal,22,1.0,SZ,150,0.14666666666666667,0.006666666666666667,0.045454545454545456
lh_parsorbitalis -- lh_parstriangularis,4,0.0,SZ,150,0.02666666666666667,0.0,0.0
lh_parsorbitalis -- lh_pericalcarine,38,2.0,SZ,150,0.25333333333333335,0.013333333333333334,0.05263157894736842
lh_parsorbitalis -- lh_postcentral,1,0.0,SZ,150,0.006666666666666667,0.0,0.0
lh_parsorbitalis -- lh_posteriorcingulate,2,0.0,SZ,150,0.013333333333333334,0.0,0.0
lh_parsorbitalis -- lh_precuneus,50,4.0,SZ,150,0.3333333333333333,0.02666666666666667,0.08
lh_parsorbitalis -- lh_superiortemporal,3,0.0,SZ,150,0.02,0.0,0.0
lh_parsorbitalis -- lh_temporalpole,120,9.0,SZ,150,0.8,0.06,0.075
lh_parsorbitalis -- rh_caudalanteriorcingulate,2,0.0,SZ,150,0.013333333333333334,0.0,0.0
lh_parsorbitalis -- rh_caudalmiddlefrontal,4,1.0,SZ,150,0.02666666666666667,0.006666666666666667,0.25
lh_parsorbitalis -- rh_cuneus,10,2.0,SZ,150,0.06666666666666667,0.013333333333333334,0.2
lh_parsorbitalis -- rh_entorhinal,56,3.0,SZ,150,0.37333333333333335,0.02,0.05357142857142857
lh_parsorbitalis -- rh_frontalpole,62,4.0,SZ,150,0.41333333333333333,0.02666666666666667,0.06451612903225806
lh_parsorbitalis -- rh_fusiform,5,1.0,SZ,150,0.03333333333333333,0.006666666666666667,0.2
lh_parsorbitalis -- rh_inferiortemporal,17,1.0,SZ,150,0.11333333333333333,0.006666666666666667,0.058823529411764705
lh_parsorbitalis -- rh_isthmuscingulate,10,0.0,SZ,150,0.06666666666666667,0.0,0.0
lh_parsorbitalis -- rh_lateralorbitofrontal,12,1.0,SZ,150,0.08,0.006666666666666667,0.08333333333333333
lh_parsorbitalis -- rh_lingual,21,1.0,SZ,150,0.14,0.006666666666666667,0.047619047619047616
lh_parsorbitalis -- rh_medialorbitofrontal,12,0.0,SZ,150,0.08,0.0,0.0
lh_parsorbitalis -- rh_middletemporal,6,1.0,SZ,150,0.04,0.006666666666666667,0.16666666666666666
lh_parsorbitalis -- rh_parsorbitalis,117,11.0,SZ,150,0.78,0.07333333333333333,0.09401709401709402
lh_parsorbitalis -- rh_parstriangularis,5,0.0,SZ,150,0.03333333333333333,0.0,0.0
lh_parsorbitalis -- rh_pericalcarine,42,6.0,SZ,150,0.28,0.04,0.14285714285714285
lh_parsorbitalis -- rh_postcentral,1,0.0,SZ,150,0.006666666666666667,0.0,0.0
lh_parsorbitalis -- rh_posteriorcingulate,4,0.0,SZ,150,0.02666666666666667,0.0,0.0
lh_parsorbitalis -- rh_precentral,1,0.0,SZ,150,0.006666666666666667,0.0,0.0
lh_parsorbitalis -- rh_precuneus,26,2.0,SZ,150,0.17333333333333334,0.013333333333333334,0.07692307692307693
lh_parsorbitalis -- rh_superiortemporal,10,1.0,SZ,150,0.06666666666666667,0.006666666666666667,0.1
lh_parsorbitalis -- rh_supramarginal,8,0.0,SZ,150,0.05333333333333334,0.0,0.0
lh_parsorbitalis -- rh_temporalpole,120,9.0,SZ,150,0.8,0.06,0.075
lh_parstriangularis -- lh_pericalcarine,14,2.0,SZ,150,0.09333333333333334,0.013333333333333334,0.14285714285714285
lh_parstriangularis -- lh_postcentral,21,1.0,SZ,150,0.14,0.006666666666666667,0.047619047619047616
lh_parstriangularis -- lh_posteriorcingulate,42,5.0,SZ,150,0.28,0.03333333333333333,0.11904761904761904
lh_parstriangularis -- lh_precentral,20,2.0,SZ,150,0.13333333333333333,0.013333333333333334,0.1
lh_parstriangularis -- lh_precuneus,1,0.0,SZ,150,0.006666666666666667,0.0,0.0
lh_parstriangularis -- lh_rostralanteriorcingulate,38,3.0,SZ,150,0.25333333333333335,0.02,0.07894736842105263
lh_parstriangularis -- lh_rostralmiddlefrontal,31,2.0,SZ,150,0.20666666666666667,0.013333333333333334,0.06451612903225806
lh_parstriangularis -- lh_superiorfrontal,43,0.0,SZ,150,0.2866666666666667,0.0,0.0
lh_parstriangularis -- lh_superiorparietal,26,0.0,SZ,150,0.17333333333333334,0.0,0.0
lh_parstriangularis -- lh_superiortemporal,30,3.0,SZ,150,0.2,0.02,0.1
lh_parstriangularis -- lh_supramarginal,35,1.0,SZ,150,0.23333333333333334,0.006666666666666667,0.02857142857142857
lh_parstriangularis -- lh_transversetemporal,11,0.0,SZ,150,0.07333333333333333,0.0,0.0
lh_parstriangularis -- rh_bankssts,63,1.0,SZ,150,0.42,0.006666666666666667,0.015873015873015872
lh_parstriangularis -- rh_caudalanteriorcingulate,56,1.0,SZ,150,0.37333333333333335,0.006666666666666667,0.017857142857142856
lh_parstriangularis -- rh_caudalmiddlefrontal,37,3.0,SZ,150,0.24666666666666667,0.02,0.08108108108108109
lh_parstriangularis -- rh_cuneus,3,0.0,SZ,150,0.02,0.0,0.0
lh_parstriangularis -- rh_entorhinal,2,0.0,SZ,150,0.013333333333333334,0.0,0.0
lh_parstriangularis -- rh_frontalpole,7,2.0,SZ,150,0.04666666666666667,0.013333333333333334,0.2857142857142857
lh_parstriangularis -- rh_fusiform,4,0.0,SZ,150,0.02666666666666667,0.0,0.0
lh_parstriangularis -- rh_inferiorparietal,44,1.0,SZ,150,0.29333333333333333,0.006666666666666667,0.022727272727272728
lh_parstriangularis -- rh_inferiortemporal,22,2.0,SZ,150,0.14666666666666667,0.013333333333333334,0.09090909090909091
lh_parstriangularis -- rh_insula,48,2.0,SZ,150,0.32,0.013333333333333334,0.041666666666666664
lh_parstriangularis -- rh_isthmuscingulate,32,4.0,SZ,150,0.21333333333333335,0.02666666666666667,0.125
lh_parstriangularis -- rh_lateraloccipital,28,0.0,SZ,150,0.18666666666666668,0.0,0.0
lh_parstriangularis -- rh_lateralorbitofrontal,20,1.0,SZ,150,0.13333333333333333,0.006666666666666667,0.05
lh_parstriangularis -- rh_lingual,5,0.0,SZ,150,0.03333333333333333,0.0,0.0
lh_parstriangularis -- rh_medialorbitofrontal,19,0.0,SZ,150,0.12666666666666668,0.0,0.0
lh_parstriangularis -- rh_middletemporal,27,0.0,SZ,150,0.18,0.0,0.0
lh_parstriangularis -- rh_paracentral,36,3.0,SZ,150,0.24,0.02,0.08333333333333333
lh_parstriangularis -- rh_parahippocampal,28,0.0,SZ,150,0.18666666666666668,0.0,0.0
lh_parstriangularis -- rh_parsopercularis,43,7.0,SZ,150,0.2866666666666667,0.04666666666666667,0.16279069767441862
lh_parstriangularis -- rh_parsorbitalis,2,0.0,SZ,150,0.013333333333333334,0.0,0.0
lh_parstriangularis -- rh_parstriangularis,49,4.0,SZ,150,0.32666666666666666,0.02666666666666667,0.08163265306122448
lh_parstriangularis -- rh_pericalcarine,11,3.0,SZ,150,0.07333333333333333,0.02,0.2727272727272727
lh_parstriangularis -- rh_postcentral,26,0.0,SZ,150,0.17333333333333334,0.0,0.0
lh_parstriangularis -- rh_posteriorcingulate,43,5.0,SZ,150,0.2866666666666667,0.03333333333333333,0.11627906976744186
lh_parstriangularis -- rh_precentral,19,0.0,SZ,150,0.12666666666666668,0.0,0.0
lh_parstriangularis -- rh_precuneus,6,1.0,SZ,150,0.04,0.006666666666666667,0.16666666666666666
lh_parstriangularis -- rh_rostralanteriorcingulate,24,3.0,SZ,150,0.16,0.02,0.125
lh_parstriangularis -- rh_rostralmiddlefrontal,33,0.0,SZ,150,0.22,0.0,0.0
lh_parstriangularis -- rh_superiorfrontal,44,3.0,SZ,150,0.29333333333333333,0.02,0.06818181818181818
lh_parstriangularis -- rh_superiorparietal,24,2.0,SZ,150,0.16,0.013333333333333334,0.08333333333333333
lh_parstriangularis -- rh_superiortemporal,21,2.0,SZ,150,0.14,0.013333333333333334,0.09523809523809523
lh_parstriangularis -- rh_supramarginal,18,1.0,SZ,150,0.12,0.006666666666666667,0.05555555555555555
lh_parstriangularis -- rh_transversetemporal,13,2.0,SZ,150,0.08666666666666667,0.013333333333333334,0.15384615384615385
lh_pericalcarine -- lh_posteriorcingulate,25,3.0,SZ,150,0.16666666666666666,0.02,0.12
lh_pericalcarine -- lh_precuneus,3,0.0,SZ,150,0.02,0.0,0.0
lh_pericalcarine -- lh_superiortemporal,15,1.0,SZ,150,0.1,0.006666666666666667,0.06666666666666667
lh_pericalcarine -- lh_temporalpole,11,2.0,SZ,150,0.07333333333333333,0.013333333333333334,0.18181818181818182
lh_pericalcarine -- rh_bankssts,6,2.0,SZ,150,0.04,0.013333333333333334,0.3333333333333333
lh_pericalcarine -- rh_caudalanteriorcingulate,20,2.0,SZ,150,0.13333333333333333,0.013333333333333334,0.1
lh_pericalcarine -- rh_caudalmiddlefrontal,11,1.0,SZ,150,0.07333333333333333,0.006666666666666667,0.09090909090909091
lh_pericalcarine -- rh_cuneus,3,0.0,SZ,150,0.02,0.0,0.0
lh_pericalcarine -- rh_entorhinal,6,2.0,SZ,150,0.04,0.013333333333333334,0.3333333333333333
lh_pericalcarine -- rh_frontalpole,119,16.0,SZ,150,0.7933333333333333,0.10666666666666667,0.13445378151260504
lh_pericalcarine -- rh_fusiform,12,1.0,SZ,150,0.08,0.006666666666666667,0.08333333333333333
lh_pericalcarine -- rh_inferiortemporal,26,1.0,SZ,150,0.17333333333333334,0.006666666666666667,0.038461538461538464
lh_pericalcarine -- rh_isthmuscingulate,44,3.0,SZ,150,0.29333333333333333,0.02,0.06818181818181818
lh_pericalcarine -- rh_lateralorbitofrontal,23,3.0,SZ,150,0.15333333333333332,0.02,0.13043478260869565
lh_pericalcarine -- rh_medialorbitofrontal,11,1.0,SZ,150,0.07333333333333333,0.006666666666666667,0.09090909090909091
lh_pericalcarine -- rh_middletemporal,45,1.0,SZ,150,0.3,0.006666666666666667,0.022222222222222223
lh_pericalcarine -- rh_paracentral,16,2.0,SZ,150,0.10666666666666667,0.013333333333333334,0.125
lh_pericalcarine -- rh_parahippocampal,1,0.0,SZ,150,0.006666666666666667,0.0,0.0
lh_pericalcarine -- rh_parsopercularis,1,0.0,SZ,150,0.006666666666666667,0.0,0.0
lh_pericalcarine -- rh_parsorbitalis,37,2.0,SZ,150,0.24666666666666667,0.013333333333333334,0.05405405405405406
lh_pericalcarine -- rh_parstriangularis,17,3.0,SZ,150,0.11333333333333333,0.02,0.17647058823529413
lh_pericalcarine -- rh_pericalcarine,150,29.0,SZ,150,1.0,0.19333333333333333,0.19333333333333333
lh_pericalcarine -- rh_posteriorcingulate,24,1.0,SZ,150,0.16,0.006666666666666667,0.041666666666666664
lh_pericalcarine -- rh_precuneus,1,0.0,SZ,150,0.006666666666666667,0.0,0.0
lh_pericalcarine -- rh_superiortemporal,36,2.0,SZ,150,0.24,0.013333333333333334,0.05555555555555555
lh_pericalcarine -- rh_supramarginal,4,1.0,SZ,150,0.02666666666666667,0.006666666666666667,0.25
lh_pericalcarine -- rh_temporalpole,4,1.0,SZ,150,0.02666666666666667,0.006666666666666667,0.25
lh_postcentral -- lh_precentral,55,2.0,SZ,150,0.36666666666666664,0.013333333333333334,0.03636363636363636
lh_postcentral -- lh_precuneus,20,0.0,SZ,150,0.13333333333333333,0.0,0.0
lh_postcentral -- lh_rostralanteriorcingulate,26,0.0,SZ,150,0.17333333333333334,0.0,0.0
lh_postcentral -- lh_rostralmiddlefrontal,109,3.0,SZ,150,0.7266666666666667,0.02,0.027522935779816515
lh_postcentral -- lh_superiorfrontal,7,0.0,SZ,150,0.04666666666666667,0.0,0.0
lh_postcentral -- lh_superiorparietal,127,5.0,SZ,150,0.8466666666666667,0.03333333333333333,0.03937007874015748
lh_postcentral -- lh_superiortemporal,8,2.0,SZ,150,0.05333333333333334,0.013333333333333334,0.25
lh_postcentral -- lh_supramarginal,59,4.0,SZ,150,0.3933333333333333,0.02666666666666667,0.06779661016949153
lh_postcentral -- rh_caudalmiddlefrontal,1,0.0,SZ,150,0.006666666666666667,0.0,0.0
lh_postcentral -- rh_cuneus,27,0.0,SZ,150,0.18,0.0,0.0
lh_postcentral -- rh_entorhinal,6,0.0,SZ,150,0.04,0.0,0.0
lh_postcentral -- rh_inferiorparietal,74,4.0,SZ,150,0.49333333333333335,0.02666666666666667,0.05405405405405406
lh_postcentral -- rh_insula,1,0.0,SZ,150,0.006666666666666667,0.0,0.0
lh_postcentral -- rh_isthmuscingulate,4,0.0,SZ,150,0.02666666666666667,0.0,0.0
lh_postcentral -- rh_lateraloccipital,91,5.0,SZ,150,0.6066666666666667,0.03333333333333333,0.054945054945054944
lh_postcentral -- rh_lateralorbitofrontal,13,0.0,SZ,150,0.08666666666666667,0.0,0.0
lh_postcentral -- rh_lingual,31,0.0,SZ,150,0.20666666666666667,0.0,0.0
lh_postcentral -- rh_medialorbitofrontal,10,0.0,SZ,150,0.06666666666666667,0.0,0.0
lh_postcentral -- rh_paracentral,4,0.0,SZ,150,0.02666666666666667,0.0,0.0
lh_postcentral -- rh_parahippocampal,50,0.0,SZ,150,0.3333333333333333,0.0,0.0
lh_postcentral -- rh_parsopercularis,22,0.0,SZ,150,0.14666666666666667,0.0,0.0
lh_postcentral -- rh_parsorbitalis,1,0.0,SZ,150,0.006666666666666667,0.0,0.0
lh_postcentral -- rh_parstriangularis,18,0.0,SZ,150,0.12,0.0,0.0
lh_postcentral -- rh_postcentral,130,8.0,SZ,150,0.8666666666666667,0.05333333333333334,0.06153846153846154
lh_postcentral -- rh_precentral,72,1.0,SZ,150,0.48,0.006666666666666667,0.013888888888888888
lh_postcentral -- rh_precuneus,37,2.0,SZ,150,0.24666666666666667,0.013333333333333334,0.05405405405405406
lh_postcentral -- rh_rostralanteriorcingulate,18,3.0,SZ,150,0.12,0.02,0.16666666666666666
lh_postcentral -- rh_rostralmiddlefrontal,108,4.0,SZ,150,0.72,0.02666666666666667,0.037037037037037035
lh_postcentral -- rh_superiorfrontal,7,0.0,SZ,150,0.04666666666666667,0.0,0.0
lh_postcentral -- rh_superiorparietal,117,13.0,SZ,150,0.78,0.08666666666666667,0.1111111111111111
lh_postcentral -- rh_supramarginal,47,3.0,SZ,150,0.31333333333333335,0.02,0.06382978723404255
lh_postcentral -- rh_temporalpole,1,0.0,SZ,150,0.006666666666666667,0.0,0.0
lh_posteriorcingulate -- lh_precentral,4,0.0,SZ,150,0.02666666666666667,0.0,0.0
lh_posteriorcingulate -- lh_rostralanteriorcingulate,16,1.0,SZ,150,0.10666666666666667,0.006666666666666667,0.0625
lh_posteriorcingulate -- lh_rostralmiddlefrontal,1,0.0,SZ,150,0.006666666666666667,0.0,0.0
lh_posteriorcingulate -- lh_superiorfrontal,28,1.0,SZ,150,0.18666666666666668,0.006666666666666667,0.03571428571428571
lh_posteriorcingulate -- lh_superiortemporal,55,4.0,SZ,150,0.36666666666666664,0.02666666666666667,0.07272727272727272
lh_posteriorcingulate -- lh_supramarginal,17,0.0,SZ,150,0.11333333333333333,0.0,0.0
lh_posteriorcingulate -- lh_transversetemporal,5,0.0,SZ,150,0.03333333333333333,0.0,0.0
lh_posteriorcingulate -- rh_bankssts,120,5.0,SZ,150,0.8,0.03333333333333333,0.041666666666666664
lh_posteriorcingulate -- rh_caudalanteriorcingulate,109,3.0,SZ,150,0.7266666666666667,0.02,0.027522935779816515
lh_posteriorcingulate -- rh_caudalmiddlefrontal,74,2.0,SZ,150,0.49333333333333335,0.013333333333333334,0.02702702702702703
lh_posteriorcingulate -- rh_frontalpole,12,0.0,SZ,150,0.08,0.0,0.0
lh_posteriorcingulate -- rh_fusiform,6,2.0,SZ,150,0.04,0.013333333333333334,0.3333333333333333
lh_posteriorcingulate -- rh_inferiortemporal,68,3.0,SZ,150,0.4533333333333333,0.02,0.04411764705882353
lh_posteriorcingulate -- rh_insula,47,4.0,SZ,150,0.31333333333333335,0.02666666666666667,0.0851063829787234
lh_posteriorcingulate -- rh_isthmuscingulate,89,3.0,SZ,150,0.5933333333333334,0.02,0.033707865168539325
lh_posteriorcingulate -- rh_lateralorbitofrontal,28,2.0,SZ,150,0.18666666666666668,0.013333333333333334,0.07142857142857142
lh_posteriorcingulate -- rh_medialorbitofrontal,9,0.0,SZ,150,0.06,0.0,0.0
lh_posteriorcingulate -- rh_middletemporal,84,5.0,SZ,150,0.56,0.03333333333333333,0.05952380952380952
lh_posteriorcingulate -- rh_paracentral,59,2.0,SZ,150,0.3933333333333333,0.013333333333333334,0.03389830508474576
lh_posteriorcingulate -- rh_parahippocampal,18,2.0,SZ,150,0.12,0.013333333333333334,0.1111111111111111
lh_posteriorcingulate -- rh_parsopercularis,29,6.0,SZ,150,0.19333333333333333,0.04,0.20689655172413793
lh_posteriorcingulate -- rh_parstriangularis,52,3.0,SZ,150,0.3466666666666667,0.02,0.057692307692307696
lh_posteriorcingulate -- rh_pericalcarine,16,2.0,SZ,150,0.10666666666666667,0.013333333333333334,0.125
lh_posteriorcingulate -- rh_posteriorcingulate,137,4.0,SZ,150,0.9133333333333333,0.02666666666666667,0.029197080291970802
lh_posteriorcingulate -- rh_precentral,4,0.0,SZ,150,0.02666666666666667,0.0,0.0
lh_posteriorcingulate -- rh_rostralanteriorcingulate,9,1.0,SZ,150,0.06,0.006666666666666667,0.1111111111111111
lh_posteriorcingulate -- rh_rostralmiddlefrontal,4,0.0,SZ,150,0.02666666666666667,0.0,0.0
lh_posteriorcingulate -- rh_superiorfrontal,27,0.0,SZ,150,0.18,0.0,0.0
lh_posteriorcingulate -- rh_superiortemporal,75,2.0,SZ,150,0.5,0.013333333333333334,0.02666666666666667
lh_posteriorcingulate -- rh_supramarginal,4,0.0,SZ,150,0.02666666666666667,0.0,0.0
lh_posteriorcingulate -- rh_transversetemporal,5,0.0,SZ,150,0.03333333333333333,0.0,0.0
lh_precentral -- lh_precuneus,2,0.0,SZ,150,0.013333333333333334,0.0,0.0
lh_precentral -- lh_rostralanteriorcingulate,84,2.0,SZ,150,0.56,0.013333333333333334,0.023809523809523808
lh_precentral -- lh_rostralmiddlefrontal,93,6.0,SZ,150,0.62,0.04,0.06451612903225806
lh_precentral -- lh_superiorfrontal,82,2.0,SZ,150,0.5466666666666666,0.013333333333333334,0.024390243902439025
lh_precentral -- lh_superiorparietal,71,4.0,SZ,150,0.47333333333333333,0.02666666666666667,0.056338028169014086
lh_precentral -- lh_superiortemporal,22,3.0,SZ,150,0.14666666666666667,0.02,0.13636363636363635
lh_precentral -- lh_supramarginal,78,3.0,SZ,150,0.52,0.02,0.038461538461538464
lh_precentral -- lh_transversetemporal,4,0.0,SZ,150,0.02666666666666667,0.0,0.0
lh_precentral -- rh_bankssts,12,0.0,SZ,150,0.08,0.0,0.0
lh_precentral -- rh_caudalanteriorcingulate,10,0.0,SZ,150,0.06666666666666667,0.0,0.0
lh_precentral -- rh_caudalmiddlefrontal,18,0.0,SZ,150,0.12,0.0,0.0
lh_precentral -- rh_cuneus,21,0.0,SZ,150,0.14,0.0,0.0
lh_precentral -- rh_fusiform,5,1.0,SZ,150,0.03333333333333333,0.006666666666666667,0.2
lh_precentral -- rh_inferiorparietal,75,0.0,SZ,150,0.5,0.0,0.0
lh_precentral -- rh_insula,42,0.0,SZ,150,0.28,0.0,0.0
lh_precentral -- rh_isthmuscingulate,10,0.0,SZ,150,0.06666666666666667,0.0,0.0
lh_precentral -- rh_lateraloccipital,108,3.0,SZ,150,0.72,0.02,0.027777777777777776
lh_precentral -- rh_lateralorbitofrontal,9,0.0,SZ,150,0.06,0.0,0.0
lh_precentral -- rh_lingual,8,0.0,SZ,150,0.05333333333333334,0.0,0.0
lh_precentral -- rh_medialorbitofrontal,14,0.0,SZ,150,0.09333333333333334,0.0,0.0
lh_precentral -- rh_middletemporal,2,0.0,SZ,150,0.013333333333333334,0.0,0.0
lh_precentral -- rh_paracentral,13,0.0,SZ,150,0.08666666666666667,0.0,0.0
lh_precentral -- rh_parahippocampal,78,2.0,SZ,150,0.52,0.013333333333333334,0.02564102564102564
lh_precentral -- rh_parsopercularis,50,4.0,SZ,150,0.3333333333333333,0.02666666666666667,0.08
lh_precentral -- rh_parstriangularis,16,0.0,SZ,150,0.10666666666666667,0.0,0.0
lh_precentral -- rh_postcentral,41,3.0,SZ,150,0.2733333333333333,0.02,0.07317073170731707
lh_precentral -- rh_posteriorcingulate,2,0.0,SZ,150,0.013333333333333334,0.0,0.0
lh_precentral -- rh_precentral,113,7.0,SZ,150,0.7533333333333333,0.04666666666666667,0.061946902654867256
lh_precentral -- rh_precuneus,6,0.0,SZ,150,0.04,0.0,0.0
lh_precentral -- rh_rostralanteriorcingulate,62,1.0,SZ,150,0.41333333333333333,0.006666666666666667,0.016129032258064516
lh_precentral -- rh_rostralmiddlefrontal,88,2.0,SZ,150,0.5866666666666667,0.013333333333333334,0.022727272727272728
lh_precentral -- rh_superiorfrontal,79,2.0,SZ,150,0.5266666666666666,0.013333333333333334,0.02531645569620253
lh_precentral -- rh_superiorparietal,71,5.0,SZ,150,0.47333333333333333,0.03333333333333333,0.07042253521126761
lh_precentral -- rh_superiortemporal,5,1.0,SZ,150,0.03333333333333333,0.006666666666666667,0.2
lh_precentral -- rh_supramarginal,30,0.0,SZ,150,0.2,0.0,0.0
lh_precentral -- rh_transversetemporal,4,1.0,SZ,150,0.02666666666666667,0.006666666666666667,0.25
lh_precuneus -- lh_rostralanteriorcingulate,2,0.0,SZ,150,0.013333333333333334,0.0,0.0
lh_precuneus -- lh_rostralmiddlefrontal,9,0.0,SZ,150,0.06,0.0,0.0
lh_precuneus -- lh_superiorparietal,10,1.0,SZ,150,0.06666666666666667,0.006666666666666667,0.1
lh_precuneus -- lh_superiortemporal,2,0.0,SZ,150,0.013333333333333334,0.0,0.0
lh_precuneus -- lh_supramarginal,3,0.0,SZ,150,0.02,0.0,0.0
lh_precuneus -- lh_temporalpole,69,8.0,SZ,150,0.46,0.05333333333333334,0.11594202898550725
lh_precuneus -- rh_caudalanteriorcingulate,2,0.0,SZ,150,0.013333333333333334,0.0,0.0
lh_precuneus -- rh_caudalmiddlefrontal,4,1.0,SZ,150,0.02666666666666667,0.006666666666666667,0.25
lh_precuneus -- rh_cuneus,35,3.0,SZ,150,0.23333333333333334,0.02,0.08571428571428572
lh_precuneus -- rh_entorhinal,67,9.0,SZ,150,0.44666666666666666,0.06,0.13432835820895522
lh_precuneus -- rh_frontalpole,19,0.0,SZ,150,0.12666666666666668,0.0,0.0
lh_precuneus -- rh_fusiform,2,0.0,SZ,150,0.013333333333333334,0.0,0.0
lh_precuneus -- rh_inferiorparietal,2,0.0,SZ,150,0.013333333333333334,0.0,0.0
lh_precuneus -- rh_inferiortemporal,4,0.0,SZ,150,0.02666666666666667,0.0,0.0
lh_precuneus -- rh_isthmuscingulate,2,0.0,SZ,150,0.013333333333333334,0.0,0.0
lh_precuneus -- rh_lateraloccipital,7,0.0,SZ,150,0.04666666666666667,0.0,0.0
lh_precuneus -- rh_lateralorbitofrontal,7,0.0,SZ,150,0.04666666666666667,0.0,0.0
lh_precuneus -- rh_lingual,85,12.0,SZ,150,0.5666666666666667,0.08,0.1411764705882353
lh_precuneus -- rh_medialorbitofrontal,14,0.0,SZ,150,0.09333333333333334,0.0,0.0
lh_precuneus -- rh_middletemporal,3,0.0,SZ,150,0.02,0.0,0.0
lh_precuneus -- rh_paracentral,1,0.0,SZ,150,0.006666666666666667,0.0,0.0
lh_precuneus -- rh_parahippocampal,1,0.0,SZ,150,0.006666666666666667,0.0,0.0
lh_precuneus -- rh_parsopercularis,4,0.0,SZ,150,0.02666666666666667,0.0,0.0
lh_precuneus -- rh_parsorbitalis,47,5.0,SZ,150,0.31333333333333335,0.03333333333333333,0.10638297872340426
lh_precuneus -- rh_parstriangularis,9,0.0,SZ,150,0.06,0.0,0.0
lh_precuneus -- rh_pericalcarine,8,0.0,SZ,150,0.05333333333333334,0.0,0.0
lh_precuneus -- rh_postcentral,19,1.0,SZ,150,0.12666666666666668,0.006666666666666667,0.05263157894736842
lh_precuneus -- rh_posteriorcingulate,2,0.0,SZ,150,0.013333333333333334,0.0,0.0
lh_precuneus -- rh_precentral,6,2.0,SZ,150,0.04,0.013333333333333334,0.3333333333333333
lh_precuneus -- rh_precuneus,105,9.0,SZ,150,0.7,0.06,0.08571428571428572
lh_precuneus -- rh_rostralanteriorcingulate,2,0.0,SZ,150,0.013333333333333334,0.0,0.0
lh_precuneus -- rh_rostralmiddlefrontal,3,0.0,SZ,150,0.02,0.0,0.0
lh_precuneus -- rh_superiorparietal,12,2.0,SZ,150,0.08,0.013333333333333334,0.16666666666666666
lh_precuneus -- rh_superiortemporal,5,0.0,SZ,150,0.03333333333333333,0.0,0.0
lh_precuneus -- rh_supramarginal,18,2.0,SZ,150,0.12,0.013333333333333334,0.1111111111111111
lh_precuneus -- rh_temporalpole,74,8.0,SZ,150,0.49333333333333335,0.05333333333333334,0.10810810810810811
lh_rostralanteriorcingulate -- lh_rostralmiddlefrontal,52,1.0,SZ,150,0.3466666666666667,0.006666666666666667,0.019230769230769232
lh_rostralanteriorcingulate -- lh_superiorfrontal,67,6.0,SZ,150,0.44666666666666666,0.04,0.08955223880597014
lh_rostralanteriorcingulate -- lh_superiorparietal,39,2.0,SZ,150,0.26,0.013333333333333334,0.05128205128205128
lh_rostralanteriorcingulate -- lh_superiortemporal,21,0.0,SZ,150,0.14,0.0,0.0
lh_rostralanteriorcingulate -- lh_supramarginal,48,1.0,SZ,150,0.32,0.006666666666666667,0.020833333333333332
lh_rostralanteriorcingulate -- lh_transversetemporal,10,3.0,SZ,150,0.06666666666666667,0.02,0.3
lh_rostralanteriorcingulate -- rh_bankssts,21,2.0,SZ,150,0.14,0.013333333333333334,0.09523809523809523
lh_rostralanteriorcingulate -- rh_caudalanteriorcingulate,22,2.0,SZ,150,0.14666666666666667,0.013333333333333334,0.09090909090909091
lh_rostralanteriorcingulate -- rh_caudalmiddlefrontal,16,1.0,SZ,150,0.10666666666666667,0.006666666666666667,0.0625
lh_rostralanteriorcingulate -- rh_cuneus,11,1.0,SZ,150,0.07333333333333333,0.006666666666666667,0.09090909090909091
lh_rostralanteriorcingulate -- rh_fusiform,5,3.0,SZ,150,0.03333333333333333,0.02,0.6
lh_rostralanteriorcingulate -- rh_inferiorparietal,42,2.0,SZ,150,0.28,0.013333333333333334,0.047619047619047616
lh_rostralanteriorcingulate -- rh_inferiortemporal,3,0.0,SZ,150,0.02,0.0,0.0
lh_rostralanteriorcingulate -- rh_insula,54,5.0,SZ,150,0.36,0.03333333333333333,0.09259259259259259
lh_rostralanteriorcingulate -- rh_isthmuscingulate,14,1.0,SZ,150,0.09333333333333334,0.006666666666666667,0.07142857142857142
lh_rostralanteriorcingulate -- rh_lateraloccipital,64,0.0,SZ,150,0.4266666666666667,0.0,0.0
lh_rostralanteriorcingulate -- rh_lateralorbitofrontal,9,2.0,SZ,150,0.06,0.013333333333333334,0.2222222222222222
lh_rostralanteriorcingulate -- rh_lingual,2,0.0,SZ,150,0.013333333333333334,0.0,0.0
lh_rostralanteriorcingulate -- rh_medialorbitofrontal,12,0.0,SZ,150,0.08,0.0,0.0
lh_rostralanteriorcingulate -- rh_middletemporal,5,0.0,SZ,150,0.03333333333333333,0.0,0.0
lh_rostralanteriorcingulate -- rh_paracentral,15,1.0,SZ,150,0.1,0.006666666666666667,0.06666666666666667
lh_rostralanteriorcingulate -- rh_parahippocampal,54,0.0,SZ,150,0.36,0.0,0.0
lh_rostralanteriorcingulate -- rh_parsopercularis,42,7.0,SZ,150,0.28,0.04666666666666667,0.16666666666666666
lh_rostralanteriorcingulate -- rh_parstriangularis,16,0.0,SZ,150,0.10666666666666667,0.0,0.0
lh_rostralanteriorcingulate -- rh_postcentral,27,3.0,SZ,150,0.18,0.02,0.1111111111111111
lh_rostralanteriorcingulate -- rh_posteriorcingulate,7,1.0,SZ,150,0.04666666666666667,0.006666666666666667,0.14285714285714285
lh_rostralanteriorcingulate -- rh_precentral,77,2.0,SZ,150,0.5133333333333333,0.013333333333333334,0.025974025974025976
lh_rostralanteriorcingulate -- rh_precuneus,1,0.0,SZ,150,0.006666666666666667,0.0,0.0
lh_rostralanteriorcingulate -- rh_rostralanteriorcingulate,57,1.0,SZ,150,0.38,0.006666666666666667,0.017543859649122806
lh_rostralanteriorcingulate -- rh_rostralmiddlefrontal,45,0.0,SZ,150,0.3,0.0,0.0
lh_rostralanteriorcingulate -- rh_superiorfrontal,62,0.0,SZ,150,0.41333333333333333,0.0,0.0
lh_rostralanteriorcingulate -- rh_superiorparietal,40,1.0,SZ,150,0.26666666666666666,0.006666666666666667,0.025
lh_rostralanteriorcingulate -- rh_superiortemporal,11,3.0,SZ,150,0.07333333333333333,0.02,0.2727272727272727
lh_rostralanteriorcingulate -- rh_supramarginal,19,0.0,SZ,150,0.12666666666666668,0.0,0.0
lh_rostralanteriorcingulate -- rh_transversetemporal,7,1.0,SZ,150,0.04666666666666667,0.006666666666666667,0.14285714285714285
lh_rostralmiddlefrontal -- lh_superiorfrontal,59,2.0,SZ,150,0.3933333333333333,0.013333333333333334,0.03389830508474576
lh_rostralmiddlefrontal -- lh_superiorparietal,116,9.0,SZ,150,0.7733333333333333,0.06,0.07758620689655173
lh_rostralmiddlefrontal -- lh_superiortemporal,14,2.0,SZ,150,0.09333333333333334,0.013333333333333334,0.14285714285714285
lh_rostralmiddlefrontal -- lh_supramarginal,85,5.0,SZ,150,0.5666666666666667,0.03333333333333333,0.058823529411764705
lh_rostralmiddlefrontal -- lh_transversetemporal,1,0.0,SZ,150,0.006666666666666667,0.0,0.0
lh_rostralmiddlefrontal -- rh_bankssts,5,0.0,SZ,150,0.03333333333333333,0.0,0.0
lh_rostralmiddlefrontal -- rh_caudalanteriorcingulate,8,0.0,SZ,150,0.05333333333333334,0.0,0.0
lh_rostralmiddlefrontal -- rh_caudalmiddlefrontal,8,1.0,SZ,150,0.05333333333333334,0.006666666666666667,0.125
lh_rostralmiddlefrontal -- rh_cuneus,13,1.0,SZ,150,0.08666666666666667,0.006666666666666667,0.07692307692307693
lh_rostralmiddlefrontal -- rh_fusiform,1,0.0,SZ,150,0.006666666666666667,0.0,0.0
lh_rostralmiddlefrontal -- rh_inferiorparietal,106,9.0,SZ,150,0.7066666666666667,0.06,0.08490566037735849
lh_rostralmiddlefrontal -- rh_inferiortemporal,3,0.0,SZ,150,0.02,0.0,0.0
lh_rostralmiddlefrontal -- rh_insula,26,0.0,SZ,150,0.17333333333333334,0.0,0.0
lh_rostralmiddlefrontal -- rh_isthmuscingulate,8,0.0,SZ,150,0.05333333333333334,0.0,0.0
lh_rostralmiddlefrontal -- rh_lateraloccipital,135,4.0,SZ,150,0.9,0.02666666666666667,0.02962962962962963
lh_rostralmiddlefrontal -- rh_lateralorbitofrontal,8,1.0,SZ,150,0.05333333333333334,0.006666666666666667,0.125
lh_rostralmiddlefrontal -- rh_lingual,11,0.0,SZ,150,0.07333333333333333,0.0,0.0
lh_rostralmiddlefrontal -- rh_medialorbitofrontal,17,1.0,SZ,150,0.11333333333333333,0.006666666666666667,0.058823529411764705
lh_rostralmiddlefrontal -- rh_middletemporal,3,0.0,SZ,150,0.02,0.0,0.0
lh_rostralmiddlefrontal -- rh_paracentral,18,1.0,SZ,150,0.12,0.006666666666666667,0.05555555555555555
lh_rostralmiddlefrontal -- rh_parahippocampal,82,5.0,SZ,150,0.5466666666666666,0.03333333333333333,0.06097560975609756
lh_rostralmiddlefrontal -- rh_parsopercularis,37,1.0,SZ,150,0.24666666666666667,0.006666666666666667,0.02702702702702703
lh_rostralmiddlefrontal -- rh_parstriangularis,15,1.0,SZ,150,0.1,0.006666666666666667,0.06666666666666667
lh_rostralmiddlefrontal -- rh_postcentral,94,9.0,SZ,150,0.6266666666666667,0.06,0.09574468085106383
lh_rostralmiddlefrontal -- rh_posteriorcingulate,1,0.0,SZ,150,0.006666666666666667,0.0,0.0
lh_rostralmiddlefrontal -- rh_precentral,86,1.0,SZ,150,0.5733333333333334,0.006666666666666667,0.011627906976744186
lh_rostralmiddlefrontal -- rh_precuneus,13,0.0,SZ,150,0.08666666666666667,0.0,0.0
lh_rostralmiddlefrontal -- rh_rostralanteriorcingulate,39,1.0,SZ,150,0.26,0.006666666666666667,0.02564102564102564
lh_rostralmiddlefrontal -- rh_rostralmiddlefrontal,146,3.0,SZ,150,0.9733333333333334,0.02,0.02054794520547945
lh_rostralmiddlefrontal -- rh_superiorfrontal,68,5.0,SZ,150,0.4533333333333333,0.03333333333333333,0.07352941176470588
lh_rostralmiddlefrontal -- rh_superiorparietal,110,9.0,SZ,150,0.7333333333333333,0.06,0.08181818181818182
lh_rostralmiddlefrontal -- rh_superiortemporal,7,0.0,SZ,150,0.04666666666666667,0.0,0.0
lh_rostralmiddlefrontal -- rh_supramarginal,37,3.0,SZ,150,0.24666666666666667,0.02,0.08108108108108109
lh_rostralmiddlefrontal -- rh_transversetemporal,1,0.0,SZ,150,0.006666666666666667,0.0,0.0
lh_superiorfrontal -- lh_superiorparietal,20,0.0,SZ,150,0.13333333333333333,0.0,0.0
lh_superiorfrontal -- lh_superiortemporal,51,6.0,SZ,150,0.34,0.04,0.11764705882352941
lh_superiorfrontal -- lh_supramarginal,85,6.0,SZ,150,0.5666666666666667,0.04,0.07058823529411765
lh_superiorfrontal -- lh_transversetemporal,6,0.0,SZ,150,0.04,0.0,0.0
lh_superiorfrontal -- rh_bankssts,48,1.0,SZ,150,0.32,0.006666666666666667,0.020833333333333332
lh_superiorfrontal -- rh_caudalanteriorcingulate,50,2.0,SZ,150,0.3333333333333333,0.013333333333333334,0.04
lh_superiorfrontal -- rh_caudalmiddlefrontal,33,1.0,SZ,150,0.22,0.006666666666666667,0.030303030303030304
lh_superiorfrontal -- rh_cuneus,5,0.0,SZ,150,0.03333333333333333,0.0,0.0
lh_superiorfrontal -- rh_fusiform,3,0.0,SZ,150,0.02,0.0,0.0
lh_superiorfrontal -- rh_inferiorparietal,68,5.0,SZ,150,0.4533333333333333,0.03333333333333333,0.07352941176470588
lh_superiorfrontal -- rh_inferiortemporal,10,0.0,SZ,150,0.06666666666666667,0.0,0.0
lh_superiorfrontal -- rh_insula,119,3.0,SZ,150,0.7933333333333333,0.02,0.025210084033613446
lh_superiorfrontal -- rh_isthmuscingulate,22,0.0,SZ,150,0.14666666666666667,0.0,0.0
lh_superiorfrontal -- rh_lateraloccipital,70,4.0,SZ,150,0.4666666666666667,0.02666666666666667,0.05714285714285714
lh_superiorfrontal -- rh_lateralorbitofrontal,6,1.0,SZ,150,0.04,0.006666666666666667,0.16666666666666666
lh_superiorfrontal -- rh_medialorbitofrontal,13,2.0,SZ,150,0.08666666666666667,0.013333333333333334,0.15384615384615385
lh_superiorfrontal -- rh_middletemporal,17,0.0,SZ,150,0.11333333333333333,0.0,0.0
lh_superiorfrontal -- rh_paracentral,26,1.0,SZ,150,0.17333333333333334,0.006666666666666667,0.038461538461538464
lh_superiorfrontal -- rh_parahippocampal,67,4.0,SZ,150,0.44666666666666666,0.02666666666666667,0.05970149253731343
lh_superiorfrontal -- rh_parsopercularis,72,7.0,SZ,150,0.48,0.04666666666666667,0.09722222222222222
lh_superiorfrontal -- rh_parstriangularis,23,0.0,SZ,150,0.15333333333333332,0.0,0.0
lh_superiorfrontal -- rh_postcentral,9,0.0,SZ,150,0.06,0.0,0.0
lh_superiorfrontal -- rh_posteriorcingulate,12,0.0,SZ,150,0.08,0.0,0.0
lh_superiorfrontal -- rh_precentral,49,3.0,SZ,150,0.32666666666666666,0.02,0.061224489795918366
lh_superiorfrontal -- rh_rostralanteriorcingulate,58,3.0,SZ,150,0.38666666666666666,0.02,0.05172413793103448
lh_superiorfrontal -- rh_rostralmiddlefrontal,55,5.0,SZ,150,0.36666666666666664,0.03333333333333333,0.09090909090909091
lh_superiorfrontal -- rh_superiorfrontal,150,8.0,SZ,150,1.0,0.05333333333333334,0.05333333333333334
lh_superiorfrontal -- rh_superiorparietal,21,1.0,SZ,150,0.14,0.006666666666666667,0.047619047619047616
lh_superiorfrontal -- rh_superiortemporal,21,0.0,SZ,150,0.14,0.0,0.0
lh_superiorfrontal -- rh_supramarginal,22,1.0,SZ,150,0.14666666666666667,0.006666666666666667,0.045454545454545456
lh_superiorfrontal -- rh_transversetemporal,6,0.0,SZ,150,0.04,0.0,0.0
lh_superiorparietal -- lh_superiortemporal,12,2.0,SZ,150,0.08,0.013333333333333334,0.16666666666666666
lh_superiorparietal -- lh_supramarginal,68,2.0,SZ,150,0.4533333333333333,0.013333333333333334,0.029411764705882353
lh_superiorparietal -- lh_transversetemporal,1,0.0,SZ,150,0.006666666666666667,0.0,0.0
lh_superiorparietal -- rh_bankssts,3,0.0,SZ,150,0.02,0.0,0.0
lh_superiorparietal -- rh_caudalanteriorcingulate,1,0.0,SZ,150,0.006666666666666667,0.0,0.0
lh_superiorparietal -- rh_caudalmiddlefrontal,2,0.0,SZ,150,0.013333333333333334,0.0,0.0
lh_superiorparietal -- rh_cuneus,33,1.0,SZ,150,0.22,0.006666666666666667,0.030303030303030304
lh_superiorparietal -- rh_entorhinal,2,0.0,SZ,150,0.013333333333333334,0.0,0.0
lh_superiorparietal -- rh_inferiorparietal,94,5.0,SZ,150,0.6266666666666667,0.03333333333333333,0.05319148936170213
lh_superiorparietal -- rh_insula,11,0.0,SZ,150,0.07333333333333333,0.0,0.0
lh_superiorparietal -- rh_isthmuscingulate,4,0.0,SZ,150,0.02666666666666667,0.0,0.0
lh_superiorparietal -- rh_lateraloccipital,128,5.0,SZ,150,0.8533333333333334,0.03333333333333333,0.0390625
lh_superiorparietal -- rh_lateralorbitofrontal,12,1.0,SZ,150,0.08,0.006666666666666667,0.08333333333333333
lh_superiorparietal -- rh_lingual,29,0.0,SZ,150,0.19333333333333333,0.0,0.0
lh_superiorparietal -- rh_medialorbitofrontal,18,0.0,SZ,150,0.12,0.0,0.0
lh_superiorparietal -- rh_paracentral,5,0.0,SZ,150,0.03333333333333333,0.0,0.0
lh_superiorparietal -- rh_parahippocampal,80,3.0,SZ,150,0.5333333333333333,0.02,0.0375
lh_superiorparietal -- rh_parsopercularis,24,4.0,SZ,150,0.16,0.02666666666666667,0.16666666666666666
lh_superiorparietal -- rh_parstriangularis,18,0.0,SZ,150,0.12,0.0,0.0
lh_superiorparietal -- rh_postcentral,118,3.0,SZ,150,0.7866666666666666,0.02,0.025423728813559324
lh_superiorparietal -- rh_precentral,83,2.0,SZ,150,0.5533333333333333,0.013333333333333334,0.024096385542168676
lh_superiorparietal -- rh_precuneus,18,0.0,SZ,150,0.12,0.0,0.0
lh_superiorparietal -- rh_rostralanteriorcingulate,30,3.0,SZ,150,0.2,0.02,0.1
lh_superiorparietal -- rh_rostralmiddlefrontal,125,1.0,SZ,150,0.8333333333333334,0.006666666666666667,0.008
lh_superiorparietal -- rh_superiorfrontal,25,1.0,SZ,150,0.16666666666666666,0.006666666666666667,0.04
lh_superiorparietal -- rh_superiorparietal,148,7.0,SZ,150,0.9866666666666667,0.04666666666666667,0.0472972972972973
lh_superiorparietal -- rh_superiortemporal,1,0.0,SZ,150,0.006666666666666667,0.0,0.0
lh_superiorparietal -- rh_supramarginal,44,4.0,SZ,150,0.29333333333333333,0.02666666666666667,0.09090909090909091
lh_superiorparietal -- rh_transversetemporal,2,0.0,SZ,150,0.013333333333333334,0.0,0.0
lh_superiortemporal -- lh_supramarginal,28,3.0,SZ,150,0.18666666666666668,0.02,0.10714285714285714
lh_superiortemporal -- lh_transversetemporal,3,0.0,SZ,150,0.02,0.0,0.0
lh_superiortemporal -- rh_bankssts,62,1.0,SZ,150,0.41333333333333333,0.006666666666666667,0.016129032258064516
lh_superiortemporal -- rh_caudalanteriorcingulate,69,5.0,SZ,150,0.46,0.03333333333333333,0.07246376811594203
lh_superiortemporal -- rh_caudalmiddlefrontal,31,0.0,SZ,150,0.20666666666666667,0.0,0.0
lh_superiortemporal -- rh_cuneus,2,0.0,SZ,150,0.013333333333333334,0.0,0.0
lh_superiortemporal -- rh_frontalpole,7,0.0,SZ,150,0.04666666666666667,0.0,0.0
lh_superiortemporal -- rh_fusiform,3,0.0,SZ,150,0.02,0.0,0.0
lh_superiortemporal -- rh_inferiorparietal,21,3.0,SZ,150,0.14,0.02,0.14285714285714285
lh_superiortemporal -- rh_inferiortemporal,59,2.0,SZ,150,0.3933333333333333,0.013333333333333334,0.03389830508474576
lh_superiortemporal -- rh_insula,43,6.0,SZ,150,0.2866666666666667,0.04,0.13953488372093023
lh_superiortemporal -- rh_isthmuscingulate,43,1.0,SZ,150,0.2866666666666667,0.006666666666666667,0.023255813953488372
lh_superiortemporal -- rh_lateraloccipital,14,0.0,SZ,150,0.09333333333333334,0.0,0.0
lh_superiortemporal -- rh_lateralorbitofrontal,14,0.0,SZ,150,0.09333333333333334,0.0,0.0
lh_superiortemporal -- rh_lingual,2,0.0,SZ,150,0.013333333333333334,0.0,0.0
lh_superiortemporal -- rh_medialorbitofrontal,6,0.0,SZ,150,0.04,0.0,0.0
lh_superiortemporal -- rh_middletemporal,66,1.0,SZ,150,0.44,0.006666666666666667,0.015151515151515152
lh_superiortemporal -- rh_paracentral,29,1.0,SZ,150,0.19333333333333333,0.006666666666666667,0.034482758620689655
lh_superiortemporal -- rh_parahippocampal,20,5.0,SZ,150,0.13333333333333333,0.03333333333333333,0.25
lh_superiortemporal -- rh_parsopercularis,24,1.0,SZ,150,0.16,0.006666666666666667,0.041666666666666664
lh_superiortemporal -- rh_parsorbitalis,2,0.0,SZ,150,0.013333333333333334,0.0,0.0
lh_superiortemporal -- rh_parstriangularis,14,0.0,SZ,150,0.09333333333333334,0.0,0.0
lh_superiortemporal -- rh_pericalcarine,11,0.0,SZ,150,0.07333333333333333,0.0,0.0
lh_superiortemporal -- rh_postcentral,9,4.0,SZ,150,0.06,0.02666666666666667,0.4444444444444444
lh_superiortemporal -- rh_posteriorcingulate,61,3.0,SZ,150,0.4066666666666667,0.02,0.04918032786885246
lh_superiortemporal -- rh_precentral,20,2.0,SZ,150,0.13333333333333333,0.013333333333333334,0.1
lh_superiortemporal -- rh_rostralanteriorcingulate,17,4.0,SZ,150,0.11333333333333333,0.02666666666666667,0.23529411764705882
lh_superiortemporal -- rh_rostralmiddlefrontal,11,2.0,SZ,150,0.07333333333333333,0.013333333333333334,0.18181818181818182
lh_superiortemporal -- rh_superiorfrontal,53,2.0,SZ,150,0.35333333333333333,0.013333333333333334,0.03773584905660377
lh_superiortemporal -- rh_superiorparietal,12,2.0,SZ,150,0.08,0.013333333333333334,0.16666666666666666
lh_superiortemporal -- rh_superiortemporal,93,5.0,SZ,150,0.62,0.03333333333333333,0.053763440860215055
lh_superiortemporal -- rh_supramarginal,5,1.0,SZ,150,0.03333333333333333,0.006666666666666667,0.2
lh_superiortemporal -- rh_transversetemporal,4,2.0,SZ,150,0.02666666666666667,0.013333333333333334,0.5
lh_supramarginal -- lh_transversetemporal,2,0.0,SZ,150,0.013333333333333334,0.0,0.0
lh_supramarginal -- rh_bankssts,36,1.0,SZ,150,0.24,0.006666666666666667,0.027777777777777776
lh_supramarginal -- rh_caudalanteriorcingulate,27,0.0,SZ,150,0.18,0.0,0.0
lh_supramarginal -- rh_caudalmiddlefrontal,16,0.0,SZ,150,0.10666666666666667,0.0,0.0
lh_supramarginal -- rh_cuneus,21,4.0,SZ,150,0.14,0.02666666666666667,0.19047619047619047
lh_supramarginal -- rh_entorhinal,2,0.0,SZ,150,0.013333333333333334,0.0,0.0
lh_supramarginal -- rh_fusiform,2,1.0,SZ,150,0.013333333333333334,0.006666666666666667,0.5
lh_supramarginal -- rh_inferiorparietal,103,3.0,SZ,150,0.6866666666666666,0.02,0.02912621359223301
lh_supramarginal -- rh_inferiortemporal,12,1.0,SZ,150,0.08,0.006666666666666667,0.08333333333333333
lh_supramarginal -- rh_insula,42,1.0,SZ,150,0.28,0.006666666666666667,0.023809523809523808
lh_supramarginal -- rh_isthmuscingulate,19,0.0,SZ,150,0.12666666666666668,0.0,0.0
lh_supramarginal -- rh_lateraloccipital,82,3.0,SZ,150,0.5466666666666666,0.02,0.036585365853658534
lh_supramarginal -- rh_lateralorbitofrontal,16,0.0,SZ,150,0.10666666666666667,0.0,0.0
lh_supramarginal -- rh_lingual,11,4.0,SZ,150,0.07333333333333333,0.02666666666666667,0.36363636363636365
lh_supramarginal -- rh_medialorbitofrontal,16,0.0,SZ,150,0.10666666666666667,0.0,0.0
lh_supramarginal -- rh_middletemporal,12,1.0,SZ,150,0.08,0.006666666666666667,0.08333333333333333
lh_supramarginal -- rh_paracentral,24,0.0,SZ,150,0.16,0.0,0.0
lh_supramarginal -- rh_parahippocampal,61,4.0,SZ,150,0.4066666666666667,0.02666666666666667,0.06557377049180328
lh_supramarginal -- rh_parsopercularis,35,1.0,SZ,150,0.23333333333333334,0.006666666666666667,0.02857142857142857
lh_supramarginal -- rh_parstriangularis,36,1.0,SZ,150,0.24,0.006666666666666667,0.027777777777777776
lh_supramarginal -- rh_postcentral,43,2.0,SZ,150,0.2866666666666667,0.013333333333333334,0.046511627906976744
lh_supramarginal -- rh_posteriorcingulate,8,0.0,SZ,150,0.05333333333333334,0.0,0.0
lh_supramarginal -- rh_precentral,67,1.0,SZ,150,0.44666666666666666,0.006666666666666667,0.014925373134328358
lh_supramarginal -- rh_precuneus,10,1.0,SZ,150,0.06666666666666667,0.006666666666666667,0.1
lh_supramarginal -- rh_rostralanteriorcingulate,49,4.0,SZ,150,0.32666666666666666,0.02666666666666667,0.08163265306122448
lh_supramarginal -- rh_rostralmiddlefrontal,92,4.0,SZ,150,0.6133333333333333,0.02666666666666667,0.043478260869565216
lh_supramarginal -- rh_superiorfrontal,84,1.0,SZ,150,0.56,0.006666666666666667,0.011904761904761904
lh_supramarginal -- rh_superiorparietal,64,2.0,SZ,150,0.4266666666666667,0.013333333333333334,0.03125
lh_supramarginal -- rh_superiortemporal,8,0.0,SZ,150,0.05333333333333334,0.0,0.0
lh_supramarginal -- rh_supramarginal,49,3.0,SZ,150,0.32666666666666666,0.02,0.061224489795918366
lh_supramarginal -- rh_transversetemporal,4,0.0,SZ,150,0.02666666666666667,0.0,0.0
lh_temporalpole -- rh_caudalmiddlefrontal,1,0.0,SZ,150,0.006666666666666667,0.0,0.0
lh_temporalpole -- rh_cuneus,8,1.0,SZ,150,0.05333333333333334,0.006666666666666667,0.125
lh_temporalpole -- rh_entorhinal,65,4.0,SZ,150,0.43333333333333335,0.02666666666666667,0.06153846153846154
lh_temporalpole -- rh_frontalpole,46,2.0,SZ,150,0.30666666666666664,0.013333333333333334,0.043478260869565216
lh_temporalpole -- rh_fusiform,3,0.0,SZ,150,0.02,0.0,0.0
lh_temporalpole -- rh_inferiortemporal,13,0.0,SZ,150,0.08666666666666667,0.0,0.0
lh_temporalpole -- rh_isthmuscingulate,3,0.0,SZ,150,0.02,0.0,0.0
lh_temporalpole -- rh_lateralorbitofrontal,19,2.0,SZ,150,0.12666666666666668,0.013333333333333334,0.10526315789473684
lh_temporalpole -- rh_lingual,36,8.0,SZ,150,0.24,0.05333333333333334,0.2222222222222222
lh_temporalpole -- rh_medialorbitofrontal,14,2.0,SZ,150,0.09333333333333334,0.013333333333333334,0.14285714285714285
lh_temporalpole -- rh_middletemporal,3,0.0,SZ,150,0.02,0.0,0.0
lh_temporalpole -- rh_parsorbitalis,99,3.0,SZ,150,0.66,0.02,0.030303030303030304
lh_temporalpole -- rh_pericalcarine,13,1.0,SZ,150,0.08666666666666667,0.006666666666666667,0.07692307692307693
lh_temporalpole -- rh_posteriorcingulate,3,3.0,SZ,150,0.02,0.02,1.0
lh_temporalpole -- rh_precuneus,31,5.0,SZ,150,0.20666666666666667,0.03333333333333333,0.16129032258064516
lh_temporalpole -- rh_superiortemporal,6,0.0,SZ,150,0.04,0.0,0.0
lh_temporalpole -- rh_supramarginal,8,3.0,SZ,150,0.05333333333333334,0.02,0.375
lh_temporalpole -- rh_temporalpole,148,21.0,SZ,150,0.9866666666666667,0.14,0.14189189189189189
lh_transversetemporal -- rh_bankssts,9,2.0,SZ,150,0.06,0.013333333333333334,0.2222222222222222
lh_transversetemporal -- rh_caudalanteriorcingulate,4,0.0,SZ,150,0.02666666666666667,0.0,0.0
lh_transversetemporal -- rh_caudalmiddlefrontal,19,3.0,SZ,150,0.12666666666666668,0.02,0.15789473684210525
lh_transversetemporal -- rh_cuneus,1,0.0,SZ,150,0.006666666666666667,0.0,0.0
lh_transversetemporal -- rh_fusiform,10,1.0,SZ,150,0.06666666666666667,0.006666666666666667,0.1
lh_transversetemporal -- rh_inferiortemporal,2,0.0,SZ,150,0.013333333333333334,0.0,0.0
lh_transversetemporal -- rh_insula,23,4.0,SZ,150,0.15333333333333332,0.02666666666666667,0.17391304347826086
lh_transversetemporal -- rh_isthmuscingulate,11,1.0,SZ,150,0.07333333333333333,0.006666666666666667,0.09090909090909091
lh_transversetemporal -- rh_lateraloccipital,1,0.0,SZ,150,0.006666666666666667,0.0,0.0
lh_transversetemporal -- rh_lateralorbitofrontal,4,0.0,SZ,150,0.02666666666666667,0.0,0.0
lh_transversetemporal -- rh_lingual,3,0.0,SZ,150,0.02,0.0,0.0
lh_transversetemporal -- rh_medialorbitofrontal,4,1.0,SZ,150,0.02666666666666667,0.006666666666666667,0.25
lh_transversetemporal -- rh_middletemporal,3,1.0,SZ,150,0.02,0.006666666666666667,0.3333333333333333
lh_transversetemporal -- rh_paracentral,4,1.0,SZ,150,0.02666666666666667,0.006666666666666667,0.25
lh_transversetemporal -- rh_parahippocampal,10,0.0,SZ,150,0.06666666666666667,0.0,0.0
lh_transversetemporal -- rh_parsopercularis,18,3.0,SZ,150,0.12,0.02,0.16666666666666666
lh_transversetemporal -- rh_parstriangularis,12,4.0,SZ,150,0.08,0.02666666666666667,0.3333333333333333
lh_transversetemporal -- rh_posteriorcingulate,10,0.0,SZ,150,0.06666666666666667,0.0,0.0
lh_transversetemporal -- rh_precentral,3,0.0,SZ,150,0.02,0.0,0.0
lh_transversetemporal -- rh_rostralanteriorcingulate,17,4.0,SZ,150,0.11333333333333333,0.02666666666666667,0.23529411764705882
lh_transversetemporal -- rh_rostralmiddlefrontal,1,0.0,SZ,150,0.006666666666666667,0.0,0.0
lh_transversetemporal -- rh_superiorfrontal,7,0.0,SZ,150,0.04666666666666667,0.0,0.0
lh_transversetemporal -- rh_superiorparietal,1,0.0,SZ,150,0.006666666666666667,0.0,0.0
lh_transversetemporal -- rh_superiortemporal,3,0.0,SZ,150,0.02,0.0,0.0
lh_transversetemporal -- rh_supramarginal,1,0.0,SZ,150,0.006666666666666667,0.0,0.0
lh_transversetemporal -- rh_transversetemporal,85,26.0,SZ,150,0.5666666666666667,0.17333333333333334,0.3058823529411765
rh_bankssts -- rh_caudalanteriorcingulate,107,5.0,SZ,150,0.7133333333333334,0.03333333333333333,0.04672897196261682
rh_bankssts -- rh_caudalmiddlefrontal,72,6.0,SZ,150,0.48,0.04,0.08333333333333333
rh_bankssts -- rh_fusiform,3,0.0,SZ,150,0.02,0.0,0.0
rh_bankssts -- rh_inferiorparietal,17,0.0,SZ,150,0.11333333333333333,0.0,0.0
rh_bankssts -- rh_inferiortemporal,46,3.0,SZ,150,0.30666666666666664,0.02,0.06521739130434782
rh_bankssts -- rh_insula,83,6.0,SZ,150,0.5533333333333333,0.04,0.07228915662650602
rh_bankssts -- rh_isthmuscingulate,73,7.0,SZ,150,0.4866666666666667,0.04666666666666667,0.0958904109589041
rh_bankssts -- rh_lateraloccipital,5,0.0,SZ,150,0.03333333333333333,0.0,0.0
rh_bankssts -- rh_lateralorbitofrontal,20,0.0,SZ,150,0.13333333333333333,0.0,0.0
rh_bankssts -- rh_medialorbitofrontal,12,2.0,SZ,150,0.08,0.013333333333333334,0.16666666666666666
rh_bankssts -- rh_middletemporal,69,8.0,SZ,150,0.46,0.05333333333333334,0.11594202898550725
rh_bankssts -- rh_paracentral,91,3.0,SZ,150,0.6066666666666667,0.02,0.03296703296703297
rh_bankssts -- rh_parahippocampal,21,1.0,SZ,150,0.14,0.006666666666666667,0.047619047619047616
rh_bankssts -- rh_parsopercularis,49,8.0,SZ,150,0.32666666666666666,0.05333333333333334,0.16326530612244897
rh_bankssts -- rh_parstriangularis,53,1.0,SZ,150,0.35333333333333333,0.006666666666666667,0.018867924528301886
rh_bankssts -- rh_pericalcarine,4,0.0,SZ,150,0.02666666666666667,0.0,0.0
rh_bankssts -- rh_postcentral,1,0.0,SZ,150,0.006666666666666667,0.0,0.0
rh_bankssts -- rh_posteriorcingulate,113,3.0,SZ,150,0.7533333333333333,0.02,0.02654867256637168
rh_bankssts -- rh_precentral,7,0.0,SZ,150,0.04666666666666667,0.0,0.0
rh_bankssts -- rh_rostralanteriorcingulate,18,2.0,SZ,150,0.12,0.013333333333333334,0.1111111111111111
rh_bankssts -- rh_rostralmiddlefrontal,6,0.0,SZ,150,0.04,0.0,0.0
rh_bankssts -- rh_superiorfrontal,41,0.0,SZ,150,0.2733333333333333,0.0,0.0
rh_bankssts -- rh_superiorparietal,1,0.0,SZ,150,0.006666666666666667,0.0,0.0
rh_bankssts -- rh_superiortemporal,50,1.0,SZ,150,0.3333333333333333,0.006666666666666667,0.02
rh_bankssts -- rh_supramarginal,13,0.0,SZ,150,0.08666666666666667,0.0,0.0
rh_bankssts -- rh_transversetemporal,8,1.0,SZ,150,0.05333333333333334,0.006666666666666667,0.125
rh_caudalanteriorcingulate -- rh_caudalmiddlefrontal,58,2.0,SZ,150,0.38666666666666666,0.013333333333333334,0.034482758620689655
rh_caudalanteriorcingulate -- rh_cuneus,1,0.0,SZ,150,0.006666666666666667,0.0,0.0
rh_caudalanteriorcingulate -- rh_frontalpole,7,0.0,SZ,150,0.04666666666666667,0.0,0.0
rh_caudalanteriorcingulate -- rh_fusiform,4,2.0,SZ,150,0.02666666666666667,0.013333333333333334,0.5
rh_caudalanteriorcingulate -- rh_inferiorparietal,11,1.0,SZ,150,0.07333333333333333,0.006666666666666667,0.09090909090909091
rh_caudalanteriorcingulate -- rh_inferiortemporal,52,2.0,SZ,150,0.3466666666666667,0.013333333333333334,0.038461538461538464
rh_caudalanteriorcingulate -- rh_insula,58,1.0,SZ,150,0.38666666666666666,0.006666666666666667,0.017241379310344827
rh_caudalanteriorcingulate -- rh_isthmuscingulate,92,4.0,SZ,150,0.6133333333333333,0.02666666666666667,0.043478260869565216
rh_caudalanteriorcingulate -- rh_lateraloccipital,9,0.0,SZ,150,0.06,0.0,0.0
rh_caudalanteriorcingulate -- rh_lateralorbitofrontal,25,1.0,SZ,150,0.16666666666666666,0.006666666666666667,0.04
rh_caudalanteriorcingulate -- rh_lingual,1,0.0,SZ,150,0.006666666666666667,0.0,0.0
rh_caudalanteriorcingulate -- rh_medialorbitofrontal,12,1.0,SZ,150,0.08,0.006666666666666667,0.08333333333333333
rh_caudalanteriorcingulate -- rh_middletemporal,75,5.0,SZ,150,0.5,0.03333333333333333,0.06666666666666667
rh_caudalanteriorcingulate -- rh_paracentral,54,3.0,SZ,150,0.36,0.02,0.05555555555555555
rh_caudalanteriorcingulate -- rh_parahippocampal,17,0.0,SZ,150,0.11333333333333333,0.0,0.0
rh_caudalanteriorcingulate -- rh_parsopercularis,37,5.0,SZ,150,0.24666666666666667,0.03333333333333333,0.13513513513513514
rh_caudalanteriorcingulate -- rh_parsorbitalis,3,0.0,SZ,150,0.02,0.0,0.0
rh_caudalanteriorcingulate -- rh_parstriangularis,45,3.0,SZ,150,0.3,0.02,0.06666666666666667
rh_caudalanteriorcingulate -- rh_pericalcarine,17,0.0,SZ,150,0.11333333333333333,0.0,0.0
rh_caudalanteriorcingulate -- rh_posteriorcingulate,118,5.0,SZ,150,0.7866666666666666,0.03333333333333333,0.0423728813559322
rh_caudalanteriorcingulate -- rh_precentral,3,0.0,SZ,150,0.02,0.0,0.0
rh_caudalanteriorcingulate -- rh_rostralanteriorcingulate,17,2.0,SZ,150,0.11333333333333333,0.013333333333333334,0.11764705882352941
rh_caudalanteriorcingulate -- rh_rostralmiddlefrontal,10,0.0,SZ,150,0.06666666666666667,0.0,0.0
rh_caudalanteriorcingulate -- rh_superiorfrontal,53,1.0,SZ,150,0.35333333333333333,0.006666666666666667,0.018867924528301886
rh_caudalanteriorcingulate -- rh_superiorparietal,1,0.0,SZ,150,0.006666666666666667,0.0,0.0
rh_caudalanteriorcingulate -- rh_superiortemporal,55,4.0,SZ,150,0.36666666666666664,0.02666666666666667,0.07272727272727272
rh_caudalanteriorcingulate -- rh_supramarginal,16,0.0,SZ,150,0.10666666666666667,0.0,0.0
rh_caudalanteriorcingulate -- rh_transversetemporal,10,1.0,SZ,150,0.06666666666666667,0.006666666666666667,0.1
rh_caudalmiddlefrontal -- rh_cuneus,4,0.0,SZ,150,0.02666666666666667,0.0,0.0
rh_caudalmiddlefrontal -- rh_frontalpole,9,0.0,SZ,150,0.06,0.0,0.0
rh_caudalmiddlefrontal -- rh_fusiform,7,1.0,SZ,150,0.04666666666666667,0.006666666666666667,0.14285714285714285
rh_caudalmiddlefrontal -- rh_inferiorparietal,9,0.0,SZ,150,0.06,0.0,0.0
rh_caudalmiddlefrontal -- rh_inferiortemporal,38,2.0,SZ,150,0.25333333333333335,0.013333333333333334,0.05263157894736842
rh_caudalmiddlefrontal -- rh_insula,63,6.0,SZ,150,0.42,0.04,0.09523809523809523
rh_caudalmiddlefrontal -- rh_isthmuscingulate,39,3.0,SZ,150,0.26,0.02,0.07692307692307693
rh_caudalmiddlefrontal -- rh_lateraloccipital,10,1.0,SZ,150,0.06666666666666667,0.006666666666666667,0.1
rh_caudalmiddlefrontal -- rh_lateralorbitofrontal,12,1.0,SZ,150,0.08,0.006666666666666667,0.08333333333333333
rh_caudalmiddlefrontal -- rh_lingual,2,0.0,SZ,150,0.013333333333333334,0.0,0.0
rh_caudalmiddlefrontal -- rh_medialorbitofrontal,11,1.0,SZ,150,0.07333333333333333,0.006666666666666667,0.09090909090909091
rh_caudalmiddlefrontal -- rh_middletemporal,33,2.0,SZ,150,0.22,0.013333333333333334,0.06060606060606061
rh_caudalmiddlefrontal -- rh_paracentral,34,2.0,SZ,150,0.22666666666666666,0.013333333333333334,0.058823529411764705
rh_caudalmiddlefrontal -- rh_parahippocampal,31,4.0,SZ,150,0.20666666666666667,0.02666666666666667,0.12903225806451613
rh_caudalmiddlefrontal -- rh_parsopercularis,36,6.0,SZ,150,0.24,0.04,0.16666666666666666
rh_caudalmiddlefrontal -- rh_parsorbitalis,1,0.0,SZ,150,0.006666666666666667,0.0,0.0
rh_caudalmiddlefrontal -- rh_parstriangularis,22,0.0,SZ,150,0.14666666666666667,0.0,0.0
rh_caudalmiddlefrontal -- rh_pericalcarine,6,0.0,SZ,150,0.04,0.0,0.0
rh_caudalmiddlefrontal -- rh_postcentral,1,0.0,SZ,150,0.006666666666666667,0.0,0.0
rh_caudalmiddlefrontal -- rh_posteriorcingulate,69,1.0,SZ,150,0.46,0.006666666666666667,0.014492753623188406
rh_caudalmiddlefrontal -- rh_precentral,7,0.0,SZ,150,0.04666666666666667,0.0,0.0
rh_caudalmiddlefrontal -- rh_precuneus,1,0.0,SZ,150,0.006666666666666667,0.0,0.0
rh_caudalmiddlefrontal -- rh_rostralanteriorcingulate,25,1.0,SZ,150,0.16666666666666666,0.006666666666666667,0.04
rh_caudalmiddlefrontal -- rh_rostralmiddlefrontal,6,1.0,SZ,150,0.04,0.006666666666666667,0.16666666666666666
rh_caudalmiddlefrontal -- rh_superiorfrontal,26,0.0,SZ,150,0.17333333333333334,0.0,0.0
rh_caudalmiddlefrontal -- rh_superiorparietal,5,0.0,SZ,150,0.03333333333333333,0.0,0.0
rh_caudalmiddlefrontal -- rh_superiortemporal,43,7.0,SZ,150,0.2866666666666667,0.04666666666666667,0.16279069767441862
rh_caudalmiddlefrontal -- rh_supramarginal,5,0.0,SZ,150,0.03333333333333333,0.0,0.0
rh_caudalmiddlefrontal -- rh_temporalpole,2,0.0,SZ,150,0.013333333333333334,0.0,0.0
rh_caudalmiddlefrontal -- rh_transversetemporal,20,5.0,SZ,150,0.13333333333333333,0.03333333333333333,0.25
rh_cuneus -- rh_entorhinal,24,3.0,SZ,150,0.16,0.02,0.125
rh_cuneus -- rh_frontalpole,5,1.0,SZ,150,0.03333333333333333,0.006666666666666667,0.2
rh_cuneus -- rh_fusiform,2,0.0,SZ,150,0.013333333333333334,0.0,0.0
rh_cuneus -- rh_inferiorparietal,13,1.0,SZ,150,0.08666666666666667,0.006666666666666667,0.07692307692307693
rh_cuneus -- rh_inferiortemporal,1,0.0,SZ,150,0.006666666666666667,0.0,0.0
rh_cuneus -- rh_insula,4,1.0,SZ,150,0.02666666666666667,0.006666666666666667,0.25
rh_cuneus -- rh_lateraloccipital,16,0.0,SZ,150,0.10666666666666667,0.0,0.0
rh_cuneus -- rh_lateralorbitofrontal,6,0.0,SZ,150,0.04,0.0,0.0
rh_cuneus -- rh_lingual,63,9.0,SZ,150,0.42,0.06,0.14285714285714285
rh_cuneus -- rh_medialorbitofrontal,17,3.0,SZ,150,0.11333333333333333,0.02,0.17647058823529413
rh_cuneus -- rh_paracentral,3,0.0,SZ,150,0.02,0.0,0.0
rh_cuneus -- rh_parahippocampal,22,1.0,SZ,150,0.14666666666666667,0.006666666666666667,0.045454545454545456
rh_cuneus -- rh_parsopercularis,9,1.0,SZ,150,0.06,0.006666666666666667,0.1111111111111111
rh_cuneus -- rh_parsorbitalis,11,0.0,SZ,150,0.07333333333333333,0.0,0.0
rh_cuneus -- rh_parstriangularis,4,0.0,SZ,150,0.02666666666666667,0.0,0.0
rh_cuneus -- rh_pericalcarine,5,0.0,SZ,150,0.03333333333333333,0.0,0.0
rh_cuneus -- rh_postcentral,29,4.0,SZ,150,0.19333333333333333,0.02666666666666667,0.13793103448275862
rh_cuneus -- rh_precentral,19,0.0,SZ,150,0.12666666666666668,0.0,0.0
rh_cuneus -- rh_precuneus,52,11.0,SZ,150,0.3466666666666667,0.07333333333333333,0.21153846153846154
rh_cuneus -- rh_rostralanteriorcingulate,17,0.0,SZ,150,0.11333333333333333,0.0,0.0
rh_cuneus -- rh_rostralmiddlefrontal,10,1.0,SZ,150,0.06666666666666667,0.006666666666666667,0.1
rh_cuneus -- rh_superiorfrontal,5,0.0,SZ,150,0.03333333333333333,0.0,0.0
rh_cuneus -- rh_superiorparietal,35,4.0,SZ,150,0.23333333333333334,0.02666666666666667,0.11428571428571428
rh_cuneus -- rh_supramarginal,22,1.0,SZ,150,0.14666666666666667,0.006666666666666667,0.045454545454545456
rh_cuneus -- rh_temporalpole,13,2.0,SZ,150,0.08666666666666667,0.013333333333333334,0.15384615384615385
rh_entorhinal -- rh_frontalpole,11,1.0,SZ,150,0.07333333333333333,0.006666666666666667,0.09090909090909091
rh_entorhinal -- rh_fusiform,3,1.0,SZ,150,0.02,0.006666666666666667,0.3333333333333333
rh_entorhinal -- rh_inferiorparietal,1,0.0,SZ,150,0.006666666666666667,0.0,0.0
rh_entorhinal -- rh_inferiortemporal,4,1.0,SZ,150,0.02666666666666667,0.006666666666666667,0.25
rh_entorhinal -- rh_lateralorbitofrontal,12,4.0,SZ,150,0.08,0.02666666666666667,0.3333333333333333
rh_entorhinal -- rh_lingual,54,2.0,SZ,150,0.36,0.013333333333333334,0.037037037037037035
rh_entorhinal -- rh_medialorbitofrontal,13,3.0,SZ,150,0.08666666666666667,0.02,0.23076923076923078
rh_entorhinal -- rh_parsopercularis,3,0.0,SZ,150,0.02,0.0,0.0
rh_entorhinal -- rh_parsorbitalis,36,1.0,SZ,150,0.24,0.006666666666666667,0.027777777777777776
rh_entorhinal -- rh_parstriangularis,6,0.0,SZ,150,0.04,0.0,0.0
rh_entorhinal -- rh_pericalcarine,6,2.0,SZ,150,0.04,0.013333333333333334,0.3333333333333333
rh_entorhinal -- rh_postcentral,6,1.0,SZ,150,0.04,0.006666666666666667,0.16666666666666666
rh_entorhinal -- rh_precentral,1,0.0,SZ,150,0.006666666666666667,0.0,0.0
rh_entorhinal -- rh_precuneus,67,9.0,SZ,150,0.44666666666666666,0.06,0.13432835820895522
rh_entorhinal -- rh_superiorparietal,4,0.0,SZ,150,0.02666666666666667,0.0,0.0
rh_entorhinal -- rh_supramarginal,18,3.0,SZ,150,0.12,0.02,0.16666666666666666
rh_entorhinal -- rh_temporalpole,81,5.0,SZ,150,0.54,0.03333333333333333,0.06172839506172839
rh_frontalpole -- rh_fusiform,8,2.0,SZ,150,0.05333333333333334,0.013333333333333334,0.25
rh_frontalpole -- rh_inferiortemporal,19,1.0,SZ,150,0.12666666666666668,0.006666666666666667,0.05263157894736842
rh_frontalpole -- rh_isthmuscingulate,31,0.0,SZ,150,0.20666666666666667,0.0,0.0
rh_frontalpole -- rh_lateralorbitofrontal,15,1.0,SZ,150,0.1,0.006666666666666667,0.06666666666666667
rh_frontalpole -- rh_lingual,2,0.0,SZ,150,0.013333333333333334,0.0,0.0
rh_frontalpole -- rh_medialorbitofrontal,14,1.0,SZ,150,0.09333333333333334,0.006666666666666667,0.07142857142857142
rh_frontalpole -- rh_middletemporal,19,0.0,SZ,150,0.12666666666666668,0.0,0.0
rh_frontalpole -- rh_paracentral,6,1.0,SZ,150,0.04,0.006666666666666667,0.16666666666666666
rh_frontalpole -- rh_parahippocampal,1,0.0,SZ,150,0.006666666666666667,0.0,0.0
rh_frontalpole -- rh_parsorbitalis,75,2.0,SZ,150,0.5,0.013333333333333334,0.02666666666666667
rh_frontalpole -- rh_parstriangularis,5,1.0,SZ,150,0.03333333333333333,0.006666666666666667,0.2
rh_frontalpole -- rh_pericalcarine,121,13.0,SZ,150,0.8066666666666666,0.08666666666666667,0.10743801652892562
rh_frontalpole -- rh_posteriorcingulate,12,1.0,SZ,150,0.08,0.006666666666666667,0.08333333333333333
rh_frontalpole -- rh_precuneus,7,1.0,SZ,150,0.04666666666666667,0.006666666666666667,0.14285714285714285
rh_frontalpole -- rh_superiortemporal,23,0.0,SZ,150,0.15333333333333332,0.0,0.0
rh_frontalpole -- rh_supramarginal,1,0.0,SZ,150,0.006666666666666667,0.0,0.0
rh_frontalpole -- rh_temporalpole,42,4.0,SZ,150,0.28,0.02666666666666667,0.09523809523809523
rh_fusiform -- rh_inferiortemporal,7,2.0,SZ,150,0.04666666666666667,0.013333333333333334,0.2857142857142857
rh_fusiform -- rh_insula,10,3.0,SZ,150,0.06666666666666667,0.02,0.3
rh_fusiform -- rh_isthmuscingulate,6,1.0,SZ,150,0.04,0.006666666666666667,0.16666666666666666
rh_fusiform -- rh_lateralorbitofrontal,2,0.0,SZ,150,0.013333333333333334,0.0,0.0
rh_fusiform -- rh_lingual,2,0.0,SZ,150,0.013333333333333334,0.0,0.0
rh_fusiform -- rh_medialorbitofrontal,7,0.0,SZ,150,0.04666666666666667,0.0,0.0
rh_fusiform -- rh_middletemporal,5,0.0,SZ,150,0.03333333333333333,0.0,0.0
rh_fusiform -- rh_paracentral,6,1.0,SZ,150,0.04,0.006666666666666667,0.16666666666666666
rh_fusiform -- rh_parahippocampal,4,0.0,SZ,150,0.02666666666666667,0.0,0.0
rh_fusiform -- rh_parsopercularis,10,1.0,SZ,150,0.06666666666666667,0.006666666666666667,0.1
rh_fusiform -- rh_parsorbitalis,1,0.0,SZ,150,0.006666666666666667,0.0,0.0
rh_fusiform -- rh_parstriangularis,5,0.0,SZ,150,0.03333333333333333,0.0,0.0
rh_fusiform -- rh_pericalcarine,13,2.0,SZ,150,0.08666666666666667,0.013333333333333334,0.15384615384615385
rh_fusiform -- rh_postcentral,1,0.0,SZ,150,0.006666666666666667,0.0,0.0
rh_fusiform -- rh_posteriorcingulate,5,1.0,SZ,150,0.03333333333333333,0.006666666666666667,0.2
rh_fusiform -- rh_precuneus,4,2.0,SZ,150,0.02666666666666667,0.013333333333333334,0.5
rh_fusiform -- rh_rostralanteriorcingulate,3,0.0,SZ,150,0.02,0.0,0.0
rh_fusiform -- rh_rostralmiddlefrontal,1,0.0,SZ,150,0.006666666666666667,0.0,0.0
rh_fusiform -- rh_superiorfrontal,3,0.0,SZ,150,0.02,0.0,0.0
rh_fusiform -- rh_superiortemporal,7,1.0,SZ,150,0.04666666666666667,0.006666666666666667,0.14285714285714285
rh_fusiform -- rh_supramarginal,2,2.0,SZ,150,0.013333333333333334,0.013333333333333334,1.0
rh_fusiform -- rh_temporalpole,3,1.0,SZ,150,0.02,0.006666666666666667,0.3333333333333333
rh_fusiform -- rh_transversetemporal,4,1.0,SZ,150,0.02666666666666667,0.006666666666666667,0.25
rh_inferiorparietal -- rh_inferiortemporal,2,0.0,SZ,150,0.013333333333333334,0.0,0.0
rh_inferiorparietal -- rh_insula,26,0.0,SZ,150,0.17333333333333334,0.0,0.0
rh_inferiorparietal -- rh_isthmuscingulate,7,1.0,SZ,150,0.04666666666666667,0.006666666666666667,0.14285714285714285
rh_inferiorparietal -- rh_lateraloccipital,107,7.0,SZ,150,0.7133333333333334,0.04666666666666667,0.06542056074766354
rh_inferiorparietal -- rh_lateralorbitofrontal,21,2.0,SZ,150,0.14,0.013333333333333334,0.09523809523809523
rh_inferiorparietal -- rh_lingual,5,0.0,SZ,150,0.03333333333333333,0.0,0.0
rh_inferiorparietal -- rh_medialorbitofrontal,18,0.0,SZ,150,0.12,0.0,0.0
rh_inferiorparietal -- rh_middletemporal,1,0.0,SZ,150,0.006666666666666667,0.0,0.0
rh_inferiorparietal -- rh_paracentral,27,0.0,SZ,150,0.18,0.0,0.0
rh_inferiorparietal -- rh_parahippocampal,62,3.0,SZ,150,0.41333333333333333,0.02,0.04838709677419355
rh_inferiorparietal -- rh_parsopercularis,35,3.0,SZ,150,0.23333333333333334,0.02,0.08571428571428572
rh_inferiorparietal -- rh_parstriangularis,22,2.0,SZ,150,0.14666666666666667,0.013333333333333334,0.09090909090909091
rh_inferiorparietal -- rh_postcentral,60,2.0,SZ,150,0.4,0.013333333333333334,0.03333333333333333
rh_inferiorparietal -- rh_posteriorcingulate,1,0.0,SZ,150,0.006666666666666667,0.0,0.0
rh_inferiorparietal -- rh_precentral,55,1.0,SZ,150,0.36666666666666664,0.006666666666666667,0.01818181818181818
rh_inferiorparietal -- rh_precuneus,4,0.0,SZ,150,0.02666666666666667,0.0,0.0
rh_inferiorparietal -- rh_rostralanteriorcingulate,40,3.0,SZ,150,0.26666666666666666,0.02,0.075
rh_inferiorparietal -- rh_rostralmiddlefrontal,121,9.0,SZ,150,0.8066666666666666,0.06,0.0743801652892562
rh_inferiorparietal -- rh_superiorfrontal,75,3.0,SZ,150,0.5,0.02,0.04
rh_inferiorparietal -- rh_superiorparietal,94,3.0,SZ,150,0.6266666666666667,0.02,0.031914893617021274
rh_inferiorparietal -- rh_superiortemporal,2,0.0,SZ,150,0.013333333333333334,0.0,0.0
rh_inferiorparietal -- rh_supramarginal,57,1.0,SZ,150,0.38,0.006666666666666667,0.017543859649122806
rh_inferiorparietal -- rh_transversetemporal,1,0.0,SZ,150,0.006666666666666667,0.0,0.0
rh_inferiortemporal -- rh_insula,10,3.0,SZ,150,0.06666666666666667,0.02,0.3
rh_inferiortemporal -- rh_isthmuscingulate,46,4.0,SZ,150,0.30666666666666664,0.02666666666666667,0.08695652173913043
rh_inferiortemporal -- rh_lateralorbitofrontal,14,0.0,SZ,150,0.09333333333333334,0.0,0.0
rh_inferiortemporal -- rh_lingual,1,0.0,SZ,150,0.006666666666666667,0.0,0.0
rh_inferiortemporal -- rh_medialorbitofrontal,7,1.0,SZ,150,0.04666666666666667,0.006666666666666667,0.14285714285714285
rh_inferiortemporal -- rh_middletemporal,86,2.0,SZ,150,0.5733333333333334,0.013333333333333334,0.023255813953488372
rh_inferiortemporal -- rh_paracentral,44,3.0,SZ,150,0.29333333333333333,0.02,0.06818181818181818
rh_inferiortemporal -- rh_parahippocampal,5,0.0,SZ,150,0.03333333333333333,0.0,0.0
rh_inferiortemporal -- rh_parsopercularis,6,1.0,SZ,150,0.04,0.006666666666666667,0.16666666666666666
rh_inferiortemporal -- rh_parsorbitalis,18,3.0,SZ,150,0.12,0.02,0.16666666666666666
rh_inferiortemporal -- rh_parstriangularis,21,2.0,SZ,150,0.14,0.013333333333333334,0.09523809523809523
rh_inferiortemporal -- rh_pericalcarine,19,0.0,SZ,150,0.12666666666666668,0.0,0.0
rh_inferiortemporal -- rh_postcentral,1,0.0,SZ,150,0.006666666666666667,0.0,0.0
rh_inferiortemporal -- rh_posteriorcingulate,66,3.0,SZ,150,0.44,0.02,0.045454545454545456
rh_inferiortemporal -- rh_precuneus,1,0.0,SZ,150,0.006666666666666667,0.0,0.0
rh_inferiortemporal -- rh_rostralanteriorcingulate,3,0.0,SZ,150,0.02,0.0,0.0
rh_inferiortemporal -- rh_rostralmiddlefrontal,6,0.0,SZ,150,0.04,0.0,0.0
rh_inferiortemporal -- rh_superiorfrontal,9,0.0,SZ,150,0.06,0.0,0.0
rh_inferiortemporal -- rh_superiorparietal,1,0.0,SZ,150,0.006666666666666667,0.0,0.0
rh_inferiortemporal -- rh_superiortemporal,83,3.0,SZ,150,0.5533333333333333,0.02,0.03614457831325301
rh_inferiortemporal -- rh_supramarginal,2,0.0,SZ,150,0.013333333333333334,0.0,0.0
rh_inferiortemporal -- rh_temporalpole,10,1.0,SZ,150,0.06666666666666667,0.006666666666666667,0.1
rh_insula -- rh_isthmuscingulate,29,1.0,SZ,150,0.19333333333333333,0.006666666666666667,0.034482758620689655
rh_insula -- rh_lateraloccipital,44,0.0,SZ,150,0.29333333333333333,0.0,0.0
rh_insula -- rh_lateralorbitofrontal,7,1.0,SZ,150,0.04666666666666667,0.006666666666666667,0.14285714285714285
rh_insula -- rh_medialorbitofrontal,15,1.0,SZ,150,0.1,0.006666666666666667,0.06666666666666667
rh_insula -- rh_middletemporal,10,0.0,SZ,150,0.06666666666666667,0.0,0.0
rh_insula -- rh_paracentral,17,0.0,SZ,150,0.11333333333333333,0.0,0.0
rh_insula -- rh_parahippocampal,51,4.0,SZ,150,0.34,0.02666666666666667,0.0784313725490196
rh_insula -- rh_parsopercularis,70,10.0,SZ,150,0.4666666666666667,0.06666666666666667,0.14285714285714285
rh_insula -- rh_parstriangularis,24,0.0,SZ,150,0.16,0.0,0.0
rh_insula -- rh_postcentral,4,0.0,SZ,150,0.02666666666666667,0.0,0.0
rh_insula -- rh_posteriorcingulate,40,4.0,SZ,150,0.26666666666666666,0.02666666666666667,0.1
rh_insula -- rh_precentral,34,0.0,SZ,150,0.22666666666666666,0.0,0.0
rh_insula -- rh_rostralanteriorcingulate,49,3.0,SZ,150,0.32666666666666666,0.02,0.061224489795918366
rh_insula -- rh_rostralmiddlefrontal,26,0.0,SZ,150,0.17333333333333334,0.0,0.0
rh_insula -- rh_superiorfrontal,119,6.0,SZ,150,0.7933333333333333,0.04,0.05042016806722689
rh_insula -- rh_superiorparietal,10,1.0,SZ,150,0.06666666666666667,0.006666666666666667,0.1
rh_insula -- rh_superiortemporal,26,1.0,SZ,150,0.17333333333333334,0.006666666666666667,0.038461538461538464
rh_insula -- rh_supramarginal,12,1.0,SZ,150,0.08,0.006666666666666667,0.08333333333333333
rh_insula -- rh_transversetemporal,12,1.0,SZ,150,0.08,0.006666666666666667,0.08333333333333333
rh_isthmuscingulate -- rh_lateraloccipital,8,0.0,SZ,150,0.05333333333333334,0.0,0.0
rh_isthmuscingulate -- rh_lateralorbitofrontal,30,3.0,SZ,150,0.2,0.02,0.1
rh_isthmuscingulate -- rh_medialorbitofrontal,9,0.0,SZ,150,0.06,0.0,0.0
rh_isthmuscingulate -- rh_middletemporal,73,1.0,SZ,150,0.4866666666666667,0.006666666666666667,0.0136986301369863
rh_isthmuscingulate -- rh_paracentral,63,3.0,SZ,150,0.42,0.02,0.047619047619047616
rh_isthmuscingulate -- rh_parahippocampal,7,0.0,SZ,150,0.04666666666666667,0.0,0.0
rh_isthmuscingulate -- rh_parsopercularis,25,4.0,SZ,150,0.16666666666666666,0.02666666666666667,0.16
rh_isthmuscingulate -- rh_parsorbitalis,13,1.0,SZ,150,0.08666666666666667,0.006666666666666667,0.07692307692307693
rh_isthmuscingulate -- rh_parstriangularis,47,3.0,SZ,150,0.31333333333333335,0.02,0.06382978723404255
rh_isthmuscingulate -- rh_pericalcarine,39,2.0,SZ,150,0.26,0.013333333333333334,0.05128205128205128
rh_isthmuscingulate -- rh_postcentral,2,0.0,SZ,150,0.013333333333333334,0.0,0.0
rh_isthmuscingulate -- rh_posteriorcingulate,86,1.0,SZ,150,0.5733333333333334,0.006666666666666667,0.011627906976744186
rh_isthmuscingulate -- rh_precentral,9,0.0,SZ,150,0.06,0.0,0.0
rh_isthmuscingulate -- rh_rostralanteriorcingulate,10,0.0,SZ,150,0.06666666666666667,0.0,0.0
rh_isthmuscingulate -- rh_rostralmiddlefrontal,8,0.0,SZ,150,0.05333333333333334,0.0,0.0
rh_isthmuscingulate -- rh_superiorfrontal,24,0.0,SZ,150,0.16,0.0,0.0
rh_isthmuscingulate -- rh_superiorparietal,4,0.0,SZ,150,0.02666666666666667,0.0,0.0
rh_isthmuscingulate -- rh_superiortemporal,49,0.0,SZ,150,0.32666666666666666,0.0,0.0
rh_isthmuscingulate -- rh_supramarginal,10,0.0,SZ,150,0.06666666666666667,0.0,0.0
rh_isthmuscingulate -- rh_temporalpole,4,0.0,SZ,150,0.02666666666666667,0.0,0.0
rh_isthmuscingulate -- rh_transversetemporal,5,0.0,SZ,150,0.03333333333333333,0.0,0.0
rh_lateraloccipital -- rh_lateralorbitofrontal,11,0.0,SZ,150,0.07333333333333333,0.0,0.0
rh_lateraloccipital -- rh_lingual,9,2.0,SZ,150,0.06,0.013333333333333334,0.2222222222222222
rh_lateraloccipital -- rh_medialorbitofrontal,12,0.0,SZ,150,0.08,0.0,0.0
rh_lateraloccipital -- rh_middletemporal,2,0.0,SZ,150,0.013333333333333334,0.0,0.0
rh_lateraloccipital -- rh_paracentral,11,0.0,SZ,150,0.07333333333333333,0.0,0.0
rh_lateraloccipital -- rh_parahippocampal,87,3.0,SZ,150,0.58,0.02,0.034482758620689655
rh_lateraloccipital -- rh_parsopercularis,48,1.0,SZ,150,0.32,0.006666666666666667,0.020833333333333332
rh_lateraloccipital -- rh_parstriangularis,20,1.0,SZ,150,0.13333333333333333,0.006666666666666667,0.05
rh_lateraloccipital -- rh_postcentral,70,2.0,SZ,150,0.4666666666666667,0.013333333333333334,0.02857142857142857
rh_lateraloccipital -- rh_precentral,102,4.0,SZ,150,0.68,0.02666666666666667,0.0392156862745098
rh_lateraloccipital -- rh_precuneus,8,0.0,SZ,150,0.05333333333333334,0.0,0.0
rh_lateraloccipital -- rh_rostralanteriorcingulate,69,2.0,SZ,150,0.46,0.013333333333333334,0.028985507246376812
rh_lateraloccipital -- rh_rostralmiddlefrontal,129,5.0,SZ,150,0.86,0.03333333333333333,0.03875968992248062
rh_lateraloccipital -- rh_superiorfrontal,78,2.0,SZ,150,0.52,0.013333333333333334,0.02564102564102564
rh_lateraloccipital -- rh_superiorparietal,127,4.0,SZ,150,0.8466666666666667,0.02666666666666667,0.031496062992125984
rh_lateraloccipital -- rh_superiortemporal,2,0.0,SZ,150,0.013333333333333334,0.0,0.0
rh_lateraloccipital -- rh_supramarginal,29,0.0,SZ,150,0.19333333333333333,0.0,0.0
rh_lateraloccipital -- rh_transversetemporal,2,0.0,SZ,150,0.013333333333333334,0.0,0.0
rh_lateralorbitofrontal -- rh_lingual,8,0.0,SZ,150,0.05333333333333334,0.0,0.0
rh_lateralorbitofrontal -- rh_medialorbitofrontal,9,3.0,SZ,150,0.06,0.02,0.3333333333333333
rh_lateralorbitofrontal -- rh_middletemporal,17,0.0,SZ,150,0.11333333333333333,0.0,0.0
rh_lateralorbitofrontal -- rh_paracentral,19,1.0,SZ,150,0.12666666666666668,0.006666666666666667,0.05263157894736842
rh_lateralorbitofrontal -- rh_parahippocampal,10,0.0,SZ,150,0.06666666666666667,0.0,0.0
rh_lateralorbitofrontal -- rh_parsopercularis,8,1.0,SZ,150,0.05333333333333334,0.006666666666666667,0.125
rh_lateralorbitofrontal -- rh_parsorbitalis,13,2.0,SZ,150,0.08666666666666667,0.013333333333333334,0.15384615384615385
rh_lateralorbitofrontal -- rh_parstriangularis,27,0.0,SZ,150,0.18,0.0,0.0
rh_lateralorbitofrontal -- rh_pericalcarine,20,2.0,SZ,150,0.13333333333333333,0.013333333333333334,0.1
rh_lateralorbitofrontal -- rh_postcentral,13,1.0,SZ,150,0.08666666666666667,0.006666666666666667,0.07692307692307693
rh_lateralorbitofrontal -- rh_posteriorcingulate,21,1.0,SZ,150,0.14,0.006666666666666667,0.047619047619047616
rh_lateralorbitofrontal -- rh_precentral,8,0.0,SZ,150,0.05333333333333334,0.0,0.0
rh_lateralorbitofrontal -- rh_precuneus,12,4.0,SZ,150,0.08,0.02666666666666667,0.3333333333333333
rh_lateralorbitofrontal -- rh_rostralanteriorcingulate,10,1.0,SZ,150,0.06666666666666667,0.006666666666666667,0.1
rh_lateralorbitofrontal -- rh_rostralmiddlefrontal,8,0.0,SZ,150,0.05333333333333334,0.0,0.0
rh_lateralorbitofrontal -- rh_superiorfrontal,5,1.0,SZ,150,0.03333333333333333,0.006666666666666667,0.2
rh_lateralorbitofrontal -- rh_superiorparietal,10,0.0,SZ,150,0.06666666666666667,0.0,0.0
rh_lateralorbitofrontal -- rh_superiortemporal,17,2.0,SZ,150,0.11333333333333333,0.013333333333333334,0.11764705882352941
rh_lateralorbitofrontal -- rh_supramarginal,14,1.0,SZ,150,0.09333333333333334,0.006666666666666667,0.07142857142857142
rh_lateralorbitofrontal -- rh_temporalpole,15,2.0,SZ,150,0.1,0.013333333333333334,0.13333333333333333
rh_lateralorbitofrontal -- rh_transversetemporal,4,1.0,SZ,150,0.02666666666666667,0.006666666666666667,0.25
rh_lingual -- rh_medialorbitofrontal,16,1.0,SZ,150,0.10666666666666667,0.006666666666666667,0.0625
rh_lingual -- rh_parahippocampal,18,0.0,SZ,150,0.12,0.0,0.0
rh_lingual -- rh_parsopercularis,4,0.0,SZ,150,0.02666666666666667,0.0,0.0
rh_lingual -- rh_parsorbitalis,15,1.0,SZ,150,0.1,0.006666666666666667,0.06666666666666667
rh_lingual -- rh_parstriangularis,13,0.0,SZ,150,0.08666666666666667,0.0,0.0
rh_lingual -- rh_postcentral,34,2.0,SZ,150,0.22666666666666666,0.013333333333333334,0.058823529411764705
rh_lingual -- rh_posteriorcingulate,1,0.0,SZ,150,0.006666666666666667,0.0,0.0
rh_lingual -- rh_precentral,13,2.0,SZ,150,0.08666666666666667,0.013333333333333334,0.15384615384615385
rh_lingual -- rh_precuneus,99,13.0,SZ,150,0.66,0.08666666666666667,0.13131313131313133
rh_lingual -- rh_rostralanteriorcingulate,2,0.0,SZ,150,0.013333333333333334,0.0,0.0
rh_lingual -- rh_rostralmiddlefrontal,10,1.0,SZ,150,0.06666666666666667,0.006666666666666667,0.1
rh_lingual -- rh_superiorparietal,37,3.0,SZ,150,0.24666666666666667,0.02,0.08108108108108109
rh_lingual -- rh_superiortemporal,2,0.0,SZ,150,0.013333333333333334,0.0,0.0
rh_lingual -- rh_supramarginal,12,4.0,SZ,150,0.08,0.02666666666666667,0.3333333333333333
rh_lingual -- rh_temporalpole,39,7.0,SZ,150,0.26,0.04666666666666667,0.1794871794871795
rh_lingual -- rh_transversetemporal,3,0.0,SZ,150,0.02,0.0,0.0
rh_medialorbitofrontal -- rh_middletemporal,5,0.0,SZ,150,0.03333333333333333,0.0,0.0
rh_medialorbitofrontal -- rh_paracentral,12,3.0,SZ,150,0.08,0.02,0.25
rh_medialorbitofrontal -- rh_parahippocampal,16,0.0,SZ,150,0.10666666666666667,0.0,0.0
rh_medialorbitofrontal -- rh_parsopercularis,16,1.0,SZ,150,0.10666666666666667,0.006666666666666667,0.0625
rh_medialorbitofrontal -- rh_parsorbitalis,16,1.0,SZ,150,0.10666666666666667,0.006666666666666667,0.0625
rh_medialorbitofrontal -- rh_parstriangularis,16,3.0,SZ,150,0.10666666666666667,0.02,0.1875
rh_medialorbitofrontal -- rh_pericalcarine,10,0.0,SZ,150,0.06666666666666667,0.0,0.0
rh_medialorbitofrontal -- rh_postcentral,11,0.0,SZ,150,0.07333333333333333,0.0,0.0
rh_medialorbitofrontal -- rh_posteriorcingulate,5,1.0,SZ,150,0.03333333333333333,0.006666666666666667,0.2
rh_medialorbitofrontal -- rh_precentral,12,0.0,SZ,150,0.08,0.0,0.0
rh_medialorbitofrontal -- rh_precuneus,14,0.0,SZ,150,0.09333333333333334,0.0,0.0
rh_medialorbitofrontal -- rh_rostralanteriorcingulate,11,3.0,SZ,150,0.07333333333333333,0.02,0.2727272727272727
rh_medialorbitofrontal -- rh_rostralmiddlefrontal,20,0.0,SZ,150,0.13333333333333333,0.0,0.0
rh_medialorbitofrontal -- rh_superiorfrontal,16,0.0,SZ,150,0.10666666666666667,0.0,0.0
rh_medialorbitofrontal -- rh_superiorparietal,22,0.0,SZ,150,0.14666666666666667,0.0,0.0
rh_medialorbitofrontal -- rh_superiortemporal,6,0.0,SZ,150,0.04,0.0,0.0
rh_medialorbitofrontal -- rh_supramarginal,9,0.0,SZ,150,0.06,0.0,0.0
rh_medialorbitofrontal -- rh_temporalpole,12,0.0,SZ,150,0.08,0.0,0.0
rh_medialorbitofrontal -- rh_transversetemporal,2,1.0,SZ,150,0.013333333333333334,0.006666666666666667,0.5
rh_middletemporal -- rh_paracentral,47,1.0,SZ,150,0.31333333333333335,0.006666666666666667,0.02127659574468085
rh_middletemporal -- rh_parahippocampal,9,2.0,SZ,150,0.06,0.013333333333333334,0.2222222222222222
rh_middletemporal -- rh_parsopercularis,14,2.0,SZ,150,0.09333333333333334,0.013333333333333334,0.14285714285714285
rh_middletemporal -- rh_parsorbitalis,4,0.0,SZ,150,0.02666666666666667,0.0,0.0
rh_middletemporal -- rh_parstriangularis,43,4.0,SZ,150,0.2866666666666667,0.02666666666666667,0.09302325581395349
rh_middletemporal -- rh_pericalcarine,38,2.0,SZ,150,0.25333333333333335,0.013333333333333334,0.05263157894736842
rh_middletemporal -- rh_posteriorcingulate,87,2.0,SZ,150,0.58,0.013333333333333334,0.022988505747126436
rh_middletemporal -- rh_rostralanteriorcingulate,4,0.0,SZ,150,0.02666666666666667,0.0,0.0
rh_middletemporal -- rh_rostralmiddlefrontal,3,0.0,SZ,150,0.02,0.0,0.0
rh_middletemporal -- rh_superiorfrontal,18,1.0,SZ,150,0.12,0.006666666666666667,0.05555555555555555
rh_middletemporal -- rh_superiortemporal,102,5.0,SZ,150,0.68,0.03333333333333333,0.049019607843137254
rh_middletemporal -- rh_supramarginal,3,0.0,SZ,150,0.02,0.0,0.0
rh_middletemporal -- rh_temporalpole,1,0.0,SZ,150,0.006666666666666667,0.0,0.0
rh_paracentral -- rh_parahippocampal,10,0.0,SZ,150,0.06666666666666667,0.0,0.0
rh_paracentral -- rh_parsopercularis,25,3.0,SZ,150,0.16666666666666666,0.02,0.12
rh_paracentral -- rh_parstriangularis,44,4.0,SZ,150,0.29333333333333333,0.02666666666666667,0.09090909090909091
rh_paracentral -- rh_pericalcarine,14,4.0,SZ,150,0.09333333333333334,0.02666666666666667,0.2857142857142857
rh_paracentral -- rh_postcentral,10,0.0,SZ,150,0.06666666666666667,0.0,0.0
rh_paracentral -- rh_posteriorcingulate,55,1.0,SZ,150,0.36666666666666664,0.006666666666666667,0.01818181818181818
rh_paracentral -- rh_precentral,10,0.0,SZ,150,0.06666666666666667,0.0,0.0
rh_paracentral -- rh_rostralanteriorcingulate,12,2.0,SZ,150,0.08,0.013333333333333334,0.16666666666666666
rh_paracentral -- rh_rostralmiddlefrontal,14,0.0,SZ,150,0.09333333333333334,0.0,0.0
rh_paracentral -- rh_superiorfrontal,30,1.0,SZ,150,0.2,0.006666666666666667,0.03333333333333333
rh_paracentral -- rh_superiorparietal,6,0.0,SZ,150,0.04,0.0,0.0
rh_paracentral -- rh_superiortemporal,30,2.0,SZ,150,0.2,0.013333333333333334,0.06666666666666667
rh_paracentral -- rh_supramarginal,8,0.0,SZ,150,0.05333333333333334,0.0,0.0
rh_parahippocampal -- rh_parsopercularis,43,1.0,SZ,150,0.2866666666666667,0.006666666666666667,0.023255813953488372
rh_parahippocampal -- rh_parstriangularis,10,0.0,SZ,150,0.06666666666666667,0.0,0.0
rh_parahippocampal -- rh_pericalcarine,1,0.0,SZ,150,0.006666666666666667,0.0,0.0
rh_parahippocampal -- rh_postcentral,47,2.0,SZ,150,0.31333333333333335,0.013333333333333334,0.0425531914893617
rh_parahippocampal -- rh_posteriorcingulate,14,2.0,SZ,150,0.09333333333333334,0.013333333333333334,0.14285714285714285
rh_parahippocampal -- rh_precentral,74,3.0,SZ,150,0.49333333333333335,0.02,0.04054054054054054
rh_parahippocampal -- rh_precuneus,9,0.0,SZ,150,0.06,0.0,0.0
rh_parahippocampal -- rh_rostralanteriorcingulate,47,2.0,SZ,150,0.31333333333333335,0.013333333333333334,0.0425531914893617
rh_parahippocampal -- rh_rostralmiddlefrontal,86,3.0,SZ,150,0.5733333333333334,0.02,0.03488372093023256
rh_parahippocampal -- rh_superiorfrontal,61,3.0,SZ,150,0.4066666666666667,0.02,0.04918032786885246
rh_parahippocampal -- rh_superiorparietal,71,3.0,SZ,150,0.47333333333333333,0.02,0.04225352112676056
rh_parahippocampal -- rh_superiortemporal,19,0.0,SZ,150,0.12666666666666668,0.0,0.0
rh_parahippocampal -- rh_supramarginal,24,0.0,SZ,150,0.16,0.0,0.0
rh_parahippocampal -- rh_transversetemporal,13,3.0,SZ,150,0.08666666666666667,0.02,0.23076923076923078
rh_parsopercularis -- rh_parsorbitalis,1,0.0,SZ,150,0.006666666666666667,0.0,0.0
rh_parsopercularis -- rh_parstriangularis,24,2.0,SZ,150,0.16,0.013333333333333334,0.08333333333333333
rh_parsopercularis -- rh_pericalcarine,1,0.0,SZ,150,0.006666666666666667,0.0,0.0
rh_parsopercularis -- rh_postcentral,13,0.0,SZ,150,0.08666666666666667,0.0,0.0
rh_parsopercularis -- rh_posteriorcingulate,29,4.0,SZ,150,0.19333333333333333,0.02666666666666667,0.13793103448275862
rh_parsopercularis -- rh_precentral,51,2.0,SZ,150,0.34,0.013333333333333334,0.0392156862745098
rh_parsopercularis -- rh_precuneus,6,0.0,SZ,150,0.04,0.0,0.0
rh_parsopercularis -- rh_rostralanteriorcingulate,39,4.0,SZ,150,0.26,0.02666666666666667,0.10256410256410256
rh_parsopercularis -- rh_rostralmiddlefrontal,38,1.0,SZ,150,0.25333333333333335,0.006666666666666667,0.02631578947368421
rh_parsopercularis -- rh_superiorfrontal,67,4.0,SZ,150,0.44666666666666666,0.02666666666666667,0.05970149253731343
rh_parsopercularis -- rh_superiorparietal,22,2.0,SZ,150,0.14666666666666667,0.013333333333333334,0.09090909090909091
rh_parsopercularis -- rh_superiortemporal,19,1.0,SZ,150,0.12666666666666668,0.006666666666666667,0.05263157894736842
rh_parsopercularis -- rh_supramarginal,14,1.0,SZ,150,0.09333333333333334,0.006666666666666667,0.07142857142857142
rh_parsopercularis -- rh_transversetemporal,6,0.0,SZ,150,0.04,0.0,0.0
rh_parsorbitalis -- rh_parstriangularis,3,0.0,SZ,150,0.02,0.0,0.0
rh_parsorbitalis -- rh_pericalcarine,43,2.0,SZ,150,0.2866666666666667,0.013333333333333334,0.046511627906976744
rh_parsorbitalis -- rh_posteriorcingulate,1,0.0,SZ,150,0.006666666666666667,0.0,0.0
rh_parsorbitalis -- rh_precuneus,18,3.0,SZ,150,0.12,0.02,0.16666666666666666
rh_parsorbitalis -- rh_superiortemporal,9,0.0,SZ,150,0.06,0.0,0.0
rh_parsorbitalis -- rh_supramarginal,6,3.0,SZ,150,0.04,0.02,0.5
rh_parsorbitalis -- rh_temporalpole,101,8.0,SZ,150,0.6733333333333333,0.05333333333333334,0.07920792079207921
rh_parstriangularis -- rh_pericalcarine,13,1.0,SZ,150,0.08666666666666667,0.006666666666666667,0.07692307692307693
rh_parstriangularis -- rh_postcentral,16,0.0,SZ,150,0.10666666666666667,0.0,0.0
rh_parstriangularis -- rh_posteriorcingulate,46,3.0,SZ,150,0.30666666666666664,0.02,0.06521739130434782
rh_parstriangularis -- rh_precentral,13,0.0,SZ,150,0.08666666666666667,0.0,0.0
rh_parstriangularis -- rh_precuneus,18,1.0,SZ,150,0.12,0.006666666666666667,0.05555555555555555
rh_parstriangularis -- rh_rostralanteriorcingulate,18,1.0,SZ,150,0.12,0.006666666666666667,0.05555555555555555
rh_parstriangularis -- rh_rostralmiddlefrontal,15,0.0,SZ,150,0.1,0.0,0.0
rh_parstriangularis -- rh_superiorfrontal,21,0.0,SZ,150,0.14,0.0,0.0
rh_parstriangularis -- rh_superiorparietal,19,0.0,SZ,150,0.12666666666666668,0.0,0.0
rh_parstriangularis -- rh_superiortemporal,27,2.0,SZ,150,0.18,0.013333333333333334,0.07407407407407407
rh_parstriangularis -- rh_supramarginal,21,2.0,SZ,150,0.14,0.013333333333333334,0.09523809523809523
rh_parstriangularis -- rh_transversetemporal,5,1.0,SZ,150,0.03333333333333333,0.006666666666666667,0.2
rh_pericalcarine -- rh_posteriorcingulate,16,0.0,SZ,150,0.10666666666666667,0.0,0.0
rh_pericalcarine -- rh_precuneus,1,1.0,SZ,150,0.006666666666666667,0.006666666666666667,1.0
rh_pericalcarine -- rh_superiortemporal,24,1.0,SZ,150,0.16,0.006666666666666667,0.041666666666666664
rh_pericalcarine -- rh_supramarginal,3,0.0,SZ,150,0.02,0.0,0.0
rh_pericalcarine -- rh_temporalpole,8,0.0,SZ,150,0.05333333333333334,0.0,0.0
rh_postcentral -- rh_precentral,53,3.0,SZ,150,0.35333333333333333,0.02,0.05660377358490566
rh_postcentral -- rh_precuneus,34,0.0,SZ,150,0.22666666666666666,0.0,0.0
rh_postcentral -- rh_rostralanteriorcingulate,17,0.0,SZ,150,0.11333333333333333,0.0,0.0
rh_postcentral -- rh_rostralmiddlefrontal,88,6.0,SZ,150,0.5866666666666667,0.04,0.06818181818181818
rh_postcentral -- rh_superiorfrontal,8,0.0,SZ,150,0.05333333333333334,0.0,0.0
rh_postcentral -- rh_superiorparietal,115,9.0,SZ,150,0.7666666666666667,0.06,0.0782608695652174
rh_postcentral -- rh_superiortemporal,4,0.0,SZ,150,0.02666666666666667,0.0,0.0
rh_postcentral -- rh_supramarginal,42,4.0,SZ,150,0.28,0.02666666666666667,0.09523809523809523
rh_posteriorcingulate -- rh_precentral,1,0.0,SZ,150,0.006666666666666667,0.0,0.0
rh_posteriorcingulate -- rh_rostralanteriorcingulate,5,1.0,SZ,150,0.03333333333333333,0.006666666666666667,0.2
rh_posteriorcingulate -- rh_rostralmiddlefrontal,2,0.0,SZ,150,0.013333333333333334,0.0,0.0
rh_posteriorcingulate -- rh_superiorfrontal,10,1.0,SZ,150,0.06666666666666667,0.006666666666666667,0.1
rh_posteriorcingulate -- rh_superiortemporal,70,5.0,SZ,150,0.4666666666666667,0.03333333333333333,0.07142857142857142
rh_posteriorcingulate -- rh_supramarginal,5,0.0,SZ,150,0.03333333333333333,0.0,0.0
rh_posteriorcingulate -- rh_temporalpole,1,0.0,SZ,150,0.006666666666666667,0.0,0.0
rh_posteriorcingulate -- rh_transversetemporal,6,0.0,SZ,150,0.04,0.0,0.0
rh_precentral -- rh_precuneus,9,3.0,SZ,150,0.06,0.02,0.3333333333333333
rh_precentral -- rh_rostralanteriorcingulate,68,9.0,SZ,150,0.4533333333333333,0.06,0.1323529411764706
rh_precentral -- rh_rostralmiddlefrontal,87,0.0,SZ,150,0.58,0.0,0.0
rh_precentral -- rh_superiorfrontal,52,2.0,SZ,150,0.3466666666666667,0.013333333333333334,0.038461538461538464
rh_precentral -- rh_superiorparietal,86,6.0,SZ,150,0.5733333333333334,0.04,0.06976744186046512
rh_precentral -- rh_superiortemporal,7,2.0,SZ,150,0.04666666666666667,0.013333333333333334,0.2857142857142857
rh_precentral -- rh_supramarginal,25,1.0,SZ,150,0.16666666666666666,0.006666666666666667,0.04
rh_precentral -- rh_temporalpole,1,0.0,SZ,150,0.006666666666666667,0.0,0.0
rh_precentral -- rh_transversetemporal,4,0.0,SZ,150,0.02666666666666667,0.0,0.0
rh_precuneus -- rh_rostralanteriorcingulate,1,0.0,SZ,150,0.006666666666666667,0.0,0.0
rh_precuneus -- rh_rostralmiddlefrontal,8,1.0,SZ,150,0.05333333333333334,0.006666666666666667,0.125
rh_precuneus -- rh_superiorparietal,25,5.0,SZ,150,0.16666666666666666,0.03333333333333333,0.2
rh_precuneus -- rh_supramarginal,19,2.0,SZ,150,0.12666666666666668,0.013333333333333334,0.10526315789473684
rh_precuneus -- rh_temporalpole,49,10.0,SZ,150,0.32666666666666666,0.06666666666666667,0.20408163265306123
rh_rostralanteriorcingulate -- rh_rostralmiddlefrontal,43,3.0,SZ,150,0.2866666666666667,0.02,0.06976744186046512
rh_rostralanteriorcingulate -- rh_superiorfrontal,56,0.0,SZ,150,0.37333333333333335,0.0,0.0
rh_rostralanteriorcingulate -- rh_superiorparietal,28,2.0,SZ,150,0.18666666666666668,0.013333333333333334,0.07142857142857142
rh_rostralanteriorcingulate -- rh_superiortemporal,7,0.0,SZ,150,0.04666666666666667,0.0,0.0
rh_rostralanteriorcingulate -- rh_supramarginal,15,2.0,SZ,150,0.1,0.013333333333333334,0.13333333333333333
rh_rostralanteriorcingulate -- rh_transversetemporal,13,1.0,SZ,150,0.08666666666666667,0.006666666666666667,0.07692307692307693
rh_rostralmiddlefrontal -- rh_superiorfrontal,57,1.0,SZ,150,0.38,0.006666666666666667,0.017543859649122806
rh_rostralmiddlefrontal -- rh_superiorparietal,113,3.0,SZ,150,0.7533333333333333,0.02,0.02654867256637168
rh_rostralmiddlefrontal -- rh_superiortemporal,5,0.0,SZ,150,0.03333333333333333,0.0,0.0
rh_rostralmiddlefrontal -- rh_supramarginal,30,2.0,SZ,150,0.2,0.013333333333333334,0.06666666666666667
rh_rostralmiddlefrontal -- rh_transversetemporal,1,0.0,SZ,150,0.006666666666666667,0.0,0.0
rh_superiorfrontal -- rh_superiorparietal,26,0.0,SZ,150,0.17333333333333334,0.0,0.0
rh_superiorfrontal -- rh_superiortemporal,21,2.0,SZ,150,0.14,0.013333333333333334,0.09523809523809523
rh_superiorfrontal -- rh_supramarginal,23,2.0,SZ,150,0.15333333333333332,0.013333333333333334,0.08695652173913043
rh_superiorfrontal -- rh_transversetemporal,7,0.0,SZ,150,0.04666666666666667,0.0,0.0
rh_superiorparietal -- rh_superiortemporal,1,0.0,SZ,150,0.006666666666666667,0.0,0.0
rh_superiorparietal -- rh_supramarginal,43,3.0,SZ,150,0.2866666666666667,0.02,0.06976744186046512
rh_superiorparietal -- rh_transversetemporal,2,0.0,SZ,150,0.013333333333333334,0.0,0.0
rh_superiortemporal -- rh_supramarginal,2,0.0,SZ,150,0.013333333333333334,0.0,0.0
rh_superiortemporal -- rh_temporalpole,2,0.0,SZ,150,0.013333333333333334,0.0,0.0
rh_superiortemporal -- rh_transversetemporal,6,0.0,SZ,150,0.04,0.0,0.0
rh_supramarginal -- rh_temporalpole,9,4.0,SZ,150,0.06,0.02666666666666667,0.4444444444444444
rh_supramarginal -- rh_transversetemporal,1,0.0,SZ,150,0.006666666666666667,0.0,0.0
lh_bankssts -- lh_caudalanteriorcingulate,263,19.0,CTRL,375,0.7013333333333334,0.050666666666666665,0.07224334600760456
lh_bankssts -- lh_caudalmiddlefrontal,185,17.0,CTRL,375,0.49333333333333335,0.04533333333333334,0.0918918918918919
lh_bankssts -- lh_frontalpole,9,0.0,CTRL,375,0.024,0.0,0.0
lh_bankssts -- lh_fusiform,11,2.0,CTRL,375,0.029333333333333333,0.005333333333333333,0.18181818181818182
lh_bankssts -- lh_inferiorparietal,7,0.0,CTRL,375,0.018666666666666668,0.0,0.0
lh_bankssts -- lh_inferiortemporal,128,5.0,CTRL,375,0.3413333333333333,0.013333333333333334,0.0390625
lh_bankssts -- lh_insula,97,4.0,CTRL,375,0.25866666666666666,0.010666666666666666,0.041237113402061855
lh_bankssts -- lh_isthmuscingulate,168,5.0,CTRL,375,0.448,0.013333333333333334,0.02976190476190476
lh_bankssts -- lh_lateraloccipital,4,0.0,CTRL,375,0.010666666666666666,0.0,0.0
lh_bankssts -- lh_lateralorbitofrontal,27,1.0,CTRL,375,0.072,0.0026666666666666666,0.037037037037037035
lh_bankssts -- lh_medialorbitofrontal,14,0.0,CTRL,375,0.037333333333333336,0.0,0.0
lh_bankssts -- lh_middletemporal,173,8.0,CTRL,375,0.4613333333333333,0.021333333333333333,0.046242774566473986
lh_bankssts -- lh_paracentral,166,9.0,CTRL,375,0.44266666666666665,0.024,0.05421686746987952
lh_bankssts -- lh_parahippocampal,7,1.0,CTRL,375,0.018666666666666668,0.0026666666666666666,0.14285714285714285
lh_bankssts -- lh_parsopercularis,15,1.0,CTRL,375,0.04,0.0026666666666666666,0.06666666666666667
lh_bankssts -- lh_parsorbitalis,1,0.0,CTRL,375,0.0026666666666666666,0.0,0.0
lh_bankssts -- lh_parstriangularis,151,6.0,CTRL,375,0.4026666666666667,0.016,0.039735099337748346
lh_bankssts -- lh_pericalcarine,29,1.0,CTRL,375,0.07733333333333334,0.0026666666666666666,0.034482758620689655
lh_bankssts -- lh_postcentral,6,0.0,CTRL,375,0.016,0.0,0.0
lh_bankssts -- lh_posteriorcingulate,262,16.0,CTRL,375,0.6986666666666667,0.042666666666666665,0.061068702290076333
lh_bankssts -- lh_precentral,24,1.0,CTRL,375,0.064,0.0026666666666666666,0.041666666666666664
lh_bankssts -- lh_rostralanteriorcingulate,44,3.0,CTRL,375,0.11733333333333333,0.008,0.06818181818181818
lh_bankssts -- lh_rostralmiddlefrontal,7,0.0,CTRL,375,0.018666666666666668,0.0,0.0
lh_bankssts -- lh_superiorfrontal,73,1.0,CTRL,375,0.19466666666666665,0.0026666666666666666,0.0136986301369863
lh_bankssts -- lh_superiortemporal,162,10.0,CTRL,375,0.432,0.02666666666666667,0.06172839506172839
lh_bankssts -- lh_supramarginal,61,3.0,CTRL,375,0.16266666666666665,0.008,0.04918032786885246
lh_bankssts -- lh_temporalpole,1,1.0,CTRL,375,0.0026666666666666666,0.0026666666666666666,1.0
lh_bankssts -- lh_transversetemporal,19,8.0,CTRL,375,0.050666666666666665,0.021333333333333333,0.42105263157894735
lh_bankssts -- rh_bankssts,338,19.0,CTRL,375,0.9013333333333333,0.050666666666666665,0.05621301775147929
lh_bankssts -- rh_caudalanteriorcingulate,276,21.0,CTRL,375,0.736,0.056,0.07608695652173914
lh_bankssts -- rh_caudalmiddlefrontal,202,8.0,CTRL,375,0.5386666666666666,0.021333333333333333,0.039603960396039604
lh_bankssts -- rh_cuneus,2,0.0,CTRL,375,0.005333333333333333,0.0,0.0
lh_bankssts -- rh_frontalpole,9,0.0,CTRL,375,0.024,0.0,0.0
lh_bankssts -- rh_fusiform,13,2.0,CTRL,375,0.034666666666666665,0.005333333333333333,0.15384615384615385
lh_bankssts -- rh_inferiorparietal,37,2.0,CTRL,375,0.09866666666666667,0.005333333333333333,0.05405405405405406
lh_bankssts -- rh_inferiortemporal,116,4.0,CTRL,375,0.30933333333333335,0.010666666666666666,0.034482758620689655
lh_bankssts -- rh_insula,103,4.0,CTRL,375,0.27466666666666667,0.010666666666666666,0.038834951456310676
lh_bankssts -- rh_isthmuscingulate,180,12.0,CTRL,375,0.48,0.032,0.06666666666666667
lh_bankssts -- rh_lateraloccipital,10,0.0,CTRL,375,0.02666666666666667,0.0,0.0
lh_bankssts -- rh_lateralorbitofrontal,55,5.0,CTRL,375,0.14666666666666667,0.013333333333333334,0.09090909090909091
lh_bankssts -- rh_medialorbitofrontal,48,1.0,CTRL,375,0.128,0.0026666666666666666,0.020833333333333332
lh_bankssts -- rh_middletemporal,169,9.0,CTRL,375,0.45066666666666666,0.024,0.05325443786982249
lh_bankssts -- rh_paracentral,231,17.0,CTRL,375,0.616,0.04533333333333334,0.0735930735930736
lh_bankssts -- rh_parahippocampal,38,2.0,CTRL,375,0.10133333333333333,0.005333333333333333,0.05263157894736842
lh_bankssts -- rh_parsopercularis,48,1.0,CTRL,375,0.128,0.0026666666666666666,0.020833333333333332
lh_bankssts -- rh_parstriangularis,117,8.0,CTRL,375,0.312,0.021333333333333333,0.06837606837606838
lh_bankssts -- rh_pericalcarine,22,1.0,CTRL,375,0.058666666666666666,0.0026666666666666666,0.045454545454545456
lh_bankssts -- rh_postcentral,1,0.0,CTRL,375,0.0026666666666666666,0.0,0.0
lh_bankssts -- rh_posteriorcingulate,262,17.0,CTRL,375,0.6986666666666667,0.04533333333333334,0.0648854961832061
lh_bankssts -- rh_precentral,12,0.0,CTRL,375,0.032,0.0,0.0
lh_bankssts -- rh_rostralanteriorcingulate,72,11.0,CTRL,375,0.192,0.029333333333333333,0.1527777777777778
lh_bankssts -- rh_rostralmiddlefrontal,4,0.0,CTRL,375,0.010666666666666666,0.0,0.0
lh_bankssts -- rh_superiorfrontal,67,1.0,CTRL,375,0.17866666666666667,0.0026666666666666666,0.014925373134328358
lh_bankssts -- rh_superiorparietal,3,0.0,CTRL,375,0.008,0.0,0.0
lh_bankssts -- rh_superiortemporal,124,3.0,CTRL,375,0.33066666666666666,0.008,0.024193548387096774
lh_bankssts -- rh_supramarginal,33,2.0,CTRL,375,0.088,0.005333333333333333,0.06060606060606061
lh_bankssts -- rh_transversetemporal,3,0.0,CTRL,375,0.008,0.0,0.0
lh_caudalanteriorcingulate -- lh_caudalmiddlefrontal,149,8.0,CTRL,375,0.3973333333333333,0.021333333333333333,0.053691275167785234
lh_caudalanteriorcingulate -- lh_cuneus,2,0.0,CTRL,375,0.005333333333333333,0.0,0.0
lh_caudalanteriorcingulate -- lh_frontalpole,14,0.0,CTRL,375,0.037333333333333336,0.0,0.0
lh_caudalanteriorcingulate -- lh_fusiform,20,1.0,CTRL,375,0.05333333333333334,0.0026666666666666666,0.05
lh_caudalanteriorcingulate -- lh_inferiorparietal,26,2.0,CTRL,375,0.06933333333333333,0.005333333333333333,0.07692307692307693
lh_caudalanteriorcingulate -- lh_inferiortemporal,83,4.0,CTRL,375,0.22133333333333333,0.010666666666666666,0.04819277108433735
lh_caudalanteriorcingulate -- lh_insula,117,9.0,CTRL,375,0.312,0.024,0.07692307692307693
lh_caudalanteriorcingulate -- lh_isthmuscingulate,152,10.0,CTRL,375,0.4053333333333333,0.02666666666666667,0.06578947368421052
lh_caudalanteriorcingulate -- lh_lateraloccipital,41,3.0,CTRL,375,0.10933333333333334,0.008,0.07317073170731707
lh_caudalanteriorcingulate -- lh_lateralorbitofrontal,32,2.0,CTRL,375,0.08533333333333333,0.005333333333333333,0.0625
lh_caudalanteriorcingulate -- lh_lingual,3,0.0,CTRL,375,0.008,0.0,0.0
lh_caudalanteriorcingulate -- lh_medialorbitofrontal,16,1.0,CTRL,375,0.042666666666666665,0.0026666666666666666,0.0625
lh_caudalanteriorcingulate -- lh_middletemporal,139,13.0,CTRL,375,0.37066666666666664,0.034666666666666665,0.09352517985611511
lh_caudalanteriorcingulate -- lh_paracentral,173,15.0,CTRL,375,0.4613333333333333,0.04,0.08670520231213873
lh_caudalanteriorcingulate -- lh_parahippocampal,27,2.0,CTRL,375,0.072,0.005333333333333333,0.07407407407407407
lh_caudalanteriorcingulate -- lh_parsopercularis,27,3.0,CTRL,375,0.072,0.008,0.1111111111111111
lh_caudalanteriorcingulate -- lh_parsorbitalis,1,0.0,CTRL,375,0.0026666666666666666,0.0,0.0
lh_caudalanteriorcingulate -- lh_parstriangularis,128,7.0,CTRL,375,0.3413333333333333,0.018666666666666668,0.0546875
lh_caudalanteriorcingulate -- lh_pericalcarine,51,5.0,CTRL,375,0.136,0.013333333333333334,0.09803921568627451
lh_caudalanteriorcingulate -- lh_postcentral,15,3.0,CTRL,375,0.04,0.008,0.2
lh_caudalanteriorcingulate -- lh_posteriorcingulate,209,21.0,CTRL,375,0.5573333333333333,0.056,0.10047846889952153
lh_caudalanteriorcingulate -- lh_precentral,48,3.0,CTRL,375,0.128,0.008,0.0625
lh_caudalanteriorcingulate -- lh_rostralanteriorcingulate,68,7.0,CTRL,375,0.18133333333333335,0.018666666666666668,0.10294117647058823
lh_caudalanteriorcingulate -- lh_rostralmiddlefrontal,40,3.0,CTRL,375,0.10666666666666667,0.008,0.075
lh_caudalanteriorcingulate -- lh_superiorfrontal,126,4.0,CTRL,375,0.336,0.010666666666666666,0.031746031746031744
lh_caudalanteriorcingulate -- lh_superiorparietal,13,1.0,CTRL,375,0.034666666666666665,0.0026666666666666666,0.07692307692307693
lh_caudalanteriorcingulate -- lh_superiortemporal,121,7.0,CTRL,375,0.32266666666666666,0.018666666666666668,0.05785123966942149
lh_caudalanteriorcingulate -- lh_supramarginal,64,1.0,CTRL,375,0.17066666666666666,0.0026666666666666666,0.015625
lh_caudalanteriorcingulate -- lh_transversetemporal,10,3.0,CTRL,375,0.02666666666666667,0.008,0.3
lh_caudalanteriorcingulate -- rh_bankssts,244,16.0,CTRL,375,0.6506666666666666,0.042666666666666665,0.06557377049180328
lh_caudalanteriorcingulate -- rh_caudalanteriorcingulate,235,26.0,CTRL,375,0.6266666666666667,0.06933333333333333,0.11063829787234042
lh_caudalanteriorcingulate -- rh_caudalmiddlefrontal,147,11.0,CTRL,375,0.392,0.029333333333333333,0.07482993197278912
lh_caudalanteriorcingulate -- rh_cuneus,8,0.0,CTRL,375,0.021333333333333333,0.0,0.0
lh_caudalanteriorcingulate -- rh_frontalpole,20,5.0,CTRL,375,0.05333333333333334,0.013333333333333334,0.25
lh_caudalanteriorcingulate -- rh_fusiform,9,1.0,CTRL,375,0.024,0.0026666666666666666,0.1111111111111111
lh_caudalanteriorcingulate -- rh_inferiorparietal,52,2.0,CTRL,375,0.13866666666666666,0.005333333333333333,0.038461538461538464
lh_caudalanteriorcingulate -- rh_inferiortemporal,91,4.0,CTRL,375,0.24266666666666667,0.010666666666666666,0.04395604395604396
lh_caudalanteriorcingulate -- rh_insula,121,6.0,CTRL,375,0.32266666666666666,0.016,0.049586776859504134
lh_caudalanteriorcingulate -- rh_isthmuscingulate,167,20.0,CTRL,375,0.44533333333333336,0.05333333333333334,0.11976047904191617
lh_caudalanteriorcingulate -- rh_lateraloccipital,38,3.0,CTRL,375,0.10133333333333333,0.008,0.07894736842105263
lh_caudalanteriorcingulate -- rh_lateralorbitofrontal,56,8.0,CTRL,375,0.14933333333333335,0.021333333333333333,0.14285714285714285
lh_caudalanteriorcingulate -- rh_medialorbitofrontal,40,2.0,CTRL,375,0.10666666666666667,0.005333333333333333,0.05
lh_caudalanteriorcingulate -- rh_middletemporal,130,9.0,CTRL,375,0.3466666666666667,0.024,0.06923076923076923
lh_caudalanteriorcingulate -- rh_paracentral,202,17.0,CTRL,375,0.5386666666666666,0.04533333333333334,0.08415841584158416
lh_caudalanteriorcingulate -- rh_parahippocampal,59,3.0,CTRL,375,0.15733333333333333,0.008,0.05084745762711865
lh_caudalanteriorcingulate -- rh_parsopercularis,52,2.0,CTRL,375,0.13866666666666666,0.005333333333333333,0.038461538461538464
lh_caudalanteriorcingulate -- rh_parsorbitalis,1,0.0,CTRL,375,0.0026666666666666666,0.0,0.0
lh_caudalanteriorcingulate -- rh_parstriangularis,110,8.0,CTRL,375,0.29333333333333333,0.021333333333333333,0.07272727272727272
lh_caudalanteriorcingulate -- rh_pericalcarine,27,2.0,CTRL,375,0.072,0.005333333333333333,0.07407407407407407
lh_caudalanteriorcingulate -- rh_postcentral,10,0.0,CTRL,375,0.02666666666666667,0.0,0.0
lh_caudalanteriorcingulate -- rh_posteriorcingulate,192,23.0,CTRL,375,0.512,0.06133333333333333,0.11979166666666667
lh_caudalanteriorcingulate -- rh_precentral,23,1.0,CTRL,375,0.06133333333333333,0.0026666666666666666,0.043478260869565216
lh_caudalanteriorcingulate -- rh_rostralanteriorcingulate,83,9.0,CTRL,375,0.22133333333333333,0.024,0.10843373493975904
lh_caudalanteriorcingulate -- rh_rostralmiddlefrontal,31,2.0,CTRL,375,0.08266666666666667,0.005333333333333333,0.06451612903225806
lh_caudalanteriorcingulate -- rh_superiorfrontal,112,7.0,CTRL,375,0.2986666666666667,0.018666666666666668,0.0625
lh_caudalanteriorcingulate -- rh_superiorparietal,21,3.0,CTRL,375,0.056,0.008,0.14285714285714285
lh_caudalanteriorcingulate -- rh_superiortemporal,93,7.0,CTRL,375,0.248,0.018666666666666668,0.07526881720430108
lh_caudalanteriorcingulate -- rh_supramarginal,38,3.0,CTRL,375,0.10133333333333333,0.008,0.07894736842105263
lh_caudalanteriorcingulate -- rh_transversetemporal,8,2.0,CTRL,375,0.021333333333333333,0.005333333333333333,0.25
lh_caudalmiddlefrontal -- lh_cuneus,4,0.0,CTRL,375,0.010666666666666666,0.0,0.0
lh_caudalmiddlefrontal -- lh_entorhinal,3,1.0,CTRL,375,0.008,0.0026666666666666666,0.3333333333333333
lh_caudalmiddlefrontal -- lh_frontalpole,27,2.0,CTRL,375,0.072,0.005333333333333333,0.07407407407407407
lh_caudalmiddlefrontal -- lh_fusiform,12,1.0,CTRL,375,0.032,0.0026666666666666666,0.08333333333333333
lh_caudalmiddlefrontal -- lh_inferiorparietal,22,0.0,CTRL,375,0.058666666666666666,0.0,0.0
lh_caudalmiddlefrontal -- lh_inferiortemporal,102,11.0,CTRL,375,0.272,0.029333333333333333,0.10784313725490197
lh_caudalmiddlefrontal -- lh_insula,176,12.0,CTRL,375,0.4693333333333333,0.032,0.06818181818181818
lh_caudalmiddlefrontal -- lh_isthmuscingulate,117,11.0,CTRL,375,0.312,0.029333333333333333,0.09401709401709402
lh_caudalmiddlefrontal -- lh_lateraloccipital,39,0.0,CTRL,375,0.104,0.0,0.0
lh_caudalmiddlefrontal -- lh_lateralorbitofrontal,17,1.0,CTRL,375,0.04533333333333334,0.0026666666666666666,0.058823529411764705
lh_caudalmiddlefrontal -- lh_lingual,3,0.0,CTRL,375,0.008,0.0,0.0
lh_caudalmiddlefrontal -- lh_medialorbitofrontal,22,4.0,CTRL,375,0.058666666666666666,0.010666666666666666,0.18181818181818182
lh_caudalmiddlefrontal -- lh_middletemporal,67,5.0,CTRL,375,0.17866666666666667,0.013333333333333334,0.07462686567164178
lh_caudalmiddlefrontal -- lh_paracentral,105,6.0,CTRL,375,0.28,0.016,0.05714285714285714
lh_caudalmiddlefrontal -- lh_parahippocampal,35,1.0,CTRL,375,0.09333333333333334,0.0026666666666666666,0.02857142857142857
lh_caudalmiddlefrontal -- lh_parsopercularis,38,2.0,CTRL,375,0.10133333333333333,0.005333333333333333,0.05263157894736842
lh_caudalmiddlefrontal -- lh_parsorbitalis,8,0.0,CTRL,375,0.021333333333333333,0.0,0.0
lh_caudalmiddlefrontal -- lh_parstriangularis,158,15.0,CTRL,375,0.42133333333333334,0.04,0.0949367088607595
lh_caudalmiddlefrontal -- lh_pericalcarine,32,2.0,CTRL,375,0.08533333333333333,0.005333333333333333,0.0625
lh_caudalmiddlefrontal -- lh_postcentral,26,0.0,CTRL,375,0.06933333333333333,0.0,0.0
lh_caudalmiddlefrontal -- lh_posteriorcingulate,166,9.0,CTRL,375,0.44266666666666665,0.024,0.05421686746987952
lh_caudalmiddlefrontal -- lh_precentral,49,2.0,CTRL,375,0.13066666666666665,0.005333333333333333,0.04081632653061224
lh_caudalmiddlefrontal -- lh_precuneus,4,0.0,CTRL,375,0.010666666666666666,0.0,0.0
lh_caudalmiddlefrontal -- lh_rostralanteriorcingulate,57,2.0,CTRL,375,0.152,0.005333333333333333,0.03508771929824561
lh_caudalmiddlefrontal -- lh_rostralmiddlefrontal,36,2.0,CTRL,375,0.096,0.005333333333333333,0.05555555555555555
lh_caudalmiddlefrontal -- lh_superiorfrontal,126,5.0,CTRL,375,0.336,0.013333333333333334,0.03968253968253968
lh_caudalmiddlefrontal -- lh_superiorparietal,29,2.0,CTRL,375,0.07733333333333334,0.005333333333333333,0.06896551724137931
lh_caudalmiddlefrontal -- lh_superiortemporal,107,6.0,CTRL,375,0.2853333333333333,0.016,0.056074766355140186
lh_caudalmiddlefrontal -- lh_supramarginal,71,4.0,CTRL,375,0.18933333333333333,0.010666666666666666,0.056338028169014086
lh_caudalmiddlefrontal -- lh_temporalpole,5,0.0,CTRL,375,0.013333333333333334,0.0,0.0
lh_caudalmiddlefrontal -- lh_transversetemporal,33,1.0,CTRL,375,0.088,0.0026666666666666666,0.030303030303030304
lh_caudalmiddlefrontal -- rh_bankssts,201,14.0,CTRL,375,0.536,0.037333333333333336,0.06965174129353234
lh_caudalmiddlefrontal -- rh_caudalanteriorcingulate,159,13.0,CTRL,375,0.424,0.034666666666666665,0.08176100628930817
lh_caudalmiddlefrontal -- rh_caudalmiddlefrontal,198,19.0,CTRL,375,0.528,0.050666666666666665,0.09595959595959595
lh_caudalmiddlefrontal -- rh_cuneus,1,0.0,CTRL,375,0.0026666666666666666,0.0,0.0
lh_caudalmiddlefrontal -- rh_frontalpole,23,1.0,CTRL,375,0.06133333333333333,0.0026666666666666666,0.043478260869565216
lh_caudalmiddlefrontal -- rh_fusiform,6,1.0,CTRL,375,0.016,0.0026666666666666666,0.16666666666666666
lh_caudalmiddlefrontal -- rh_inferiorparietal,53,1.0,CTRL,375,0.14133333333333334,0.0026666666666666666,0.018867924528301886
lh_caudalmiddlefrontal -- rh_inferiortemporal,81,8.0,CTRL,375,0.216,0.021333333333333333,0.09876543209876543
lh_caudalmiddlefrontal -- rh_insula,169,11.0,CTRL,375,0.45066666666666666,0.029333333333333333,0.0650887573964497
lh_caudalmiddlefrontal -- rh_isthmuscingulate,106,8.0,CTRL,375,0.2826666666666667,0.021333333333333333,0.07547169811320754
lh_caudalmiddlefrontal -- rh_lateraloccipital,43,1.0,CTRL,375,0.11466666666666667,0.0026666666666666666,0.023255813953488372
lh_caudalmiddlefrontal -- rh_lateralorbitofrontal,35,3.0,CTRL,375,0.09333333333333334,0.008,0.08571428571428572
lh_caudalmiddlefrontal -- rh_medialorbitofrontal,39,2.0,CTRL,375,0.104,0.005333333333333333,0.05128205128205128
lh_caudalmiddlefrontal -- rh_middletemporal,78,7.0,CTRL,375,0.208,0.018666666666666668,0.08974358974358974
lh_caudalmiddlefrontal -- rh_paracentral,136,5.0,CTRL,375,0.3626666666666667,0.013333333333333334,0.03676470588235294
lh_caudalmiddlefrontal -- rh_parahippocampal,75,6.0,CTRL,375,0.2,0.016,0.08
lh_caudalmiddlefrontal -- rh_parsopercularis,86,3.0,CTRL,375,0.22933333333333333,0.008,0.03488372093023256
lh_caudalmiddlefrontal -- rh_parsorbitalis,8,1.0,CTRL,375,0.021333333333333333,0.0026666666666666666,0.125
lh_caudalmiddlefrontal -- rh_parstriangularis,67,3.0,CTRL,375,0.17866666666666667,0.008,0.04477611940298507
lh_caudalmiddlefrontal -- rh_pericalcarine,31,4.0,CTRL,375,0.08266666666666667,0.010666666666666666,0.12903225806451613
lh_caudalmiddlefrontal -- rh_postcentral,15,0.0,CTRL,375,0.04,0.0,0.0
lh_caudalmiddlefrontal -- rh_posteriorcingulate,164,10.0,CTRL,375,0.43733333333333335,0.02666666666666667,0.06097560975609756
lh_caudalmiddlefrontal -- rh_precentral,42,1.0,CTRL,375,0.112,0.0026666666666666666,0.023809523809523808
lh_caudalmiddlefrontal -- rh_precuneus,6,0.0,CTRL,375,0.016,0.0,0.0
lh_caudalmiddlefrontal -- rh_rostralanteriorcingulate,61,6.0,CTRL,375,0.16266666666666665,0.016,0.09836065573770492
lh_caudalmiddlefrontal -- rh_rostralmiddlefrontal,31,1.0,CTRL,375,0.08266666666666667,0.0026666666666666666,0.03225806451612903
lh_caudalmiddlefrontal -- rh_superiorfrontal,107,2.0,CTRL,375,0.2853333333333333,0.005333333333333333,0.018691588785046728
lh_caudalmiddlefrontal -- rh_superiorparietal,36,0.0,CTRL,375,0.096,0.0,0.0
lh_caudalmiddlefrontal -- rh_superiortemporal,90,8.0,CTRL,375,0.24,0.021333333333333333,0.08888888888888889
lh_caudalmiddlefrontal -- rh_supramarginal,33,2.0,CTRL,375,0.088,0.005333333333333333,0.06060606060606061
lh_caudalmiddlefrontal -- rh_temporalpole,5,0.0,CTRL,375,0.013333333333333334,0.0,0.0
lh_caudalmiddlefrontal -- rh_transversetemporal,16,2.0,CTRL,375,0.042666666666666665,0.005333333333333333,0.125
lh_cuneus -- lh_entorhinal,92,9.0,CTRL,375,0.24533333333333332,0.024,0.09782608695652174
lh_cuneus -- lh_frontalpole,32,2.0,CTRL,375,0.08533333333333333,0.005333333333333333,0.0625
lh_cuneus -- lh_inferiorparietal,14,2.0,CTRL,375,0.037333333333333336,0.005333333333333333,0.14285714285714285
lh_cuneus -- lh_inferiortemporal,4,0.0,CTRL,375,0.010666666666666666,0.0,0.0
lh_cuneus -- lh_isthmuscingulate,7,0.0,CTRL,375,0.018666666666666668,0.0,0.0
lh_cuneus -- lh_lateraloccipital,6,0.0,CTRL,375,0.016,0.0,0.0
lh_cuneus -- lh_lateralorbitofrontal,37,5.0,CTRL,375,0.09866666666666667,0.013333333333333334,0.13513513513513514
lh_cuneus -- lh_lingual,150,13.0,CTRL,375,0.4,0.034666666666666665,0.08666666666666667
lh_cuneus -- lh_medialorbitofrontal,19,1.0,CTRL,375,0.050666666666666665,0.0026666666666666666,0.05263157894736842
lh_cuneus -- lh_middletemporal,5,0.0,CTRL,375,0.013333333333333334,0.0,0.0
lh_cuneus -- lh_paracentral,2,0.0,CTRL,375,0.005333333333333333,0.0,0.0
lh_cuneus -- lh_parahippocampal,43,5.0,CTRL,375,0.11466666666666667,0.013333333333333334,0.11627906976744186
lh_cuneus -- lh_parsopercularis,16,5.0,CTRL,375,0.042666666666666665,0.013333333333333334,0.3125
lh_cuneus -- lh_parsorbitalis,65,3.0,CTRL,375,0.17333333333333334,0.008,0.046153846153846156
lh_cuneus -- lh_parstriangularis,9,1.0,CTRL,375,0.024,0.0026666666666666666,0.1111111111111111
lh_cuneus -- lh_pericalcarine,20,1.0,CTRL,375,0.05333333333333334,0.0026666666666666666,0.05
lh_cuneus -- lh_postcentral,15,1.0,CTRL,375,0.04,0.0026666666666666666,0.06666666666666667
lh_cuneus -- lh_posteriorcingulate,2,0.0,CTRL,375,0.005333333333333333,0.0,0.0
lh_cuneus -- lh_precentral,5,2.0,CTRL,375,0.013333333333333334,0.005333333333333333,0.4
lh_cuneus -- lh_precuneus,129,14.0,CTRL,375,0.344,0.037333333333333336,0.10852713178294573
lh_cuneus -- lh_rostralanteriorcingulate,12,5.0,CTRL,375,0.032,0.013333333333333334,0.4166666666666667
lh_cuneus -- lh_rostralmiddlefrontal,4,0.0,CTRL,375,0.010666666666666666,0.0,0.0
lh_cuneus -- lh_superiorparietal,20,1.0,CTRL,375,0.05333333333333334,0.0026666666666666666,0.05
lh_cuneus -- lh_superiortemporal,2,0.0,CTRL,375,0.005333333333333333,0.0,0.0
lh_cuneus -- lh_supramarginal,3,0.0,CTRL,375,0.008,0.0,0.0
lh_cuneus -- lh_temporalpole,88,6.0,CTRL,375,0.23466666666666666,0.016,0.06818181818181818
lh_cuneus -- rh_caudalanteriorcingulate,3,0.0,CTRL,375,0.008,0.0,0.0
lh_cuneus -- rh_caudalmiddlefrontal,4,0.0,CTRL,375,0.010666666666666666,0.0,0.0
lh_cuneus -- rh_cuneus,187,38.0,CTRL,375,0.49866666666666665,0.10133333333333333,0.20320855614973263
lh_cuneus -- rh_entorhinal,102,5.0,CTRL,375,0.272,0.013333333333333334,0.049019607843137254
lh_cuneus -- rh_frontalpole,44,3.0,CTRL,375,0.11733333333333333,0.008,0.06818181818181818
lh_cuneus -- rh_fusiform,31,9.0,CTRL,375,0.08266666666666667,0.024,0.2903225806451613
lh_cuneus -- rh_inferiorparietal,6,1.0,CTRL,375,0.016,0.0026666666666666666,0.16666666666666666
lh_cuneus -- rh_inferiortemporal,5,0.0,CTRL,375,0.013333333333333334,0.0,0.0
lh_cuneus -- rh_isthmuscingulate,3,0.0,CTRL,375,0.008,0.0,0.0
lh_cuneus -- rh_lateraloccipital,5,1.0,CTRL,375,0.013333333333333334,0.0026666666666666666,0.2
lh_cuneus -- rh_lateralorbitofrontal,29,2.0,CTRL,375,0.07733333333333334,0.005333333333333333,0.06896551724137931
lh_cuneus -- rh_lingual,117,11.0,CTRL,375,0.312,0.029333333333333333,0.09401709401709402
lh_cuneus -- rh_medialorbitofrontal,23,4.0,CTRL,375,0.06133333333333333,0.010666666666666666,0.17391304347826086
lh_cuneus -- rh_middletemporal,2,0.0,CTRL,375,0.005333333333333333,0.0,0.0
lh_cuneus -- rh_parahippocampal,10,0.0,CTRL,375,0.02666666666666667,0.0,0.0
lh_cuneus -- rh_parsopercularis,10,1.0,CTRL,375,0.02666666666666667,0.0026666666666666666,0.1
lh_cuneus -- rh_parsorbitalis,51,6.0,CTRL,375,0.136,0.016,0.11764705882352941
lh_cuneus -- rh_parstriangularis,15,0.0,CTRL,375,0.04,0.0,0.0
lh_cuneus -- rh_pericalcarine,38,5.0,CTRL,375,0.10133333333333333,0.013333333333333334,0.13157894736842105
lh_cuneus -- rh_postcentral,23,0.0,CTRL,375,0.06133333333333333,0.0,0.0
lh_cuneus -- rh_precentral,12,2.0,CTRL,375,0.032,0.005333333333333333,0.16666666666666666
lh_cuneus -- rh_precuneus,128,10.0,CTRL,375,0.3413333333333333,0.02666666666666667,0.078125
lh_cuneus -- rh_rostralanteriorcingulate,8,0.0,CTRL,375,0.021333333333333333,0.0,0.0
lh_cuneus -- rh_rostralmiddlefrontal,4,0.0,CTRL,375,0.010666666666666666,0.0,0.0
lh_cuneus -- rh_superiorfrontal,1,0.0,CTRL,375,0.0026666666666666666,0.0,0.0
lh_cuneus -- rh_superiorparietal,8,1.0,CTRL,375,0.021333333333333333,0.0026666666666666666,0.125
lh_cuneus -- rh_superiortemporal,4,0.0,CTRL,375,0.010666666666666666,0.0,0.0
lh_cuneus -- rh_supramarginal,17,1.0,CTRL,375,0.04533333333333334,0.0026666666666666666,0.058823529411764705
lh_cuneus -- rh_temporalpole,103,4.0,CTRL,375,0.27466666666666667,0.010666666666666666,0.038834951456310676
lh_entorhinal -- lh_frontalpole,16,0.0,CTRL,375,0.042666666666666665,0.0,0.0
lh_entorhinal -- lh_fusiform,5,1.0,CTRL,375,0.013333333333333334,0.0026666666666666666,0.2
lh_entorhinal -- lh_inferiorparietal,27,3.0,CTRL,375,0.072,0.008,0.1111111111111111
lh_entorhinal -- lh_inferiortemporal,2,0.0,CTRL,375,0.005333333333333333,0.0,0.0
lh_entorhinal -- lh_isthmuscingulate,1,0.0,CTRL,375,0.0026666666666666666,0.0,0.0
lh_entorhinal -- lh_lateraloccipital,1,0.0,CTRL,375,0.0026666666666666666,0.0,0.0
lh_entorhinal -- lh_lateralorbitofrontal,23,1.0,CTRL,375,0.06133333333333333,0.0026666666666666666,0.043478260869565216
lh_entorhinal -- lh_lingual,204,12.0,CTRL,375,0.544,0.032,0.058823529411764705
lh_entorhinal -- lh_medialorbitofrontal,41,9.0,CTRL,375,0.10933333333333334,0.024,0.21951219512195122
lh_entorhinal -- lh_parahippocampal,18,4.0,CTRL,375,0.048,0.010666666666666666,0.2222222222222222
lh_entorhinal -- lh_parsopercularis,8,0.0,CTRL,375,0.021333333333333333,0.0,0.0
lh_entorhinal -- lh_parsorbitalis,57,7.0,CTRL,375,0.152,0.018666666666666668,0.12280701754385964
lh_entorhinal -- lh_parstriangularis,4,0.0,CTRL,375,0.010666666666666666,0.0,0.0
lh_entorhinal -- lh_postcentral,14,1.0,CTRL,375,0.037333333333333336,0.0026666666666666666,0.07142857142857142
lh_entorhinal -- lh_precentral,1,0.0,CTRL,375,0.0026666666666666666,0.0,0.0
lh_entorhinal -- lh_precuneus,173,15.0,CTRL,375,0.4613333333333333,0.04,0.08670520231213873
lh_entorhinal -- lh_rostralanteriorcingulate,2,1.0,CTRL,375,0.005333333333333333,0.0026666666666666666,0.5
lh_entorhinal -- lh_rostralmiddlefrontal,2,0.0,CTRL,375,0.005333333333333333,0.0,0.0
lh_entorhinal -- lh_superiorparietal,13,1.0,CTRL,375,0.034666666666666665,0.0026666666666666666,0.07692307692307693
lh_entorhinal -- lh_supramarginal,4,1.0,CTRL,375,0.010666666666666666,0.0026666666666666666,0.25
lh_entorhinal -- lh_temporalpole,158,13.0,CTRL,375,0.42133333333333334,0.034666666666666665,0.08227848101265822
lh_entorhinal -- rh_caudalmiddlefrontal,1,1.0,CTRL,375,0.0026666666666666666,0.0026666666666666666,1.0
lh_entorhinal -- rh_cuneus,46,4.0,CTRL,375,0.12266666666666666,0.010666666666666666,0.08695652173913043
lh_entorhinal -- rh_entorhinal,279,35.0,CTRL,375,0.744,0.09333333333333334,0.12544802867383512
lh_entorhinal -- rh_frontalpole,9,2.0,CTRL,375,0.024,0.005333333333333333,0.2222222222222222
lh_entorhinal -- rh_fusiform,3,1.0,CTRL,375,0.008,0.0026666666666666666,0.3333333333333333
lh_entorhinal -- rh_inferiorparietal,5,0.0,CTRL,375,0.013333333333333334,0.0,0.0
lh_entorhinal -- rh_inferiortemporal,6,1.0,CTRL,375,0.016,0.0026666666666666666,0.16666666666666666
lh_entorhinal -- rh_isthmuscingulate,1,0.0,CTRL,375,0.0026666666666666666,0.0,0.0
lh_entorhinal -- rh_lateraloccipital,2,0.0,CTRL,375,0.005333333333333333,0.0,0.0
lh_entorhinal -- rh_lateralorbitofrontal,25,4.0,CTRL,375,0.06666666666666667,0.010666666666666666,0.16
lh_entorhinal -- rh_lingual,119,9.0,CTRL,375,0.31733333333333336,0.024,0.07563025210084033
lh_entorhinal -- rh_medialorbitofrontal,41,6.0,CTRL,375,0.10933333333333334,0.016,0.14634146341463414
lh_entorhinal -- rh_paracentral,2,0.0,CTRL,375,0.005333333333333333,0.0,0.0
lh_entorhinal -- rh_parahippocampal,4,0.0,CTRL,375,0.010666666666666666,0.0,0.0
lh_entorhinal -- rh_parsorbitalis,85,7.0,CTRL,375,0.22666666666666666,0.018666666666666668,0.08235294117647059
lh_entorhinal -- rh_parstriangularis,12,2.0,CTRL,375,0.032,0.005333333333333333,0.16666666666666666
lh_entorhinal -- rh_pericalcarine,3,0.0,CTRL,375,0.008,0.0,0.0
lh_entorhinal -- rh_postcentral,26,1.0,CTRL,375,0.06933333333333333,0.0026666666666666666,0.038461538461538464
lh_entorhinal -- rh_precentral,2,0.0,CTRL,375,0.005333333333333333,0.0,0.0
lh_entorhinal -- rh_precuneus,169,12.0,CTRL,375,0.45066666666666666,0.032,0.07100591715976332
lh_entorhinal -- rh_rostralmiddlefrontal,2,0.0,CTRL,375,0.005333333333333333,0.0,0.0
lh_entorhinal -- rh_superiorparietal,6,0.0,CTRL,375,0.016,0.0,0.0
lh_entorhinal -- rh_superiortemporal,2,0.0,CTRL,375,0.005333333333333333,0.0,0.0
lh_entorhinal -- rh_supramarginal,43,6.0,CTRL,375,0.11466666666666667,0.016,0.13953488372093023
lh_entorhinal -- rh_temporalpole,168,15.0,CTRL,375,0.448,0.04,0.08928571428571429
lh_frontalpole -- lh_fusiform,12,1.0,CTRL,375,0.032,0.0026666666666666666,0.08333333333333333
lh_frontalpole -- lh_inferiortemporal,19,0.0,CTRL,375,0.050666666666666665,0.0,0.0
lh_frontalpole -- lh_isthmuscingulate,107,7.0,CTRL,375,0.2853333333333333,0.018666666666666668,0.06542056074766354
lh_frontalpole -- lh_lateralorbitofrontal,48,0.0,CTRL,375,0.128,0.0,0.0
lh_frontalpole -- lh_lingual,13,4.0,CTRL,375,0.034666666666666665,0.010666666666666666,0.3076923076923077
lh_frontalpole -- lh_medialorbitofrontal,43,0.0,CTRL,375,0.11466666666666667,0.0,0.0
lh_frontalpole -- lh_middletemporal,67,3.0,CTRL,375,0.17866666666666667,0.008,0.04477611940298507
lh_frontalpole -- lh_paracentral,8,0.0,CTRL,375,0.021333333333333333,0.0,0.0
lh_frontalpole -- lh_parahippocampal,3,0.0,CTRL,375,0.008,0.0,0.0
lh_frontalpole -- lh_parsopercularis,2,1.0,CTRL,375,0.005333333333333333,0.0026666666666666666,0.5
lh_frontalpole -- lh_parsorbitalis,242,12.0,CTRL,375,0.6453333333333333,0.032,0.049586776859504134
lh_frontalpole -- lh_parstriangularis,13,0.0,CTRL,375,0.034666666666666665,0.0,0.0
lh_frontalpole -- lh_pericalcarine,263,18.0,CTRL,375,0.7013333333333334,0.048,0.06844106463878327
lh_frontalpole -- lh_posteriorcingulate,43,5.0,CTRL,375,0.11466666666666667,0.013333333333333334,0.11627906976744186
lh_frontalpole -- lh_precuneus,33,4.0,CTRL,375,0.088,0.010666666666666666,0.12121212121212122
lh_frontalpole -- lh_superiortemporal,21,0.0,CTRL,375,0.056,0.0,0.0
lh_frontalpole -- lh_supramarginal,1,0.0,CTRL,375,0.0026666666666666666,0.0,0.0
lh_frontalpole -- lh_temporalpole,133,8.0,CTRL,375,0.3546666666666667,0.021333333333333333,0.06015037593984962
lh_frontalpole -- rh_bankssts,3,0.0,CTRL,375,0.008,0.0,0.0
lh_frontalpole -- rh_caudalanteriorcingulate,23,0.0,CTRL,375,0.06133333333333333,0.0,0.0
lh_frontalpole -- rh_caudalmiddlefrontal,22,5.0,CTRL,375,0.058666666666666666,0.013333333333333334,0.22727272727272727
lh_frontalpole -- rh_cuneus,10,0.0,CTRL,375,0.02666666666666667,0.0,0.0
lh_frontalpole -- rh_entorhinal,13,2.0,CTRL,375,0.034666666666666665,0.005333333333333333,0.15384615384615385
lh_frontalpole -- rh_frontalpole,297,24.0,CTRL,375,0.792,0.064,0.08080808080808081
lh_frontalpole -- rh_fusiform,7,1.0,CTRL,375,0.018666666666666668,0.0026666666666666666,0.14285714285714285
lh_frontalpole -- rh_inferiortemporal,58,4.0,CTRL,375,0.15466666666666667,0.010666666666666666,0.06896551724137931
lh_frontalpole -- rh_isthmuscingulate,74,5.0,CTRL,375,0.19733333333333333,0.013333333333333334,0.06756756756756757
lh_frontalpole -- rh_lateralorbitofrontal,100,3.0,CTRL,375,0.26666666666666666,0.008,0.03
lh_frontalpole -- rh_lingual,4,0.0,CTRL,375,0.010666666666666666,0.0,0.0
lh_frontalpole -- rh_medialorbitofrontal,31,0.0,CTRL,375,0.08266666666666667,0.0,0.0
lh_frontalpole -- rh_middletemporal,62,2.0,CTRL,375,0.16533333333333333,0.005333333333333333,0.03225806451612903
lh_frontalpole -- rh_paracentral,10,0.0,CTRL,375,0.02666666666666667,0.0,0.0
lh_frontalpole -- rh_parahippocampal,5,0.0,CTRL,375,0.013333333333333334,0.0,0.0
lh_frontalpole -- rh_parsorbitalis,168,13.0,CTRL,375,0.448,0.034666666666666665,0.07738095238095238
lh_frontalpole -- rh_parstriangularis,21,1.0,CTRL,375,0.056,0.0026666666666666666,0.047619047619047616
lh_frontalpole -- rh_pericalcarine,272,18.0,CTRL,375,0.7253333333333334,0.048,0.0661764705882353
lh_frontalpole -- rh_posteriorcingulate,42,5.0,CTRL,375,0.112,0.013333333333333334,0.11904761904761904
lh_frontalpole -- rh_precuneus,9,0.0,CTRL,375,0.024,0.0,0.0
lh_frontalpole -- rh_superiortemporal,65,5.0,CTRL,375,0.17333333333333334,0.013333333333333334,0.07692307692307693
lh_frontalpole -- rh_supramarginal,7,1.0,CTRL,375,0.018666666666666668,0.0026666666666666666,0.14285714285714285
lh_frontalpole -- rh_temporalpole,128,9.0,CTRL,375,0.3413333333333333,0.024,0.0703125
lh_fusiform -- lh_inferiorparietal,6,2.0,CTRL,375,0.016,0.005333333333333333,0.3333333333333333
lh_fusiform -- lh_inferiortemporal,13,0.0,CTRL,375,0.034666666666666665,0.0,0.0
lh_fusiform -- lh_insula,6,0.0,CTRL,375,0.016,0.0,0.0
lh_fusiform -- lh_isthmuscingulate,25,1.0,CTRL,375,0.06666666666666667,0.0026666666666666666,0.04
lh_fusiform -- lh_lateralorbitofrontal,21,8.0,CTRL,375,0.056,0.021333333333333333,0.38095238095238093
lh_fusiform -- lh_lingual,3,1.0,CTRL,375,0.008,0.0026666666666666666,0.3333333333333333
lh_fusiform -- lh_medialorbitofrontal,21,13.0,CTRL,375,0.056,0.034666666666666665,0.6190476190476191
lh_fusiform -- lh_middletemporal,19,2.0,CTRL,375,0.050666666666666665,0.005333333333333333,0.10526315789473684
lh_fusiform -- lh_paracentral,35,3.0,CTRL,375,0.09333333333333334,0.008,0.08571428571428572
lh_fusiform -- lh_parahippocampal,2,0.0,CTRL,375,0.005333333333333333,0.0,0.0
lh_fusiform -- lh_parsopercularis,5,2.0,CTRL,375,0.013333333333333334,0.005333333333333333,0.4
lh_fusiform -- lh_parsorbitalis,12,3.0,CTRL,375,0.032,0.008,0.25
lh_fusiform -- lh_parstriangularis,15,2.0,CTRL,375,0.04,0.005333333333333333,0.13333333333333333
lh_fusiform -- lh_pericalcarine,15,1.0,CTRL,375,0.04,0.0026666666666666666,0.06666666666666667
lh_fusiform -- lh_postcentral,7,1.0,CTRL,375,0.018666666666666668,0.0026666666666666666,0.14285714285714285
lh_fusiform -- lh_posteriorcingulate,15,2.0,CTRL,375,0.04,0.005333333333333333,0.13333333333333333
lh_fusiform -- lh_precentral,5,0.0,CTRL,375,0.013333333333333334,0.0,0.0
lh_fusiform -- lh_rostralanteriorcingulate,8,3.0,CTRL,375,0.021333333333333333,0.008,0.375
lh_fusiform -- lh_rostralmiddlefrontal,4,0.0,CTRL,375,0.010666666666666666,0.0,0.0
lh_fusiform -- lh_superiorfrontal,3,0.0,CTRL,375,0.008,0.0,0.0
lh_fusiform -- lh_superiorparietal,4,1.0,CTRL,375,0.010666666666666666,0.0026666666666666666,0.25
lh_fusiform -- lh_superiortemporal,17,1.0,CTRL,375,0.04533333333333334,0.0026666666666666666,0.058823529411764705
lh_fusiform -- lh_supramarginal,13,2.0,CTRL,375,0.034666666666666665,0.005333333333333333,0.15384615384615385
lh_fusiform -- lh_temporalpole,8,2.0,CTRL,375,0.021333333333333333,0.005333333333333333,0.25
lh_fusiform -- lh_transversetemporal,5,2.0,CTRL,375,0.013333333333333334,0.005333333333333333,0.4
lh_fusiform -- rh_bankssts,15,2.0,CTRL,375,0.04,0.005333333333333333,0.13333333333333333
lh_fusiform -- rh_caudalanteriorcingulate,14,1.0,CTRL,375,0.037333333333333336,0.0026666666666666666,0.07142857142857142
lh_fusiform -- rh_caudalmiddlefrontal,18,3.0,CTRL,375,0.048,0.008,0.16666666666666666
lh_fusiform -- rh_cuneus,3,1.0,CTRL,375,0.008,0.0026666666666666666,0.3333333333333333
lh_fusiform -- rh_entorhinal,2,0.0,CTRL,375,0.005333333333333333,0.0,0.0
lh_fusiform -- rh_frontalpole,11,1.0,CTRL,375,0.029333333333333333,0.0026666666666666666,0.09090909090909091
lh_fusiform -- rh_fusiform,71,28.0,CTRL,375,0.18933333333333333,0.07466666666666667,0.39436619718309857
lh_fusiform -- rh_inferiorparietal,8,0.0,CTRL,375,0.021333333333333333,0.0,0.0
lh_fusiform -- rh_inferiortemporal,9,0.0,CTRL,375,0.024,0.0,0.0
lh_fusiform -- rh_insula,4,0.0,CTRL,375,0.010666666666666666,0.0,0.0
lh_fusiform -- rh_isthmuscingulate,28,3.0,CTRL,375,0.07466666666666667,0.008,0.10714285714285714
lh_fusiform -- rh_lateraloccipital,1,0.0,CTRL,375,0.0026666666666666666,0.0,0.0
lh_fusiform -- rh_lateralorbitofrontal,25,4.0,CTRL,375,0.06666666666666667,0.010666666666666666,0.16
lh_fusiform -- rh_lingual,1,0.0,CTRL,375,0.0026666666666666666,0.0,0.0
lh_fusiform -- rh_medialorbitofrontal,20,5.0,CTRL,375,0.05333333333333334,0.013333333333333334,0.25
lh_fusiform -- rh_middletemporal,15,1.0,CTRL,375,0.04,0.0026666666666666666,0.06666666666666667
lh_fusiform -- rh_paracentral,23,1.0,CTRL,375,0.06133333333333333,0.0026666666666666666,0.043478260869565216
lh_fusiform -- rh_parahippocampal,1,0.0,CTRL,375,0.0026666666666666666,0.0,0.0
lh_fusiform -- rh_parsopercularis,2,0.0,CTRL,375,0.005333333333333333,0.0,0.0
lh_fusiform -- rh_parsorbitalis,17,3.0,CTRL,375,0.04533333333333334,0.008,0.17647058823529413
lh_fusiform -- rh_parstriangularis,16,5.0,CTRL,375,0.042666666666666665,0.013333333333333334,0.3125
lh_fusiform -- rh_pericalcarine,20,3.0,CTRL,375,0.05333333333333334,0.008,0.15
lh_fusiform -- rh_postcentral,5,0.0,CTRL,375,0.013333333333333334,0.0,0.0
lh_fusiform -- rh_posteriorcingulate,14,2.0,CTRL,375,0.037333333333333336,0.005333333333333333,0.14285714285714285
lh_fusiform -- rh_precentral,2,0.0,CTRL,375,0.005333333333333333,0.0,0.0
lh_fusiform -- rh_precuneus,4,1.0,CTRL,375,0.010666666666666666,0.0026666666666666666,0.25
lh_fusiform -- rh_rostralanteriorcingulate,6,1.0,CTRL,375,0.016,0.0026666666666666666,0.16666666666666666
lh_fusiform -- rh_rostralmiddlefrontal,3,0.0,CTRL,375,0.008,0.0,0.0
lh_fusiform -- rh_superiorfrontal,1,0.0,CTRL,375,0.0026666666666666666,0.0,0.0
lh_fusiform -- rh_superiorparietal,5,0.0,CTRL,375,0.013333333333333334,0.0,0.0
lh_fusiform -- rh_superiortemporal,10,0.0,CTRL,375,0.02666666666666667,0.0,0.0
lh_fusiform -- rh_supramarginal,16,4.0,CTRL,375,0.042666666666666665,0.010666666666666666,0.25
lh_fusiform -- rh_temporalpole,10,2.0,CTRL,375,0.02666666666666667,0.005333333333333333,0.2
lh_fusiform -- rh_transversetemporal,11,4.0,CTRL,375,0.029333333333333333,0.010666666666666666,0.36363636363636365
lh_inferiorparietal -- lh_inferiortemporal,27,0.0,CTRL,375,0.072,0.0,0.0
lh_inferiorparietal -- lh_insula,16,0.0,CTRL,375,0.042666666666666665,0.0,0.0
lh_inferiorparietal -- lh_isthmuscingulate,8,0.0,CTRL,375,0.021333333333333333,0.0,0.0
lh_inferiorparietal -- lh_lateraloccipital,195,10.0,CTRL,375,0.52,0.02666666666666667,0.05128205128205128
lh_inferiorparietal -- lh_lateralorbitofrontal,40,3.0,CTRL,375,0.10666666666666667,0.008,0.075
lh_inferiorparietal -- lh_lingual,46,2.0,CTRL,375,0.12266666666666666,0.005333333333333333,0.043478260869565216
lh_inferiorparietal -- lh_medialorbitofrontal,12,1.0,CTRL,375,0.032,0.0026666666666666666,0.08333333333333333
lh_inferiorparietal -- lh_middletemporal,3,0.0,CTRL,375,0.008,0.0,0.0
lh_inferiorparietal -- lh_paracentral,60,0.0,CTRL,375,0.16,0.0,0.0
lh_inferiorparietal -- lh_parahippocampal,98,11.0,CTRL,375,0.2613333333333333,0.029333333333333333,0.11224489795918367
lh_inferiorparietal -- lh_parsopercularis,82,5.0,CTRL,375,0.21866666666666668,0.013333333333333334,0.06097560975609756
lh_inferiorparietal -- lh_parsorbitalis,3,1.0,CTRL,375,0.008,0.0026666666666666666,0.3333333333333333
lh_inferiorparietal -- lh_parstriangularis,66,2.0,CTRL,375,0.176,0.005333333333333333,0.030303030303030304
lh_inferiorparietal -- lh_postcentral,278,10.0,CTRL,375,0.7413333333333333,0.02666666666666667,0.03597122302158273
lh_inferiorparietal -- lh_posteriorcingulate,4,0.0,CTRL,375,0.010666666666666666,0.0,0.0
lh_inferiorparietal -- lh_precentral,101,8.0,CTRL,375,0.2693333333333333,0.021333333333333333,0.07920792079207921
lh_inferiorparietal -- lh_precuneus,53,5.0,CTRL,375,0.14133333333333334,0.013333333333333334,0.09433962264150944
lh_inferiorparietal -- lh_rostralanteriorcingulate,72,4.0,CTRL,375,0.192,0.010666666666666666,0.05555555555555555
lh_inferiorparietal -- lh_rostralmiddlefrontal,260,14.0,CTRL,375,0.6933333333333334,0.037333333333333336,0.05384615384615385
lh_inferiorparietal -- lh_superiorfrontal,55,0.0,CTRL,375,0.14666666666666667,0.0,0.0
lh_inferiorparietal -- lh_superiorparietal,282,9.0,CTRL,375,0.752,0.024,0.031914893617021274
lh_inferiorparietal -- lh_superiortemporal,10,0.0,CTRL,375,0.02666666666666667,0.0,0.0
lh_inferiorparietal -- lh_supramarginal,158,8.0,CTRL,375,0.42133333333333334,0.021333333333333333,0.05063291139240506
lh_inferiorparietal -- lh_temporalpole,4,1.0,CTRL,375,0.010666666666666666,0.0026666666666666666,0.25
lh_inferiorparietal -- rh_bankssts,14,0.0,CTRL,375,0.037333333333333336,0.0,0.0
lh_inferiorparietal -- rh_caudalanteriorcingulate,9,0.0,CTRL,375,0.024,0.0,0.0
lh_inferiorparietal -- rh_caudalmiddlefrontal,17,0.0,CTRL,375,0.04533333333333334,0.0,0.0
lh_inferiorparietal -- rh_cuneus,36,1.0,CTRL,375,0.096,0.0026666666666666666,0.027777777777777776
lh_inferiorparietal -- rh_entorhinal,43,1.0,CTRL,375,0.11466666666666667,0.0026666666666666666,0.023255813953488372
lh_inferiorparietal -- rh_fusiform,3,0.0,CTRL,375,0.008,0.0,0.0
lh_inferiorparietal -- rh_inferiorparietal,271,14.0,CTRL,375,0.7226666666666667,0.037333333333333336,0.05166051660516605
lh_inferiorparietal -- rh_inferiortemporal,3,1.0,CTRL,375,0.008,0.0026666666666666666,0.3333333333333333
lh_inferiorparietal -- rh_insula,17,0.0,CTRL,375,0.04533333333333334,0.0,0.0
lh_inferiorparietal -- rh_isthmuscingulate,6,0.0,CTRL,375,0.016,0.0,0.0
lh_inferiorparietal -- rh_lateraloccipital,202,12.0,CTRL,375,0.5386666666666666,0.032,0.0594059405940594
lh_inferiorparietal -- rh_lateralorbitofrontal,28,1.0,CTRL,375,0.07466666666666667,0.0026666666666666666,0.03571428571428571
lh_inferiorparietal -- rh_lingual,81,5.0,CTRL,375,0.216,0.013333333333333334,0.06172839506172839
lh_inferiorparietal -- rh_medialorbitofrontal,68,4.0,CTRL,375,0.18133333333333335,0.010666666666666666,0.058823529411764705
lh_inferiorparietal -- rh_middletemporal,1,1.0,CTRL,375,0.0026666666666666666,0.0026666666666666666,1.0
lh_inferiorparietal -- rh_paracentral,49,1.0,CTRL,375,0.13066666666666665,0.0026666666666666666,0.02040816326530612
lh_inferiorparietal -- rh_parahippocampal,129,2.0,CTRL,375,0.344,0.005333333333333333,0.015503875968992248
lh_inferiorparietal -- rh_parsopercularis,74,4.0,CTRL,375,0.19733333333333333,0.010666666666666666,0.05405405405405406
lh_inferiorparietal -- rh_parsorbitalis,3,0.0,CTRL,375,0.008,0.0,0.0
lh_inferiorparietal -- rh_parstriangularis,49,1.0,CTRL,375,0.13066666666666665,0.0026666666666666666,0.02040816326530612
lh_inferiorparietal -- rh_postcentral,254,14.0,CTRL,375,0.6773333333333333,0.037333333333333336,0.05511811023622047
lh_inferiorparietal -- rh_posteriorcingulate,1,0.0,CTRL,375,0.0026666666666666666,0.0,0.0
lh_inferiorparietal -- rh_precentral,84,2.0,CTRL,375,0.224,0.005333333333333333,0.023809523809523808
lh_inferiorparietal -- rh_precuneus,79,6.0,CTRL,375,0.21066666666666667,0.016,0.0759493670886076
lh_inferiorparietal -- rh_rostralanteriorcingulate,68,2.0,CTRL,375,0.18133333333333335,0.005333333333333333,0.029411764705882353
lh_inferiorparietal -- rh_rostralmiddlefrontal,257,9.0,CTRL,375,0.6853333333333333,0.024,0.03501945525291829
lh_inferiorparietal -- rh_superiorfrontal,64,4.0,CTRL,375,0.17066666666666666,0.010666666666666666,0.0625
lh_inferiorparietal -- rh_superiorparietal,285,16.0,CTRL,375,0.76,0.042666666666666665,0.056140350877192984
lh_inferiorparietal -- rh_superiortemporal,1,0.0,CTRL,375,0.0026666666666666666,0.0,0.0
lh_inferiorparietal -- rh_supramarginal,157,7.0,CTRL,375,0.4186666666666667,0.018666666666666668,0.044585987261146494
lh_inferiorparietal -- rh_temporalpole,2,0.0,CTRL,375,0.005333333333333333,0.0,0.0
lh_inferiortemporal -- lh_insula,99,6.0,CTRL,375,0.264,0.016,0.06060606060606061
lh_inferiortemporal -- lh_isthmuscingulate,88,1.0,CTRL,375,0.23466666666666666,0.0026666666666666666,0.011363636363636364
lh_inferiortemporal -- lh_lateraloccipital,26,3.0,CTRL,375,0.06933333333333333,0.008,0.11538461538461539
lh_inferiortemporal -- lh_lateralorbitofrontal,17,0.0,CTRL,375,0.04533333333333334,0.0,0.0
lh_inferiortemporal -- lh_lingual,8,1.0,CTRL,375,0.021333333333333333,0.0026666666666666666,0.125
lh_inferiortemporal -- lh_medialorbitofrontal,9,0.0,CTRL,375,0.024,0.0,0.0
lh_inferiortemporal -- lh_middletemporal,117,3.0,CTRL,375,0.312,0.008,0.02564102564102564
lh_inferiortemporal -- lh_paracentral,82,4.0,CTRL,375,0.21866666666666668,0.010666666666666666,0.04878048780487805
lh_inferiortemporal -- lh_parahippocampal,33,4.0,CTRL,375,0.088,0.010666666666666666,0.12121212121212122
lh_inferiortemporal -- lh_parsopercularis,24,2.0,CTRL,375,0.064,0.005333333333333333,0.08333333333333333
lh_inferiortemporal -- lh_parsorbitalis,8,0.0,CTRL,375,0.021333333333333333,0.0,0.0
lh_inferiortemporal -- lh_parstriangularis,87,6.0,CTRL,375,0.232,0.016,0.06896551724137931
lh_inferiortemporal -- lh_pericalcarine,22,2.0,CTRL,375,0.058666666666666666,0.005333333333333333,0.09090909090909091
lh_inferiortemporal -- lh_postcentral,16,0.0,CTRL,375,0.042666666666666665,0.0,0.0
lh_inferiortemporal -- lh_posteriorcingulate,128,6.0,CTRL,375,0.3413333333333333,0.016,0.046875
lh_inferiortemporal -- lh_precentral,55,7.0,CTRL,375,0.14666666666666667,0.018666666666666668,0.12727272727272726
lh_inferiortemporal -- lh_precuneus,1,0.0,CTRL,375,0.0026666666666666666,0.0,0.0
lh_inferiortemporal -- lh_rostralanteriorcingulate,44,5.0,CTRL,375,0.11733333333333333,0.013333333333333334,0.11363636363636363
lh_inferiortemporal -- lh_rostralmiddlefrontal,32,1.0,CTRL,375,0.08533333333333333,0.0026666666666666666,0.03125
lh_inferiortemporal -- lh_superiorfrontal,96,8.0,CTRL,375,0.256,0.021333333333333333,0.08333333333333333
lh_inferiortemporal -- lh_superiorparietal,22,1.0,CTRL,375,0.058666666666666666,0.0026666666666666666,0.045454545454545456
lh_inferiortemporal -- lh_superiortemporal,151,6.0,CTRL,375,0.4026666666666667,0.016,0.039735099337748346
lh_inferiortemporal -- lh_supramarginal,68,4.0,CTRL,375,0.18133333333333335,0.010666666666666666,0.058823529411764705
lh_inferiortemporal -- lh_temporalpole,4,0.0,CTRL,375,0.010666666666666666,0.0,0.0
lh_inferiortemporal -- lh_transversetemporal,20,2.0,CTRL,375,0.05333333333333334,0.005333333333333333,0.1
lh_inferiortemporal -- rh_bankssts,141,10.0,CTRL,375,0.376,0.02666666666666667,0.07092198581560284
lh_inferiortemporal -- rh_caudalanteriorcingulate,110,6.0,CTRL,375,0.29333333333333333,0.016,0.05454545454545454
lh_inferiortemporal -- rh_caudalmiddlefrontal,93,2.0,CTRL,375,0.248,0.005333333333333333,0.021505376344086023
lh_inferiortemporal -- rh_cuneus,1,0.0,CTRL,375,0.0026666666666666666,0.0,0.0
lh_inferiortemporal -- rh_entorhinal,2,1.0,CTRL,375,0.005333333333333333,0.0026666666666666666,0.5
lh_inferiortemporal -- rh_frontalpole,13,0.0,CTRL,375,0.034666666666666665,0.0,0.0
lh_inferiortemporal -- rh_fusiform,9,1.0,CTRL,375,0.024,0.0026666666666666666,0.1111111111111111
lh_inferiortemporal -- rh_inferiorparietal,34,1.0,CTRL,375,0.09066666666666667,0.0026666666666666666,0.029411764705882353
lh_inferiortemporal -- rh_inferiortemporal,137,5.0,CTRL,375,0.36533333333333334,0.013333333333333334,0.0364963503649635
lh_inferiortemporal -- rh_insula,84,3.0,CTRL,375,0.224,0.008,0.03571428571428571
lh_inferiortemporal -- rh_isthmuscingulate,77,2.0,CTRL,375,0.20533333333333334,0.005333333333333333,0.025974025974025976
lh_inferiortemporal -- rh_lateraloccipital,26,1.0,CTRL,375,0.06933333333333333,0.0026666666666666666,0.038461538461538464
lh_inferiortemporal -- rh_lateralorbitofrontal,20,0.0,CTRL,375,0.05333333333333334,0.0,0.0
lh_inferiortemporal -- rh_lingual,4,0.0,CTRL,375,0.010666666666666666,0.0,0.0
lh_inferiortemporal -- rh_medialorbitofrontal,32,1.0,CTRL,375,0.08533333333333333,0.0026666666666666666,0.03125
lh_inferiortemporal -- rh_middletemporal,130,6.0,CTRL,375,0.3466666666666667,0.016,0.046153846153846156
lh_inferiortemporal -- rh_paracentral,99,4.0,CTRL,375,0.264,0.010666666666666666,0.04040404040404041
lh_inferiortemporal -- rh_parahippocampal,55,4.0,CTRL,375,0.14666666666666667,0.010666666666666666,0.07272727272727272
lh_inferiortemporal -- rh_parsopercularis,56,4.0,CTRL,375,0.14933333333333335,0.010666666666666666,0.07142857142857142
lh_inferiortemporal -- rh_parsorbitalis,10,0.0,CTRL,375,0.02666666666666667,0.0,0.0
lh_inferiortemporal -- rh_parstriangularis,47,6.0,CTRL,375,0.12533333333333332,0.016,0.1276595744680851
lh_inferiortemporal -- rh_pericalcarine,22,1.0,CTRL,375,0.058666666666666666,0.0026666666666666666,0.045454545454545456
lh_inferiortemporal -- rh_postcentral,8,0.0,CTRL,375,0.021333333333333333,0.0,0.0
lh_inferiortemporal -- rh_posteriorcingulate,142,10.0,CTRL,375,0.37866666666666665,0.02666666666666667,0.07042253521126761
lh_inferiortemporal -- rh_precentral,29,2.0,CTRL,375,0.07733333333333334,0.005333333333333333,0.06896551724137931
lh_inferiortemporal -- rh_precuneus,1,0.0,CTRL,375,0.0026666666666666666,0.0,0.0
lh_inferiortemporal -- rh_rostralanteriorcingulate,49,5.0,CTRL,375,0.13066666666666665,0.013333333333333334,0.10204081632653061
lh_inferiortemporal -- rh_rostralmiddlefrontal,32,1.0,CTRL,375,0.08533333333333333,0.0026666666666666666,0.03125
lh_inferiortemporal -- rh_superiorfrontal,93,4.0,CTRL,375,0.248,0.010666666666666666,0.043010752688172046
lh_inferiortemporal -- rh_superiorparietal,23,2.0,CTRL,375,0.06133333333333333,0.005333333333333333,0.08695652173913043
lh_inferiortemporal -- rh_superiortemporal,113,3.0,CTRL,375,0.30133333333333334,0.008,0.02654867256637168
lh_inferiortemporal -- rh_supramarginal,40,1.0,CTRL,375,0.10666666666666667,0.0026666666666666666,0.025
lh_inferiortemporal -- rh_temporalpole,4,0.0,CTRL,375,0.010666666666666666,0.0,0.0
lh_inferiortemporal -- rh_transversetemporal,19,5.0,CTRL,375,0.050666666666666665,0.013333333333333334,0.2631578947368421
lh_insula -- lh_isthmuscingulate,36,4.0,CTRL,375,0.096,0.010666666666666666,0.1111111111111111
lh_insula -- lh_lateraloccipital,67,2.0,CTRL,375,0.17866666666666667,0.005333333333333333,0.029850746268656716
lh_insula -- lh_lateralorbitofrontal,8,0.0,CTRL,375,0.021333333333333333,0.0,0.0
lh_insula -- lh_medialorbitofrontal,15,1.0,CTRL,375,0.04,0.0026666666666666666,0.06666666666666667
lh_insula -- lh_middletemporal,16,1.0,CTRL,375,0.042666666666666665,0.0026666666666666666,0.0625
lh_insula -- lh_paracentral,53,3.0,CTRL,375,0.14133333333333334,0.008,0.05660377358490566
lh_insula -- lh_parahippocampal,74,8.0,CTRL,375,0.19733333333333333,0.021333333333333333,0.10810810810810811
lh_insula -- lh_parsopercularis,60,5.0,CTRL,375,0.16,0.013333333333333334,0.08333333333333333
lh_insula -- lh_parstriangularis,150,8.0,CTRL,375,0.4,0.021333333333333333,0.05333333333333334
lh_insula -- lh_postcentral,9,0.0,CTRL,375,0.024,0.0,0.0
lh_insula -- lh_posteriorcingulate,89,9.0,CTRL,375,0.23733333333333334,0.024,0.10112359550561797
lh_insula -- lh_precentral,118,5.0,CTRL,375,0.31466666666666665,0.013333333333333334,0.0423728813559322
lh_insula -- lh_rostralanteriorcingulate,104,7.0,CTRL,375,0.2773333333333333,0.018666666666666668,0.0673076923076923
lh_insula -- lh_rostralmiddlefrontal,44,0.0,CTRL,375,0.11733333333333333,0.0,0.0
lh_insula -- lh_superiorfrontal,312,16.0,CTRL,375,0.832,0.042666666666666665,0.05128205128205128
lh_insula -- lh_superiorparietal,19,0.0,CTRL,375,0.050666666666666665,0.0,0.0
lh_insula -- lh_superiortemporal,75,5.0,CTRL,375,0.2,0.013333333333333334,0.06666666666666667
lh_insula -- lh_supramarginal,115,7.0,CTRL,375,0.30666666666666664,0.018666666666666668,0.06086956521739131
lh_insula -- lh_transversetemporal,69,12.0,CTRL,375,0.184,0.032,0.17391304347826086
lh_insula -- rh_bankssts,198,9.0,CTRL,375,0.528,0.024,0.045454545454545456
lh_insula -- rh_caudalanteriorcingulate,105,6.0,CTRL,375,0.28,0.016,0.05714285714285714
lh_insula -- rh_caudalmiddlefrontal,190,9.0,CTRL,375,0.5066666666666667,0.024,0.04736842105263158
lh_insula -- rh_cuneus,9,0.0,CTRL,375,0.024,0.0,0.0
lh_insula -- rh_fusiform,6,4.0,CTRL,375,0.016,0.010666666666666666,0.6666666666666666
lh_insula -- rh_inferiorparietal,63,4.0,CTRL,375,0.168,0.010666666666666666,0.06349206349206349
lh_insula -- rh_inferiortemporal,39,2.0,CTRL,375,0.104,0.005333333333333333,0.05128205128205128
lh_insula -- rh_insula,365,30.0,CTRL,375,0.9733333333333334,0.08,0.0821917808219178
lh_insula -- rh_isthmuscingulate,50,3.0,CTRL,375,0.13333333333333333,0.008,0.06
lh_insula -- rh_lateraloccipital,80,1.0,CTRL,375,0.21333333333333335,0.0026666666666666666,0.0125
lh_insula -- rh_lateralorbitofrontal,12,0.0,CTRL,375,0.032,0.0,0.0
lh_insula -- rh_medialorbitofrontal,34,2.0,CTRL,375,0.09066666666666667,0.005333333333333333,0.058823529411764705
lh_insula -- rh_middletemporal,22,1.0,CTRL,375,0.058666666666666666,0.0026666666666666666,0.045454545454545456
lh_insula -- rh_paracentral,70,2.0,CTRL,375,0.18666666666666668,0.005333333333333333,0.02857142857142857
lh_insula -- rh_parahippocampal,118,10.0,CTRL,375,0.31466666666666665,0.02666666666666667,0.0847457627118644
lh_insula -- rh_parsopercularis,166,11.0,CTRL,375,0.44266666666666665,0.029333333333333333,0.06626506024096386
lh_insula -- rh_parstriangularis,47,1.0,CTRL,375,0.12533333333333332,0.0026666666666666666,0.02127659574468085
lh_insula -- rh_postcentral,6,0.0,CTRL,375,0.016,0.0,0.0
lh_insula -- rh_posteriorcingulate,97,12.0,CTRL,375,0.25866666666666666,0.032,0.12371134020618557
lh_insula -- rh_precentral,76,2.0,CTRL,375,0.20266666666666666,0.005333333333333333,0.02631578947368421
lh_insula -- rh_rostralanteriorcingulate,128,10.0,CTRL,375,0.3413333333333333,0.02666666666666667,0.078125
lh_insula -- rh_rostralmiddlefrontal,48,1.0,CTRL,375,0.128,0.0026666666666666666,0.020833333333333332
lh_insula -- rh_superiorfrontal,296,18.0,CTRL,375,0.7893333333333333,0.048,0.060810810810810814
lh_insula -- rh_superiorparietal,25,1.0,CTRL,375,0.06666666666666667,0.0026666666666666666,0.04
lh_insula -- rh_superiortemporal,40,1.0,CTRL,375,0.10666666666666667,0.0026666666666666666,0.025
lh_insula -- rh_supramarginal,24,0.0,CTRL,375,0.064,0.0,0.0
lh_insula -- rh_transversetemporal,43,4.0,CTRL,375,0.11466666666666667,0.010666666666666666,0.09302325581395349
lh_isthmuscingulate -- lh_lateraloccipital,3,0.0,CTRL,375,0.008,0.0,0.0
lh_isthmuscingulate -- lh_lateralorbitofrontal,41,2.0,CTRL,375,0.10933333333333334,0.005333333333333333,0.04878048780487805
lh_isthmuscingulate -- lh_lingual,3,0.0,CTRL,375,0.008,0.0,0.0
lh_isthmuscingulate -- lh_medialorbitofrontal,32,2.0,CTRL,375,0.08533333333333333,0.005333333333333333,0.0625
lh_isthmuscingulate -- lh_middletemporal,194,10.0,CTRL,375,0.5173333333333333,0.02666666666666667,0.05154639175257732
lh_isthmuscingulate -- lh_paracentral,110,5.0,CTRL,375,0.29333333333333333,0.013333333333333334,0.045454545454545456
lh_isthmuscingulate -- lh_parahippocampal,7,2.0,CTRL,375,0.018666666666666668,0.005333333333333333,0.2857142857142857
lh_isthmuscingulate -- lh_parsopercularis,13,1.0,CTRL,375,0.034666666666666665,0.0026666666666666666,0.07692307692307693
lh_isthmuscingulate -- lh_parsorbitalis,42,3.0,CTRL,375,0.112,0.008,0.07142857142857142
lh_isthmuscingulate -- lh_parstriangularis,89,7.0,CTRL,375,0.23733333333333334,0.018666666666666668,0.07865168539325842
lh_isthmuscingulate -- lh_pericalcarine,150,10.0,CTRL,375,0.4,0.02666666666666667,0.06666666666666667
lh_isthmuscingulate -- lh_postcentral,4,0.0,CTRL,375,0.010666666666666666,0.0,0.0
lh_isthmuscingulate -- lh_posteriorcingulate,231,9.0,CTRL,375,0.616,0.024,0.03896103896103896
lh_isthmuscingulate -- lh_precentral,14,1.0,CTRL,375,0.037333333333333336,0.0026666666666666666,0.07142857142857142
lh_isthmuscingulate -- lh_precuneus,1,0.0,CTRL,375,0.0026666666666666666,0.0,0.0
lh_isthmuscingulate -- lh_rostralanteriorcingulate,11,1.0,CTRL,375,0.029333333333333333,0.0026666666666666666,0.09090909090909091
lh_isthmuscingulate -- lh_rostralmiddlefrontal,4,0.0,CTRL,375,0.010666666666666666,0.0,0.0
lh_isthmuscingulate -- lh_superiorfrontal,32,0.0,CTRL,375,0.08533333333333333,0.0,0.0
lh_isthmuscingulate -- lh_superiorparietal,7,1.0,CTRL,375,0.018666666666666668,0.0026666666666666666,0.14285714285714285
lh_isthmuscingulate -- lh_superiortemporal,130,6.0,CTRL,375,0.3466666666666667,0.016,0.046153846153846156
lh_isthmuscingulate -- lh_supramarginal,26,1.0,CTRL,375,0.06933333333333333,0.0026666666666666666,0.038461538461538464
lh_isthmuscingulate -- lh_temporalpole,7,0.0,CTRL,375,0.018666666666666668,0.0,0.0
lh_isthmuscingulate -- lh_transversetemporal,12,2.0,CTRL,375,0.032,0.005333333333333333,0.16666666666666666
lh_isthmuscingulate -- rh_bankssts,150,13.0,CTRL,375,0.4,0.034666666666666665,0.08666666666666667
lh_isthmuscingulate -- rh_caudalanteriorcingulate,222,16.0,CTRL,375,0.592,0.042666666666666665,0.07207207207207207
lh_isthmuscingulate -- rh_caudalmiddlefrontal,108,9.0,CTRL,375,0.288,0.024,0.08333333333333333
lh_isthmuscingulate -- rh_cuneus,1,0.0,CTRL,375,0.0026666666666666666,0.0,0.0
lh_isthmuscingulate -- rh_entorhinal,1,0.0,CTRL,375,0.0026666666666666666,0.0,0.0
lh_isthmuscingulate -- rh_frontalpole,113,3.0,CTRL,375,0.30133333333333334,0.008,0.02654867256637168
lh_isthmuscingulate -- rh_fusiform,12,1.0,CTRL,375,0.032,0.0026666666666666666,0.08333333333333333
lh_isthmuscingulate -- rh_inferiorparietal,17,1.0,CTRL,375,0.04533333333333334,0.0026666666666666666,0.058823529411764705
lh_isthmuscingulate -- rh_inferiortemporal,103,1.0,CTRL,375,0.27466666666666667,0.0026666666666666666,0.009708737864077669
lh_isthmuscingulate -- rh_insula,40,3.0,CTRL,375,0.10666666666666667,0.008,0.075
lh_isthmuscingulate -- rh_isthmuscingulate,247,14.0,CTRL,375,0.6586666666666666,0.037333333333333336,0.05668016194331984
lh_isthmuscingulate -- rh_lateraloccipital,3,0.0,CTRL,375,0.008,0.0,0.0
lh_isthmuscingulate -- rh_lateralorbitofrontal,89,5.0,CTRL,375,0.23733333333333334,0.013333333333333334,0.056179775280898875
lh_isthmuscingulate -- rh_medialorbitofrontal,38,2.0,CTRL,375,0.10133333333333333,0.005333333333333333,0.05263157894736842
lh_isthmuscingulate -- rh_middletemporal,214,17.0,CTRL,375,0.5706666666666667,0.04533333333333334,0.0794392523364486
lh_isthmuscingulate -- rh_paracentral,143,8.0,CTRL,375,0.38133333333333336,0.021333333333333333,0.055944055944055944
lh_isthmuscingulate -- rh_parahippocampal,22,2.0,CTRL,375,0.058666666666666666,0.005333333333333333,0.09090909090909091
lh_isthmuscingulate -- rh_parsopercularis,15,0.0,CTRL,375,0.04,0.0,0.0
lh_isthmuscingulate -- rh_parsorbitalis,33,0.0,CTRL,375,0.088,0.0,0.0
lh_isthmuscingulate -- rh_parstriangularis,75,3.0,CTRL,375,0.2,0.008,0.04
lh_isthmuscingulate -- rh_pericalcarine,126,6.0,CTRL,375,0.336,0.016,0.047619047619047616
lh_isthmuscingulate -- rh_posteriorcingulate,227,7.0,CTRL,375,0.6053333333333333,0.018666666666666668,0.030837004405286344
lh_isthmuscingulate -- rh_precentral,12,0.0,CTRL,375,0.032,0.0,0.0
lh_isthmuscingulate -- rh_precuneus,1,0.0,CTRL,375,0.0026666666666666666,0.0,0.0
lh_isthmuscingulate -- rh_rostralanteriorcingulate,19,2.0,CTRL,375,0.050666666666666665,0.005333333333333333,0.10526315789473684
lh_isthmuscingulate -- rh_rostralmiddlefrontal,8,1.0,CTRL,375,0.021333333333333333,0.0026666666666666666,0.125
lh_isthmuscingulate -- rh_superiorfrontal,30,0.0,CTRL,375,0.08,0.0,0.0
lh_isthmuscingulate -- rh_superiorparietal,4,0.0,CTRL,375,0.010666666666666666,0.0,0.0
lh_isthmuscingulate -- rh_superiortemporal,162,11.0,CTRL,375,0.432,0.029333333333333333,0.06790123456790123
lh_isthmuscingulate -- rh_supramarginal,14,0.0,CTRL,375,0.037333333333333336,0.0,0.0
lh_isthmuscingulate -- rh_temporalpole,7,0.0,CTRL,375,0.018666666666666668,0.0,0.0
lh_lateraloccipital -- lh_lateralorbitofrontal,13,0.0,CTRL,375,0.034666666666666665,0.0,0.0
lh_lateraloccipital -- lh_lingual,27,2.0,CTRL,375,0.072,0.005333333333333333,0.07407407407407407
lh_lateraloccipital -- lh_medialorbitofrontal,9,0.0,CTRL,375,0.024,0.0,0.0
lh_lateraloccipital -- lh_middletemporal,5,0.0,CTRL,375,0.013333333333333334,0.0,0.0
lh_lateraloccipital -- lh_paracentral,43,2.0,CTRL,375,0.11466666666666667,0.005333333333333333,0.046511627906976744
lh_lateraloccipital -- lh_parahippocampal,149,12.0,CTRL,375,0.3973333333333333,0.032,0.08053691275167785
lh_lateraloccipital -- lh_parsopercularis,139,5.0,CTRL,375,0.37066666666666664,0.013333333333333334,0.03597122302158273
lh_lateraloccipital -- lh_parstriangularis,66,5.0,CTRL,375,0.176,0.013333333333333334,0.07575757575757576
lh_lateraloccipital -- lh_pericalcarine,2,1.0,CTRL,375,0.005333333333333333,0.0026666666666666666,0.5
lh_lateraloccipital -- lh_postcentral,264,13.0,CTRL,375,0.704,0.034666666666666665,0.04924242424242424
lh_lateraloccipital -- lh_posteriorcingulate,7,0.0,CTRL,375,0.018666666666666668,0.0,0.0
lh_lateraloccipital -- lh_precentral,245,14.0,CTRL,375,0.6533333333333333,0.037333333333333336,0.05714285714285714
lh_lateraloccipital -- lh_precuneus,16,4.0,CTRL,375,0.042666666666666665,0.010666666666666666,0.25
lh_lateraloccipital -- lh_rostralanteriorcingulate,185,14.0,CTRL,375,0.49333333333333335,0.037333333333333336,0.07567567567567568
lh_lateraloccipital -- lh_rostralmiddlefrontal,330,25.0,CTRL,375,0.88,0.06666666666666667,0.07575757575757576
lh_lateraloccipital -- lh_superiorfrontal,120,4.0,CTRL,375,0.32,0.010666666666666666,0.03333333333333333
lh_lateraloccipital -- lh_superiorparietal,324,21.0,CTRL,375,0.864,0.056,0.06481481481481481
lh_lateraloccipital -- lh_superiortemporal,16,3.0,CTRL,375,0.042666666666666665,0.008,0.1875
lh_lateraloccipital -- lh_supramarginal,190,9.0,CTRL,375,0.5066666666666667,0.024,0.04736842105263158
lh_lateraloccipital -- lh_transversetemporal,8,0.0,CTRL,375,0.021333333333333333,0.0,0.0
lh_lateraloccipital -- rh_bankssts,16,1.0,CTRL,375,0.042666666666666665,0.0026666666666666666,0.0625
lh_lateraloccipital -- rh_caudalanteriorcingulate,14,0.0,CTRL,375,0.037333333333333336,0.0,0.0
lh_lateraloccipital -- rh_caudalmiddlefrontal,28,3.0,CTRL,375,0.07466666666666667,0.008,0.10714285714285714
lh_lateraloccipital -- rh_cuneus,48,7.0,CTRL,375,0.128,0.018666666666666668,0.14583333333333334
lh_lateraloccipital -- rh_entorhinal,4,1.0,CTRL,375,0.010666666666666666,0.0026666666666666666,0.25
lh_lateraloccipital -- rh_fusiform,3,0.0,CTRL,375,0.008,0.0,0.0
lh_lateraloccipital -- rh_inferiorparietal,246,17.0,CTRL,375,0.656,0.04533333333333334,0.06910569105691057
lh_lateraloccipital -- rh_insula,81,2.0,CTRL,375,0.216,0.005333333333333333,0.024691358024691357
lh_lateraloccipital -- rh_isthmuscingulate,6,0.0,CTRL,375,0.016,0.0,0.0
lh_lateraloccipital -- rh_lateraloccipital,358,18.0,CTRL,375,0.9546666666666667,0.048,0.05027932960893855
lh_lateraloccipital -- rh_lateralorbitofrontal,12,0.0,CTRL,375,0.032,0.0,0.0
lh_lateraloccipital -- rh_lingual,43,1.0,CTRL,375,0.11466666666666667,0.0026666666666666666,0.023255813953488372
lh_lateraloccipital -- rh_medialorbitofrontal,44,1.0,CTRL,375,0.11733333333333333,0.0026666666666666666,0.022727272727272728
lh_lateraloccipital -- rh_middletemporal,3,0.0,CTRL,375,0.008,0.0,0.0
lh_lateraloccipital -- rh_paracentral,35,0.0,CTRL,375,0.09333333333333334,0.0,0.0
lh_lateraloccipital -- rh_parahippocampal,190,12.0,CTRL,375,0.5066666666666667,0.032,0.06315789473684211
lh_lateraloccipital -- rh_parsopercularis,154,8.0,CTRL,375,0.4106666666666667,0.021333333333333333,0.05194805194805195
lh_lateraloccipital -- rh_parstriangularis,35,1.0,CTRL,375,0.09333333333333334,0.0026666666666666666,0.02857142857142857
lh_lateraloccipital -- rh_postcentral,194,7.0,CTRL,375,0.5173333333333333,0.018666666666666668,0.03608247422680412
lh_lateraloccipital -- rh_posteriorcingulate,7,0.0,CTRL,375,0.018666666666666668,0.0,0.0
lh_lateraloccipital -- rh_precentral,228,14.0,CTRL,375,0.608,0.037333333333333336,0.06140350877192982
lh_lateraloccipital -- rh_precuneus,29,1.0,CTRL,375,0.07733333333333334,0.0026666666666666666,0.034482758620689655
lh_lateraloccipital -- rh_rostralanteriorcingulate,149,5.0,CTRL,375,0.3973333333333333,0.013333333333333334,0.03355704697986577
lh_lateraloccipital -- rh_rostralmiddlefrontal,328,25.0,CTRL,375,0.8746666666666667,0.06666666666666667,0.07621951219512195
lh_lateraloccipital -- rh_superiorfrontal,143,6.0,CTRL,375,0.38133333333333336,0.016,0.04195804195804196
lh_lateraloccipital -- rh_superiorparietal,339,16.0,CTRL,375,0.904,0.042666666666666665,0.0471976401179941
lh_lateraloccipital -- rh_superiortemporal,6,0.0,CTRL,375,0.016,0.0,0.0
lh_lateraloccipital -- rh_supramarginal,62,3.0,CTRL,375,0.16533333333333333,0.008,0.04838709677419355
lh_lateraloccipital -- rh_transversetemporal,6,0.0,CTRL,375,0.016,0.0,0.0
lh_lateralorbitofrontal -- lh_lingual,26,1.0,CTRL,375,0.06933333333333333,0.0026666666666666666,0.038461538461538464
lh_lateralorbitofrontal -- lh_medialorbitofrontal,41,11.0,CTRL,375,0.10933333333333334,0.029333333333333333,0.2682926829268293
lh_lateralorbitofrontal -- lh_middletemporal,31,2.0,CTRL,375,0.08266666666666667,0.005333333333333333,0.06451612903225806
lh_lateralorbitofrontal -- lh_paracentral,40,5.0,CTRL,375,0.10666666666666667,0.013333333333333334,0.125
lh_lateralorbitofrontal -- lh_parahippocampal,19,4.0,CTRL,375,0.050666666666666665,0.010666666666666666,0.21052631578947367
lh_lateralorbitofrontal -- lh_parsopercularis,10,0.0,CTRL,375,0.02666666666666667,0.0,0.0
lh_lateralorbitofrontal -- lh_parsorbitalis,53,7.0,CTRL,375,0.14133333333333334,0.018666666666666668,0.1320754716981132
lh_lateralorbitofrontal -- lh_parstriangularis,27,4.0,CTRL,375,0.072,0.010666666666666666,0.14814814814814814
lh_lateralorbitofrontal -- lh_pericalcarine,57,2.0,CTRL,375,0.152,0.005333333333333333,0.03508771929824561
lh_lateralorbitofrontal -- lh_postcentral,34,3.0,CTRL,375,0.09066666666666667,0.008,0.08823529411764706
lh_lateralorbitofrontal -- lh_posteriorcingulate,19,0.0,CTRL,375,0.050666666666666665,0.0,0.0
lh_lateralorbitofrontal -- lh_precentral,18,0.0,CTRL,375,0.048,0.0,0.0
lh_lateralorbitofrontal -- lh_precuneus,34,4.0,CTRL,375,0.09066666666666667,0.010666666666666666,0.11764705882352941
lh_lateralorbitofrontal -- lh_rostralanteriorcingulate,16,2.0,CTRL,375,0.042666666666666665,0.005333333333333333,0.125
lh_lateralorbitofrontal -- lh_rostralmiddlefrontal,21,1.0,CTRL,375,0.056,0.0026666666666666666,0.047619047619047616
lh_lateralorbitofrontal -- lh_superiorfrontal,11,1.0,CTRL,375,0.029333333333333333,0.0026666666666666666,0.09090909090909091
lh_lateralorbitofrontal -- lh_superiorparietal,32,1.0,CTRL,375,0.08533333333333333,0.0026666666666666666,0.03125
lh_lateralorbitofrontal -- lh_superiortemporal,19,0.0,CTRL,375,0.050666666666666665,0.0,0.0
lh_lateralorbitofrontal -- lh_supramarginal,25,2.0,CTRL,375,0.06666666666666667,0.005333333333333333,0.08
lh_lateralorbitofrontal -- lh_temporalpole,42,1.0,CTRL,375,0.112,0.0026666666666666666,0.023809523809523808
lh_lateralorbitofrontal -- lh_transversetemporal,7,2.0,CTRL,375,0.018666666666666668,0.005333333333333333,0.2857142857142857
lh_lateralorbitofrontal -- rh_bankssts,22,3.0,CTRL,375,0.058666666666666666,0.008,0.13636363636363635
lh_lateralorbitofrontal -- rh_caudalanteriorcingulate,32,5.0,CTRL,375,0.08533333333333333,0.013333333333333334,0.15625
lh_lateralorbitofrontal -- rh_caudalmiddlefrontal,16,5.0,CTRL,375,0.042666666666666665,0.013333333333333334,0.3125
lh_lateralorbitofrontal -- rh_cuneus,30,2.0,CTRL,375,0.08,0.005333333333333333,0.06666666666666667
lh_lateralorbitofrontal -- rh_entorhinal,27,0.0,CTRL,375,0.072,0.0,0.0
lh_lateralorbitofrontal -- rh_frontalpole,42,2.0,CTRL,375,0.112,0.005333333333333333,0.047619047619047616
lh_lateralorbitofrontal -- rh_fusiform,25,6.0,CTRL,375,0.06666666666666667,0.016,0.24
lh_lateralorbitofrontal -- rh_inferiorparietal,26,1.0,CTRL,375,0.06933333333333333,0.0026666666666666666,0.038461538461538464
lh_lateralorbitofrontal -- rh_inferiortemporal,11,1.0,CTRL,375,0.029333333333333333,0.0026666666666666666,0.09090909090909091
lh_lateralorbitofrontal -- rh_insula,8,0.0,CTRL,375,0.021333333333333333,0.0,0.0
lh_lateralorbitofrontal -- rh_isthmuscingulate,31,1.0,CTRL,375,0.08266666666666667,0.0026666666666666666,0.03225806451612903
lh_lateralorbitofrontal -- rh_lateraloccipital,22,1.0,CTRL,375,0.058666666666666666,0.0026666666666666666,0.045454545454545456
lh_lateralorbitofrontal -- rh_lateralorbitofrontal,65,9.0,CTRL,375,0.17333333333333334,0.024,0.13846153846153847
lh_lateralorbitofrontal -- rh_lingual,32,3.0,CTRL,375,0.08533333333333333,0.008,0.09375
lh_lateralorbitofrontal -- rh_medialorbitofrontal,22,3.0,CTRL,375,0.058666666666666666,0.008,0.13636363636363635
lh_lateralorbitofrontal -- rh_middletemporal,30,0.0,CTRL,375,0.08,0.0,0.0
lh_lateralorbitofrontal -- rh_paracentral,40,2.0,CTRL,375,0.10666666666666667,0.005333333333333333,0.05
lh_lateralorbitofrontal -- rh_parahippocampal,17,2.0,CTRL,375,0.04533333333333334,0.005333333333333333,0.11764705882352941
lh_lateralorbitofrontal -- rh_parsopercularis,16,1.0,CTRL,375,0.042666666666666665,0.0026666666666666666,0.0625
lh_lateralorbitofrontal -- rh_parsorbitalis,47,5.0,CTRL,375,0.12533333333333332,0.013333333333333334,0.10638297872340426
lh_lateralorbitofrontal -- rh_parstriangularis,63,8.0,CTRL,375,0.168,0.021333333333333333,0.12698412698412698
lh_lateralorbitofrontal -- rh_pericalcarine,52,6.0,CTRL,375,0.13866666666666666,0.016,0.11538461538461539
lh_lateralorbitofrontal -- rh_postcentral,32,0.0,CTRL,375,0.08533333333333333,0.0,0.0
lh_lateralorbitofrontal -- rh_posteriorcingulate,25,2.0,CTRL,375,0.06666666666666667,0.005333333333333333,0.08
lh_lateralorbitofrontal -- rh_precentral,20,2.0,CTRL,375,0.05333333333333334,0.005333333333333333,0.1
lh_lateralorbitofrontal -- rh_precuneus,45,3.0,CTRL,375,0.12,0.008,0.06666666666666667
lh_lateralorbitofrontal -- rh_rostralanteriorcingulate,14,2.0,CTRL,375,0.037333333333333336,0.005333333333333333,0.14285714285714285
lh_lateralorbitofrontal -- rh_rostralmiddlefrontal,20,1.0,CTRL,375,0.05333333333333334,0.0026666666666666666,0.05
lh_lateralorbitofrontal -- rh_superiorfrontal,10,0.0,CTRL,375,0.02666666666666667,0.0,0.0
lh_lateralorbitofrontal -- rh_superiorparietal,26,0.0,CTRL,375,0.06933333333333333,0.0,0.0
lh_lateralorbitofrontal -- rh_superiortemporal,17,0.0,CTRL,375,0.04533333333333334,0.0,0.0
lh_lateralorbitofrontal -- rh_supramarginal,37,2.0,CTRL,375,0.09866666666666667,0.005333333333333333,0.05405405405405406
lh_lateralorbitofrontal -- rh_temporalpole,42,2.0,CTRL,375,0.112,0.005333333333333333,0.047619047619047616
lh_lateralorbitofrontal -- rh_transversetemporal,8,2.0,CTRL,375,0.021333333333333333,0.005333333333333333,0.25
lh_lingual -- lh_medialorbitofrontal,33,2.0,CTRL,375,0.088,0.005333333333333333,0.06060606060606061
lh_lingual -- lh_parahippocampal,58,5.0,CTRL,375,0.15466666666666667,0.013333333333333334,0.08620689655172414
lh_lingual -- lh_parsopercularis,34,2.0,CTRL,375,0.09066666666666667,0.005333333333333333,0.058823529411764705
lh_lingual -- lh_parsorbitalis,39,5.0,CTRL,375,0.104,0.013333333333333334,0.1282051282051282
lh_lingual -- lh_parstriangularis,6,0.0,CTRL,375,0.016,0.0,0.0
lh_lingual -- lh_pericalcarine,4,0.0,CTRL,375,0.010666666666666666,0.0,0.0
lh_lingual -- lh_postcentral,69,2.0,CTRL,375,0.184,0.005333333333333333,0.028985507246376812
lh_lingual -- lh_precentral,15,1.0,CTRL,375,0.04,0.0026666666666666666,0.06666666666666667
lh_lingual -- lh_precuneus,217,19.0,CTRL,375,0.5786666666666667,0.050666666666666665,0.08755760368663594
lh_lingual -- lh_rostralanteriorcingulate,12,2.0,CTRL,375,0.032,0.005333333333333333,0.16666666666666666
lh_lingual -- lh_rostralmiddlefrontal,18,0.0,CTRL,375,0.048,0.0,0.0
lh_lingual -- lh_superiorfrontal,3,0.0,CTRL,375,0.008,0.0,0.0
lh_lingual -- lh_superiorparietal,70,5.0,CTRL,375,0.18666666666666668,0.013333333333333334,0.07142857142857142
lh_lingual -- lh_superiortemporal,3,0.0,CTRL,375,0.008,0.0,0.0
lh_lingual -- lh_supramarginal,18,1.0,CTRL,375,0.048,0.0026666666666666666,0.05555555555555555
lh_lingual -- lh_temporalpole,71,9.0,CTRL,375,0.18933333333333333,0.024,0.1267605633802817
lh_lingual -- rh_bankssts,3,1.0,CTRL,375,0.008,0.0026666666666666666,0.3333333333333333
lh_lingual -- rh_caudalanteriorcingulate,2,0.0,CTRL,375,0.005333333333333333,0.0,0.0
lh_lingual -- rh_caudalmiddlefrontal,3,2.0,CTRL,375,0.008,0.005333333333333333,0.6666666666666666
lh_lingual -- rh_cuneus,103,5.0,CTRL,375,0.27466666666666667,0.013333333333333334,0.04854368932038835
lh_lingual -- rh_entorhinal,193,13.0,CTRL,375,0.5146666666666667,0.034666666666666665,0.06735751295336788
lh_lingual -- rh_frontalpole,11,1.0,CTRL,375,0.029333333333333333,0.0026666666666666666,0.09090909090909091
lh_lingual -- rh_fusiform,9,2.0,CTRL,375,0.024,0.005333333333333333,0.2222222222222222
lh_lingual -- rh_inferiorparietal,20,3.0,CTRL,375,0.05333333333333334,0.008,0.15
lh_lingual -- rh_inferiortemporal,10,3.0,CTRL,375,0.02666666666666667,0.008,0.3
lh_lingual -- rh_lateraloccipital,15,2.0,CTRL,375,0.04,0.005333333333333333,0.13333333333333333
lh_lingual -- rh_lateralorbitofrontal,18,3.0,CTRL,375,0.048,0.008,0.16666666666666666
lh_lingual -- rh_lingual,299,33.0,CTRL,375,0.7973333333333333,0.088,0.11036789297658862
lh_lingual -- rh_medialorbitofrontal,38,0.0,CTRL,375,0.10133333333333333,0.0,0.0
lh_lingual -- rh_middletemporal,4,0.0,CTRL,375,0.010666666666666666,0.0,0.0
lh_lingual -- rh_paracentral,3,0.0,CTRL,375,0.008,0.0,0.0
lh_lingual -- rh_parahippocampal,33,0.0,CTRL,375,0.088,0.0,0.0
lh_lingual -- rh_parsopercularis,13,1.0,CTRL,375,0.034666666666666665,0.0026666666666666666,0.07692307692307693
lh_lingual -- rh_parsorbitalis,34,1.0,CTRL,375,0.09066666666666667,0.0026666666666666666,0.029411764705882353
lh_lingual -- rh_parstriangularis,20,0.0,CTRL,375,0.05333333333333334,0.0,0.0
lh_lingual -- rh_pericalcarine,4,0.0,CTRL,375,0.010666666666666666,0.0,0.0
lh_lingual -- rh_postcentral,98,4.0,CTRL,375,0.2613333333333333,0.010666666666666666,0.04081632653061224
lh_lingual -- rh_precentral,13,1.0,CTRL,375,0.034666666666666665,0.0026666666666666666,0.07692307692307693
lh_lingual -- rh_precuneus,248,16.0,CTRL,375,0.6613333333333333,0.042666666666666665,0.06451612903225806
lh_lingual -- rh_rostralanteriorcingulate,5,0.0,CTRL,375,0.013333333333333334,0.0,0.0
lh_lingual -- rh_rostralmiddlefrontal,21,1.0,CTRL,375,0.056,0.0026666666666666666,0.047619047619047616
lh_lingual -- rh_superiorfrontal,3,0.0,CTRL,375,0.008,0.0,0.0
lh_lingual -- rh_superiorparietal,62,5.0,CTRL,375,0.16533333333333333,0.013333333333333334,0.08064516129032258
lh_lingual -- rh_supramarginal,53,4.0,CTRL,375,0.14133333333333334,0.010666666666666666,0.07547169811320754
lh_lingual -- rh_temporalpole,97,9.0,CTRL,375,0.25866666666666666,0.024,0.09278350515463918
lh_medialorbitofrontal -- lh_middletemporal,24,4.0,CTRL,375,0.064,0.010666666666666666,0.16666666666666666
lh_medialorbitofrontal -- lh_paracentral,9,0.0,CTRL,375,0.024,0.0,0.0
lh_medialorbitofrontal -- lh_parahippocampal,18,1.0,CTRL,375,0.048,0.0026666666666666666,0.05555555555555555
lh_medialorbitofrontal -- lh_parsopercularis,17,5.0,CTRL,375,0.04533333333333334,0.013333333333333334,0.29411764705882354
lh_medialorbitofrontal -- lh_parsorbitalis,34,1.0,CTRL,375,0.09066666666666667,0.0026666666666666666,0.029411764705882353
lh_medialorbitofrontal -- lh_parstriangularis,25,3.0,CTRL,375,0.06666666666666667,0.008,0.12
lh_medialorbitofrontal -- lh_pericalcarine,34,0.0,CTRL,375,0.09066666666666667,0.0,0.0
lh_medialorbitofrontal -- lh_postcentral,14,1.0,CTRL,375,0.037333333333333336,0.0026666666666666666,0.07142857142857142
lh_medialorbitofrontal -- lh_posteriorcingulate,18,1.0,CTRL,375,0.048,0.0026666666666666666,0.05555555555555555
lh_medialorbitofrontal -- lh_precentral,10,0.0,CTRL,375,0.02666666666666667,0.0,0.0
lh_medialorbitofrontal -- lh_precuneus,29,2.0,CTRL,375,0.07733333333333334,0.005333333333333333,0.06896551724137931
lh_medialorbitofrontal -- lh_rostralanteriorcingulate,13,1.0,CTRL,375,0.034666666666666665,0.0026666666666666666,0.07692307692307693
lh_medialorbitofrontal -- lh_rostralmiddlefrontal,12,0.0,CTRL,375,0.032,0.0,0.0
lh_medialorbitofrontal -- lh_superiorfrontal,13,1.0,CTRL,375,0.034666666666666665,0.0026666666666666666,0.07692307692307693
lh_medialorbitofrontal -- lh_superiorparietal,13,0.0,CTRL,375,0.034666666666666665,0.0,0.0
lh_medialorbitofrontal -- lh_superiortemporal,6,0.0,CTRL,375,0.016,0.0,0.0
lh_medialorbitofrontal -- lh_supramarginal,15,1.0,CTRL,375,0.04,0.0026666666666666666,0.06666666666666667
lh_medialorbitofrontal -- lh_temporalpole,29,3.0,CTRL,375,0.07733333333333334,0.008,0.10344827586206896
lh_medialorbitofrontal -- lh_transversetemporal,4,0.0,CTRL,375,0.010666666666666666,0.0,0.0
lh_medialorbitofrontal -- rh_bankssts,17,1.0,CTRL,375,0.04533333333333334,0.0026666666666666666,0.058823529411764705
lh_medialorbitofrontal -- rh_caudalanteriorcingulate,19,1.0,CTRL,375,0.050666666666666665,0.0026666666666666666,0.05263157894736842
lh_medialorbitofrontal -- rh_caudalmiddlefrontal,13,0.0,CTRL,375,0.034666666666666665,0.0,0.0
lh_medialorbitofrontal -- rh_cuneus,19,2.0,CTRL,375,0.050666666666666665,0.005333333333333333,0.10526315789473684
lh_medialorbitofrontal -- rh_entorhinal,35,5.0,CTRL,375,0.09333333333333334,0.013333333333333334,0.14285714285714285
lh_medialorbitofrontal -- rh_frontalpole,37,7.0,CTRL,375,0.09866666666666667,0.018666666666666668,0.1891891891891892
lh_medialorbitofrontal -- rh_fusiform,22,9.0,CTRL,375,0.058666666666666666,0.024,0.4090909090909091
lh_medialorbitofrontal -- rh_inferiorparietal,16,2.0,CTRL,375,0.042666666666666665,0.005333333333333333,0.125
lh_medialorbitofrontal -- rh_inferiortemporal,14,0.0,CTRL,375,0.037333333333333336,0.0,0.0
lh_medialorbitofrontal -- rh_insula,13,2.0,CTRL,375,0.034666666666666665,0.005333333333333333,0.15384615384615385
lh_medialorbitofrontal -- rh_isthmuscingulate,23,1.0,CTRL,375,0.06133333333333333,0.0026666666666666666,0.043478260869565216
lh_medialorbitofrontal -- rh_lateraloccipital,9,0.0,CTRL,375,0.024,0.0,0.0
lh_medialorbitofrontal -- rh_lateralorbitofrontal,27,5.0,CTRL,375,0.072,0.013333333333333334,0.18518518518518517
lh_medialorbitofrontal -- rh_lingual,22,3.0,CTRL,375,0.058666666666666666,0.008,0.13636363636363635
lh_medialorbitofrontal -- rh_medialorbitofrontal,45,13.0,CTRL,375,0.12,0.034666666666666665,0.28888888888888886
lh_medialorbitofrontal -- rh_middletemporal,21,1.0,CTRL,375,0.056,0.0026666666666666666,0.047619047619047616
lh_medialorbitofrontal -- rh_paracentral,17,0.0,CTRL,375,0.04533333333333334,0.0,0.0
lh_medialorbitofrontal -- rh_parahippocampal,14,0.0,CTRL,375,0.037333333333333336,0.0,0.0
lh_medialorbitofrontal -- rh_parsopercularis,13,1.0,CTRL,375,0.034666666666666665,0.0026666666666666666,0.07692307692307693
lh_medialorbitofrontal -- rh_parsorbitalis,35,2.0,CTRL,375,0.09333333333333334,0.005333333333333333,0.05714285714285714
lh_medialorbitofrontal -- rh_parstriangularis,21,5.0,CTRL,375,0.056,0.013333333333333334,0.23809523809523808
lh_medialorbitofrontal -- rh_pericalcarine,33,2.0,CTRL,375,0.088,0.005333333333333333,0.06060606060606061
lh_medialorbitofrontal -- rh_postcentral,18,1.0,CTRL,375,0.048,0.0026666666666666666,0.05555555555555555
lh_medialorbitofrontal -- rh_posteriorcingulate,16,0.0,CTRL,375,0.042666666666666665,0.0,0.0
lh_medialorbitofrontal -- rh_precentral,5,0.0,CTRL,375,0.013333333333333334,0.0,0.0
lh_medialorbitofrontal -- rh_precuneus,22,0.0,CTRL,375,0.058666666666666666,0.0,0.0
lh_medialorbitofrontal -- rh_rostralanteriorcingulate,17,3.0,CTRL,375,0.04533333333333334,0.008,0.17647058823529413
lh_medialorbitofrontal -- rh_rostralmiddlefrontal,15,1.0,CTRL,375,0.04,0.0026666666666666666,0.06666666666666667
lh_medialorbitofrontal -- rh_superiorfrontal,13,1.0,CTRL,375,0.034666666666666665,0.0026666666666666666,0.07692307692307693
lh_medialorbitofrontal -- rh_superiorparietal,10,0.0,CTRL,375,0.02666666666666667,0.0,0.0
lh_medialorbitofrontal -- rh_superiortemporal,17,2.0,CTRL,375,0.04533333333333334,0.005333333333333333,0.11764705882352941
lh_medialorbitofrontal -- rh_supramarginal,17,0.0,CTRL,375,0.04533333333333334,0.0,0.0
lh_medialorbitofrontal -- rh_temporalpole,33,2.0,CTRL,375,0.088,0.005333333333333333,0.06060606060606061
lh_medialorbitofrontal -- rh_transversetemporal,7,4.0,CTRL,375,0.018666666666666668,0.010666666666666666,0.5714285714285714
lh_middletemporal -- lh_paracentral,88,6.0,CTRL,375,0.23466666666666666,0.016,0.06818181818181818
lh_middletemporal -- lh_parahippocampal,3,0.0,CTRL,375,0.008,0.0,0.0
lh_middletemporal -- lh_parsopercularis,8,1.0,CTRL,375,0.021333333333333333,0.0026666666666666666,0.125
lh_middletemporal -- lh_parsorbitalis,18,0.0,CTRL,375,0.048,0.0,0.0
lh_middletemporal -- lh_parstriangularis,71,5.0,CTRL,375,0.18933333333333333,0.013333333333333334,0.07042253521126761
lh_middletemporal -- lh_pericalcarine,154,14.0,CTRL,375,0.4106666666666667,0.037333333333333336,0.09090909090909091
lh_middletemporal -- lh_postcentral,3,2.0,CTRL,375,0.008,0.005333333333333333,0.6666666666666666
lh_middletemporal -- lh_posteriorcingulate,210,14.0,CTRL,375,0.56,0.037333333333333336,0.06666666666666667
lh_middletemporal -- lh_precentral,6,0.0,CTRL,375,0.016,0.0,0.0
lh_middletemporal -- lh_rostralanteriorcingulate,9,3.0,CTRL,375,0.024,0.008,0.3333333333333333
lh_middletemporal -- lh_rostralmiddlefrontal,5,2.0,CTRL,375,0.013333333333333334,0.005333333333333333,0.4
lh_middletemporal -- lh_superiorfrontal,17,1.0,CTRL,375,0.04533333333333334,0.0026666666666666666,0.058823529411764705
lh_middletemporal -- lh_superiorparietal,4,1.0,CTRL,375,0.010666666666666666,0.0026666666666666666,0.25
lh_middletemporal -- lh_superiortemporal,165,14.0,CTRL,375,0.44,0.037333333333333336,0.08484848484848485
lh_middletemporal -- lh_supramarginal,19,3.0,CTRL,375,0.050666666666666665,0.008,0.15789473684210525
lh_middletemporal -- lh_temporalpole,8,0.0,CTRL,375,0.021333333333333333,0.0,0.0
lh_middletemporal -- lh_transversetemporal,4,0.0,CTRL,375,0.010666666666666666,0.0,0.0
lh_middletemporal -- rh_bankssts,102,5.0,CTRL,375,0.272,0.013333333333333334,0.049019607843137254
lh_middletemporal -- rh_caudalanteriorcingulate,186,16.0,CTRL,375,0.496,0.042666666666666665,0.08602150537634409
lh_middletemporal -- rh_caudalmiddlefrontal,101,8.0,CTRL,375,0.2693333333333333,0.021333333333333333,0.07920792079207921
lh_middletemporal -- rh_entorhinal,1,0.0,CTRL,375,0.0026666666666666666,0.0,0.0
lh_middletemporal -- rh_frontalpole,92,6.0,CTRL,375,0.24533333333333332,0.016,0.06521739130434782
lh_middletemporal -- rh_fusiform,18,2.0,CTRL,375,0.048,0.005333333333333333,0.1111111111111111
lh_middletemporal -- rh_inferiorparietal,12,0.0,CTRL,375,0.032,0.0,0.0
lh_middletemporal -- rh_inferiortemporal,204,8.0,CTRL,375,0.544,0.021333333333333333,0.0392156862745098
lh_middletemporal -- rh_insula,14,1.0,CTRL,375,0.037333333333333336,0.0026666666666666666,0.07142857142857142
lh_middletemporal -- rh_isthmuscingulate,184,13.0,CTRL,375,0.49066666666666664,0.034666666666666665,0.07065217391304347
lh_middletemporal -- rh_lateraloccipital,7,1.0,CTRL,375,0.018666666666666668,0.0026666666666666666,0.14285714285714285
lh_middletemporal -- rh_lateralorbitofrontal,60,4.0,CTRL,375,0.16,0.010666666666666666,0.06666666666666667
lh_middletemporal -- rh_medialorbitofrontal,28,0.0,CTRL,375,0.07466666666666667,0.0,0.0
lh_middletemporal -- rh_middletemporal,303,18.0,CTRL,375,0.808,0.048,0.0594059405940594
lh_middletemporal -- rh_paracentral,112,6.0,CTRL,375,0.2986666666666667,0.016,0.05357142857142857
lh_middletemporal -- rh_parahippocampal,16,3.0,CTRL,375,0.042666666666666665,0.008,0.1875
lh_middletemporal -- rh_parsopercularis,11,3.0,CTRL,375,0.029333333333333333,0.008,0.2727272727272727
lh_middletemporal -- rh_parsorbitalis,11,2.0,CTRL,375,0.029333333333333333,0.005333333333333333,0.18181818181818182
lh_middletemporal -- rh_parstriangularis,57,4.0,CTRL,375,0.152,0.010666666666666666,0.07017543859649122
lh_middletemporal -- rh_pericalcarine,129,7.0,CTRL,375,0.344,0.018666666666666668,0.05426356589147287
lh_middletemporal -- rh_postcentral,3,0.0,CTRL,375,0.008,0.0,0.0
lh_middletemporal -- rh_posteriorcingulate,206,13.0,CTRL,375,0.5493333333333333,0.034666666666666665,0.06310679611650485
lh_middletemporal -- rh_precentral,7,0.0,CTRL,375,0.018666666666666668,0.0,0.0
lh_middletemporal -- rh_rostralanteriorcingulate,14,3.0,CTRL,375,0.037333333333333336,0.008,0.21428571428571427
lh_middletemporal -- rh_rostralmiddlefrontal,3,0.0,CTRL,375,0.008,0.0,0.0
lh_middletemporal -- rh_superiorfrontal,16,3.0,CTRL,375,0.042666666666666665,0.008,0.1875
lh_middletemporal -- rh_superiorparietal,2,0.0,CTRL,375,0.005333333333333333,0.0,0.0
lh_middletemporal -- rh_superiortemporal,225,11.0,CTRL,375,0.6,0.029333333333333333,0.04888888888888889
lh_middletemporal -- rh_supramarginal,20,4.0,CTRL,375,0.05333333333333334,0.010666666666666666,0.2
lh_middletemporal -- rh_temporalpole,2,0.0,CTRL,375,0.005333333333333333,0.0,0.0
lh_paracentral -- lh_parahippocampal,28,2.0,CTRL,375,0.07466666666666667,0.005333333333333333,0.07142857142857142
lh_paracentral -- lh_parsopercularis,24,3.0,CTRL,375,0.064,0.008,0.125
lh_paracentral -- lh_parsorbitalis,1,0.0,CTRL,375,0.0026666666666666666,0.0,0.0
lh_paracentral -- lh_parstriangularis,121,9.0,CTRL,375,0.32266666666666666,0.024,0.0743801652892562
lh_paracentral -- lh_pericalcarine,27,2.0,CTRL,375,0.072,0.005333333333333333,0.07407407407407407
lh_paracentral -- lh_postcentral,34,1.0,CTRL,375,0.09066666666666667,0.0026666666666666666,0.029411764705882353
lh_paracentral -- lh_posteriorcingulate,110,4.0,CTRL,375,0.29333333333333333,0.010666666666666666,0.03636363636363636
lh_paracentral -- lh_precentral,36,1.0,CTRL,375,0.096,0.0026666666666666666,0.027777777777777776
lh_paracentral -- lh_precuneus,5,1.0,CTRL,375,0.013333333333333334,0.0026666666666666666,0.2
lh_paracentral -- lh_rostralanteriorcingulate,50,6.0,CTRL,375,0.13333333333333333,0.016,0.12
lh_paracentral -- lh_rostralmiddlefrontal,52,1.0,CTRL,375,0.13866666666666666,0.0026666666666666666,0.019230769230769232
lh_paracentral -- lh_superiorfrontal,82,3.0,CTRL,375,0.21866666666666668,0.008,0.036585365853658534
lh_paracentral -- lh_superiorparietal,48,0.0,CTRL,375,0.128,0.0,0.0
lh_paracentral -- lh_superiortemporal,88,3.0,CTRL,375,0.23466666666666666,0.008,0.03409090909090909
lh_paracentral -- lh_supramarginal,94,2.0,CTRL,375,0.25066666666666665,0.005333333333333333,0.02127659574468085
lh_paracentral -- lh_transversetemporal,1,0.0,CTRL,375,0.0026666666666666666,0.0,0.0
lh_paracentral -- rh_bankssts,150,7.0,CTRL,375,0.4,0.018666666666666668,0.04666666666666667
lh_paracentral -- rh_caudalanteriorcingulate,123,7.0,CTRL,375,0.328,0.018666666666666668,0.056910569105691054
lh_paracentral -- rh_caudalmiddlefrontal,94,2.0,CTRL,375,0.25066666666666665,0.005333333333333333,0.02127659574468085
lh_paracentral -- rh_frontalpole,10,0.0,CTRL,375,0.02666666666666667,0.0,0.0
lh_paracentral -- rh_fusiform,18,7.0,CTRL,375,0.048,0.018666666666666668,0.3888888888888889
lh_paracentral -- rh_inferiorparietal,97,6.0,CTRL,375,0.25866666666666666,0.016,0.061855670103092786
lh_paracentral -- rh_inferiortemporal,55,1.0,CTRL,375,0.14666666666666667,0.0026666666666666666,0.01818181818181818
lh_paracentral -- rh_insula,54,4.0,CTRL,375,0.144,0.010666666666666666,0.07407407407407407
lh_paracentral -- rh_isthmuscingulate,127,8.0,CTRL,375,0.33866666666666667,0.021333333333333333,0.06299212598425197
lh_paracentral -- rh_lateraloccipital,52,0.0,CTRL,375,0.13866666666666666,0.0,0.0
lh_paracentral -- rh_lateralorbitofrontal,43,3.0,CTRL,375,0.11466666666666667,0.008,0.06976744186046512
lh_paracentral -- rh_lingual,2,0.0,CTRL,375,0.005333333333333333,0.0,0.0
lh_paracentral -- rh_medialorbitofrontal,56,3.0,CTRL,375,0.14933333333333335,0.008,0.05357142857142857
lh_paracentral -- rh_middletemporal,73,2.0,CTRL,375,0.19466666666666665,0.005333333333333333,0.0273972602739726
lh_paracentral -- rh_paracentral,248,22.0,CTRL,375,0.6613333333333333,0.058666666666666666,0.08870967741935484
lh_paracentral -- rh_parahippocampal,53,4.0,CTRL,375,0.14133333333333334,0.010666666666666666,0.07547169811320754
lh_paracentral -- rh_parsopercularis,44,2.0,CTRL,375,0.11733333333333333,0.005333333333333333,0.045454545454545456
lh_paracentral -- rh_parsorbitalis,3,1.0,CTRL,375,0.008,0.0026666666666666666,0.3333333333333333
lh_paracentral -- rh_parstriangularis,115,9.0,CTRL,375,0.30666666666666664,0.024,0.0782608695652174
lh_paracentral -- rh_pericalcarine,17,1.0,CTRL,375,0.04533333333333334,0.0026666666666666666,0.058823529411764705
lh_paracentral -- rh_postcentral,24,1.0,CTRL,375,0.064,0.0026666666666666666,0.041666666666666664
lh_paracentral -- rh_posteriorcingulate,99,4.0,CTRL,375,0.264,0.010666666666666666,0.04040404040404041
lh_paracentral -- rh_precentral,22,0.0,CTRL,375,0.058666666666666666,0.0,0.0
lh_paracentral -- rh_precuneus,2,0.0,CTRL,375,0.005333333333333333,0.0,0.0
lh_paracentral -- rh_rostralanteriorcingulate,59,4.0,CTRL,375,0.15733333333333333,0.010666666666666666,0.06779661016949153
lh_paracentral -- rh_rostralmiddlefrontal,46,3.0,CTRL,375,0.12266666666666666,0.008,0.06521739130434782
lh_paracentral -- rh_superiorfrontal,73,1.0,CTRL,375,0.19466666666666665,0.0026666666666666666,0.0136986301369863
lh_paracentral -- rh_superiorparietal,42,1.0,CTRL,375,0.112,0.0026666666666666666,0.023809523809523808
lh_paracentral -- rh_superiortemporal,54,2.0,CTRL,375,0.144,0.005333333333333333,0.037037037037037035
lh_paracentral -- rh_supramarginal,75,7.0,CTRL,375,0.2,0.018666666666666668,0.09333333333333334
lh_paracentral -- rh_transversetemporal,2,1.0,CTRL,375,0.005333333333333333,0.0026666666666666666,0.5
lh_parahippocampal -- lh_parsopercularis,102,8.0,CTRL,375,0.272,0.021333333333333333,0.0784313725490196
lh_parahippocampal -- lh_parsorbitalis,4,1.0,CTRL,375,0.010666666666666666,0.0026666666666666666,0.25
lh_parahippocampal -- lh_parstriangularis,49,3.0,CTRL,375,0.13066666666666665,0.008,0.061224489795918366
lh_parahippocampal -- lh_pericalcarine,2,1.0,CTRL,375,0.005333333333333333,0.0026666666666666666,0.5
lh_parahippocampal -- lh_postcentral,117,3.0,CTRL,375,0.312,0.008,0.02564102564102564
lh_parahippocampal -- lh_posteriorcingulate,15,1.0,CTRL,375,0.04,0.0026666666666666666,0.06666666666666667
lh_parahippocampal -- lh_precentral,117,6.0,CTRL,375,0.312,0.016,0.05128205128205128
lh_parahippocampal -- lh_precuneus,50,5.0,CTRL,375,0.13333333333333333,0.013333333333333334,0.1
lh_parahippocampal -- lh_rostralanteriorcingulate,114,6.0,CTRL,375,0.304,0.016,0.05263157894736842
lh_parahippocampal -- lh_rostralmiddlefrontal,143,9.0,CTRL,375,0.38133333333333336,0.024,0.06293706293706294
lh_parahippocampal -- lh_superiorfrontal,83,2.0,CTRL,375,0.22133333333333333,0.005333333333333333,0.024096385542168676
lh_parahippocampal -- lh_superiorparietal,155,9.0,CTRL,375,0.41333333333333333,0.024,0.05806451612903226
lh_parahippocampal -- lh_superiortemporal,18,1.0,CTRL,375,0.048,0.0026666666666666666,0.05555555555555555
lh_parahippocampal -- lh_supramarginal,83,1.0,CTRL,375,0.22133333333333333,0.0026666666666666666,0.012048192771084338
lh_parahippocampal -- lh_temporalpole,6,2.0,CTRL,375,0.016,0.005333333333333333,0.3333333333333333
lh_parahippocampal -- lh_transversetemporal,18,4.0,CTRL,375,0.048,0.010666666666666666,0.2222222222222222
lh_parahippocampal -- rh_bankssts,21,0.0,CTRL,375,0.056,0.0,0.0
lh_parahippocampal -- rh_caudalanteriorcingulate,15,1.0,CTRL,375,0.04,0.0026666666666666666,0.06666666666666667
lh_parahippocampal -- rh_caudalmiddlefrontal,27,2.0,CTRL,375,0.072,0.005333333333333333,0.07407407407407407
lh_parahippocampal -- rh_cuneus,62,4.0,CTRL,375,0.16533333333333333,0.010666666666666666,0.06451612903225806
lh_parahippocampal -- rh_entorhinal,22,3.0,CTRL,375,0.058666666666666666,0.008,0.13636363636363635
lh_parahippocampal -- rh_frontalpole,5,0.0,CTRL,375,0.013333333333333334,0.0,0.0
lh_parahippocampal -- rh_fusiform,4,1.0,CTRL,375,0.010666666666666666,0.0026666666666666666,0.25
lh_parahippocampal -- rh_inferiorparietal,86,8.0,CTRL,375,0.22933333333333333,0.021333333333333333,0.09302325581395349
lh_parahippocampal -- rh_inferiortemporal,11,1.0,CTRL,375,0.029333333333333333,0.0026666666666666666,0.09090909090909091
lh_parahippocampal -- rh_insula,72,6.0,CTRL,375,0.192,0.016,0.08333333333333333
lh_parahippocampal -- rh_isthmuscingulate,7,1.0,CTRL,375,0.018666666666666668,0.0026666666666666666,0.14285714285714285
lh_parahippocampal -- rh_lateraloccipital,148,7.0,CTRL,375,0.39466666666666667,0.018666666666666668,0.0472972972972973
lh_parahippocampal -- rh_lateralorbitofrontal,10,1.0,CTRL,375,0.02666666666666667,0.0026666666666666666,0.1
lh_parahippocampal -- rh_lingual,86,4.0,CTRL,375,0.22933333333333333,0.010666666666666666,0.046511627906976744
lh_parahippocampal -- rh_medialorbitofrontal,29,1.0,CTRL,375,0.07733333333333334,0.0026666666666666666,0.034482758620689655
lh_parahippocampal -- rh_middletemporal,6,1.0,CTRL,375,0.016,0.0026666666666666666,0.16666666666666666
lh_parahippocampal -- rh_paracentral,21,3.0,CTRL,375,0.056,0.008,0.14285714285714285
lh_parahippocampal -- rh_parahippocampal,202,23.0,CTRL,375,0.5386666666666666,0.06133333333333333,0.11386138613861387
lh_parahippocampal -- rh_parsopercularis,97,6.0,CTRL,375,0.25866666666666666,0.016,0.061855670103092786
lh_parahippocampal -- rh_parsorbitalis,4,1.0,CTRL,375,0.010666666666666666,0.0026666666666666666,0.25
lh_parahippocampal -- rh_parstriangularis,35,2.0,CTRL,375,0.09333333333333334,0.005333333333333333,0.05714285714285714
lh_parahippocampal -- rh_postcentral,125,8.0,CTRL,375,0.3333333333333333,0.021333333333333333,0.064
lh_parahippocampal -- rh_posteriorcingulate,9,1.0,CTRL,375,0.024,0.0026666666666666666,0.1111111111111111
lh_parahippocampal -- rh_precentral,136,12.0,CTRL,375,0.3626666666666667,0.032,0.08823529411764706
lh_parahippocampal -- rh_precuneus,62,3.0,CTRL,375,0.16533333333333333,0.008,0.04838709677419355
lh_parahippocampal -- rh_rostralanteriorcingulate,90,5.0,CTRL,375,0.24,0.013333333333333334,0.05555555555555555
lh_parahippocampal -- rh_rostralmiddlefrontal,134,8.0,CTRL,375,0.35733333333333334,0.021333333333333333,0.05970149253731343
lh_parahippocampal -- rh_superiorfrontal,88,4.0,CTRL,375,0.23466666666666666,0.010666666666666666,0.045454545454545456
lh_parahippocampal -- rh_superiorparietal,146,8.0,CTRL,375,0.3893333333333333,0.021333333333333333,0.0547945205479452
lh_parahippocampal -- rh_superiortemporal,11,1.0,CTRL,375,0.029333333333333333,0.0026666666666666666,0.09090909090909091
lh_parahippocampal -- rh_supramarginal,44,4.0,CTRL,375,0.11733333333333333,0.010666666666666666,0.09090909090909091
lh_parahippocampal -- rh_temporalpole,7,1.0,CTRL,375,0.018666666666666668,0.0026666666666666666,0.14285714285714285
lh_parahippocampal -- rh_transversetemporal,22,3.0,CTRL,375,0.058666666666666666,0.008,0.13636363636363635
lh_parsopercularis -- lh_parsorbitalis,1,0.0,CTRL,375,0.0026666666666666666,0.0,0.0
lh_parsopercularis -- lh_parstriangularis,40,4.0,CTRL,375,0.10666666666666667,0.010666666666666666,0.1
lh_parsopercularis -- lh_pericalcarine,2,1.0,CTRL,375,0.005333333333333333,0.0026666666666666666,0.5
lh_parsopercularis -- lh_postcentral,100,4.0,CTRL,375,0.26666666666666666,0.010666666666666666,0.04
lh_parsopercularis -- lh_posteriorcingulate,13,0.0,CTRL,375,0.034666666666666665,0.0,0.0
lh_parsopercularis -- lh_precentral,118,6.0,CTRL,375,0.31466666666666665,0.016,0.05084745762711865
lh_parsopercularis -- lh_precuneus,36,2.0,CTRL,375,0.096,0.005333333333333333,0.05555555555555555
lh_parsopercularis -- lh_rostralanteriorcingulate,76,2.0,CTRL,375,0.20266666666666666,0.005333333333333333,0.02631578947368421
lh_parsopercularis -- lh_rostralmiddlefrontal,126,4.0,CTRL,375,0.336,0.010666666666666666,0.031746031746031744
lh_parsopercularis -- lh_superiorfrontal,72,2.0,CTRL,375,0.192,0.005333333333333333,0.027777777777777776
lh_parsopercularis -- lh_superiorparietal,119,2.0,CTRL,375,0.31733333333333336,0.005333333333333333,0.01680672268907563
lh_parsopercularis -- lh_superiortemporal,18,0.0,CTRL,375,0.048,0.0,0.0
lh_parsopercularis -- lh_supramarginal,97,6.0,CTRL,375,0.25866666666666666,0.016,0.061855670103092786
lh_parsopercularis -- lh_temporalpole,1,0.0,CTRL,375,0.0026666666666666666,0.0,0.0
lh_parsopercularis -- lh_transversetemporal,31,5.0,CTRL,375,0.08266666666666667,0.013333333333333334,0.16129032258064516
lh_parsopercularis -- rh_bankssts,28,0.0,CTRL,375,0.07466666666666667,0.0,0.0
lh_parsopercularis -- rh_caudalanteriorcingulate,20,5.0,CTRL,375,0.05333333333333334,0.013333333333333334,0.25
lh_parsopercularis -- rh_caudalmiddlefrontal,34,2.0,CTRL,375,0.09066666666666667,0.005333333333333333,0.058823529411764705
lh_parsopercularis -- rh_cuneus,48,4.0,CTRL,375,0.128,0.010666666666666666,0.08333333333333333
lh_parsopercularis -- rh_entorhinal,11,3.0,CTRL,375,0.029333333333333333,0.008,0.2727272727272727
lh_parsopercularis -- rh_frontalpole,2,2.0,CTRL,375,0.005333333333333333,0.005333333333333333,1.0
lh_parsopercularis -- rh_fusiform,15,6.0,CTRL,375,0.04,0.016,0.4
lh_parsopercularis -- rh_inferiorparietal,84,3.0,CTRL,375,0.224,0.008,0.03571428571428571
lh_parsopercularis -- rh_inferiortemporal,8,3.0,CTRL,375,0.021333333333333333,0.008,0.375
lh_parsopercularis -- rh_insula,80,1.0,CTRL,375,0.21333333333333335,0.0026666666666666666,0.0125
lh_parsopercularis -- rh_isthmuscingulate,8,1.0,CTRL,375,0.021333333333333333,0.0026666666666666666,0.125
lh_parsopercularis -- rh_lateraloccipital,136,4.0,CTRL,375,0.3626666666666667,0.010666666666666666,0.029411764705882353
lh_parsopercularis -- rh_lateralorbitofrontal,5,0.0,CTRL,375,0.013333333333333334,0.0,0.0
lh_parsopercularis -- rh_lingual,47,2.0,CTRL,375,0.12533333333333332,0.005333333333333333,0.0425531914893617
lh_parsopercularis -- rh_medialorbitofrontal,49,6.0,CTRL,375,0.13066666666666665,0.016,0.12244897959183673
lh_parsopercularis -- rh_middletemporal,5,1.0,CTRL,375,0.013333333333333334,0.0026666666666666666,0.2
lh_parsopercularis -- rh_paracentral,26,0.0,CTRL,375,0.06933333333333333,0.0,0.0
lh_parsopercularis -- rh_parahippocampal,91,2.0,CTRL,375,0.24266666666666667,0.005333333333333333,0.02197802197802198
lh_parsopercularis -- rh_parsopercularis,120,11.0,CTRL,375,0.32,0.029333333333333333,0.09166666666666666
lh_parsopercularis -- rh_parsorbitalis,1,0.0,CTRL,375,0.0026666666666666666,0.0,0.0
lh_parsopercularis -- rh_parstriangularis,35,2.0,CTRL,375,0.09333333333333334,0.005333333333333333,0.05714285714285714
lh_parsopercularis -- rh_pericalcarine,2,1.0,CTRL,375,0.005333333333333333,0.0026666666666666666,0.5
lh_parsopercularis -- rh_postcentral,66,4.0,CTRL,375,0.176,0.010666666666666666,0.06060606060606061
lh_parsopercularis -- rh_posteriorcingulate,14,1.0,CTRL,375,0.037333333333333336,0.0026666666666666666,0.07142857142857142
lh_parsopercularis -- rh_precentral,129,4.0,CTRL,375,0.344,0.010666666666666666,0.031007751937984496
lh_parsopercularis -- rh_precuneus,32,3.0,CTRL,375,0.08533333333333333,0.008,0.09375
lh_parsopercularis -- rh_rostralanteriorcingulate,86,6.0,CTRL,375,0.22933333333333333,0.016,0.06976744186046512
lh_parsopercularis -- rh_rostralmiddlefrontal,127,7.0,CTRL,375,0.33866666666666667,0.018666666666666668,0.05511811023622047
lh_parsopercularis -- rh_superiorfrontal,77,3.0,CTRL,375,0.20533333333333334,0.008,0.03896103896103896
lh_parsopercularis -- rh_superiorparietal,116,7.0,CTRL,375,0.30933333333333335,0.018666666666666668,0.0603448275862069
lh_parsopercularis -- rh_superiortemporal,10,1.0,CTRL,375,0.02666666666666667,0.0026666666666666666,0.1
lh_parsopercularis -- rh_supramarginal,35,2.0,CTRL,375,0.09333333333333334,0.005333333333333333,0.05714285714285714
lh_parsopercularis -- rh_temporalpole,4,1.0,CTRL,375,0.010666666666666666,0.0026666666666666666,0.25
lh_parsopercularis -- rh_transversetemporal,37,10.0,CTRL,375,0.09866666666666667,0.02666666666666667,0.2702702702702703
lh_parsorbitalis -- lh_parstriangularis,4,0.0,CTRL,375,0.010666666666666666,0.0,0.0
lh_parsorbitalis -- lh_pericalcarine,122,6.0,CTRL,375,0.3253333333333333,0.016,0.04918032786885246
lh_parsorbitalis -- lh_posteriorcingulate,6,0.0,CTRL,375,0.016,0.0,0.0
lh_parsorbitalis -- lh_precuneus,81,5.0,CTRL,375,0.216,0.013333333333333334,0.06172839506172839
lh_parsorbitalis -- lh_superiortemporal,9,0.0,CTRL,375,0.024,0.0,0.0
lh_parsorbitalis -- lh_temporalpole,277,25.0,CTRL,375,0.7386666666666667,0.06666666666666667,0.09025270758122744
lh_parsorbitalis -- lh_transversetemporal,2,0.0,CTRL,375,0.005333333333333333,0.0,0.0
lh_parsorbitalis -- rh_caudalanteriorcingulate,6,1.0,CTRL,375,0.016,0.0026666666666666666,0.16666666666666666
lh_parsorbitalis -- rh_caudalmiddlefrontal,3,0.0,CTRL,375,0.008,0.0,0.0
lh_parsorbitalis -- rh_cuneus,25,3.0,CTRL,375,0.06666666666666667,0.008,0.12
lh_parsorbitalis -- rh_entorhinal,55,3.0,CTRL,375,0.14666666666666667,0.008,0.05454545454545454
lh_parsorbitalis -- rh_frontalpole,204,22.0,CTRL,375,0.544,0.058666666666666666,0.10784313725490197
lh_parsorbitalis -- rh_fusiform,3,0.0,CTRL,375,0.008,0.0,0.0
lh_parsorbitalis -- rh_inferiortemporal,29,4.0,CTRL,375,0.07733333333333334,0.010666666666666666,0.13793103448275862
lh_parsorbitalis -- rh_isthmuscingulate,20,1.0,CTRL,375,0.05333333333333334,0.0026666666666666666,0.05
lh_parsorbitalis -- rh_lateralorbitofrontal,78,5.0,CTRL,375,0.208,0.013333333333333334,0.0641025641025641
lh_parsorbitalis -- rh_lingual,17,3.0,CTRL,375,0.04533333333333334,0.008,0.17647058823529413
lh_parsorbitalis -- rh_medialorbitofrontal,17,0.0,CTRL,375,0.04533333333333334,0.0,0.0
lh_parsorbitalis -- rh_middletemporal,16,1.0,CTRL,375,0.042666666666666665,0.0026666666666666666,0.0625
lh_parsorbitalis -- rh_paracentral,2,0.0,CTRL,375,0.005333333333333333,0.0,0.0
lh_parsorbitalis -- rh_parahippocampal,2,0.0,CTRL,375,0.005333333333333333,0.0,0.0
lh_parsorbitalis -- rh_parsorbitalis,251,21.0,CTRL,375,0.6693333333333333,0.056,0.08366533864541832
lh_parsorbitalis -- rh_parstriangularis,4,0.0,CTRL,375,0.010666666666666666,0.0,0.0
lh_parsorbitalis -- rh_pericalcarine,149,6.0,CTRL,375,0.3973333333333333,0.016,0.040268456375838924
lh_parsorbitalis -- rh_posteriorcingulate,3,0.0,CTRL,375,0.008,0.0,0.0
lh_parsorbitalis -- rh_precuneus,52,4.0,CTRL,375,0.13866666666666666,0.010666666666666666,0.07692307692307693
lh_parsorbitalis -- rh_superiortemporal,43,1.0,CTRL,375,0.11466666666666667,0.0026666666666666666,0.023255813953488372
lh_parsorbitalis -- rh_supramarginal,13,1.0,CTRL,375,0.034666666666666665,0.0026666666666666666,0.07692307692307693
lh_parsorbitalis -- rh_temporalpole,265,27.0,CTRL,375,0.7066666666666667,0.072,0.1018867924528302
lh_parstriangularis -- lh_pericalcarine,25,3.0,CTRL,375,0.06666666666666667,0.008,0.12
lh_parstriangularis -- lh_postcentral,43,1.0,CTRL,375,0.11466666666666667,0.0026666666666666666,0.023255813953488372
lh_parstriangularis -- lh_posteriorcingulate,121,7.0,CTRL,375,0.32266666666666666,0.018666666666666668,0.05785123966942149
lh_parstriangularis -- lh_precentral,86,3.0,CTRL,375,0.22933333333333333,0.008,0.03488372093023256
lh_parstriangularis -- lh_precuneus,2,1.0,CTRL,375,0.005333333333333333,0.0026666666666666666,0.5
lh_parstriangularis -- lh_rostralanteriorcingulate,61,6.0,CTRL,375,0.16266666666666665,0.016,0.09836065573770492
lh_parstriangularis -- lh_rostralmiddlefrontal,81,3.0,CTRL,375,0.216,0.008,0.037037037037037035
lh_parstriangularis -- lh_superiorfrontal,142,3.0,CTRL,375,0.37866666666666665,0.008,0.02112676056338028
lh_parstriangularis -- lh_superiorparietal,53,3.0,CTRL,375,0.14133333333333334,0.008,0.05660377358490566
lh_parstriangularis -- lh_superiortemporal,107,3.0,CTRL,375,0.2853333333333333,0.008,0.028037383177570093
lh_parstriangularis -- lh_supramarginal,120,5.0,CTRL,375,0.32,0.013333333333333334,0.041666666666666664
lh_parstriangularis -- lh_transversetemporal,26,5.0,CTRL,375,0.06933333333333333,0.013333333333333334,0.19230769230769232
lh_parstriangularis -- rh_bankssts,184,13.0,CTRL,375,0.49066666666666664,0.034666666666666665,0.07065217391304347
lh_parstriangularis -- rh_caudalanteriorcingulate,123,7.0,CTRL,375,0.328,0.018666666666666668,0.056910569105691054
lh_parstriangularis -- rh_caudalmiddlefrontal,137,8.0,CTRL,375,0.36533333333333334,0.021333333333333333,0.058394160583941604
lh_parstriangularis -- rh_cuneus,7,0.0,CTRL,375,0.018666666666666668,0.0,0.0
lh_parstriangularis -- rh_entorhinal,2,0.0,CTRL,375,0.005333333333333333,0.0,0.0
lh_parstriangularis -- rh_frontalpole,12,0.0,CTRL,375,0.032,0.0,0.0
lh_parstriangularis -- rh_fusiform,8,2.0,CTRL,375,0.021333333333333333,0.005333333333333333,0.25
lh_parstriangularis -- rh_inferiorparietal,102,3.0,CTRL,375,0.272,0.008,0.029411764705882353
lh_parstriangularis -- rh_inferiortemporal,60,5.0,CTRL,375,0.16,0.013333333333333334,0.08333333333333333
lh_parstriangularis -- rh_insula,139,8.0,CTRL,375,0.37066666666666664,0.021333333333333333,0.05755395683453238
lh_parstriangularis -- rh_isthmuscingulate,96,6.0,CTRL,375,0.256,0.016,0.0625
lh_parstriangularis -- rh_lateraloccipital,80,1.0,CTRL,375,0.21333333333333335,0.0026666666666666666,0.0125
lh_parstriangularis -- rh_lateralorbitofrontal,41,3.0,CTRL,375,0.10933333333333334,0.008,0.07317073170731707
lh_parstriangularis -- rh_lingual,12,0.0,CTRL,375,0.032,0.0,0.0
lh_parstriangularis -- rh_medialorbitofrontal,42,2.0,CTRL,375,0.112,0.005333333333333333,0.047619047619047616
lh_parstriangularis -- rh_middletemporal,73,4.0,CTRL,375,0.19466666666666665,0.010666666666666666,0.0547945205479452
lh_parstriangularis -- rh_paracentral,152,11.0,CTRL,375,0.4053333333333333,0.029333333333333333,0.07236842105263158
lh_parstriangularis -- rh_parahippocampal,88,3.0,CTRL,375,0.23466666666666666,0.008,0.03409090909090909
lh_parstriangularis -- rh_parsopercularis,107,8.0,CTRL,375,0.2853333333333333,0.021333333333333333,0.07476635514018691
lh_parstriangularis -- rh_parstriangularis,102,9.0,CTRL,375,0.272,0.024,0.08823529411764706
lh_parstriangularis -- rh_pericalcarine,21,4.0,CTRL,375,0.056,0.010666666666666666,0.19047619047619047
lh_parstriangularis -- rh_postcentral,33,1.0,CTRL,375,0.088,0.0026666666666666666,0.030303030303030304
lh_parstriangularis -- rh_posteriorcingulate,114,6.0,CTRL,375,0.304,0.016,0.05263157894736842
lh_parstriangularis -- rh_precentral,86,6.0,CTRL,375,0.22933333333333333,0.016,0.06976744186046512
lh_parstriangularis -- rh_precuneus,7,0.0,CTRL,375,0.018666666666666668,0.0,0.0
lh_parstriangularis -- rh_rostralanteriorcingulate,81,3.0,CTRL,375,0.216,0.008,0.037037037037037035
lh_parstriangularis -- rh_rostralmiddlefrontal,73,3.0,CTRL,375,0.19466666666666665,0.008,0.0410958904109589
lh_parstriangularis -- rh_superiorfrontal,136,4.0,CTRL,375,0.3626666666666667,0.010666666666666666,0.029411764705882353
lh_parstriangularis -- rh_superiorparietal,67,5.0,CTRL,375,0.17866666666666667,0.013333333333333334,0.07462686567164178
lh_parstriangularis -- rh_superiortemporal,48,3.0,CTRL,375,0.128,0.008,0.0625
lh_parstriangularis -- rh_supramarginal,68,6.0,CTRL,375,0.18133333333333335,0.016,0.08823529411764706
lh_parstriangularis -- rh_transversetemporal,13,3.0,CTRL,375,0.034666666666666665,0.008,0.23076923076923078
lh_pericalcarine -- lh_posteriorcingulate,63,4.0,CTRL,375,0.168,0.010666666666666666,0.06349206349206349
lh_pericalcarine -- lh_precuneus,10,0.0,CTRL,375,0.02666666666666667,0.0,0.0
lh_pericalcarine -- lh_superiortemporal,45,2.0,CTRL,375,0.12,0.005333333333333333,0.044444444444444446
lh_pericalcarine -- lh_supramarginal,4,1.0,CTRL,375,0.010666666666666666,0.0026666666666666666,0.25
lh_pericalcarine -- lh_temporalpole,20,1.0,CTRL,375,0.05333333333333334,0.0026666666666666666,0.05
lh_pericalcarine -- lh_transversetemporal,2,2.0,CTRL,375,0.005333333333333333,0.005333333333333333,1.0
lh_pericalcarine -- rh_bankssts,18,1.0,CTRL,375,0.048,0.0026666666666666666,0.05555555555555555
lh_pericalcarine -- rh_caudalanteriorcingulate,65,3.0,CTRL,375,0.17333333333333334,0.008,0.046153846153846156
lh_pericalcarine -- rh_caudalmiddlefrontal,25,4.0,CTRL,375,0.06666666666666667,0.010666666666666666,0.16
lh_pericalcarine -- rh_cuneus,4,0.0,CTRL,375,0.010666666666666666,0.0,0.0
lh_pericalcarine -- rh_entorhinal,2,1.0,CTRL,375,0.005333333333333333,0.0026666666666666666,0.5
lh_pericalcarine -- rh_frontalpole,310,26.0,CTRL,375,0.8266666666666667,0.06933333333333333,0.08387096774193549
lh_pericalcarine -- rh_fusiform,25,2.0,CTRL,375,0.06666666666666667,0.005333333333333333,0.08
lh_pericalcarine -- rh_inferiortemporal,88,4.0,CTRL,375,0.23466666666666666,0.010666666666666666,0.045454545454545456
lh_pericalcarine -- rh_isthmuscingulate,123,7.0,CTRL,375,0.328,0.018666666666666668,0.056910569105691054
lh_pericalcarine -- rh_lateralorbitofrontal,92,3.0,CTRL,375,0.24533333333333332,0.008,0.03260869565217391
lh_pericalcarine -- rh_medialorbitofrontal,34,3.0,CTRL,375,0.09066666666666667,0.008,0.08823529411764706
lh_pericalcarine -- rh_middletemporal,145,5.0,CTRL,375,0.38666666666666666,0.013333333333333334,0.034482758620689655
lh_pericalcarine -- rh_paracentral,32,3.0,CTRL,375,0.08533333333333333,0.008,0.09375
lh_pericalcarine -- rh_parahippocampal,3,0.0,CTRL,375,0.008,0.0,0.0
lh_pericalcarine -- rh_parsorbitalis,89,8.0,CTRL,375,0.23733333333333334,0.021333333333333333,0.0898876404494382
lh_pericalcarine -- rh_parstriangularis,38,4.0,CTRL,375,0.10133333333333333,0.010666666666666666,0.10526315789473684
lh_pericalcarine -- rh_pericalcarine,370,37.0,CTRL,375,0.9866666666666667,0.09866666666666667,0.1
lh_pericalcarine -- rh_posteriorcingulate,88,6.0,CTRL,375,0.23466666666666666,0.016,0.06818181818181818
lh_pericalcarine -- rh_precuneus,2,0.0,CTRL,375,0.005333333333333333,0.0,0.0
lh_pericalcarine -- rh_rostralanteriorcingulate,1,0.0,CTRL,375,0.0026666666666666666,0.0,0.0
lh_pericalcarine -- rh_superiortemporal,104,6.0,CTRL,375,0.2773333333333333,0.016,0.057692307692307696
lh_pericalcarine -- rh_supramarginal,7,1.0,CTRL,375,0.018666666666666668,0.0026666666666666666,0.14285714285714285
lh_pericalcarine -- rh_temporalpole,14,1.0,CTRL,375,0.037333333333333336,0.0026666666666666666,0.07142857142857142
lh_postcentral -- lh_posteriorcingulate,3,0.0,CTRL,375,0.008,0.0,0.0
lh_postcentral -- lh_precentral,128,2.0,CTRL,375,0.3413333333333333,0.005333333333333333,0.015625
lh_postcentral -- lh_precuneus,63,0.0,CTRL,375,0.168,0.0,0.0
lh_postcentral -- lh_rostralanteriorcingulate,96,4.0,CTRL,375,0.256,0.010666666666666666,0.041666666666666664
lh_postcentral -- lh_rostralmiddlefrontal,301,8.0,CTRL,375,0.8026666666666666,0.021333333333333333,0.026578073089700997
lh_postcentral -- lh_superiorfrontal,39,0.0,CTRL,375,0.104,0.0,0.0
lh_postcentral -- lh_superiorparietal,345,10.0,CTRL,375,0.92,0.02666666666666667,0.028985507246376812
lh_postcentral -- lh_superiortemporal,1,0.0,CTRL,375,0.0026666666666666666,0.0,0.0
lh_postcentral -- lh_supramarginal,145,7.0,CTRL,375,0.38666666666666666,0.018666666666666668,0.04827586206896552
lh_postcentral -- rh_bankssts,6,0.0,CTRL,375,0.016,0.0,0.0
lh_postcentral -- rh_caudalanteriorcingulate,8,0.0,CTRL,375,0.021333333333333333,0.0,0.0
lh_postcentral -- rh_caudalmiddlefrontal,15,0.0,CTRL,375,0.04,0.0,0.0
lh_postcentral -- rh_cuneus,65,2.0,CTRL,375,0.17333333333333334,0.005333333333333333,0.03076923076923077
lh_postcentral -- rh_entorhinal,23,3.0,CTRL,375,0.06133333333333333,0.008,0.13043478260869565
lh_postcentral -- rh_fusiform,3,0.0,CTRL,375,0.008,0.0,0.0
lh_postcentral -- rh_inferiorparietal,223,10.0,CTRL,375,0.5946666666666667,0.02666666666666667,0.04484304932735426
lh_postcentral -- rh_inferiortemporal,2,0.0,CTRL,375,0.005333333333333333,0.0,0.0
lh_postcentral -- rh_insula,9,0.0,CTRL,375,0.024,0.0,0.0
lh_postcentral -- rh_isthmuscingulate,7,0.0,CTRL,375,0.018666666666666668,0.0,0.0
lh_postcentral -- rh_lateraloccipital,249,4.0,CTRL,375,0.664,0.010666666666666666,0.01606425702811245
lh_postcentral -- rh_lateralorbitofrontal,22,1.0,CTRL,375,0.058666666666666666,0.0026666666666666666,0.045454545454545456
lh_postcentral -- rh_lingual,110,4.0,CTRL,375,0.29333333333333333,0.010666666666666666,0.03636363636363636
lh_postcentral -- rh_medialorbitofrontal,54,1.0,CTRL,375,0.144,0.0026666666666666666,0.018518518518518517
lh_postcentral -- rh_middletemporal,1,0.0,CTRL,375,0.0026666666666666666,0.0,0.0
lh_postcentral -- rh_paracentral,27,1.0,CTRL,375,0.072,0.0026666666666666666,0.037037037037037035
lh_postcentral -- rh_parahippocampal,131,4.0,CTRL,375,0.34933333333333333,0.010666666666666666,0.030534351145038167
lh_postcentral -- rh_parsopercularis,72,3.0,CTRL,375,0.192,0.008,0.041666666666666664
lh_postcentral -- rh_parstriangularis,51,1.0,CTRL,375,0.136,0.0026666666666666666,0.0196078431372549
lh_postcentral -- rh_postcentral,347,18.0,CTRL,375,0.9253333333333333,0.048,0.05187319884726225
lh_postcentral -- rh_posteriorcingulate,1,0.0,CTRL,375,0.0026666666666666666,0.0,0.0
lh_postcentral -- rh_precentral,140,2.0,CTRL,375,0.37333333333333335,0.005333333333333333,0.014285714285714285
lh_postcentral -- rh_precuneus,92,4.0,CTRL,375,0.24533333333333332,0.010666666666666666,0.043478260869565216
lh_postcentral -- rh_rostralanteriorcingulate,63,1.0,CTRL,375,0.168,0.0026666666666666666,0.015873015873015872
lh_postcentral -- rh_rostralmiddlefrontal,293,13.0,CTRL,375,0.7813333333333333,0.034666666666666665,0.04436860068259386
lh_postcentral -- rh_superiorfrontal,42,0.0,CTRL,375,0.112,0.0,0.0
lh_postcentral -- rh_superiorparietal,341,12.0,CTRL,375,0.9093333333333333,0.032,0.03519061583577713
lh_postcentral -- rh_supramarginal,105,5.0,CTRL,375,0.28,0.013333333333333334,0.047619047619047616
lh_posteriorcingulate -- lh_precentral,11,2.0,CTRL,375,0.029333333333333333,0.005333333333333333,0.18181818181818182
lh_posteriorcingulate -- lh_rostralanteriorcingulate,12,2.0,CTRL,375,0.032,0.005333333333333333,0.16666666666666666
lh_posteriorcingulate -- lh_rostralmiddlefrontal,4,0.0,CTRL,375,0.010666666666666666,0.0,0.0
lh_posteriorcingulate -- lh_superiorfrontal,46,1.0,CTRL,375,0.12266666666666666,0.0026666666666666666,0.021739130434782608
lh_posteriorcingulate -- lh_superiortemporal,187,7.0,CTRL,375,0.49866666666666665,0.018666666666666668,0.0374331550802139
lh_posteriorcingulate -- lh_supramarginal,19,2.0,CTRL,375,0.050666666666666665,0.005333333333333333,0.10526315789473684
lh_posteriorcingulate -- lh_transversetemporal,25,1.0,CTRL,375,0.06666666666666667,0.0026666666666666666,0.04
lh_posteriorcingulate -- rh_bankssts,256,16.0,CTRL,375,0.6826666666666666,0.042666666666666665,0.0625
lh_posteriorcingulate -- rh_caudalanteriorcingulate,286,18.0,CTRL,375,0.7626666666666667,0.048,0.06293706293706294
lh_posteriorcingulate -- rh_caudalmiddlefrontal,177,17.0,CTRL,375,0.472,0.04533333333333334,0.096045197740113
lh_posteriorcingulate -- rh_frontalpole,37,1.0,CTRL,375,0.09866666666666667,0.0026666666666666666,0.02702702702702703
lh_posteriorcingulate -- rh_fusiform,11,3.0,CTRL,375,0.029333333333333333,0.008,0.2727272727272727
lh_posteriorcingulate -- rh_inferiorparietal,6,0.0,CTRL,375,0.016,0.0,0.0
lh_posteriorcingulate -- rh_inferiortemporal,169,9.0,CTRL,375,0.45066666666666666,0.024,0.05325443786982249
lh_posteriorcingulate -- rh_insula,84,3.0,CTRL,375,0.224,0.008,0.03571428571428571
lh_posteriorcingulate -- rh_isthmuscingulate,193,13.0,CTRL,375,0.5146666666666667,0.034666666666666665,0.06735751295336788
lh_posteriorcingulate -- rh_lateraloccipital,5,0.0,CTRL,375,0.013333333333333334,0.0,0.0
lh_posteriorcingulate -- rh_lateralorbitofrontal,54,2.0,CTRL,375,0.144,0.005333333333333333,0.037037037037037035
lh_posteriorcingulate -- rh_medialorbitofrontal,32,1.0,CTRL,375,0.08533333333333333,0.0026666666666666666,0.03125
lh_posteriorcingulate -- rh_middletemporal,234,12.0,CTRL,375,0.624,0.032,0.05128205128205128
lh_posteriorcingulate -- rh_paracentral,140,10.0,CTRL,375,0.37333333333333335,0.02666666666666667,0.07142857142857142
lh_posteriorcingulate -- rh_parahippocampal,42,8.0,CTRL,375,0.112,0.021333333333333333,0.19047619047619047
lh_posteriorcingulate -- rh_parsopercularis,35,1.0,CTRL,375,0.09333333333333334,0.0026666666666666666,0.02857142857142857
lh_posteriorcingulate -- rh_parsorbitalis,4,2.0,CTRL,375,0.010666666666666666,0.005333333333333333,0.5
lh_posteriorcingulate -- rh_parstriangularis,81,8.0,CTRL,375,0.216,0.021333333333333333,0.09876543209876543
lh_posteriorcingulate -- rh_pericalcarine,52,4.0,CTRL,375,0.13866666666666666,0.010666666666666666,0.07692307692307693
lh_posteriorcingulate -- rh_posteriorcingulate,318,18.0,CTRL,375,0.848,0.048,0.05660377358490566
lh_posteriorcingulate -- rh_precentral,8,0.0,CTRL,375,0.021333333333333333,0.0,0.0
lh_posteriorcingulate -- rh_precuneus,1,0.0,CTRL,375,0.0026666666666666666,0.0,0.0
lh_posteriorcingulate -- rh_rostralanteriorcingulate,40,4.0,CTRL,375,0.10666666666666667,0.010666666666666666,0.1
lh_posteriorcingulate -- rh_rostralmiddlefrontal,2,0.0,CTRL,375,0.005333333333333333,0.0,0.0
lh_posteriorcingulate -- rh_superiorfrontal,43,1.0,CTRL,375,0.11466666666666667,0.0026666666666666666,0.023255813953488372
lh_posteriorcingulate -- rh_superiorparietal,1,0.0,CTRL,375,0.0026666666666666666,0.0,0.0
lh_posteriorcingulate -- rh_superiortemporal,181,10.0,CTRL,375,0.4826666666666667,0.02666666666666667,0.055248618784530384
lh_posteriorcingulate -- rh_supramarginal,9,1.0,CTRL,375,0.024,0.0026666666666666666,0.1111111111111111
lh_posteriorcingulate -- rh_transversetemporal,4,0.0,CTRL,375,0.010666666666666666,0.0,0.0
lh_precentral -- lh_precuneus,2,0.0,CTRL,375,0.005333333333333333,0.0,0.0
lh_precentral -- lh_rostralanteriorcingulate,179,12.0,CTRL,375,0.47733333333333333,0.032,0.0670391061452514
lh_precentral -- lh_rostralmiddlefrontal,230,8.0,CTRL,375,0.6133333333333333,0.021333333333333333,0.034782608695652174
lh_precentral -- lh_superiorfrontal,196,12.0,CTRL,375,0.5226666666666666,0.032,0.061224489795918366
lh_precentral -- lh_superiorparietal,161,6.0,CTRL,375,0.42933333333333334,0.016,0.037267080745341616
lh_precentral -- lh_superiortemporal,33,3.0,CTRL,375,0.088,0.008,0.09090909090909091
lh_precentral -- lh_supramarginal,185,9.0,CTRL,375,0.49333333333333335,0.024,0.04864864864864865
lh_precentral -- lh_transversetemporal,19,1.0,CTRL,375,0.050666666666666665,0.0026666666666666666,0.05263157894736842
lh_precentral -- rh_bankssts,37,2.0,CTRL,375,0.09866666666666667,0.005333333333333333,0.05405405405405406
lh_precentral -- rh_caudalanteriorcingulate,20,1.0,CTRL,375,0.05333333333333334,0.0026666666666666666,0.05
lh_precentral -- rh_caudalmiddlefrontal,51,3.0,CTRL,375,0.136,0.008,0.058823529411764705
lh_precentral -- rh_cuneus,29,2.0,CTRL,375,0.07733333333333334,0.005333333333333333,0.06896551724137931
lh_precentral -- rh_entorhinal,2,0.0,CTRL,375,0.005333333333333333,0.0,0.0
lh_precentral -- rh_fusiform,5,0.0,CTRL,375,0.013333333333333334,0.0,0.0
lh_precentral -- rh_inferiorparietal,168,8.0,CTRL,375,0.448,0.021333333333333333,0.047619047619047616
lh_precentral -- rh_inferiortemporal,4,0.0,CTRL,375,0.010666666666666666,0.0,0.0
lh_precentral -- rh_insula,133,8.0,CTRL,375,0.3546666666666667,0.021333333333333333,0.06015037593984962
lh_precentral -- rh_isthmuscingulate,13,0.0,CTRL,375,0.034666666666666665,0.0,0.0
lh_precentral -- rh_lateraloccipital,240,18.0,CTRL,375,0.64,0.048,0.075
lh_precentral -- rh_lateralorbitofrontal,5,0.0,CTRL,375,0.013333333333333334,0.0,0.0
lh_precentral -- rh_lingual,22,0.0,CTRL,375,0.058666666666666666,0.0,0.0
lh_precentral -- rh_medialorbitofrontal,30,2.0,CTRL,375,0.08,0.005333333333333333,0.06666666666666667
lh_precentral -- rh_middletemporal,2,0.0,CTRL,375,0.005333333333333333,0.0,0.0
lh_precentral -- rh_paracentral,35,1.0,CTRL,375,0.09333333333333334,0.0026666666666666666,0.02857142857142857
lh_precentral -- rh_parahippocampal,172,7.0,CTRL,375,0.45866666666666667,0.018666666666666668,0.040697674418604654
lh_precentral -- rh_parsopercularis,135,2.0,CTRL,375,0.36,0.005333333333333333,0.014814814814814815
lh_precentral -- rh_parstriangularis,38,1.0,CTRL,375,0.10133333333333333,0.0026666666666666666,0.02631578947368421
lh_precentral -- rh_postcentral,96,5.0,CTRL,375,0.256,0.013333333333333334,0.052083333333333336
lh_precentral -- rh_posteriorcingulate,17,1.0,CTRL,375,0.04533333333333334,0.0026666666666666666,0.058823529411764705
lh_precentral -- rh_precentral,300,24.0,CTRL,375,0.8,0.064,0.08
lh_precentral -- rh_precuneus,11,2.0,CTRL,375,0.029333333333333333,0.005333333333333333,0.18181818181818182
lh_precentral -- rh_rostralanteriorcingulate,179,11.0,CTRL,375,0.47733333333333333,0.029333333333333333,0.061452513966480445
lh_precentral -- rh_rostralmiddlefrontal,216,7.0,CTRL,375,0.576,0.018666666666666668,0.032407407407407406
lh_precentral -- rh_superiorfrontal,209,10.0,CTRL,375,0.5573333333333333,0.02666666666666667,0.04784688995215311
lh_precentral -- rh_superiorparietal,174,4.0,CTRL,375,0.464,0.010666666666666666,0.022988505747126436
lh_precentral -- rh_superiortemporal,6,0.0,CTRL,375,0.016,0.0,0.0
lh_precentral -- rh_supramarginal,47,0.0,CTRL,375,0.12533333333333332,0.0,0.0
lh_precentral -- rh_transversetemporal,13,0.0,CTRL,375,0.034666666666666665,0.0,0.0
lh_precuneus -- lh_rostralanteriorcingulate,11,3.0,CTRL,375,0.029333333333333333,0.008,0.2727272727272727
lh_precuneus -- lh_rostralmiddlefrontal,21,1.0,CTRL,375,0.056,0.0026666666666666666,0.047619047619047616
lh_precuneus -- lh_superiorparietal,36,6.0,CTRL,375,0.096,0.016,0.16666666666666666
lh_precuneus -- lh_superiortemporal,1,0.0,CTRL,375,0.0026666666666666666,0.0,0.0
lh_precuneus -- lh_supramarginal,13,2.0,CTRL,375,0.034666666666666665,0.005333333333333333,0.15384615384615385
lh_precuneus -- lh_temporalpole,139,9.0,CTRL,375,0.37066666666666664,0.024,0.06474820143884892
lh_precuneus -- rh_caudalmiddlefrontal,3,1.0,CTRL,375,0.008,0.0026666666666666666,0.3333333333333333
lh_precuneus -- rh_cuneus,67,8.0,CTRL,375,0.17866666666666667,0.021333333333333333,0.11940298507462686
lh_precuneus -- rh_entorhinal,197,17.0,CTRL,375,0.5253333333333333,0.04533333333333334,0.08629441624365482
lh_precuneus -- rh_frontalpole,27,4.0,CTRL,375,0.072,0.010666666666666666,0.14814814814814814
lh_precuneus -- rh_fusiform,3,1.0,CTRL,375,0.008,0.0026666666666666666,0.3333333333333333
lh_precuneus -- rh_inferiorparietal,7,0.0,CTRL,375,0.018666666666666668,0.0,0.0
lh_precuneus -- rh_inferiortemporal,11,2.0,CTRL,375,0.029333333333333333,0.005333333333333333,0.18181818181818182
lh_precuneus -- rh_isthmuscingulate,4,0.0,CTRL,375,0.010666666666666666,0.0,0.0
lh_precuneus -- rh_lateraloccipital,9,1.0,CTRL,375,0.024,0.0026666666666666666,0.1111111111111111
lh_precuneus -- rh_lateralorbitofrontal,32,1.0,CTRL,375,0.08533333333333333,0.0026666666666666666,0.03125
lh_precuneus -- rh_lingual,183,21.0,CTRL,375,0.488,0.056,0.11475409836065574
lh_precuneus -- rh_medialorbitofrontal,35,5.0,CTRL,375,0.09333333333333334,0.013333333333333334,0.14285714285714285
lh_precuneus -- rh_middletemporal,2,1.0,CTRL,375,0.005333333333333333,0.0026666666666666666,0.5
lh_precuneus -- rh_paracentral,4,0.0,CTRL,375,0.010666666666666666,0.0,0.0
lh_precuneus -- rh_parahippocampal,19,1.0,CTRL,375,0.050666666666666665,0.0026666666666666666,0.05263157894736842
lh_precuneus -- rh_parsopercularis,19,1.0,CTRL,375,0.050666666666666665,0.0026666666666666666,0.05263157894736842
lh_precuneus -- rh_parsorbitalis,72,7.0,CTRL,375,0.192,0.018666666666666668,0.09722222222222222
lh_precuneus -- rh_parstriangularis,22,1.0,CTRL,375,0.058666666666666666,0.0026666666666666666,0.045454545454545456
lh_precuneus -- rh_pericalcarine,19,3.0,CTRL,375,0.050666666666666665,0.008,0.15789473684210525
lh_precuneus -- rh_postcentral,77,7.0,CTRL,375,0.20533333333333334,0.018666666666666668,0.09090909090909091
lh_precuneus -- rh_precentral,15,2.0,CTRL,375,0.04,0.005333333333333333,0.13333333333333333
lh_precuneus -- rh_precuneus,277,19.0,CTRL,375,0.7386666666666667,0.050666666666666665,0.06859205776173286
lh_precuneus -- rh_rostralanteriorcingulate,1,0.0,CTRL,375,0.0026666666666666666,0.0,0.0
lh_precuneus -- rh_rostralmiddlefrontal,15,0.0,CTRL,375,0.04,0.0,0.0
lh_precuneus -- rh_superiorparietal,26,1.0,CTRL,375,0.06933333333333333,0.0026666666666666666,0.038461538461538464
lh_precuneus -- rh_superiortemporal,7,1.0,CTRL,375,0.018666666666666668,0.0026666666666666666,0.14285714285714285
lh_precuneus -- rh_supramarginal,29,4.0,CTRL,375,0.07733333333333334,0.010666666666666666,0.13793103448275862
lh_precuneus -- rh_temporalpole,146,11.0,CTRL,375,0.3893333333333333,0.029333333333333333,0.07534246575342465
lh_rostralanteriorcingulate -- lh_rostralmiddlefrontal,178,13.0,CTRL,375,0.4746666666666667,0.034666666666666665,0.07303370786516854
lh_rostralanteriorcingulate -- lh_superiorfrontal,144,15.0,CTRL,375,0.384,0.04,0.10416666666666667
lh_rostralanteriorcingulate -- lh_superiorparietal,110,4.0,CTRL,375,0.29333333333333333,0.010666666666666666,0.03636363636363636
lh_rostralanteriorcingulate -- lh_superiortemporal,25,2.0,CTRL,375,0.06666666666666667,0.005333333333333333,0.08
lh_rostralanteriorcingulate -- lh_supramarginal,124,4.0,CTRL,375,0.33066666666666666,0.010666666666666666,0.03225806451612903
lh_rostralanteriorcingulate -- lh_transversetemporal,33,4.0,CTRL,375,0.088,0.010666666666666666,0.12121212121212122
lh_rostralanteriorcingulate -- rh_bankssts,47,2.0,CTRL,375,0.12533333333333332,0.005333333333333333,0.0425531914893617
lh_rostralanteriorcingulate -- rh_caudalanteriorcingulate,32,2.0,CTRL,375,0.08533333333333333,0.005333333333333333,0.0625
lh_rostralanteriorcingulate -- rh_caudalmiddlefrontal,52,3.0,CTRL,375,0.13866666666666666,0.008,0.057692307692307696
lh_rostralanteriorcingulate -- rh_cuneus,48,5.0,CTRL,375,0.128,0.013333333333333334,0.10416666666666667
lh_rostralanteriorcingulate -- rh_entorhinal,4,1.0,CTRL,375,0.010666666666666666,0.0026666666666666666,0.25
lh_rostralanteriorcingulate -- rh_fusiform,4,1.0,CTRL,375,0.010666666666666666,0.0026666666666666666,0.25
lh_rostralanteriorcingulate -- rh_inferiorparietal,131,11.0,CTRL,375,0.34933333333333333,0.029333333333333333,0.08396946564885496
lh_rostralanteriorcingulate -- rh_inferiortemporal,4,0.0,CTRL,375,0.010666666666666666,0.0,0.0
lh_rostralanteriorcingulate -- rh_insula,135,6.0,CTRL,375,0.36,0.016,0.044444444444444446
lh_rostralanteriorcingulate -- rh_isthmuscingulate,19,0.0,CTRL,375,0.050666666666666665,0.0,0.0
lh_rostralanteriorcingulate -- rh_lateraloccipital,186,10.0,CTRL,375,0.496,0.02666666666666667,0.053763440860215055
lh_rostralanteriorcingulate -- rh_lateralorbitofrontal,15,3.0,CTRL,375,0.04,0.008,0.2
lh_rostralanteriorcingulate -- rh_lingual,19,1.0,CTRL,375,0.050666666666666665,0.0026666666666666666,0.05263157894736842
lh_rostralanteriorcingulate -- rh_medialorbitofrontal,36,4.0,CTRL,375,0.096,0.010666666666666666,0.1111111111111111
lh_rostralanteriorcingulate -- rh_middletemporal,13,1.0,CTRL,375,0.034666666666666665,0.0026666666666666666,0.07692307692307693
lh_rostralanteriorcingulate -- rh_paracentral,47,2.0,CTRL,375,0.12533333333333332,0.005333333333333333,0.0425531914893617
lh_rostralanteriorcingulate -- rh_parahippocampal,134,9.0,CTRL,375,0.35733333333333334,0.024,0.06716417910447761
lh_rostralanteriorcingulate -- rh_parsopercularis,121,5.0,CTRL,375,0.32266666666666666,0.013333333333333334,0.04132231404958678
lh_rostralanteriorcingulate -- rh_parstriangularis,56,3.0,CTRL,375,0.14933333333333335,0.008,0.05357142857142857
lh_rostralanteriorcingulate -- rh_postcentral,64,4.0,CTRL,375,0.17066666666666666,0.010666666666666666,0.0625
lh_rostralanteriorcingulate -- rh_posteriorcingulate,21,3.0,CTRL,375,0.056,0.008,0.14285714285714285
lh_rostralanteriorcingulate -- rh_precentral,171,7.0,CTRL,375,0.456,0.018666666666666668,0.04093567251461988
lh_rostralanteriorcingulate -- rh_precuneus,16,0.0,CTRL,375,0.042666666666666665,0.0,0.0
lh_rostralanteriorcingulate -- rh_rostralanteriorcingulate,140,16.0,CTRL,375,0.37333333333333335,0.042666666666666665,0.11428571428571428
lh_rostralanteriorcingulate -- rh_rostralmiddlefrontal,166,7.0,CTRL,375,0.44266666666666665,0.018666666666666668,0.04216867469879518
lh_rostralanteriorcingulate -- rh_superiorfrontal,153,8.0,CTRL,375,0.408,0.021333333333333333,0.05228758169934641
lh_rostralanteriorcingulate -- rh_superiorparietal,120,7.0,CTRL,375,0.32,0.018666666666666668,0.058333333333333334
lh_rostralanteriorcingulate -- rh_superiortemporal,7,0.0,CTRL,375,0.018666666666666668,0.0,0.0
lh_rostralanteriorcingulate -- rh_supramarginal,33,0.0,CTRL,375,0.088,0.0,0.0
lh_rostralanteriorcingulate -- rh_transversetemporal,27,1.0,CTRL,375,0.072,0.0026666666666666666,0.037037037037037035
lh_rostralmiddlefrontal -- lh_superiorfrontal,132,1.0,CTRL,375,0.352,0.0026666666666666666,0.007575757575757576
lh_rostralmiddlefrontal -- lh_superiorparietal,326,17.0,CTRL,375,0.8693333333333333,0.04533333333333334,0.05214723926380368
lh_rostralmiddlefrontal -- lh_superiortemporal,17,2.0,CTRL,375,0.04533333333333334,0.005333333333333333,0.11764705882352941
lh_rostralmiddlefrontal -- lh_supramarginal,219,7.0,CTRL,375,0.584,0.018666666666666668,0.0319634703196347
lh_rostralmiddlefrontal -- rh_bankssts,14,0.0,CTRL,375,0.037333333333333336,0.0,0.0
lh_rostralmiddlefrontal -- rh_caudalanteriorcingulate,9,0.0,CTRL,375,0.024,0.0,0.0
lh_rostralmiddlefrontal -- rh_caudalmiddlefrontal,38,1.0,CTRL,375,0.10133333333333333,0.0026666666666666666,0.02631578947368421
lh_rostralmiddlefrontal -- rh_cuneus,36,0.0,CTRL,375,0.096,0.0,0.0
lh_rostralmiddlefrontal -- rh_entorhinal,3,0.0,CTRL,375,0.008,0.0,0.0
lh_rostralmiddlefrontal -- rh_fusiform,2,0.0,CTRL,375,0.005333333333333333,0.0,0.0
lh_rostralmiddlefrontal -- rh_inferiorparietal,295,12.0,CTRL,375,0.7866666666666666,0.032,0.04067796610169491
lh_rostralmiddlefrontal -- rh_inferiortemporal,4,0.0,CTRL,375,0.010666666666666666,0.0,0.0
lh_rostralmiddlefrontal -- rh_insula,68,1.0,CTRL,375,0.18133333333333335,0.0026666666666666666,0.014705882352941176
lh_rostralmiddlefrontal -- rh_isthmuscingulate,9,0.0,CTRL,375,0.024,0.0,0.0
lh_rostralmiddlefrontal -- rh_lateraloccipital,331,21.0,CTRL,375,0.8826666666666667,0.056,0.0634441087613293
lh_rostralmiddlefrontal -- rh_lateralorbitofrontal,21,0.0,CTRL,375,0.056,0.0,0.0
lh_rostralmiddlefrontal -- rh_lingual,42,2.0,CTRL,375,0.112,0.005333333333333333,0.047619047619047616
lh_rostralmiddlefrontal -- rh_medialorbitofrontal,53,1.0,CTRL,375,0.14133333333333334,0.0026666666666666666,0.018867924528301886
lh_rostralmiddlefrontal -- rh_middletemporal,5,1.0,CTRL,375,0.013333333333333334,0.0026666666666666666,0.2
lh_rostralmiddlefrontal -- rh_paracentral,43,0.0,CTRL,375,0.11466666666666667,0.0,0.0
lh_rostralmiddlefrontal -- rh_parahippocampal,206,10.0,CTRL,375,0.5493333333333333,0.02666666666666667,0.04854368932038835
lh_rostralmiddlefrontal -- rh_parsopercularis,150,5.0,CTRL,375,0.4,0.013333333333333334,0.03333333333333333
lh_rostralmiddlefrontal -- rh_parstriangularis,42,0.0,CTRL,375,0.112,0.0,0.0
lh_rostralmiddlefrontal -- rh_postcentral,227,8.0,CTRL,375,0.6053333333333333,0.021333333333333333,0.03524229074889868
lh_rostralmiddlefrontal -- rh_posteriorcingulate,2,0.0,CTRL,375,0.005333333333333333,0.0,0.0
lh_rostralmiddlefrontal -- rh_precentral,218,12.0,CTRL,375,0.5813333333333334,0.032,0.05504587155963303
lh_rostralmiddlefrontal -- rh_precuneus,32,2.0,CTRL,375,0.08533333333333333,0.005333333333333333,0.0625
lh_rostralmiddlefrontal -- rh_rostralanteriorcingulate,135,3.0,CTRL,375,0.36,0.008,0.022222222222222223
lh_rostralmiddlefrontal -- rh_rostralmiddlefrontal,366,18.0,CTRL,375,0.976,0.048,0.04918032786885246
lh_rostralmiddlefrontal -- rh_superiorfrontal,147,8.0,CTRL,375,0.392,0.021333333333333333,0.05442176870748299
lh_rostralmiddlefrontal -- rh_superiorparietal,334,13.0,CTRL,375,0.8906666666666667,0.034666666666666665,0.038922155688622756
lh_rostralmiddlefrontal -- rh_superiortemporal,1,0.0,CTRL,375,0.0026666666666666666,0.0,0.0
lh_rostralmiddlefrontal -- rh_supramarginal,93,3.0,CTRL,375,0.248,0.008,0.03225806451612903
lh_superiorfrontal -- lh_superiorparietal,56,1.0,CTRL,375,0.14933333333333335,0.0026666666666666666,0.017857142857142856
lh_superiorfrontal -- lh_superiortemporal,103,5.0,CTRL,375,0.27466666666666667,0.013333333333333334,0.04854368932038835
lh_superiorfrontal -- lh_supramarginal,228,7.0,CTRL,375,0.608,0.018666666666666668,0.03070175438596491
lh_superiorfrontal -- lh_transversetemporal,25,1.0,CTRL,375,0.06666666666666667,0.0026666666666666666,0.04
lh_superiorfrontal -- rh_bankssts,154,7.0,CTRL,375,0.4106666666666667,0.018666666666666668,0.045454545454545456
lh_superiorfrontal -- rh_caudalanteriorcingulate,72,2.0,CTRL,375,0.192,0.005333333333333333,0.027777777777777776
lh_superiorfrontal -- rh_caudalmiddlefrontal,136,7.0,CTRL,375,0.3626666666666667,0.018666666666666668,0.051470588235294115
lh_superiorfrontal -- rh_cuneus,9,2.0,CTRL,375,0.024,0.005333333333333333,0.2222222222222222
lh_superiorfrontal -- rh_fusiform,2,0.0,CTRL,375,0.005333333333333333,0.0,0.0
lh_superiorfrontal -- rh_inferiorparietal,162,3.0,CTRL,375,0.432,0.008,0.018518518518518517
lh_superiorfrontal -- rh_inferiortemporal,18,0.0,CTRL,375,0.048,0.0,0.0
lh_superiorfrontal -- rh_insula,312,18.0,CTRL,375,0.832,0.048,0.057692307692307696
lh_superiorfrontal -- rh_isthmuscingulate,32,1.0,CTRL,375,0.08533333333333333,0.0026666666666666666,0.03125
lh_superiorfrontal -- rh_lateraloccipital,157,4.0,CTRL,375,0.4186666666666667,0.010666666666666666,0.025477707006369428
lh_superiorfrontal -- rh_lateralorbitofrontal,8,0.0,CTRL,375,0.021333333333333333,0.0,0.0
lh_superiorfrontal -- rh_medialorbitofrontal,32,1.0,CTRL,375,0.08533333333333333,0.0026666666666666666,0.03125
lh_superiorfrontal -- rh_middletemporal,22,0.0,CTRL,375,0.058666666666666666,0.0,0.0
lh_superiorfrontal -- rh_paracentral,72,0.0,CTRL,375,0.192,0.0,0.0
lh_superiorfrontal -- rh_parahippocampal,168,13.0,CTRL,375,0.448,0.034666666666666665,0.07738095238095238
lh_superiorfrontal -- rh_parsopercularis,182,4.0,CTRL,375,0.48533333333333334,0.010666666666666666,0.02197802197802198
lh_superiorfrontal -- rh_parstriangularis,51,0.0,CTRL,375,0.136,0.0,0.0
lh_superiorfrontal -- rh_postcentral,15,0.0,CTRL,375,0.04,0.0,0.0
lh_superiorfrontal -- rh_posteriorcingulate,34,1.0,CTRL,375,0.09066666666666667,0.0026666666666666666,0.029411764705882353
lh_superiorfrontal -- rh_precentral,141,3.0,CTRL,375,0.376,0.008,0.02127659574468085
lh_superiorfrontal -- rh_rostralanteriorcingulate,177,9.0,CTRL,375,0.472,0.024,0.05084745762711865
lh_superiorfrontal -- rh_rostralmiddlefrontal,121,4.0,CTRL,375,0.32266666666666666,0.010666666666666666,0.03305785123966942
lh_superiorfrontal -- rh_superiorfrontal,375,24.0,CTRL,375,1.0,0.064,0.064
lh_superiorfrontal -- rh_superiorparietal,65,1.0,CTRL,375,0.17333333333333334,0.0026666666666666666,0.015384615384615385
lh_superiorfrontal -- rh_superiortemporal,28,1.0,CTRL,375,0.07466666666666667,0.0026666666666666666,0.03571428571428571
lh_superiorfrontal -- rh_supramarginal,64,2.0,CTRL,375,0.17066666666666666,0.005333333333333333,0.03125
lh_superiorfrontal -- rh_transversetemporal,21,0.0,CTRL,375,0.056,0.0,0.0
lh_superiorparietal -- lh_superiortemporal,9,1.0,CTRL,375,0.024,0.0026666666666666666,0.1111111111111111
lh_superiorparietal -- lh_supramarginal,151,6.0,CTRL,375,0.4026666666666667,0.016,0.039735099337748346
lh_superiorparietal -- rh_bankssts,3,1.0,CTRL,375,0.008,0.0026666666666666666,0.3333333333333333
lh_superiorparietal -- rh_caudalanteriorcingulate,4,0.0,CTRL,375,0.010666666666666666,0.0,0.0
lh_superiorparietal -- rh_caudalmiddlefrontal,19,1.0,CTRL,375,0.050666666666666665,0.0026666666666666666,0.05263157894736842
lh_superiorparietal -- rh_cuneus,68,2.0,CTRL,375,0.18133333333333335,0.005333333333333333,0.029411764705882353
lh_superiorparietal -- rh_entorhinal,21,3.0,CTRL,375,0.056,0.008,0.14285714285714285
lh_superiorparietal -- rh_inferiorparietal,243,12.0,CTRL,375,0.648,0.032,0.04938271604938271
lh_superiorparietal -- rh_inferiortemporal,1,0.0,CTRL,375,0.0026666666666666666,0.0,0.0
lh_superiorparietal -- rh_insula,17,1.0,CTRL,375,0.04533333333333334,0.0026666666666666666,0.058823529411764705
lh_superiorparietal -- rh_isthmuscingulate,6,0.0,CTRL,375,0.016,0.0,0.0
lh_superiorparietal -- rh_lateraloccipital,317,13.0,CTRL,375,0.8453333333333334,0.034666666666666665,0.04100946372239748
lh_superiorparietal -- rh_lateralorbitofrontal,19,1.0,CTRL,375,0.050666666666666665,0.0026666666666666666,0.05263157894736842
lh_superiorparietal -- rh_lingual,107,5.0,CTRL,375,0.2853333333333333,0.013333333333333334,0.04672897196261682
lh_superiorparietal -- rh_medialorbitofrontal,44,0.0,CTRL,375,0.11733333333333333,0.0,0.0
lh_superiorparietal -- rh_middletemporal,3,0.0,CTRL,375,0.008,0.0,0.0
lh_superiorparietal -- rh_paracentral,29,2.0,CTRL,375,0.07733333333333334,0.005333333333333333,0.06896551724137931
lh_superiorparietal -- rh_parahippocampal,196,4.0,CTRL,375,0.5226666666666666,0.010666666666666666,0.02040816326530612
lh_superiorparietal -- rh_parsopercularis,95,7.0,CTRL,375,0.25333333333333335,0.018666666666666668,0.07368421052631578
lh_superiorparietal -- rh_parstriangularis,36,0.0,CTRL,375,0.096,0.0,0.0
lh_superiorparietal -- rh_postcentral,310,11.0,CTRL,375,0.8266666666666667,0.029333333333333333,0.035483870967741936
lh_superiorparietal -- rh_posteriorcingulate,1,0.0,CTRL,375,0.0026666666666666666,0.0,0.0
lh_superiorparietal -- rh_precentral,155,4.0,CTRL,375,0.41333333333333333,0.010666666666666666,0.025806451612903226
lh_superiorparietal -- rh_precuneus,66,4.0,CTRL,375,0.176,0.010666666666666666,0.06060606060606061
lh_superiorparietal -- rh_rostralanteriorcingulate,87,1.0,CTRL,375,0.232,0.0026666666666666666,0.011494252873563218
lh_superiorparietal -- rh_rostralmiddlefrontal,314,8.0,CTRL,375,0.8373333333333334,0.021333333333333333,0.025477707006369428
lh_superiorparietal -- rh_superiorfrontal,62,4.0,CTRL,375,0.16533333333333333,0.010666666666666666,0.06451612903225806
lh_superiorparietal -- rh_superiorparietal,364,15.0,CTRL,375,0.9706666666666667,0.04,0.04120879120879121
lh_superiorparietal -- rh_superiortemporal,2,0.0,CTRL,375,0.005333333333333333,0.0,0.0
lh_superiorparietal -- rh_supramarginal,110,2.0,CTRL,375,0.29333333333333333,0.005333333333333333,0.01818181818181818
lh_superiortemporal -- lh_supramarginal,52,3.0,CTRL,375,0.13866666666666666,0.008,0.057692307692307696
lh_superiortemporal -- lh_temporalpole,1,0.0,CTRL,375,0.0026666666666666666,0.0,0.0
lh_superiortemporal -- lh_transversetemporal,8,0.0,CTRL,375,0.021333333333333333,0.0,0.0
lh_superiortemporal -- rh_bankssts,159,8.0,CTRL,375,0.424,0.021333333333333333,0.050314465408805034
lh_superiortemporal -- rh_caudalanteriorcingulate,126,5.0,CTRL,375,0.336,0.013333333333333334,0.03968253968253968
lh_superiortemporal -- rh_caudalmiddlefrontal,116,6.0,CTRL,375,0.30933333333333335,0.016,0.05172413793103448
lh_superiortemporal -- rh_cuneus,3,2.0,CTRL,375,0.008,0.005333333333333333,0.6666666666666666
lh_superiortemporal -- rh_frontalpole,28,0.0,CTRL,375,0.07466666666666667,0.0,0.0
lh_superiortemporal -- rh_fusiform,16,1.0,CTRL,375,0.042666666666666665,0.0026666666666666666,0.0625
lh_superiortemporal -- rh_inferiorparietal,31,1.0,CTRL,375,0.08266666666666667,0.0026666666666666666,0.03225806451612903
lh_superiortemporal -- rh_inferiortemporal,167,3.0,CTRL,375,0.44533333333333336,0.008,0.017964071856287425
lh_superiortemporal -- rh_insula,75,7.0,CTRL,375,0.2,0.018666666666666668,0.09333333333333334
lh_superiortemporal -- rh_isthmuscingulate,87,5.0,CTRL,375,0.232,0.013333333333333334,0.05747126436781609
lh_superiortemporal -- rh_lateraloccipital,22,1.0,CTRL,375,0.058666666666666666,0.0026666666666666666,0.045454545454545456
lh_superiortemporal -- rh_lateralorbitofrontal,35,1.0,CTRL,375,0.09333333333333334,0.0026666666666666666,0.02857142857142857
lh_superiortemporal -- rh_medialorbitofrontal,19,0.0,CTRL,375,0.050666666666666665,0.0,0.0
lh_superiortemporal -- rh_middletemporal,222,10.0,CTRL,375,0.592,0.02666666666666667,0.04504504504504504
lh_superiortemporal -- rh_paracentral,130,10.0,CTRL,375,0.3466666666666667,0.02666666666666667,0.07692307692307693
lh_superiortemporal -- rh_parahippocampal,32,5.0,CTRL,375,0.08533333333333333,0.013333333333333334,0.15625
lh_superiortemporal -- rh_parsopercularis,55,5.0,CTRL,375,0.14666666666666667,0.013333333333333334,0.09090909090909091
lh_superiortemporal -- rh_parsorbitalis,7,2.0,CTRL,375,0.018666666666666668,0.005333333333333333,0.2857142857142857
lh_superiortemporal -- rh_parstriangularis,69,2.0,CTRL,375,0.184,0.005333333333333333,0.028985507246376812
lh_superiortemporal -- rh_pericalcarine,38,0.0,CTRL,375,0.10133333333333333,0.0,0.0
lh_superiortemporal -- rh_postcentral,1,0.0,CTRL,375,0.0026666666666666666,0.0,0.0
lh_superiortemporal -- rh_posteriorcingulate,179,13.0,CTRL,375,0.47733333333333333,0.034666666666666665,0.07262569832402235
lh_superiortemporal -- rh_precentral,21,1.0,CTRL,375,0.056,0.0026666666666666666,0.047619047619047616
lh_superiortemporal -- rh_rostralanteriorcingulate,41,5.0,CTRL,375,0.10933333333333334,0.013333333333333334,0.12195121951219512
lh_superiortemporal -- rh_rostralmiddlefrontal,18,2.0,CTRL,375,0.048,0.005333333333333333,0.1111111111111111
lh_superiortemporal -- rh_superiorfrontal,93,1.0,CTRL,375,0.248,0.0026666666666666666,0.010752688172043012
lh_superiortemporal -- rh_superiorparietal,8,1.0,CTRL,375,0.021333333333333333,0.0026666666666666666,0.125
lh_superiortemporal -- rh_superiortemporal,230,11.0,CTRL,375,0.6133333333333333,0.029333333333333333,0.04782608695652174
lh_superiortemporal -- rh_supramarginal,26,2.0,CTRL,375,0.06933333333333333,0.005333333333333333,0.07692307692307693
lh_superiortemporal -- rh_temporalpole,1,0.0,CTRL,375,0.0026666666666666666,0.0,0.0
lh_superiortemporal -- rh_transversetemporal,3,0.0,CTRL,375,0.008,0.0,0.0
lh_supramarginal -- lh_transversetemporal,4,1.0,CTRL,375,0.010666666666666666,0.0026666666666666666,0.25
lh_supramarginal -- rh_bankssts,94,5.0,CTRL,375,0.25066666666666665,0.013333333333333334,0.05319148936170213
lh_supramarginal -- rh_caudalanteriorcingulate,45,2.0,CTRL,375,0.12,0.005333333333333333,0.044444444444444446
lh_supramarginal -- rh_caudalmiddlefrontal,63,1.0,CTRL,375,0.168,0.0026666666666666666,0.015873015873015872
lh_supramarginal -- rh_cuneus,20,2.0,CTRL,375,0.05333333333333334,0.005333333333333333,0.1
lh_supramarginal -- rh_entorhinal,4,0.0,CTRL,375,0.010666666666666666,0.0,0.0
lh_supramarginal -- rh_frontalpole,1,0.0,CTRL,375,0.0026666666666666666,0.0,0.0
lh_supramarginal -- rh_fusiform,1,1.0,CTRL,375,0.0026666666666666666,0.0026666666666666666,1.0
lh_supramarginal -- rh_inferiorparietal,261,12.0,CTRL,375,0.696,0.032,0.04597701149425287
lh_supramarginal -- rh_inferiortemporal,19,0.0,CTRL,375,0.050666666666666665,0.0,0.0
lh_supramarginal -- rh_insula,131,7.0,CTRL,375,0.34933333333333333,0.018666666666666668,0.05343511450381679
lh_supramarginal -- rh_isthmuscingulate,43,0.0,CTRL,375,0.11466666666666667,0.0,0.0
lh_supramarginal -- rh_lateraloccipital,207,12.0,CTRL,375,0.552,0.032,0.057971014492753624
lh_supramarginal -- rh_lateralorbitofrontal,23,2.0,CTRL,375,0.06133333333333333,0.005333333333333333,0.08695652173913043
lh_supramarginal -- rh_lingual,29,2.0,CTRL,375,0.07733333333333334,0.005333333333333333,0.06896551724137931
lh_supramarginal -- rh_medialorbitofrontal,52,2.0,CTRL,375,0.13866666666666666,0.005333333333333333,0.038461538461538464
lh_supramarginal -- rh_middletemporal,11,1.0,CTRL,375,0.029333333333333333,0.0026666666666666666,0.09090909090909091
lh_supramarginal -- rh_paracentral,75,2.0,CTRL,375,0.2,0.005333333333333333,0.02666666666666667
lh_supramarginal -- rh_parahippocampal,150,7.0,CTRL,375,0.4,0.018666666666666668,0.04666666666666667
lh_supramarginal -- rh_parsopercularis,104,0.0,CTRL,375,0.2773333333333333,0.0,0.0
lh_supramarginal -- rh_parstriangularis,65,3.0,CTRL,375,0.17333333333333334,0.008,0.046153846153846156
lh_supramarginal -- rh_pericalcarine,4,0.0,CTRL,375,0.010666666666666666,0.0,0.0
lh_supramarginal -- rh_postcentral,134,9.0,CTRL,375,0.35733333333333334,0.024,0.06716417910447761
lh_supramarginal -- rh_posteriorcingulate,21,0.0,CTRL,375,0.056,0.0,0.0
lh_supramarginal -- rh_precentral,138,4.0,CTRL,375,0.368,0.010666666666666666,0.028985507246376812
lh_supramarginal -- rh_precuneus,18,1.0,CTRL,375,0.048,0.0026666666666666666,0.05555555555555555
lh_supramarginal -- rh_rostralanteriorcingulate,121,8.0,CTRL,375,0.32266666666666666,0.021333333333333333,0.06611570247933884
lh_supramarginal -- rh_rostralmiddlefrontal,211,11.0,CTRL,375,0.5626666666666666,0.029333333333333333,0.052132701421800945
lh_supramarginal -- rh_superiorfrontal,220,15.0,CTRL,375,0.5866666666666667,0.04,0.06818181818181818
lh_supramarginal -- rh_superiorparietal,186,6.0,CTRL,375,0.496,0.016,0.03225806451612903
lh_supramarginal -- rh_superiortemporal,16,0.0,CTRL,375,0.042666666666666665,0.0,0.0
lh_supramarginal -- rh_supramarginal,106,1.0,CTRL,375,0.2826666666666667,0.0026666666666666666,0.009433962264150943
lh_supramarginal -- rh_transversetemporal,5,0.0,CTRL,375,0.013333333333333334,0.0,0.0
lh_temporalpole -- lh_transversetemporal,2,0.0,CTRL,375,0.005333333333333333,0.0,0.0
lh_temporalpole -- rh_caudalmiddlefrontal,6,0.0,CTRL,375,0.016,0.0,0.0
lh_temporalpole -- rh_cuneus,32,2.0,CTRL,375,0.08533333333333333,0.005333333333333333,0.0625
lh_temporalpole -- rh_entorhinal,181,17.0,CTRL,375,0.4826666666666667,0.04533333333333334,0.09392265193370165
lh_temporalpole -- rh_frontalpole,103,10.0,CTRL,375,0.27466666666666667,0.02666666666666667,0.0970873786407767
lh_temporalpole -- rh_fusiform,1,0.0,CTRL,375,0.0026666666666666666,0.0,0.0
lh_temporalpole -- rh_inferiortemporal,26,4.0,CTRL,375,0.06933333333333333,0.010666666666666666,0.15384615384615385
lh_temporalpole -- rh_isthmuscingulate,4,0.0,CTRL,375,0.010666666666666666,0.0,0.0
lh_temporalpole -- rh_lateralorbitofrontal,57,6.0,CTRL,375,0.152,0.016,0.10526315789473684
lh_temporalpole -- rh_lingual,47,1.0,CTRL,375,0.12533333333333332,0.0026666666666666666,0.02127659574468085
lh_temporalpole -- rh_medialorbitofrontal,21,0.0,CTRL,375,0.056,0.0,0.0
lh_temporalpole -- rh_middletemporal,4,0.0,CTRL,375,0.010666666666666666,0.0,0.0
lh_temporalpole -- rh_parsorbitalis,259,28.0,CTRL,375,0.6906666666666667,0.07466666666666667,0.10810810810810811
lh_temporalpole -- rh_parstriangularis,4,2.0,CTRL,375,0.010666666666666666,0.005333333333333333,0.5
lh_temporalpole -- rh_pericalcarine,29,1.0,CTRL,375,0.07733333333333334,0.0026666666666666666,0.034482758620689655
lh_temporalpole -- rh_precentral,1,0.0,CTRL,375,0.0026666666666666666,0.0,0.0
lh_temporalpole -- rh_precuneus,112,14.0,CTRL,375,0.2986666666666667,0.037333333333333336,0.125
lh_temporalpole -- rh_superiortemporal,8,1.0,CTRL,375,0.021333333333333333,0.0026666666666666666,0.125
lh_temporalpole -- rh_supramarginal,22,1.0,CTRL,375,0.058666666666666666,0.0026666666666666666,0.045454545454545456
lh_temporalpole -- rh_temporalpole,372,35.0,CTRL,375,0.992,0.09333333333333334,0.09408602150537634
lh_transversetemporal -- rh_bankssts,24,6.0,CTRL,375,0.064,0.016,0.25
lh_transversetemporal -- rh_caudalanteriorcingulate,19,1.0,CTRL,375,0.050666666666666665,0.0026666666666666666,0.05263157894736842
lh_transversetemporal -- rh_caudalmiddlefrontal,31,10.0,CTRL,375,0.08266666666666667,0.02666666666666667,0.3225806451612903
lh_transversetemporal -- rh_cuneus,6,0.0,CTRL,375,0.016,0.0,0.0
lh_transversetemporal -- rh_frontalpole,1,0.0,CTRL,375,0.0026666666666666666,0.0,0.0
lh_transversetemporal -- rh_fusiform,12,6.0,CTRL,375,0.032,0.016,0.5
lh_transversetemporal -- rh_inferiortemporal,12,4.0,CTRL,375,0.032,0.010666666666666666,0.3333333333333333
lh_transversetemporal -- rh_insula,72,9.0,CTRL,375,0.192,0.024,0.125
lh_transversetemporal -- rh_isthmuscingulate,9,5.0,CTRL,375,0.024,0.013333333333333334,0.5555555555555556
lh_transversetemporal -- rh_lateraloccipital,5,0.0,CTRL,375,0.013333333333333334,0.0,0.0
lh_transversetemporal -- rh_lateralorbitofrontal,3,1.0,CTRL,375,0.008,0.0026666666666666666,0.3333333333333333
lh_transversetemporal -- rh_medialorbitofrontal,13,4.0,CTRL,375,0.034666666666666665,0.010666666666666666,0.3076923076923077
lh_transversetemporal -- rh_middletemporal,7,0.0,CTRL,375,0.018666666666666668,0.0,0.0
lh_transversetemporal -- rh_paracentral,3,1.0,CTRL,375,0.008,0.0026666666666666666,0.3333333333333333
lh_transversetemporal -- rh_parahippocampal,27,7.0,CTRL,375,0.072,0.018666666666666668,0.25925925925925924
lh_transversetemporal -- rh_parsopercularis,60,5.0,CTRL,375,0.16,0.013333333333333334,0.08333333333333333
lh_transversetemporal -- rh_parsorbitalis,2,0.0,CTRL,375,0.005333333333333333,0.0,0.0
lh_transversetemporal -- rh_parstriangularis,14,2.0,CTRL,375,0.037333333333333336,0.005333333333333333,0.14285714285714285
lh_transversetemporal -- rh_posteriorcingulate,21,3.0,CTRL,375,0.056,0.008,0.14285714285714285
lh_transversetemporal -- rh_precentral,22,1.0,CTRL,375,0.058666666666666666,0.0026666666666666666,0.045454545454545456
lh_transversetemporal -- rh_rostralanteriorcingulate,30,2.0,CTRL,375,0.08,0.005333333333333333,0.06666666666666667
lh_transversetemporal -- rh_superiorfrontal,24,4.0,CTRL,375,0.064,0.010666666666666666,0.16666666666666666
lh_transversetemporal -- rh_superiortemporal,9,2.0,CTRL,375,0.024,0.005333333333333333,0.2222222222222222
lh_transversetemporal -- rh_transversetemporal,233,75.0,CTRL,375,0.6213333333333333,0.2,0.3218884120171674
rh_bankssts -- rh_caudalanteriorcingulate,246,19.0,CTRL,375,0.656,0.050666666666666665,0.07723577235772358
rh_bankssts -- rh_caudalmiddlefrontal,233,19.0,CTRL,375,0.6213333333333333,0.050666666666666665,0.0815450643776824
rh_bankssts -- rh_frontalpole,5,0.0,CTRL,375,0.013333333333333334,0.0,0.0
rh_bankssts -- rh_fusiform,9,3.0,CTRL,375,0.024,0.008,0.3333333333333333
rh_bankssts -- rh_inferiorparietal,54,2.0,CTRL,375,0.144,0.005333333333333333,0.037037037037037035
rh_bankssts -- rh_inferiortemporal,111,9.0,CTRL,375,0.296,0.024,0.08108108108108109
rh_bankssts -- rh_insula,186,10.0,CTRL,375,0.496,0.02666666666666667,0.053763440860215055
rh_bankssts -- rh_isthmuscingulate,142,5.0,CTRL,375,0.37866666666666665,0.013333333333333334,0.035211267605633804
rh_bankssts -- rh_lateraloccipital,21,0.0,CTRL,375,0.056,0.0,0.0
rh_bankssts -- rh_lateralorbitofrontal,38,4.0,CTRL,375,0.10133333333333333,0.010666666666666666,0.10526315789473684
rh_bankssts -- rh_medialorbitofrontal,42,2.0,CTRL,375,0.112,0.005333333333333333,0.047619047619047616
rh_bankssts -- rh_middletemporal,130,7.0,CTRL,375,0.3466666666666667,0.018666666666666668,0.05384615384615385
rh_bankssts -- rh_paracentral,215,16.0,CTRL,375,0.5733333333333334,0.042666666666666665,0.07441860465116279
rh_bankssts -- rh_parahippocampal,66,3.0,CTRL,375,0.176,0.008,0.045454545454545456
rh_bankssts -- rh_parsopercularis,85,3.0,CTRL,375,0.22666666666666666,0.008,0.03529411764705882
rh_bankssts -- rh_parstriangularis,89,8.0,CTRL,375,0.23733333333333334,0.021333333333333333,0.0898876404494382
rh_bankssts -- rh_pericalcarine,5,0.0,CTRL,375,0.013333333333333334,0.0,0.0
rh_bankssts -- rh_postcentral,2,1.0,CTRL,375,0.005333333333333333,0.0026666666666666666,0.5
rh_bankssts -- rh_posteriorcingulate,234,17.0,CTRL,375,0.624,0.04533333333333334,0.07264957264957266
rh_bankssts -- rh_precentral,26,3.0,CTRL,375,0.06933333333333333,0.008,0.11538461538461539
rh_bankssts -- rh_rostralanteriorcingulate,99,7.0,CTRL,375,0.264,0.018666666666666668,0.0707070707070707
rh_bankssts -- rh_rostralmiddlefrontal,8,0.0,CTRL,375,0.021333333333333333,0.0,0.0
rh_bankssts -- rh_superiorfrontal,142,6.0,CTRL,375,0.37866666666666665,0.016,0.04225352112676056
rh_bankssts -- rh_superiorparietal,6,0.0,CTRL,375,0.016,0.0,0.0
rh_bankssts -- rh_superiortemporal,104,8.0,CTRL,375,0.2773333333333333,0.021333333333333333,0.07692307692307693
rh_bankssts -- rh_supramarginal,38,1.0,CTRL,375,0.10133333333333333,0.0026666666666666666,0.02631578947368421
rh_bankssts -- rh_transversetemporal,8,0.0,CTRL,375,0.021333333333333333,0.0,0.0
rh_caudalanteriorcingulate -- rh_caudalmiddlefrontal,182,16.0,CTRL,375,0.48533333333333334,0.042666666666666665,0.08791208791208792
rh_caudalanteriorcingulate -- rh_cuneus,1,0.0,CTRL,375,0.0026666666666666666,0.0,0.0
rh_caudalanteriorcingulate -- rh_frontalpole,33,1.0,CTRL,375,0.088,0.0026666666666666666,0.030303030303030304
rh_caudalanteriorcingulate -- rh_fusiform,14,2.0,CTRL,375,0.037333333333333336,0.005333333333333333,0.14285714285714285
rh_caudalanteriorcingulate -- rh_inferiorparietal,22,1.0,CTRL,375,0.058666666666666666,0.0026666666666666666,0.045454545454545456
rh_caudalanteriorcingulate -- rh_inferiortemporal,128,6.0,CTRL,375,0.3413333333333333,0.016,0.046875
rh_caudalanteriorcingulate -- rh_insula,98,5.0,CTRL,375,0.2613333333333333,0.013333333333333334,0.05102040816326531
rh_caudalanteriorcingulate -- rh_isthmuscingulate,195,9.0,CTRL,375,0.52,0.024,0.046153846153846156
rh_caudalanteriorcingulate -- rh_lateraloccipital,24,3.0,CTRL,375,0.064,0.008,0.125
rh_caudalanteriorcingulate -- rh_lateralorbitofrontal,50,3.0,CTRL,375,0.13333333333333333,0.008,0.06
rh_caudalanteriorcingulate -- rh_medialorbitofrontal,44,3.0,CTRL,375,0.11733333333333333,0.008,0.06818181818181818
rh_caudalanteriorcingulate -- rh_middletemporal,198,19.0,CTRL,375,0.528,0.050666666666666665,0.09595959595959595
rh_caudalanteriorcingulate -- rh_paracentral,168,7.0,CTRL,375,0.448,0.018666666666666668,0.041666666666666664
rh_caudalanteriorcingulate -- rh_parahippocampal,33,3.0,CTRL,375,0.088,0.008,0.09090909090909091
rh_caudalanteriorcingulate -- rh_parsopercularis,37,3.0,CTRL,375,0.09866666666666667,0.008,0.08108108108108109
rh_caudalanteriorcingulate -- rh_parsorbitalis,6,0.0,CTRL,375,0.016,0.0,0.0
rh_caudalanteriorcingulate -- rh_parstriangularis,90,6.0,CTRL,375,0.24,0.016,0.06666666666666667
rh_caudalanteriorcingulate -- rh_pericalcarine,52,5.0,CTRL,375,0.13866666666666666,0.013333333333333334,0.09615384615384616
rh_caudalanteriorcingulate -- rh_postcentral,2,0.0,CTRL,375,0.005333333333333333,0.0,0.0
rh_caudalanteriorcingulate -- rh_posteriorcingulate,294,28.0,CTRL,375,0.784,0.07466666666666667,0.09523809523809523
rh_caudalanteriorcingulate -- rh_precentral,13,1.0,CTRL,375,0.034666666666666665,0.0026666666666666666,0.07692307692307693
rh_caudalanteriorcingulate -- rh_rostralanteriorcingulate,42,6.0,CTRL,375,0.112,0.016,0.14285714285714285
rh_caudalanteriorcingulate -- rh_rostralmiddlefrontal,10,2.0,CTRL,375,0.02666666666666667,0.005333333333333333,0.2
rh_caudalanteriorcingulate -- rh_superiorfrontal,71,6.0,CTRL,375,0.18933333333333333,0.016,0.08450704225352113
rh_caudalanteriorcingulate -- rh_superiorparietal,4,0.0,CTRL,375,0.010666666666666666,0.0,0.0
rh_caudalanteriorcingulate -- rh_superiortemporal,139,8.0,CTRL,375,0.37066666666666664,0.021333333333333333,0.05755395683453238
rh_caudalanteriorcingulate -- rh_supramarginal,16,0.0,CTRL,375,0.042666666666666665,0.0,0.0
rh_caudalanteriorcingulate -- rh_transversetemporal,5,1.0,CTRL,375,0.013333333333333334,0.0026666666666666666,0.2
rh_caudalmiddlefrontal -- rh_cuneus,8,1.0,CTRL,375,0.021333333333333333,0.0026666666666666666,0.125
rh_caudalmiddlefrontal -- rh_entorhinal,1,1.0,CTRL,375,0.0026666666666666666,0.0026666666666666666,1.0
rh_caudalmiddlefrontal -- rh_frontalpole,17,3.0,CTRL,375,0.04533333333333334,0.008,0.17647058823529413
rh_caudalmiddlefrontal -- rh_fusiform,7,1.0,CTRL,375,0.018666666666666668,0.0026666666666666666,0.14285714285714285
rh_caudalmiddlefrontal -- rh_inferiorparietal,42,2.0,CTRL,375,0.112,0.005333333333333333,0.047619047619047616
rh_caudalmiddlefrontal -- rh_inferiortemporal,80,6.0,CTRL,375,0.21333333333333335,0.016,0.075
rh_caudalmiddlefrontal -- rh_insula,162,9.0,CTRL,375,0.432,0.024,0.05555555555555555
rh_caudalmiddlefrontal -- rh_isthmuscingulate,118,8.0,CTRL,375,0.31466666666666665,0.021333333333333333,0.06779661016949153
rh_caudalmiddlefrontal -- rh_lateraloccipital,44,0.0,CTRL,375,0.11733333333333333,0.0,0.0
rh_caudalmiddlefrontal -- rh_lateralorbitofrontal,31,0.0,CTRL,375,0.08266666666666667,0.0,0.0
rh_caudalmiddlefrontal -- rh_lingual,2,1.0,CTRL,375,0.005333333333333333,0.0026666666666666666,0.5
rh_caudalmiddlefrontal -- rh_medialorbitofrontal,33,2.0,CTRL,375,0.088,0.005333333333333333,0.06060606060606061
rh_caudalmiddlefrontal -- rh_middletemporal,106,10.0,CTRL,375,0.2826666666666667,0.02666666666666667,0.09433962264150944
rh_caudalmiddlefrontal -- rh_paracentral,144,12.0,CTRL,375,0.384,0.032,0.08333333333333333
rh_caudalmiddlefrontal -- rh_parahippocampal,52,6.0,CTRL,375,0.13866666666666666,0.016,0.11538461538461539
rh_caudalmiddlefrontal -- rh_parsopercularis,75,4.0,CTRL,375,0.2,0.010666666666666666,0.05333333333333334
rh_caudalmiddlefrontal -- rh_parsorbitalis,6,0.0,CTRL,375,0.016,0.0,0.0
rh_caudalmiddlefrontal -- rh_parstriangularis,73,5.0,CTRL,375,0.19466666666666665,0.013333333333333334,0.0684931506849315
rh_caudalmiddlefrontal -- rh_pericalcarine,25,2.0,CTRL,375,0.06666666666666667,0.005333333333333333,0.08
rh_caudalmiddlefrontal -- rh_postcentral,11,0.0,CTRL,375,0.029333333333333333,0.0,0.0
rh_caudalmiddlefrontal -- rh_posteriorcingulate,188,14.0,CTRL,375,0.5013333333333333,0.037333333333333336,0.07446808510638298
rh_caudalmiddlefrontal -- rh_precentral,41,0.0,CTRL,375,0.10933333333333334,0.0,0.0
rh_caudalmiddlefrontal -- rh_precuneus,1,1.0,CTRL,375,0.0026666666666666666,0.0026666666666666666,1.0
rh_caudalmiddlefrontal -- rh_rostralanteriorcingulate,98,8.0,CTRL,375,0.2613333333333333,0.021333333333333333,0.08163265306122448
rh_caudalmiddlefrontal -- rh_rostralmiddlefrontal,29,1.0,CTRL,375,0.07733333333333334,0.0026666666666666666,0.034482758620689655
rh_caudalmiddlefrontal -- rh_superiorfrontal,118,6.0,CTRL,375,0.31466666666666665,0.016,0.05084745762711865
rh_caudalmiddlefrontal -- rh_superiorparietal,26,0.0,CTRL,375,0.06933333333333333,0.0,0.0
rh_caudalmiddlefrontal -- rh_superiortemporal,84,4.0,CTRL,375,0.224,0.010666666666666666,0.047619047619047616
rh_caudalmiddlefrontal -- rh_supramarginal,15,0.0,CTRL,375,0.04,0.0,0.0
rh_caudalmiddlefrontal -- rh_temporalpole,3,0.0,CTRL,375,0.008,0.0,0.0
rh_caudalmiddlefrontal -- rh_transversetemporal,24,3.0,CTRL,375,0.064,0.008,0.125
rh_cuneus -- rh_entorhinal,46,4.0,CTRL,375,0.12266666666666666,0.010666666666666666,0.08695652173913043
rh_cuneus -- rh_frontalpole,9,1.0,CTRL,375,0.024,0.0026666666666666666,0.1111111111111111
rh_cuneus -- rh_fusiform,23,2.0,CTRL,375,0.06133333333333333,0.005333333333333333,0.08695652173913043
rh_cuneus -- rh_inferiorparietal,31,1.0,CTRL,375,0.08266666666666667,0.0026666666666666666,0.03225806451612903
rh_cuneus -- rh_inferiortemporal,3,0.0,CTRL,375,0.008,0.0,0.0
rh_cuneus -- rh_insula,6,0.0,CTRL,375,0.016,0.0,0.0
rh_cuneus -- rh_lateraloccipital,44,2.0,CTRL,375,0.11733333333333333,0.005333333333333333,0.045454545454545456
rh_cuneus -- rh_lateralorbitofrontal,10,2.0,CTRL,375,0.02666666666666667,0.005333333333333333,0.2
rh_cuneus -- rh_lingual,110,17.0,CTRL,375,0.29333333333333333,0.04533333333333334,0.15454545454545454
rh_cuneus -- rh_medialorbitofrontal,37,3.0,CTRL,375,0.09866666666666667,0.008,0.08108108108108109
rh_cuneus -- rh_paracentral,2,0.0,CTRL,375,0.005333333333333333,0.0,0.0
rh_cuneus -- rh_parahippocampal,43,4.0,CTRL,375,0.11466666666666667,0.010666666666666666,0.09302325581395349
rh_cuneus -- rh_parsopercularis,29,6.0,CTRL,375,0.07733333333333334,0.016,0.20689655172413793
rh_cuneus -- rh_parsorbitalis,15,0.0,CTRL,375,0.04,0.0,0.0
rh_cuneus -- rh_parstriangularis,24,3.0,CTRL,375,0.064,0.008,0.125
rh_cuneus -- rh_pericalcarine,7,0.0,CTRL,375,0.018666666666666668,0.0,0.0
rh_cuneus -- rh_postcentral,83,9.0,CTRL,375,0.22133333333333333,0.024,0.10843373493975904
rh_cuneus -- rh_precentral,38,5.0,CTRL,375,0.10133333333333333,0.013333333333333334,0.13157894736842105
rh_cuneus -- rh_precuneus,96,6.0,CTRL,375,0.256,0.016,0.0625
rh_cuneus -- rh_rostralanteriorcingulate,35,3.0,CTRL,375,0.09333333333333334,0.008,0.08571428571428572
rh_cuneus -- rh_rostralmiddlefrontal,45,4.0,CTRL,375,0.12,0.010666666666666666,0.08888888888888889
rh_cuneus -- rh_superiorfrontal,10,0.0,CTRL,375,0.02666666666666667,0.0,0.0
rh_cuneus -- rh_superiorparietal,70,5.0,CTRL,375,0.18666666666666668,0.013333333333333334,0.07142857142857142
rh_cuneus -- rh_superiortemporal,5,0.0,CTRL,375,0.013333333333333334,0.0,0.0
rh_cuneus -- rh_supramarginal,19,2.0,CTRL,375,0.050666666666666665,0.005333333333333333,0.10526315789473684
rh_cuneus -- rh_temporalpole,48,4.0,CTRL,375,0.128,0.010666666666666666,0.08333333333333333
rh_cuneus -- rh_transversetemporal,1,0.0,CTRL,375,0.0026666666666666666,0.0,0.0
rh_entorhinal -- rh_frontalpole,10,2.0,CTRL,375,0.02666666666666667,0.005333333333333333,0.2
rh_entorhinal -- rh_inferiorparietal,3,0.0,CTRL,375,0.008,0.0,0.0
rh_entorhinal -- rh_inferiortemporal,3,0.0,CTRL,375,0.008,0.0,0.0
rh_entorhinal -- rh_lateralorbitofrontal,28,3.0,CTRL,375,0.07466666666666667,0.008,0.10714285714285714
rh_entorhinal -- rh_lingual,130,13.0,CTRL,375,0.3466666666666667,0.034666666666666665,0.1
rh_entorhinal -- rh_medialorbitofrontal,36,3.0,CTRL,375,0.096,0.008,0.08333333333333333
rh_entorhinal -- rh_paracentral,1,0.0,CTRL,375,0.0026666666666666666,0.0,0.0
rh_entorhinal -- rh_parahippocampal,7,1.0,CTRL,375,0.018666666666666668,0.0026666666666666666,0.14285714285714285
rh_entorhinal -- rh_parsopercularis,3,1.0,CTRL,375,0.008,0.0026666666666666666,0.3333333333333333
rh_entorhinal -- rh_parsorbitalis,63,6.0,CTRL,375,0.168,0.016,0.09523809523809523
rh_entorhinal -- rh_parstriangularis,10,2.0,CTRL,375,0.02666666666666667,0.005333333333333333,0.2
rh_entorhinal -- rh_pericalcarine,2,0.0,CTRL,375,0.005333333333333333,0.0,0.0
rh_entorhinal -- rh_postcentral,39,4.0,CTRL,375,0.104,0.010666666666666666,0.10256410256410256
rh_entorhinal -- rh_precentral,4,0.0,CTRL,375,0.010666666666666666,0.0,0.0
rh_entorhinal -- rh_precuneus,191,14.0,CTRL,375,0.5093333333333333,0.037333333333333336,0.07329842931937172
rh_entorhinal -- rh_rostralmiddlefrontal,5,1.0,CTRL,375,0.013333333333333334,0.0026666666666666666,0.2
rh_entorhinal -- rh_superiorparietal,13,2.0,CTRL,375,0.034666666666666665,0.005333333333333333,0.15384615384615385
rh_entorhinal -- rh_supramarginal,51,6.0,CTRL,375,0.136,0.016,0.11764705882352941
rh_entorhinal -- rh_temporalpole,185,14.0,CTRL,375,0.49333333333333335,0.037333333333333336,0.07567567567567568
rh_frontalpole -- rh_fusiform,6,0.0,CTRL,375,0.016,0.0,0.0
rh_frontalpole -- rh_inferiortemporal,57,4.0,CTRL,375,0.152,0.010666666666666666,0.07017543859649122
rh_frontalpole -- rh_isthmuscingulate,88,6.0,CTRL,375,0.23466666666666666,0.016,0.06818181818181818
rh_frontalpole -- rh_lateralorbitofrontal,105,7.0,CTRL,375,0.28,0.018666666666666668,0.06666666666666667
rh_frontalpole -- rh_lingual,3,2.0,CTRL,375,0.008,0.005333333333333333,0.6666666666666666
rh_frontalpole -- rh_medialorbitofrontal,34,3.0,CTRL,375,0.09066666666666667,0.008,0.08823529411764706
rh_frontalpole -- rh_middletemporal,79,1.0,CTRL,375,0.21066666666666667,0.0026666666666666666,0.012658227848101266
rh_frontalpole -- rh_paracentral,17,1.0,CTRL,375,0.04533333333333334,0.0026666666666666666,0.058823529411764705
rh_frontalpole -- rh_parsorbitalis,165,16.0,CTRL,375,0.44,0.042666666666666665,0.09696969696969697
rh_frontalpole -- rh_parstriangularis,22,1.0,CTRL,375,0.058666666666666666,0.0026666666666666666,0.045454545454545456
rh_frontalpole -- rh_pericalcarine,297,22.0,CTRL,375,0.792,0.058666666666666666,0.07407407407407407
rh_frontalpole -- rh_posteriorcingulate,35,1.0,CTRL,375,0.09333333333333334,0.0026666666666666666,0.02857142857142857
rh_frontalpole -- rh_precuneus,11,2.0,CTRL,375,0.029333333333333333,0.005333333333333333,0.18181818181818182
rh_frontalpole -- rh_superiortemporal,76,8.0,CTRL,375,0.20266666666666666,0.021333333333333333,0.10526315789473684
rh_frontalpole -- rh_supramarginal,7,0.0,CTRL,375,0.018666666666666668,0.0,0.0
rh_frontalpole -- rh_temporalpole,90,12.0,CTRL,375,0.24,0.032,0.13333333333333333
rh_fusiform -- rh_inferiorparietal,2,1.0,CTRL,375,0.005333333333333333,0.0026666666666666666,0.5
rh_fusiform -- rh_inferiortemporal,5,0.0,CTRL,375,0.013333333333333334,0.0,0.0
rh_fusiform -- rh_insula,5,3.0,CTRL,375,0.013333333333333334,0.008,0.6
rh_fusiform -- rh_isthmuscingulate,15,3.0,CTRL,375,0.04,0.008,0.2
rh_fusiform -- rh_lateraloccipital,4,0.0,CTRL,375,0.010666666666666666,0.0,0.0
rh_fusiform -- rh_lateralorbitofrontal,13,1.0,CTRL,375,0.034666666666666665,0.0026666666666666666,0.07692307692307693
rh_fusiform -- rh_lingual,5,0.0,CTRL,375,0.013333333333333334,0.0,0.0
rh_fusiform -- rh_medialorbitofrontal,18,6.0,CTRL,375,0.048,0.016,0.3333333333333333
rh_fusiform -- rh_middletemporal,18,4.0,CTRL,375,0.048,0.010666666666666666,0.2222222222222222
rh_fusiform -- rh_paracentral,19,0.0,CTRL,375,0.050666666666666665,0.0,0.0
rh_fusiform -- rh_parahippocampal,7,1.0,CTRL,375,0.018666666666666668,0.0026666666666666666,0.14285714285714285
rh_fusiform -- rh_parsopercularis,6,0.0,CTRL,375,0.016,0.0,0.0
rh_fusiform -- rh_parsorbitalis,4,1.0,CTRL,375,0.010666666666666666,0.0026666666666666666,0.25
rh_fusiform -- rh_parstriangularis,18,3.0,CTRL,375,0.048,0.008,0.16666666666666666
rh_fusiform -- rh_pericalcarine,21,0.0,CTRL,375,0.056,0.0,0.0
rh_fusiform -- rh_postcentral,3,0.0,CTRL,375,0.008,0.0,0.0
rh_fusiform -- rh_posteriorcingulate,10,4.0,CTRL,375,0.02666666666666667,0.010666666666666666,0.4
rh_fusiform -- rh_precentral,9,0.0,CTRL,375,0.024,0.0,0.0
rh_fusiform -- rh_precuneus,3,0.0,CTRL,375,0.008,0.0,0.0
rh_fusiform -- rh_rostralanteriorcingulate,10,4.0,CTRL,375,0.02666666666666667,0.010666666666666666,0.4
rh_fusiform -- rh_rostralmiddlefrontal,3,1.0,CTRL,375,0.008,0.0026666666666666666,0.3333333333333333
rh_fusiform -- rh_superiorfrontal,2,0.0,CTRL,375,0.005333333333333333,0.0,0.0
rh_fusiform -- rh_superiorparietal,1,0.0,CTRL,375,0.0026666666666666666,0.0,0.0
rh_fusiform -- rh_superiortemporal,12,0.0,CTRL,375,0.032,0.0,0.0
rh_fusiform -- rh_supramarginal,7,1.0,CTRL,375,0.018666666666666668,0.0026666666666666666,0.14285714285714285
rh_fusiform -- rh_temporalpole,4,2.0,CTRL,375,0.010666666666666666,0.005333333333333333,0.5
rh_fusiform -- rh_transversetemporal,7,3.0,CTRL,375,0.018666666666666668,0.008,0.42857142857142855
rh_inferiorparietal -- rh_inferiortemporal,5,0.0,CTRL,375,0.013333333333333334,0.0,0.0
rh_inferiorparietal -- rh_insula,66,4.0,CTRL,375,0.176,0.010666666666666666,0.06060606060606061
rh_inferiorparietal -- rh_isthmuscingulate,20,0.0,CTRL,375,0.05333333333333334,0.0,0.0
rh_inferiorparietal -- rh_lateraloccipital,275,19.0,CTRL,375,0.7333333333333333,0.050666666666666665,0.06909090909090909
rh_inferiorparietal -- rh_lateralorbitofrontal,29,1.0,CTRL,375,0.07733333333333334,0.0026666666666666666,0.034482758620689655
rh_inferiorparietal -- rh_lingual,28,3.0,CTRL,375,0.07466666666666667,0.008,0.10714285714285714
rh_inferiorparietal -- rh_medialorbitofrontal,50,2.0,CTRL,375,0.13333333333333333,0.005333333333333333,0.04
rh_inferiorparietal -- rh_middletemporal,6,3.0,CTRL,375,0.016,0.008,0.5
rh_inferiorparietal -- rh_paracentral,74,5.0,CTRL,375,0.19733333333333333,0.013333333333333334,0.06756756756756757
rh_inferiorparietal -- rh_parahippocampal,144,7.0,CTRL,375,0.384,0.018666666666666668,0.04861111111111111
rh_inferiorparietal -- rh_parsopercularis,108,3.0,CTRL,375,0.288,0.008,0.027777777777777776
rh_inferiorparietal -- rh_parstriangularis,81,3.0,CTRL,375,0.216,0.008,0.037037037037037035
rh_inferiorparietal -- rh_postcentral,172,10.0,CTRL,375,0.45866666666666667,0.02666666666666667,0.05813953488372093
rh_inferiorparietal -- rh_posteriorcingulate,5,0.0,CTRL,375,0.013333333333333334,0.0,0.0
rh_inferiorparietal -- rh_precentral,153,2.0,CTRL,375,0.408,0.005333333333333333,0.013071895424836602
rh_inferiorparietal -- rh_precuneus,16,0.0,CTRL,375,0.042666666666666665,0.0,0.0
rh_inferiorparietal -- rh_rostralanteriorcingulate,109,10.0,CTRL,375,0.2906666666666667,0.02666666666666667,0.09174311926605505
rh_inferiorparietal -- rh_rostralmiddlefrontal,289,12.0,CTRL,375,0.7706666666666667,0.032,0.04152249134948097
rh_inferiorparietal -- rh_superiorfrontal,171,13.0,CTRL,375,0.456,0.034666666666666665,0.07602339181286549
rh_inferiorparietal -- rh_superiorparietal,262,12.0,CTRL,375,0.6986666666666667,0.032,0.04580152671755725
rh_inferiorparietal -- rh_superiortemporal,4,0.0,CTRL,375,0.010666666666666666,0.0,0.0
rh_inferiorparietal -- rh_supramarginal,140,5.0,CTRL,375,0.37333333333333335,0.013333333333333334,0.03571428571428571
rh_inferiortemporal -- rh_insula,26,4.0,CTRL,375,0.06933333333333333,0.010666666666666666,0.15384615384615385
rh_inferiortemporal -- rh_isthmuscingulate,98,6.0,CTRL,375,0.2613333333333333,0.016,0.061224489795918366
rh_inferiortemporal -- rh_lateraloccipital,5,1.0,CTRL,375,0.013333333333333334,0.0026666666666666666,0.2
rh_inferiortemporal -- rh_lateralorbitofrontal,36,1.0,CTRL,375,0.096,0.0026666666666666666,0.027777777777777776
rh_inferiortemporal -- rh_lingual,9,2.0,CTRL,375,0.024,0.005333333333333333,0.2222222222222222
rh_inferiortemporal -- rh_medialorbitofrontal,23,0.0,CTRL,375,0.06133333333333333,0.0,0.0
rh_inferiortemporal -- rh_middletemporal,231,9.0,CTRL,375,0.616,0.024,0.03896103896103896
rh_inferiortemporal -- rh_paracentral,82,6.0,CTRL,375,0.21866666666666668,0.016,0.07317073170731707
rh_inferiortemporal -- rh_parahippocampal,10,1.0,CTRL,375,0.02666666666666667,0.0026666666666666666,0.1
rh_inferiortemporal -- rh_parsopercularis,19,1.0,CTRL,375,0.050666666666666665,0.0026666666666666666,0.05263157894736842
rh_inferiortemporal -- rh_parsorbitalis,29,1.0,CTRL,375,0.07733333333333334,0.0026666666666666666,0.034482758620689655
rh_inferiortemporal -- rh_parstriangularis,53,3.0,CTRL,375,0.14133333333333334,0.008,0.05660377358490566
rh_inferiortemporal -- rh_pericalcarine,70,1.0,CTRL,375,0.18666666666666668,0.0026666666666666666,0.014285714285714285
rh_inferiortemporal -- rh_postcentral,3,0.0,CTRL,375,0.008,0.0,0.0
rh_inferiortemporal -- rh_posteriorcingulate,162,13.0,CTRL,375,0.432,0.034666666666666665,0.08024691358024691
rh_inferiortemporal -- rh_precentral,5,1.0,CTRL,375,0.013333333333333334,0.0026666666666666666,0.2
rh_inferiortemporal -- rh_precuneus,7,0.0,CTRL,375,0.018666666666666668,0.0,0.0
rh_inferiortemporal -- rh_rostralanteriorcingulate,20,4.0,CTRL,375,0.05333333333333334,0.010666666666666666,0.2
rh_inferiortemporal -- rh_rostralmiddlefrontal,7,1.0,CTRL,375,0.018666666666666668,0.0026666666666666666,0.14285714285714285
rh_inferiortemporal -- rh_superiorfrontal,17,1.0,CTRL,375,0.04533333333333334,0.0026666666666666666,0.058823529411764705
rh_inferiortemporal -- rh_superiortemporal,217,16.0,CTRL,375,0.5786666666666667,0.042666666666666665,0.07373271889400922
rh_inferiortemporal -- rh_supramarginal,20,2.0,CTRL,375,0.05333333333333334,0.005333333333333333,0.1
rh_inferiortemporal -- rh_temporalpole,24,3.0,CTRL,375,0.064,0.008,0.125
rh_inferiortemporal -- rh_transversetemporal,3,0.0,CTRL,375,0.008,0.0,0.0
rh_insula -- rh_isthmuscingulate,42,2.0,CTRL,375,0.112,0.005333333333333333,0.047619047619047616
rh_insula -- rh_lateraloccipital,102,2.0,CTRL,375,0.272,0.005333333333333333,0.0196078431372549
rh_insula -- rh_lateralorbitofrontal,17,3.0,CTRL,375,0.04533333333333334,0.008,0.17647058823529413
rh_insula -- rh_medialorbitofrontal,40,2.0,CTRL,375,0.10666666666666667,0.005333333333333333,0.05
rh_insula -- rh_middletemporal,28,1.0,CTRL,375,0.07466666666666667,0.0026666666666666666,0.03571428571428571
rh_insula -- rh_paracentral,60,1.0,CTRL,375,0.16,0.0026666666666666666,0.016666666666666666
rh_insula -- rh_parahippocampal,108,5.0,CTRL,375,0.288,0.013333333333333334,0.046296296296296294
rh_insula -- rh_parsopercularis,190,11.0,CTRL,375,0.5066666666666667,0.029333333333333333,0.05789473684210526
rh_insula -- rh_parstriangularis,48,1.0,CTRL,375,0.128,0.0026666666666666666,0.020833333333333332
rh_insula -- rh_postcentral,6,0.0,CTRL,375,0.016,0.0,0.0
rh_insula -- rh_posteriorcingulate,74,6.0,CTRL,375,0.19733333333333333,0.016,0.08108108108108109
rh_insula -- rh_precentral,88,4.0,CTRL,375,0.23466666666666666,0.010666666666666666,0.045454545454545456
rh_insula -- rh_rostralanteriorcingulate,148,11.0,CTRL,375,0.39466666666666667,0.029333333333333333,0.07432432432432433
rh_insula -- rh_rostralmiddlefrontal,65,5.0,CTRL,375,0.17333333333333334,0.013333333333333334,0.07692307692307693
rh_insula -- rh_superiorfrontal,309,19.0,CTRL,375,0.824,0.050666666666666665,0.061488673139158574
rh_insula -- rh_superiorparietal,31,1.0,CTRL,375,0.08266666666666667,0.0026666666666666666,0.03225806451612903
rh_insula -- rh_superiortemporal,23,0.0,CTRL,375,0.06133333333333333,0.0,0.0
rh_insula -- rh_supramarginal,21,0.0,CTRL,375,0.056,0.0,0.0
rh_insula -- rh_transversetemporal,44,5.0,CTRL,375,0.11733333333333333,0.013333333333333334,0.11363636363636363
rh_isthmuscingulate -- rh_lateraloccipital,7,0.0,CTRL,375,0.018666666666666668,0.0,0.0
rh_isthmuscingulate -- rh_lateralorbitofrontal,50,3.0,CTRL,375,0.13333333333333333,0.008,0.06
rh_isthmuscingulate -- rh_lingual,1,0.0,CTRL,375,0.0026666666666666666,0.0,0.0
rh_isthmuscingulate -- rh_medialorbitofrontal,39,1.0,CTRL,375,0.104,0.0026666666666666666,0.02564102564102564
rh_isthmuscingulate -- rh_middletemporal,171,8.0,CTRL,375,0.456,0.021333333333333333,0.04678362573099415
rh_isthmuscingulate -- rh_paracentral,173,8.0,CTRL,375,0.4613333333333333,0.021333333333333333,0.046242774566473986
rh_isthmuscingulate -- rh_parahippocampal,8,1.0,CTRL,375,0.021333333333333333,0.0026666666666666666,0.125
rh_isthmuscingulate -- rh_parsopercularis,17,0.0,CTRL,375,0.04533333333333334,0.0,0.0
rh_isthmuscingulate -- rh_parsorbitalis,21,1.0,CTRL,375,0.056,0.0026666666666666666,0.047619047619047616
rh_isthmuscingulate -- rh_parstriangularis,81,9.0,CTRL,375,0.216,0.024,0.1111111111111111
rh_isthmuscingulate -- rh_pericalcarine,101,2.0,CTRL,375,0.2693333333333333,0.005333333333333333,0.019801980198019802
rh_isthmuscingulate -- rh_postcentral,7,0.0,CTRL,375,0.018666666666666668,0.0,0.0
rh_isthmuscingulate -- rh_posteriorcingulate,216,13.0,CTRL,375,0.576,0.034666666666666665,0.06018518518518518
rh_isthmuscingulate -- rh_precentral,12,0.0,CTRL,375,0.032,0.0,0.0
rh_isthmuscingulate -- rh_precuneus,3,1.0,CTRL,375,0.008,0.0026666666666666666,0.3333333333333333
rh_isthmuscingulate -- rh_rostralanteriorcingulate,26,4.0,CTRL,375,0.06933333333333333,0.010666666666666666,0.15384615384615385
rh_isthmuscingulate -- rh_rostralmiddlefrontal,17,1.0,CTRL,375,0.04533333333333334,0.0026666666666666666,0.058823529411764705
rh_isthmuscingulate -- rh_superiorfrontal,28,1.0,CTRL,375,0.07466666666666667,0.0026666666666666666,0.03571428571428571
rh_isthmuscingulate -- rh_superiorparietal,4,0.0,CTRL,375,0.010666666666666666,0.0,0.0
rh_isthmuscingulate -- rh_superiortemporal,117,4.0,CTRL,375,0.312,0.010666666666666666,0.03418803418803419
rh_isthmuscingulate -- rh_supramarginal,24,2.0,CTRL,375,0.064,0.005333333333333333,0.08333333333333333
rh_isthmuscingulate -- rh_temporalpole,2,0.0,CTRL,375,0.005333333333333333,0.0,0.0
rh_isthmuscingulate -- rh_transversetemporal,4,0.0,CTRL,375,0.010666666666666666,0.0,0.0
rh_lateraloccipital -- rh_lateralorbitofrontal,14,0.0,CTRL,375,0.037333333333333336,0.0,0.0
rh_lateraloccipital -- rh_lingual,37,2.0,CTRL,375,0.09866666666666667,0.005333333333333333,0.05405405405405406
rh_lateraloccipital -- rh_medialorbitofrontal,44,1.0,CTRL,375,0.11733333333333333,0.0026666666666666666,0.022727272727272728
rh_lateraloccipital -- rh_middletemporal,9,1.0,CTRL,375,0.024,0.0026666666666666666,0.1111111111111111
rh_lateraloccipital -- rh_paracentral,40,0.0,CTRL,375,0.10666666666666667,0.0,0.0
rh_lateraloccipital -- rh_parahippocampal,192,7.0,CTRL,375,0.512,0.018666666666666668,0.036458333333333336
rh_lateraloccipital -- rh_parsopercularis,154,9.0,CTRL,375,0.4106666666666667,0.024,0.05844155844155844
rh_lateraloccipital -- rh_parstriangularis,46,2.0,CTRL,375,0.12266666666666666,0.005333333333333333,0.043478260869565216
rh_lateraloccipital -- rh_postcentral,193,10.0,CTRL,375,0.5146666666666667,0.02666666666666667,0.05181347150259067
rh_lateraloccipital -- rh_posteriorcingulate,6,0.0,CTRL,375,0.016,0.0,0.0
rh_lateraloccipital -- rh_precentral,225,9.0,CTRL,375,0.6,0.024,0.04
rh_lateraloccipital -- rh_precuneus,22,1.0,CTRL,375,0.058666666666666666,0.0026666666666666666,0.045454545454545456
rh_lateraloccipital -- rh_rostralanteriorcingulate,161,7.0,CTRL,375,0.42933333333333334,0.018666666666666668,0.043478260869565216
rh_lateraloccipital -- rh_rostralmiddlefrontal,332,26.0,CTRL,375,0.8853333333333333,0.06933333333333333,0.0783132530120482
rh_lateraloccipital -- rh_superiorfrontal,176,6.0,CTRL,375,0.4693333333333333,0.016,0.03409090909090909
rh_lateraloccipital -- rh_superiorparietal,316,28.0,CTRL,375,0.8426666666666667,0.07466666666666667,0.08860759493670886
rh_lateraloccipital -- rh_superiortemporal,8,1.0,CTRL,375,0.021333333333333333,0.0026666666666666666,0.125
rh_lateraloccipital -- rh_supramarginal,80,1.0,CTRL,375,0.21333333333333335,0.0026666666666666666,0.0125
rh_lateraloccipital -- rh_transversetemporal,2,0.0,CTRL,375,0.005333333333333333,0.0,0.0
rh_lateralorbitofrontal -- rh_lingual,11,0.0,CTRL,375,0.029333333333333333,0.0,0.0
rh_lateralorbitofrontal -- rh_medialorbitofrontal,14,3.0,CTRL,375,0.037333333333333336,0.008,0.21428571428571427
rh_lateralorbitofrontal -- rh_middletemporal,52,2.0,CTRL,375,0.13866666666666666,0.005333333333333333,0.038461538461538464
rh_lateralorbitofrontal -- rh_paracentral,46,4.0,CTRL,375,0.12266666666666666,0.010666666666666666,0.08695652173913043
rh_lateralorbitofrontal -- rh_parahippocampal,12,1.0,CTRL,375,0.032,0.0026666666666666666,0.08333333333333333
rh_lateralorbitofrontal -- rh_parsopercularis,12,0.0,CTRL,375,0.032,0.0,0.0
rh_lateralorbitofrontal -- rh_parsorbitalis,49,4.0,CTRL,375,0.13066666666666665,0.010666666666666666,0.08163265306122448
rh_lateralorbitofrontal -- rh_parstriangularis,62,13.0,CTRL,375,0.16533333333333333,0.034666666666666665,0.20967741935483872
rh_lateralorbitofrontal -- rh_pericalcarine,83,8.0,CTRL,375,0.22133333333333333,0.021333333333333333,0.0963855421686747
rh_lateralorbitofrontal -- rh_postcentral,23,1.0,CTRL,375,0.06133333333333333,0.0026666666666666666,0.043478260869565216
rh_lateralorbitofrontal -- rh_posteriorcingulate,62,1.0,CTRL,375,0.16533333333333333,0.0026666666666666666,0.016129032258064516
rh_lateralorbitofrontal -- rh_precentral,6,0.0,CTRL,375,0.016,0.0,0.0
rh_lateralorbitofrontal -- rh_precuneus,24,1.0,CTRL,375,0.064,0.0026666666666666666,0.041666666666666664
rh_lateralorbitofrontal -- rh_rostralanteriorcingulate,9,1.0,CTRL,375,0.024,0.0026666666666666666,0.1111111111111111
rh_lateralorbitofrontal -- rh_rostralmiddlefrontal,12,0.0,CTRL,375,0.032,0.0,0.0
rh_lateralorbitofrontal -- rh_superiorfrontal,8,0.0,CTRL,375,0.021333333333333333,0.0,0.0
rh_lateralorbitofrontal -- rh_superiorparietal,23,1.0,CTRL,375,0.06133333333333333,0.0026666666666666666,0.043478260869565216
rh_lateralorbitofrontal -- rh_superiortemporal,48,4.0,CTRL,375,0.128,0.010666666666666666,0.08333333333333333
rh_lateralorbitofrontal -- rh_supramarginal,46,2.0,CTRL,375,0.12266666666666666,0.005333333333333333,0.043478260869565216
rh_lateralorbitofrontal -- rh_temporalpole,64,3.0,CTRL,375,0.17066666666666666,0.008,0.046875
rh_lateralorbitofrontal -- rh_transversetemporal,3,1.0,CTRL,375,0.008,0.0026666666666666666,0.3333333333333333
rh_lingual -- rh_medialorbitofrontal,57,5.0,CTRL,375,0.152,0.013333333333333334,0.08771929824561403
rh_lingual -- rh_paracentral,1,0.0,CTRL,375,0.0026666666666666666,0.0,0.0
rh_lingual -- rh_parahippocampal,48,2.0,CTRL,375,0.128,0.005333333333333333,0.041666666666666664
rh_lingual -- rh_parsopercularis,9,0.0,CTRL,375,0.024,0.0,0.0
rh_lingual -- rh_parsorbitalis,19,1.0,CTRL,375,0.050666666666666665,0.0026666666666666666,0.05263157894736842
rh_lingual -- rh_parstriangularis,18,1.0,CTRL,375,0.048,0.0026666666666666666,0.05555555555555555
rh_lingual -- rh_pericalcarine,1,0.0,CTRL,375,0.0026666666666666666,0.0,0.0
rh_lingual -- rh_postcentral,148,11.0,CTRL,375,0.39466666666666667,0.029333333333333333,0.07432432432432433
rh_lingual -- rh_precentral,37,3.0,CTRL,375,0.09866666666666667,0.008,0.08108108108108109
rh_lingual -- rh_precuneus,197,16.0,CTRL,375,0.5253333333333333,0.042666666666666665,0.08121827411167512
rh_lingual -- rh_rostralanteriorcingulate,9,0.0,CTRL,375,0.024,0.0,0.0
rh_lingual -- rh_rostralmiddlefrontal,45,2.0,CTRL,375,0.12,0.005333333333333333,0.044444444444444446
rh_lingual -- rh_superiorfrontal,1,0.0,CTRL,375,0.0026666666666666666,0.0,0.0
rh_lingual -- rh_superiorparietal,92,6.0,CTRL,375,0.24533333333333332,0.016,0.06521739130434782
rh_lingual -- rh_supramarginal,51,3.0,CTRL,375,0.136,0.008,0.058823529411764705
rh_lingual -- rh_temporalpole,50,4.0,CTRL,375,0.13333333333333333,0.010666666666666666,0.08
rh_medialorbitofrontal -- rh_middletemporal,28,1.0,CTRL,375,0.07466666666666667,0.0026666666666666666,0.03571428571428571
rh_medialorbitofrontal -- rh_paracentral,50,7.0,CTRL,375,0.13333333333333333,0.018666666666666668,0.14
rh_medialorbitofrontal -- rh_parahippocampal,38,1.0,CTRL,375,0.10133333333333333,0.0026666666666666666,0.02631578947368421
rh_medialorbitofrontal -- rh_parsopercularis,44,0.0,CTRL,375,0.11733333333333333,0.0,0.0
rh_medialorbitofrontal -- rh_parsorbitalis,32,0.0,CTRL,375,0.08533333333333333,0.0,0.0
rh_medialorbitofrontal -- rh_parstriangularis,44,5.0,CTRL,375,0.11733333333333333,0.013333333333333334,0.11363636363636363
rh_medialorbitofrontal -- rh_pericalcarine,37,2.0,CTRL,375,0.09866666666666667,0.005333333333333333,0.05405405405405406
rh_medialorbitofrontal -- rh_postcentral,63,2.0,CTRL,375,0.168,0.005333333333333333,0.031746031746031744
rh_medialorbitofrontal -- rh_posteriorcingulate,32,1.0,CTRL,375,0.08533333333333333,0.0026666666666666666,0.03125
rh_medialorbitofrontal -- rh_precentral,36,3.0,CTRL,375,0.096,0.008,0.08333333333333333
rh_medialorbitofrontal -- rh_precuneus,47,2.0,CTRL,375,0.12533333333333332,0.005333333333333333,0.0425531914893617
rh_medialorbitofrontal -- rh_rostralanteriorcingulate,43,3.0,CTRL,375,0.11466666666666667,0.008,0.06976744186046512
rh_medialorbitofrontal -- rh_rostralmiddlefrontal,50,1.0,CTRL,375,0.13333333333333333,0.0026666666666666666,0.02
rh_medialorbitofrontal -- rh_superiorfrontal,35,1.0,CTRL,375,0.09333333333333334,0.0026666666666666666,0.02857142857142857
rh_medialorbitofrontal -- rh_superiorparietal,54,1.0,CTRL,375,0.144,0.0026666666666666666,0.018518518518518517
rh_medialorbitofrontal -- rh_superiortemporal,22,1.0,CTRL,375,0.058666666666666666,0.0026666666666666666,0.045454545454545456
rh_medialorbitofrontal -- rh_supramarginal,42,3.0,CTRL,375,0.112,0.008,0.07142857142857142
rh_medialorbitofrontal -- rh_temporalpole,21,1.0,CTRL,375,0.056,0.0026666666666666666,0.047619047619047616
rh_medialorbitofrontal -- rh_transversetemporal,16,3.0,CTRL,375,0.042666666666666665,0.008,0.1875
rh_middletemporal -- rh_paracentral,115,4.0,CTRL,375,0.30666666666666664,0.010666666666666666,0.034782608695652174
rh_middletemporal -- rh_parahippocampal,16,2.0,CTRL,375,0.042666666666666665,0.005333333333333333,0.125
rh_middletemporal -- rh_parsopercularis,11,1.0,CTRL,375,0.029333333333333333,0.0026666666666666666,0.09090909090909091
rh_middletemporal -- rh_parsorbitalis,15,0.0,CTRL,375,0.04,0.0,0.0
rh_middletemporal -- rh_parstriangularis,69,10.0,CTRL,375,0.184,0.02666666666666667,0.14492753623188406
rh_middletemporal -- rh_pericalcarine,112,3.0,CTRL,375,0.2986666666666667,0.008,0.026785714285714284
rh_middletemporal -- rh_posteriorcingulate,244,15.0,CTRL,375,0.6506666666666666,0.04,0.06147540983606557
rh_middletemporal -- rh_precentral,1,0.0,CTRL,375,0.0026666666666666666,0.0,0.0
rh_middletemporal -- rh_rostralanteriorcingulate,22,2.0,CTRL,375,0.058666666666666666,0.005333333333333333,0.09090909090909091
rh_middletemporal -- rh_rostralmiddlefrontal,6,0.0,CTRL,375,0.016,0.0,0.0
rh_middletemporal -- rh_superiorfrontal,23,1.0,CTRL,375,0.06133333333333333,0.0026666666666666666,0.043478260869565216
rh_middletemporal -- rh_superiorparietal,1,0.0,CTRL,375,0.0026666666666666666,0.0,0.0
rh_middletemporal -- rh_superiortemporal,280,14.0,CTRL,375,0.7466666666666667,0.037333333333333336,0.05
rh_middletemporal -- rh_supramarginal,6,0.0,CTRL,375,0.016,0.0,0.0
rh_paracentral -- rh_parahippocampal,37,2.0,CTRL,375,0.09866666666666667,0.005333333333333333,0.05405405405405406
rh_paracentral -- rh_parsopercularis,46,2.0,CTRL,375,0.12266666666666666,0.005333333333333333,0.043478260869565216
rh_paracentral -- rh_parsorbitalis,1,0.0,CTRL,375,0.0026666666666666666,0.0,0.0
rh_paracentral -- rh_parstriangularis,106,10.0,CTRL,375,0.2826666666666667,0.02666666666666667,0.09433962264150944
rh_paracentral -- rh_pericalcarine,24,1.0,CTRL,375,0.064,0.0026666666666666666,0.041666666666666664
rh_paracentral -- rh_postcentral,14,0.0,CTRL,375,0.037333333333333336,0.0,0.0
rh_paracentral -- rh_posteriorcingulate,166,13.0,CTRL,375,0.44266666666666665,0.034666666666666665,0.0783132530120482
rh_paracentral -- rh_precentral,27,1.0,CTRL,375,0.072,0.0026666666666666666,0.037037037037037035
rh_paracentral -- rh_precuneus,4,0.0,CTRL,375,0.010666666666666666,0.0,0.0
rh_paracentral -- rh_rostralanteriorcingulate,75,5.0,CTRL,375,0.2,0.013333333333333334,0.06666666666666667
rh_paracentral -- rh_rostralmiddlefrontal,40,1.0,CTRL,375,0.10666666666666667,0.0026666666666666666,0.025
rh_paracentral -- rh_superiorfrontal,71,3.0,CTRL,375,0.18933333333333333,0.008,0.04225352112676056
rh_paracentral -- rh_superiorparietal,29,0.0,CTRL,375,0.07733333333333334,0.0,0.0
rh_paracentral -- rh_superiortemporal,76,5.0,CTRL,375,0.20266666666666666,0.013333333333333334,0.06578947368421052
rh_paracentral -- rh_supramarginal,61,3.0,CTRL,375,0.16266666666666665,0.008,0.04918032786885246
rh_paracentral -- rh_transversetemporal,1,0.0,CTRL,375,0.0026666666666666666,0.0,0.0
rh_parahippocampal -- rh_parsopercularis,109,4.0,CTRL,375,0.2906666666666667,0.010666666666666666,0.03669724770642202
rh_parahippocampal -- rh_parsorbitalis,2,0.0,CTRL,375,0.005333333333333333,0.0,0.0
rh_parahippocampal -- rh_parstriangularis,28,3.0,CTRL,375,0.07466666666666667,0.008,0.10714285714285714
rh_parahippocampal -- rh_pericalcarine,2,0.0,CTRL,375,0.005333333333333333,0.0,0.0
rh_parahippocampal -- rh_postcentral,123,2.0,CTRL,375,0.328,0.005333333333333333,0.016260162601626018
rh_parahippocampal -- rh_posteriorcingulate,24,3.0,CTRL,375,0.064,0.008,0.125
rh_parahippocampal -- rh_precentral,152,6.0,CTRL,375,0.4053333333333333,0.016,0.039473684210526314
rh_parahippocampal -- rh_precuneus,31,2.0,CTRL,375,0.08266666666666667,0.005333333333333333,0.06451612903225806
rh_parahippocampal -- rh_rostralanteriorcingulate,114,5.0,CTRL,375,0.304,0.013333333333333334,0.043859649122807015
rh_parahippocampal -- rh_rostralmiddlefrontal,199,4.0,CTRL,375,0.5306666666666666,0.010666666666666666,0.020100502512562814
rh_parahippocampal -- rh_superiorfrontal,167,11.0,CTRL,375,0.44533333333333336,0.029333333333333333,0.0658682634730539
rh_parahippocampal -- rh_superiorparietal,190,5.0,CTRL,375,0.5066666666666667,0.013333333333333334,0.02631578947368421
rh_parahippocampal -- rh_superiortemporal,12,1.0,CTRL,375,0.032,0.0026666666666666666,0.08333333333333333
rh_parahippocampal -- rh_supramarginal,69,3.0,CTRL,375,0.184,0.008,0.043478260869565216
rh_parahippocampal -- rh_transversetemporal,18,0.0,CTRL,375,0.048,0.0,0.0
rh_parsopercularis -- rh_parsorbitalis,1,0.0,CTRL,375,0.0026666666666666666,0.0,0.0
rh_parsopercularis -- rh_parstriangularis,54,1.0,CTRL,375,0.144,0.0026666666666666666,0.018518518518518517
rh_parsopercularis -- rh_postcentral,53,0.0,CTRL,375,0.14133333333333334,0.0,0.0
rh_parsopercularis -- rh_posteriorcingulate,32,2.0,CTRL,375,0.08533333333333333,0.005333333333333333,0.0625
rh_parsopercularis -- rh_precentral,146,5.0,CTRL,375,0.3893333333333333,0.013333333333333334,0.03424657534246575
rh_parsopercularis -- rh_precuneus,13,0.0,CTRL,375,0.034666666666666665,0.0,0.0
rh_parsopercularis -- rh_rostralanteriorcingulate,157,2.0,CTRL,375,0.4186666666666667,0.005333333333333333,0.012738853503184714
rh_parsopercularis -- rh_rostralmiddlefrontal,144,5.0,CTRL,375,0.384,0.013333333333333334,0.034722222222222224
rh_parsopercularis -- rh_superiorfrontal,170,5.0,CTRL,375,0.4533333333333333,0.013333333333333334,0.029411764705882353
rh_parsopercularis -- rh_superiorparietal,103,3.0,CTRL,375,0.27466666666666667,0.008,0.02912621359223301
rh_parsopercularis -- rh_superiortemporal,15,1.0,CTRL,375,0.04,0.0026666666666666666,0.06666666666666667
rh_parsopercularis -- rh_supramarginal,39,1.0,CTRL,375,0.104,0.0026666666666666666,0.02564102564102564
rh_parsopercularis -- rh_transversetemporal,39,1.0,CTRL,375,0.104,0.0026666666666666666,0.02564102564102564
rh_parsorbitalis -- rh_parstriangularis,9,1.0,CTRL,375,0.024,0.0026666666666666666,0.1111111111111111
rh_parsorbitalis -- rh_pericalcarine,95,6.0,CTRL,375,0.25333333333333335,0.016,0.06315789473684211
rh_parsorbitalis -- rh_posteriorcingulate,3,1.0,CTRL,375,0.008,0.0026666666666666666,0.3333333333333333
rh_parsorbitalis -- rh_precuneus,41,4.0,CTRL,375,0.10933333333333334,0.010666666666666666,0.0975609756097561
rh_parsorbitalis -- rh_superiortemporal,30,2.0,CTRL,375,0.08,0.005333333333333333,0.06666666666666667
rh_parsorbitalis -- rh_supramarginal,15,3.0,CTRL,375,0.04,0.008,0.2
rh_parsorbitalis -- rh_temporalpole,226,19.0,CTRL,375,0.6026666666666667,0.050666666666666665,0.084070796460177
rh_parstriangularis -- rh_pericalcarine,33,3.0,CTRL,375,0.088,0.008,0.09090909090909091
rh_parstriangularis -- rh_postcentral,39,0.0,CTRL,375,0.104,0.0,0.0
rh_parstriangularis -- rh_posteriorcingulate,91,9.0,CTRL,375,0.24266666666666667,0.024,0.0989010989010989
rh_parstriangularis -- rh_precentral,40,5.0,CTRL,375,0.10666666666666667,0.013333333333333334,0.125
rh_parstriangularis -- rh_precuneus,19,0.0,CTRL,375,0.050666666666666665,0.0,0.0
rh_parstriangularis -- rh_rostralanteriorcingulate,38,6.0,CTRL,375,0.10133333333333333,0.016,0.15789473684210525
rh_parstriangularis -- rh_rostralmiddlefrontal,49,3.0,CTRL,375,0.13066666666666665,0.008,0.061224489795918366
rh_parstriangularis -- rh_superiorfrontal,50,1.0,CTRL,375,0.13333333333333333,0.0026666666666666666,0.02
rh_parstriangularis -- rh_superiorparietal,36,0.0,CTRL,375,0.096,0.0,0.0
rh_parstriangularis -- rh_superiortemporal,44,2.0,CTRL,375,0.11733333333333333,0.005333333333333333,0.045454545454545456
rh_parstriangularis -- rh_supramarginal,41,4.0,CTRL,375,0.10933333333333334,0.010666666666666666,0.0975609756097561
rh_parstriangularis -- rh_temporalpole,3,0.0,CTRL,375,0.008,0.0,0.0
rh_parstriangularis -- rh_transversetemporal,10,1.0,CTRL,375,0.02666666666666667,0.0026666666666666666,0.1
rh_pericalcarine -- rh_posteriorcingulate,52,4.0,CTRL,375,0.13866666666666666,0.010666666666666666,0.07692307692307693
rh_pericalcarine -- rh_precuneus,7,1.0,CTRL,375,0.018666666666666668,0.0026666666666666666,0.14285714285714285
rh_pericalcarine -- rh_rostralanteriorcingulate,1,0.0,CTRL,375,0.0026666666666666666,0.0,0.0
rh_pericalcarine -- rh_superiortemporal,77,4.0,CTRL,375,0.20533333333333334,0.010666666666666666,0.05194805194805195
rh_pericalcarine -- rh_supramarginal,8,0.0,CTRL,375,0.021333333333333333,0.0,0.0
rh_pericalcarine -- rh_temporalpole,28,2.0,CTRL,375,0.07466666666666667,0.005333333333333333,0.07142857142857142
rh_postcentral -- rh_precentral,113,6.0,CTRL,375,0.30133333333333334,0.016,0.05309734513274336
rh_postcentral -- rh_precuneus,109,7.0,CTRL,375,0.2906666666666667,0.018666666666666668,0.06422018348623854
rh_postcentral -- rh_rostralanteriorcingulate,39,0.0,CTRL,375,0.104,0.0,0.0
rh_postcentral -- rh_rostralmiddlefrontal,241,16.0,CTRL,375,0.6426666666666667,0.042666666666666665,0.06639004149377593
rh_postcentral -- rh_superiorfrontal,19,0.0,CTRL,375,0.050666666666666665,0.0,0.0
rh_postcentral -- rh_superiorparietal,290,13.0,CTRL,375,0.7733333333333333,0.034666666666666665,0.04482758620689655
rh_postcentral -- rh_superiortemporal,3,0.0,CTRL,375,0.008,0.0,0.0
rh_postcentral -- rh_supramarginal,87,4.0,CTRL,375,0.232,0.010666666666666666,0.04597701149425287
rh_postcentral -- rh_temporalpole,1,0.0,CTRL,375,0.0026666666666666666,0.0,0.0
rh_posteriorcingulate -- rh_precentral,5,1.0,CTRL,375,0.013333333333333334,0.0026666666666666666,0.2
rh_posteriorcingulate -- rh_rostralanteriorcingulate,38,3.0,CTRL,375,0.10133333333333333,0.008,0.07894736842105263
rh_posteriorcingulate -- rh_rostralmiddlefrontal,3,1.0,CTRL,375,0.008,0.0026666666666666666,0.3333333333333333
rh_posteriorcingulate -- rh_superiorfrontal,29,0.0,CTRL,375,0.07733333333333334,0.0,0.0
rh_posteriorcingulate -- rh_superiortemporal,171,17.0,CTRL,375,0.456,0.04533333333333334,0.09941520467836257
rh_posteriorcingulate -- rh_supramarginal,17,2.0,CTRL,375,0.04533333333333334,0.005333333333333333,0.11764705882352941
rh_posteriorcingulate -- rh_transversetemporal,5,1.0,CTRL,375,0.013333333333333334,0.0026666666666666666,0.2
rh_precentral -- rh_precuneus,16,1.0,CTRL,375,0.042666666666666665,0.0026666666666666666,0.0625
rh_precentral -- rh_rostralanteriorcingulate,161,1.0,CTRL,375,0.42933333333333334,0.0026666666666666666,0.006211180124223602
rh_precentral -- rh_rostralmiddlefrontal,213,13.0,CTRL,375,0.568,0.034666666666666665,0.06103286384976526
rh_precentral -- rh_superiorfrontal,153,3.0,CTRL,375,0.408,0.008,0.0196078431372549
rh_precentral -- rh_superiorparietal,172,10.0,CTRL,375,0.45866666666666667,0.02666666666666667,0.05813953488372093
rh_precentral -- rh_superiortemporal,3,0.0,CTRL,375,0.008,0.0,0.0
rh_precentral -- rh_supramarginal,42,1.0,CTRL,375,0.112,0.0026666666666666666,0.023809523809523808
rh_precentral -- rh_transversetemporal,21,1.0,CTRL,375,0.056,0.0026666666666666666,0.047619047619047616
rh_precuneus -- rh_rostralanteriorcingulate,1,0.0,CTRL,375,0.0026666666666666666,0.0,0.0
rh_precuneus -- rh_rostralmiddlefrontal,27,4.0,CTRL,375,0.072,0.010666666666666666,0.14814814814814814
rh_precuneus -- rh_superiorparietal,58,2.0,CTRL,375,0.15466666666666667,0.005333333333333333,0.034482758620689655
rh_precuneus -- rh_superiortemporal,4,0.0,CTRL,375,0.010666666666666666,0.0,0.0
rh_precuneus -- rh_supramarginal,46,4.0,CTRL,375,0.12266666666666666,0.010666666666666666,0.08695652173913043
rh_precuneus -- rh_temporalpole,114,15.0,CTRL,375,0.304,0.04,0.13157894736842105
rh_rostralanteriorcingulate -- rh_rostralmiddlefrontal,133,8.0,CTRL,375,0.3546666666666667,0.021333333333333333,0.06015037593984962
rh_rostralanteriorcingulate -- rh_superiorfrontal,175,14.0,CTRL,375,0.4666666666666667,0.037333333333333336,0.08
rh_rostralanteriorcingulate -- rh_superiorparietal,90,3.0,CTRL,375,0.24,0.008,0.03333333333333333
rh_rostralanteriorcingulate -- rh_superiortemporal,13,2.0,CTRL,375,0.034666666666666665,0.005333333333333333,0.15384615384615385
rh_rostralanteriorcingulate -- rh_supramarginal,44,1.0,CTRL,375,0.11733333333333333,0.0026666666666666666,0.022727272727272728
rh_rostralanteriorcingulate -- rh_transversetemporal,28,2.0,CTRL,375,0.07466666666666667,0.005333333333333333,0.07142857142857142
rh_rostralmiddlefrontal -- rh_superiorfrontal,132,7.0,CTRL,375,0.352,0.018666666666666668,0.05303030303030303
rh_rostralmiddlefrontal -- rh_superiorparietal,322,17.0,CTRL,375,0.8586666666666667,0.04533333333333334,0.052795031055900624
rh_rostralmiddlefrontal -- rh_superiortemporal,6,1.0,CTRL,375,0.016,0.0026666666666666666,0.16666666666666666
rh_rostralmiddlefrontal -- rh_supramarginal,91,4.0,CTRL,375,0.24266666666666667,0.010666666666666666,0.04395604395604396
rh_rostralmiddlefrontal -- rh_transversetemporal,2,0.0,CTRL,375,0.005333333333333333,0.0,0.0
rh_superiorfrontal -- rh_superiorparietal,74,3.0,CTRL,375,0.19733333333333333,0.008,0.04054054054054054
rh_superiorfrontal -- rh_superiortemporal,26,1.0,CTRL,375,0.06933333333333333,0.0026666666666666666,0.038461538461538464
rh_superiorfrontal -- rh_supramarginal,60,3.0,CTRL,375,0.16,0.008,0.05
rh_superiorfrontal -- rh_transversetemporal,22,0.0,CTRL,375,0.058666666666666666,0.0,0.0
rh_superiorparietal -- rh_superiortemporal,2,0.0,CTRL,375,0.005333333333333333,0.0,0.0
rh_superiorparietal -- rh_supramarginal,104,1.0,CTRL,375,0.2773333333333333,0.0026666666666666666,0.009615384615384616
rh_superiortemporal -- rh_supramarginal,10,2.0,CTRL,375,0.02666666666666667,0.005333333333333333,0.2
rh_superiortemporal -- rh_temporalpole,12,0.0,CTRL,375,0.032,0.0,0.0
rh_superiortemporal -- rh_transversetemporal,4,0.0,CTRL,375,0.010666666666666666,0.0,0.0
rh_supramarginal -- rh_temporalpole,23,4.0,CTRL,375,0.06133333333333333,0.010666666666666666,0.17391304347826086
