edge,sz_selection_frequency,sz_mean_importance_share,ctrl_selection_frequency,ctrl_mean_importance_share,selection_frequency_difference,importance_share_difference
lh_pericalcarine -- rh_pericalcarine,0.19333333333333333,0.004726236875035768,0.09866666666666667,0.004054270594045477,0.09466666666666666,0.0006719662809902905
rh_precentral -- rh_rostralanteriorcingulate,0.06,0.003837008371898872,0.0026666666666666666,0.003130895423583348,0.05733333333333333,0.0007061129483155243
rh_cuneus -- rh_precuneus,0.07333333333333333,0.004030983534784254,0.016,0.0031049989719052103,0.05733333333333333,0.0009259845628790441
lh_postcentral -- rh_superiorparietal,0.08666666666666667,0.0035930030525433538,0.032,0.0033497964599512498,0.05466666666666667,0.000243206592592104
lh_temporalpole -- rh_lingual,0.05333333333333334,0.00410837415053663,0.0026666666666666666,0.002141383567440098,0.05066666666666667,0.0019669905830965316
lh_temporalpole -- rh_temporalpole,0.14,0.004183391682377132,0.09333333333333334,0.0040396776750031725,0.046666666666666676,0.0001437140073739596
rh_bankssts -- rh_parsopercularis,0.05333333333333334,0.004119851465037959,0.008,0.003124998108673321,0.04533333333333334,0.0009948533563646383
lh_frontalpole -- rh_pericalcarine,0.09333333333333334,0.0038235468710387972,0.048,0.0033955504359951,0.04533333333333334,0.0004279964350436972
rh_lingual -- rh_precuneus,0.08666666666666667,0.00430025670624195,0.042666666666666665,0.003746754748580427,0.044000000000000004,0.0005535019576615231
lh_caudalanteriorcingulate -- rh_parsopercularis,0.04666666666666667,0.003919268271886607,0.005333333333333333,0.0025801766370879154,0.04133333333333333,0.0013390916347986916
lh_cuneus -- rh_frontalpole,0.04666666666666667,0.004439780231801785,0.008,0.002826241935724525,0.03866666666666667,0.0016135382960772602
lh_rostralmiddlefrontal -- rh_postcentral,0.06,0.003811249107200967,0.021333333333333333,0.003088890367566522,0.03866666666666667,0.000722358739634445
lh_pericalcarine -- rh_frontalpole,0.10666666666666667,0.004175752866372993,0.06933333333333333,0.0036678707472695134,0.03733333333333334,0.0005078821191034795
lh_lateraloccipital -- rh_superiorparietal,0.08,0.003551678796827426,0.042666666666666665,0.00350333744696751,0.037333333333333336,4.8341349859916134e-05
lh_posteriorcingulate -- rh_parsopercularis,0.04,0.004318255833955589,0.0026666666666666666,0.0027016462346926497,0.037333333333333336,0.001616609599262939
lh_bankssts -- rh_parsopercularis,0.04,0.004589283925035345,0.0026666666666666666,0.0023178380084737217,0.037333333333333336,0.002271445916561623
rh_insula -- rh_parsopercularis,0.06666666666666667,0.0037586917668780435,0.029333333333333333,0.0032397987698857744,0.03733333333333333,0.0005188929969922691
rh_lingual -- rh_temporalpole,0.04666666666666667,0.0035347151025556154,0.010666666666666666,0.0023825905305672555,0.036000000000000004,0.00115212457198836
lh_parsopercularis -- lh_rostralmiddlefrontal,0.04666666666666667,0.0034344468183917297,0.010666666666666666,0.002999720952050823,0.036000000000000004,0.0004347258663409065
rh_caudalmiddlefrontal -- rh_superiortemporal,0.04666666666666667,0.0034204385121916325,0.010666666666666666,0.002791719407226748,0.036000000000000004,0.0006287191049648842
lh_superiorfrontal -- rh_parsopercularis,0.04666666666666667,0.003420132843967583,0.010666666666666666,0.003088064246903687,0.036000000000000004,0.0003320685970638962
lh_lateralorbitofrontal -- rh_paracentral,0.04,0.004525844104736243,0.005333333333333333,0.0034042354899470246,0.034666666666666665,0.0011216086147892187
rh_bankssts -- rh_middletemporal,0.05333333333333334,0.0035336421192387144,0.018666666666666668,0.002956701318700524,0.034666666666666665,0.0005769408005381906
lh_paracentral -- rh_parsopercularis,0.04,0.004099093196977303,0.005333333333333333,0.002355957738903801,0.034666666666666665,0.0017431354580735021
lh_middletemporal -- rh_rostralmiddlefrontal,0.03333333333333333,0.0053366656021538094,0.0,0.0014996095623601028,0.03333333333333333,0.0038370560397937067
lh_parsopercularis -- lh_superiortemporal,0.03333333333333333,0.004210834214213455,0.0,0.002834237125769079,0.03333333333333333,0.0013765970884443762
rh_bankssts -- rh_isthmuscingulate,0.04666666666666667,0.0033459735025456487,0.013333333333333334,0.0030232439209613277,0.03333333333333333,0.00032272958158432096
lh_rostralanteriorcingulate -- rh_parsopercularis,0.04666666666666667,0.003778086351275491,0.013333333333333334,0.003134277769532006,0.03333333333333333,0.000643808581743485
lh_middletemporal -- rh_inferiorparietal,0.03333333333333333,0.006262844496659896,0.0,0.002227504946956604,0.03333333333333333,0.004035339549703292
lh_parsopercularis -- rh_inferiorparietal,0.04,0.0038375351274265597,0.008,0.003120055926843359,0.032,0.0007174792005832007
lh_isthmuscingulate -- rh_paracentral,0.05333333333333334,0.003585018897356307,0.021333333333333333,0.003097490494272977,0.032,0.00048752840308332983
lh_parsopercularis -- lh_supramarginal,0.04666666666666667,0.003913175099515901,0.016,0.0029403150581682313,0.03066666666666667,0.00097286004134767
lh_cuneus -- lh_pericalcarine,0.03333333333333333,0.004402460276386417,0.0026666666666666666,0.0020240539519897336,0.030666666666666665,0.002378406324396683
lh_cuneus -- rh_lingual,0.06,0.004618107102497178,0.029333333333333333,0.0035966929472686653,0.030666666666666665,0.0010214141552285128
lh_middletemporal -- lh_superiorfrontal,0.03333333333333333,0.004753848721444525,0.0026666666666666666,0.0024422482660839294,0.030666666666666665,0.002311600455360596
lh_parsopercularis -- rh_insula,0.03333333333333333,0.0038902336006162983,0.0026666666666666666,0.0030202925425836013,0.030666666666666665,0.0008699410580326971
lh_lateraloccipital -- lh_superiorfrontal,0.04,0.0030392203808925497,0.010666666666666666,0.0024334755136479745,0.029333333333333336,0.0006057448672445753
rh_caudalmiddlefrontal -- rh_parsopercularis,0.04,0.004224283949695197,0.010666666666666666,0.0026976065325074417,0.029333333333333336,0.0015266774171877554
lh_precuneus -- lh_temporalpole,0.05333333333333334,0.0037820989488801695,0.024,0.0032502062863622944,0.029333333333333336,0.0005318926625178752
rh_frontalpole -- rh_pericalcarine,0.08666666666666667,0.003987698989690725,0.058666666666666666,0.0034980786975018887,0.028000000000000004,0.0004896202921888361
rh_precuneus -- rh_superiorparietal,0.03333333333333333,0.004010844199976867,0.005333333333333333,0.0029421636498544253,0.028,0.0010686805501224418
lh_parsopercularis -- rh_parahippocampal,0.03333333333333333,0.003437752238781364,0.005333333333333333,0.0028813296868308897,0.028,0.0005564225519504745
rh_inferiorparietal -- rh_rostralmiddlefrontal,0.06,0.003565354905604888,0.032,0.0034257022318957015,0.027999999999999997,0.00013965267370918662
lh_rostralmiddlefrontal -- rh_inferiorparietal,0.06,0.0034606649161855944,0.032,0.0033375703013733475,0.027999999999999997,0.00012309461481224693
lh_superiortemporal -- rh_postcentral,0.02666666666666667,0.0034376841063251213,0.0,0.003322862541218848,0.02666666666666667,0.00011482156510627317
rh_isthmuscingulate -- rh_parsopercularis,0.02666666666666667,0.0050874429752786445,0.0,0.0019195201873643995,0.02666666666666667,0.0031679227879142452
lh_medialorbitofrontal -- rh_supramarginal,0.02666666666666667,0.0044825724061899695,0.0,0.003237067390658874,0.02666666666666667,0.0012455050155310956
lh_frontalpole -- lh_lateralorbitofrontal,0.02666666666666667,0.003724278644522783,0.0,0.00301098943590166,0.02666666666666667,0.0007132892086211227
rh_precuneus -- rh_temporalpole,0.06666666666666667,0.0037070029602886455,0.04,0.003107119469704086,0.026666666666666665,0.0005998834905845594
lh_parsopercularis -- lh_transversetemporal,0.04,0.004537010406878694,0.013333333333333334,0.003558795406110039,0.026666666666666665,0.0009782150007686553
lh_entorhinal -- lh_precuneus,0.06666666666666667,0.0034848350635459284,0.04,0.0034398094652230175,0.026666666666666665,4.5025598322910934e-05
lh_superiorfrontal -- lh_superiortemporal,0.04,0.003334732263142348,0.013333333333333334,0.0030801003415957344,0.026666666666666665,0.0002546319215466137
lh_parstriangularis -- rh_parsopercularis,0.04666666666666667,0.003883216836203374,0.021333333333333333,0.003270800984894141,0.025333333333333336,0.000612415851309233
lh_parahippocampal -- rh_rostralmiddlefrontal,0.04666666666666667,0.0031846383932910513,0.021333333333333333,0.0030735845331278278,0.025333333333333336,0.00011105386016322348
lh_parahippocampal -- rh_superiorparietal,0.04666666666666667,0.003541329330564453,0.021333333333333333,0.0031724567091984926,0.025333333333333336,0.00036887262136596054
rh_postcentral -- rh_superiorparietal,0.06,0.0039919468961218865,0.034666666666666665,0.0032792416706623564,0.025333333333333333,0.0007127052254595301
rh_caudalmiddlefrontal -- rh_transversetemporal,0.03333333333333333,0.0033714878709716254,0.008,0.00359962620985413,0.025333333333333333,-0.00022813833888250465
rh_caudalanteriorcingulate -- rh_parsopercularis,0.03333333333333333,0.0035485769976335495,0.008,0.003052356142007845,0.025333333333333333,0.0004962208556257043
lh_inferiortemporal -- lh_middletemporal,0.03333333333333333,0.0033548640611068673,0.008,0.003013691522779739,0.025333333333333333,0.00034117253832712836
lh_cuneus -- lh_lingual,0.06,0.0041959262679303975,0.034666666666666665,0.003670939444957996,0.025333333333333333,0.0005249868229724015
lh_middletemporal -- rh_superiorfrontal,0.03333333333333333,0.0052643880033293785,0.008,0.002617640345595992,0.025333333333333333,0.0026467476577333865
lh_rostralmiddlefrontal -- rh_superiorparietal,0.06,0.0037054112760041055,0.034666666666666665,0.003324127573279618,0.025333333333333333,0.0003812837027244876
lh_parsopercularis -- rh_superiorfrontal,0.03333333333333333,0.004317151003435497,0.008,0.002992512461579388,0.025333333333333333,0.0013246385418561085
lh_superiorfrontal -- rh_inferiorparietal,0.03333333333333333,0.0032323904610347645,0.008,0.00278302116114884,0.025333333333333333,0.0004493692998859245
lh_precuneus -- rh_temporalpole,0.05333333333333334,0.0034381293283561785,0.029333333333333333,0.0033561569715611275,0.024000000000000004,8.1972356795051e-05
lh_inferiortemporal -- lh_parstriangularis,0.04,0.0038081201474215783,0.016,0.00282074937325274,0.024,0.0009873707741688384
lh_frontalpole -- rh_fusiform,0.02666666666666667,0.0020692947450963355,0.0026666666666666666,0.0017467328170251571,0.024,0.00032256192807117836
lh_cuneus -- lh_medialorbitofrontal,0.02666666666666667,0.005309453438511496,0.0026666666666666666,0.0038471936292704795,0.024,0.0014622598092410163
lh_parahippocampal -- lh_supramarginal,0.02666666666666667,0.0036241906049121913,0.0026666666666666666,0.0029005126086616624,0.024,0.000723677996250529
lh_caudalanteriorcingulate -- rh_bankssts,0.06666666666666667,0.0034051504368875197,0.042666666666666665,0.0033644288535125333,0.024,4.072158337498641e-05
rh_paracentral -- rh_pericalcarine,0.02666666666666667,0.0038544621836923594,0.0026666666666666666,0.002539662997483943,0.024,0.0013147991862084165
lh_precuneus -- rh_lingual,0.08,0.0038393075517155024,0.056,0.0037912423792357923,0.024,4.8065172479710115e-05
lh_lingual -- rh_precuneus,0.06666666666666667,0.0034777921960425988,0.042666666666666665,0.0036209136490849485,0.024,-0.0001431214530423497
rh_lateralorbitofrontal -- rh_precuneus,0.02666666666666667,0.004870029648250978,0.0026666666666666666,0.002490036501997667,0.024,0.0023799931462533106
lh_parsorbitalis -- rh_pericalcarine,0.04,0.0032629405010908335,0.016,0.0030132635636986225,0.024,0.00024967693739221105
lh_lingual -- lh_temporalpole,0.04666666666666667,0.003612719418297279,0.024,0.002833101546594629,0.02266666666666667,0.00077961787170265
lh_frontalpole -- lh_precuneus,0.03333333333333333,0.0026253600968097293,0.010666666666666666,0.002604774382320836,0.02266666666666667,2.0585714488893445e-05
lh_precentral -- rh_superiorparietal,0.03333333333333333,0.0033468124587803763,0.010666666666666666,0.0028971340925028743,0.02266666666666667,0.00044967836627750205
lh_middletemporal -- rh_parstriangularis,0.03333333333333333,0.003964610511571868,0.010666666666666666,0.002727744792515383,0.02266666666666667,0.0012368657190564847
lh_insula -- rh_transversetemporal,0.03333333333333333,0.00538574659843736,0.010666666666666666,0.002653166963454809,0.02266666666666667,0.0027325796349825507
lh_postcentral -- rh_lateraloccipital,0.03333333333333333,0.003165776907036543,0.010666666666666666,0.0032420832688628974,0.02266666666666667,-7.630636182635441e-05
lh_inferiorparietal -- lh_superiorparietal,0.04666666666666667,0.0031257023469286804,0.024,0.0032544466668689024,0.02266666666666667,-0.00012874431994022197
lh_cuneus -- rh_medialorbitofrontal,0.03333333333333333,0.004191213263219177,0.010666666666666666,0.00261539161798236,0.02266666666666667,0.0015758216452368174
lh_superiorfrontal -- rh_rostralmiddlefrontal,0.03333333333333333,0.002371551867259152,0.010666666666666666,0.0025298349829129883,0.02266666666666667,-0.00015828311565383628
rh_entorhinal -- rh_precuneus,0.06,0.003515607806675161,0.037333333333333336,0.0033896592438233315,0.02266666666666666,0.00012594856285182967
lh_supramarginal -- rh_lingual,0.02666666666666667,0.00602051004957506,0.005333333333333333,0.0031940439150000945,0.021333333333333336,0.0028264661345749655
lh_supramarginal -- rh_cuneus,0.02666666666666667,0.0038137733838897584,0.005333333333333333,0.0026030154967288262,0.021333333333333336,0.0012107578871609322
lh_bankssts -- rh_parahippocampal,0.02666666666666667,0.0038332477824225045,0.005333333333333333,0.0036921972778277954,0.021333333333333336,0.0001410505045947091
lh_transversetemporal -- rh_parstriangularis,0.02666666666666667,0.008726006838648754,0.005333333333333333,0.0048202487258722365,0.021333333333333336,0.003905758112776518
lh_superiorparietal -- rh_supramarginal,0.02666666666666667,0.0037812684279880963,0.005333333333333333,0.002914916904600233,0.021333333333333336,0.0008663515233878634
lh_precentral -- rh_parsopercularis,0.02666666666666667,0.0030112493462042824,0.005333333333333333,0.0029125319459435035,0.021333333333333336,9.871740026077885e-05
lh_transversetemporal -- rh_rostralanteriorcingulate,0.02666666666666667,0.007658351641164331,0.005333333333333333,0.0023297370485643285,0.021333333333333336,0.005328614592600003
rh_parsopercularis -- rh_rostralanteriorcingulate,0.02666666666666667,0.0034591332467792378,0.005333333333333333,0.0030107686991882074,0.021333333333333336,0.0004483645475910304
rh_parsopercularis -- rh_posteriorcingulate,0.02666666666666667,0.00430848172732138,0.005333333333333333,0.0028567206150889807,0.021333333333333336,0.001451761112232399
lh_superiortemporal -- rh_insula,0.04,0.0031133243950473236,0.018666666666666668,0.0027674033120370974,0.021333333333333333,0.0003459210830102262
lh_superiorfrontal -- lh_supramarginal,0.04,0.002955343495764116,0.018666666666666668,0.003124501339068065,0.021333333333333333,-0.00016915784330394888
lh_medialorbitofrontal -- lh_pericalcarine,0.02,0.004995372555201539,0.0,0.0022766949115321415,0.02,0.0027186776436693974
rh_parahippocampal -- rh_transversetemporal,0.02,0.00514626946883737,0.0,0.0023951489829525207,0.02,0.0027511204858848494
lh_caudalanteriorcingulate -- lh_isthmuscingulate,0.04666666666666667,0.0035226416023551644,0.02666666666666667,0.0033194072574791234,0.02,0.00020323434487604097
lh_rostralanteriorcingulate -- rh_superiortemporal,0.02,0.005058952771770054,0.0,0.0017257204275470412,0.02,0.003333232344223013
lh_inferiorparietal -- lh_postcentral,0.04666666666666667,0.003379570383567563,0.02666666666666667,0.0032556456382215088,0.02,0.00012392474534605406
lh_middletemporal -- rh_precentral,0.02,0.00574911548327629,0.0,0.0021959232266032173,0.02,0.0035531922566730723
lh_isthmuscingulate -- lh_pericalcarine,0.04666666666666667,0.003425587230898713,0.02666666666666667,0.003010683273630154,0.02,0.000414903957268559
lh_inferiorparietal -- lh_superiortemporal,0.02,0.00513155654139382,0.0,0.0022499091376076063,0.02,0.002881647403786214
lh_superiortemporal -- rh_caudalanteriorcingulate,0.03333333333333333,0.0029340435400260945,0.013333333333333334,0.002615483789024363,0.019999999999999997,0.00031855975100173167
lh_superiortemporal -- rh_parahippocampal,0.03333333333333333,0.004469239232227527,0.013333333333333334,0.003129988330435474,0.019999999999999997,0.001339250901792053
lh_cuneus -- rh_entorhinal,0.03333333333333333,0.0036513844921310114,0.013333333333333334,0.0029701855528245337,0.019999999999999997,0.0006811989393064777
lh_isthmuscingulate -- lh_paracentral,0.03333333333333333,0.003188086927128009,0.013333333333333334,0.003089351087807947,0.019999999999999997,9.87358393200622e-05
lh_fusiform -- lh_medialorbitofrontal,0.05333333333333334,0.005766215195033201,0.034666666666666665,0.008579556592823605,0.01866666666666667,-0.0028133413977904035
rh_entorhinal -- rh_lateralorbitofrontal,0.02666666666666667,0.0051212772401377565,0.008,0.0025990806803782183,0.018666666666666668,0.002522196559759538
lh_lateralorbitofrontal -- rh_medialorbitofrontal,0.02666666666666667,0.0038350244043279915,0.008,0.0029901030130262967,0.018666666666666668,0.0008449213913016948
lh_precentral -- lh_rostralmiddlefrontal,0.04,0.003203361746728108,0.021333333333333333,0.003212512477917456,0.018666666666666668,-9.150731189348088e-06
lh_paracentral -- rh_lateralorbitofrontal,0.02666666666666667,0.003982442083835105,0.008,0.0035165914387604437,0.018666666666666668,0.0004658506450746611
lh_middletemporal -- lh_supramarginal,0.02666666666666667,0.004559978292075818,0.008,0.0027141830088204632,0.018666666666666668,0.0018457952832553544
lh_posteriorcingulate -- rh_insula,0.02666666666666667,0.0036376771457252437,0.008,0.0025145138499074104,0.018666666666666668,0.0011231632958178333
rh_lingual -- rh_supramarginal,0.02666666666666667,0.005407254191835214,0.008,0.003135856533245348,0.018666666666666668,0.002271397658589866
lh_middletemporal -- rh_paracentral,0.03333333333333333,0.0037000263879977506,0.016,0.0032142477683696413,0.017333333333333333,0.0004857786196281093
lh_rostralanteriorcingulate -- rh_fusiform,0.02,0.010593890237426818,0.0026666666666666666,0.002143662106585415,0.017333333333333333,0.008450228130841403
lh_middletemporal -- lh_paracentral,0.03333333333333333,0.0034369806327208203,0.016,0.0032308678288951453,0.017333333333333333,0.0002061128038256749
lh_rostralanteriorcingulate -- rh_insula,0.03333333333333333,0.0031009824591254143,0.016,0.0033052223093180872,0.017333333333333333,-0.00020423985019267293
lh_parsorbitalis -- rh_parsorbitalis,0.07333333333333333,0.0035895803625770922,0.056,0.0035256995675053662,0.017333333333333333,6.3880795071726e-05
lh_parstriangularis -- rh_posteriorcingulate,0.03333333333333333,0.0034816879580993527,0.016,0.003168630423587983,0.017333333333333333,0.0003130575345113699
lh_isthmuscingulate -- rh_inferiortemporal,0.02,0.0026280669927643057,0.0026666666666666666,0.0025432209482749955,0.017333333333333333,8.48460444893102e-05
lh_lateralorbitofrontal -- rh_inferiortemporal,0.02,0.002496480554234668,0.0026666666666666666,0.002347173395768794,0.017333333333333333,0.00014930715846587367
lh_postcentral -- rh_rostralanteriorcingulate,0.02,0.0026252487108085463,0.0026666666666666666,0.001984434990135348,0.017333333333333333,0.0006408137206731983
lh_temporalpole -- rh_supramarginal,0.02,0.005994025089001891,0.0026666666666666666,0.003044204469679532,0.017333333333333333,0.002949820619322359
lh_paracentral -- rh_postcentral,0.02,0.003983450084343925,0.0026666666666666666,0.0026520463547234697,0.017333333333333333,0.0013314037296204557
rh_superiorparietal -- rh_supramarginal,0.02,0.003360998887111248,0.0026666666666666666,0.002801251797040547,0.017333333333333333,0.0005597470900707011
lh_insula -- lh_middletemporal,0.02,0.0035780554405548505,0.0026666666666666666,0.0021655975682795016,0.017333333333333333,0.001412457872275349
rh_precentral -- rh_precuneus,0.02,0.006194897023657199,0.0026666666666666666,0.0017656841886139363,0.017333333333333333,0.004429212835043263
lh_bankssts -- lh_lateralorbitofrontal,0.02,0.003217147043668319,0.0026666666666666666,0.002853737721201894,0.017333333333333333,0.00036340932246642496
rh_inferiortemporal -- rh_parsorbitalis,0.02,0.0026786815442838164,0.0026666666666666666,0.0027047360357876546,0.017333333333333333,-2.6054491503838244e-05
lh_parsopercularis -- rh_middletemporal,0.02,0.005570937594242533,0.0026666666666666666,0.002843859739540574,0.017333333333333333,0.0027270778547019594
lh_supramarginal -- rh_supramarginal,0.02,0.00292017236841524,0.0026666666666666666,0.0030199278106058836,0.017333333333333333,-9.975544219064346e-05
lh_caudalmiddlefrontal -- lh_transversetemporal,0.02,0.008554844904200038,0.0026666666666666666,0.0033466192832589487,0.017333333333333333,0.00520822562094109
lh_superiortemporal -- rh_inferiorparietal,0.02,0.002791970735001091,0.0026666666666666666,0.0025731626255477975,0.017333333333333333,0.00021880810945329367
lh_superiorparietal -- rh_rostralanteriorcingulate,0.02,0.0021708797650096417,0.0026666666666666666,0.0026170429981803053,0.017333333333333333,-0.0004461632331706636
lh_lateraloccipital -- rh_parstriangularis,0.02,0.003226237354363741,0.0026666666666666666,0.0024836945744247897,0.017333333333333333,0.0007425427799389512
lh_fusiform -- rh_lateralorbitofrontal,0.02666666666666667,0.007841834659218326,0.010666666666666666,0.003172989017020097,0.016,0.00466884564219823
rh_postcentral -- rh_supramarginal,0.02666666666666667,0.003258955093596156,0.010666666666666666,0.002766633298151089,0.016,0.000492321795445067
lh_bankssts -- lh_paracentral,0.04,0.0032416574341250387,0.024,0.0030515318678426967,0.016,0.00019012556628234195
rh_supramarginal -- rh_temporalpole,0.02666666666666667,0.006553852688817409,0.010666666666666666,0.0029569265828953977,0.016,0.0035969261059220115
lh_superiorfrontal -- rh_lateraloccipital,0.02666666666666667,0.003103790597105448,0.010666666666666666,0.0028669951732883028,0.016,0.00023679542381714516
lh_inferiortemporal -- rh_parsopercularis,0.02666666666666667,0.0033852986064463264,0.010666666666666666,0.0029646486599456414,0.016,0.00042064994650068506
rh_caudalmiddlefrontal -- rh_insula,0.04,0.003693893324202392,0.024,0.0032712405362868603,0.016,0.0004226527879155318
lh_bankssts -- lh_insula,0.02666666666666667,0.002755292954522324,0.010666666666666666,0.002451505452365229,0.016,0.0003037875021570948
lh_insula -- rh_fusiform,0.02666666666666667,0.00514481653583357,0.010666666666666666,0.0061326356674318095,0.016,-0.0009878191315982393
lh_parsopercularis -- rh_parstriangularis,0.02,0.003757420038345868,0.005333333333333333,0.003326497622781551,0.014666666666666668,0.00043092241556431715
lh_caudalmiddlefrontal -- rh_superiorfrontal,0.02,0.0033270192142786053,0.005333333333333333,0.002855191232694194,0.014666666666666668,0.00047182798158441116
lh_middletemporal -- lh_postcentral,0.02,0.007104007668931437,0.005333333333333333,0.007774672273914076,0.014666666666666668,-0.0006706646049826391
lh_parsopercularis -- rh_supramarginal,0.02,0.003898922719962897,0.005333333333333333,0.0029402226939478095,0.014666666666666668,0.0009587000260150875
lh_cuneus -- lh_frontalpole,0.02,0.0035549579381805893,0.005333333333333333,0.0021813182857897836,0.014666666666666668,0.0013736396523908057
lh_paracentral -- lh_pericalcarine,0.02,0.003972157613892215,0.005333333333333333,0.0025031105090748767,0.014666666666666668,0.0014690471048173386
lh_cuneus -- rh_precentral,0.02,0.006921753305878704,0.005333333333333333,0.003559565292416479,0.014666666666666668,0.0033621880134622256
lh_lateralorbitofrontal -- rh_frontalpole,0.02,0.0031890748454999826,0.005333333333333333,0.00269247508117204,0.014666666666666668,0.0004965997643279424
rh_paracentral -- rh_parsopercularis,0.02,0.0035394944648066856,0.005333333333333333,0.0026567572905509076,0.014666666666666668,0.000882737174255778
lh_parsopercularis -- lh_rostralanteriorcingulate,0.02,0.003818395434640045,0.005333333333333333,0.0025195372476137777,0.014666666666666668,0.0012988581870262673
lh_caudalanteriorcingulate -- lh_parstriangularis,0.03333333333333333,0.003320985842744676,0.018666666666666668,0.003137145907011056,0.014666666666666665,0.0001838399357336198
lh_rostralmiddlefrontal -- lh_supramarginal,0.03333333333333333,0.0032028090621634042,0.018666666666666668,0.003207129042125191,0.014666666666666665,-4.319979961786655e-06
lh_parstriangularis -- lh_posteriorcingulate,0.03333333333333333,0.0029687115144073645,0.018666666666666668,0.003212810639749735,0.014666666666666665,-0.0002440991253423704
lh_middletemporal -- rh_pericalcarine,0.03333333333333333,0.0032879844448290767,0.018666666666666668,0.0028708826876190103,0.014666666666666665,0.00041710175721006637
lh_parsopercularis -- rh_superiorparietal,0.03333333333333333,0.004078353603232196,0.018666666666666668,0.00303007855598986,0.014666666666666665,0.001048275047242336
lh_precuneus -- rh_parsorbitalis,0.03333333333333333,0.003150139569970825,0.018666666666666668,0.002785212890904665,0.014666666666666665,0.00036492667906615987
lh_rostralmiddlefrontal -- lh_superiorparietal,0.06,0.003325252188748285,0.04533333333333334,0.0034204369646703625,0.014666666666666661,-9.518477592207735e-05
rh_cuneus -- rh_lingual,0.06,0.0038426629617282298,0.04533333333333334,0.0036462854178596965,0.014666666666666661,0.0001963775438685333
lh_precuneus -- rh_entorhinal,0.06,0.003489619702633562,0.04533333333333334,0.0035110856803500924,0.014666666666666661,-2.1465977716530592e-05
lh_frontalpole -- rh_caudalanteriorcingulate,0.013333333333333334,0.0026199590828842206,0.0,0.0022702978108265215,0.013333333333333334,0.0003496612720576991
lh_postcentral -- lh_superiortemporal,0.013333333333333334,0.0037069278422847247,0.0,0.0017809221417787386,0.013333333333333334,0.001926005700505986
lh_caudalmiddlefrontal -- lh_middletemporal,0.02666666666666667,0.0031585063661030205,0.013333333333333334,0.003198441053733964,0.013333333333333334,-3.9934687630943655e-05
lh_superiortemporal -- rh_transversetemporal,0.013333333333333334,0.006662419785985974,0.0,0.0017204642556661973,0.013333333333333334,0.004941955530319777
lh_temporalpole -- rh_medialorbitofrontal,0.013333333333333334,0.0027053687959062377,0.0,0.002245133886715073,0.013333333333333334,0.00046023490919116453
lh_insula -- rh_lateralorbitofrontal,0.013333333333333334,0.0037487289427101853,0.0,0.0025226063466884997,0.013333333333333334,0.0012261225960216856
lh_frontalpole -- rh_medialorbitofrontal,0.013333333333333334,0.002968389304515934,0.0,0.003035560323808352,0.013333333333333334,-6.717101929241834e-05
lh_bankssts -- lh_rostralmiddlefrontal,0.013333333333333334,0.004570995172533119,0.0,0.001368373033693689,0.013333333333333334,0.00320262213883943
lh_inferiortemporal -- lh_precuneus,0.013333333333333334,0.003304381342452367,0.0,0.0014944658369045749,0.013333333333333334,0.0018099155055477923
lh_parsorbitalis -- lh_precuneus,0.02666666666666667,0.0032813140537843776,0.013333333333333334,0.003259945469076779,0.013333333333333334,2.1368584707598653e-05
lh_fusiform -- rh_lateraloccipital,0.013333333333333334,0.005587986417996439,0.0,0.002098761471996003,0.013333333333333334,0.0034892249460004364
lh_bankssts -- rh_rostralmiddlefrontal,0.013333333333333334,0.003289051272445795,0.0,0.0013801720635999428,0.013333333333333334,0.0019088792088458521
rh_parsopercularis -- rh_superiorfrontal,0.02666666666666667,0.0031133668150393544,0.013333333333333334,0.00298754111005534,0.013333333333333334,0.0001258257049840143
rh_cuneus -- rh_superiorparietal,0.02666666666666667,0.004089629402692718,0.013333333333333334,0.0031226129392766385,0.013333333333333334,0.0009670164634160792
lh_inferiorparietal -- lh_middletemporal,0.013333333333333334,0.003843599062662867,0.0,0.0034739856030983115,0.013333333333333334,0.00036961345956455565
lh_parsopercularis -- rh_bankssts,0.013333333333333334,0.0029363735568467934,0.0,0.0028877847806250377,0.013333333333333334,4.8588776221755725e-05
rh_fusiform -- rh_precuneus,0.013333333333333334,0.00394980096029024,0.0,0.0026737443055023084,0.013333333333333334,0.001276056654787932
rh_fusiform -- rh_inferiortemporal,0.013333333333333334,0.002628480901376223,0.0,0.0019647921000306035,0.013333333333333334,0.0006636888013456196
lh_parstriangularis -- rh_frontalpole,0.013333333333333334,0.005452501978701538,0.0,0.0019271407827344282,0.013333333333333334,0.003525361195967109
rh_precentral -- rh_superiortemporal,0.013333333333333334,0.005161092322859715,0.0,0.0014948268598487253,0.013333333333333334,0.003666265463010989
lh_medialorbitofrontal -- lh_transversetemporal,0.013333333333333334,0.005743659875105944,0.0,0.0015219260791709797,0.013333333333333334,0.004221733795934965
rh_insula -- rh_parahippocampal,0.02666666666666667,0.0038045397429433882,0.013333333333333334,0.0033061148807708852,0.013333333333333334,0.000498424862172503
lh_lateraloccipital -- lh_middletemporal,0.013333333333333334,0.004737461090425903,0.0,0.0018727137947500473,0.013333333333333334,0.0028647472956758557
lh_cuneus -- rh_pericalcarine,0.02666666666666667,0.004544919609901609,0.013333333333333334,0.0031638179549656467,0.013333333333333334,0.0013811016549359623
lh_cuneus -- rh_postcentral,0.013333333333333334,0.004433456422523447,0.0,0.0024955048382268434,0.013333333333333334,0.001937951584296604
lh_superiortemporal -- rh_rostralanteriorcingulate,0.02666666666666667,0.004063050437006025,0.013333333333333334,0.003016585591904231,0.013333333333333334,0.0010464648451017937
lh_cuneus -- lh_inferiortemporal,0.013333333333333334,0.0031417460612884287,0.0,0.0029200940962294903,0.013333333333333334,0.00022165196505893837
lh_lateralorbitofrontal -- rh_superiorparietal,0.013333333333333334,0.0038012118161234493,0.0,0.002291688642140337,0.013333333333333334,0.0015095231739831122
rh_frontalpole -- rh_fusiform,0.013333333333333334,0.002336541816520158,0.0,0.0013540687613425601,0.013333333333333334,0.000982473055177598
lh_cuneus -- lh_supramarginal,0.013333333333333334,0.0053481681132352505,0.0,0.0014435648629988723,0.013333333333333334,0.003904603250236378
rh_entorhinal -- rh_pericalcarine,0.013333333333333334,0.0027807839374063424,0.0,0.0015160663643378639,0.013333333333333334,0.0012647175730684786
rh_fusiform -- rh_pericalcarine,0.013333333333333334,0.002736781711877817,0.0,0.0020919716405205986,0.013333333333333334,0.0006448100713572183
lh_cuneus -- rh_isthmuscingulate,0.013333333333333334,0.004246899091200437,0.0,0.001441750709062422,0.013333333333333334,0.002805148382138015
rh_bankssts -- rh_insula,0.04,0.0034303894220071305,0.02666666666666667,0.0031080270257452017,0.013333333333333332,0.00032236239626192873
lh_isthmuscingulate -- lh_middletemporal,0.04,0.0033617147503456576,0.02666666666666667,0.003151359402281673,0.013333333333333332,0.0002103553480639845
rh_precentral -- rh_superiorparietal,0.04,0.003505481507298527,0.02666666666666667,0.003036876689017201,0.013333333333333332,0.000468604818281326
lh_caudalmiddlefrontal -- rh_posteriorcingulate,0.04,0.003307472829567622,0.02666666666666667,0.003778594033643203,0.013333333333333332,-0.0004711212040755808
lh_entorhinal -- lh_temporalpole,0.04666666666666667,0.003928223227631116,0.034666666666666665,0.003396821993075328,0.012000000000000004,0.0005314012345557879
lh_caudalmiddlefrontal -- rh_inferiortemporal,0.03333333333333333,0.0033675309649657875,0.021333333333333333,0.003360172397951534,0.012,7.358567014253536e-06
lh_parstriangularis -- lh_superiortemporal,0.02,0.003041024659101156,0.008,0.0030131741228548318,0.012,2.7850536246324092e-05
lh_rostralmiddlefrontal -- rh_superiorfrontal,0.03333333333333333,0.003047002708470978,0.021333333333333333,0.0027990126553422232,0.012,0.0002479900531287549
rh_medialorbitofrontal -- rh_rostralanteriorcingulate,0.02,0.004381065565273553,0.008,0.002773131319169648,0.012,0.0016079342461039047
lh_precentral -- lh_superiortemporal,0.02,0.004088479575355275,0.008,0.0028418743596610486,0.012,0.001246605215694226
rh_inferiorparietal -- rh_parsopercularis,0.02,0.002961872080629221,0.008,0.0027882222693794726,0.012,0.00017364981124974848
lh_inferiorparietal -- lh_supramarginal,0.03333333333333333,0.0034676853795635597,0.021333333333333333,0.002919370360062828,0.012,0.0005483150195007315
lh_inferiortemporal -- rh_superiortemporal,0.02,0.003337143083289357,0.008,0.0032103255001974243,0.012,0.0001268175830919328
lh_parstriangularis -- rh_rostralanteriorcingulate,0.02,0.00429198389693496,0.008,0.0031566767633817256,0.012,0.0011353071335532348
lh_fusiform -- rh_isthmuscingulate,0.02,0.004136902682049298,0.008,0.0028676487118202702,0.012,0.0012692539702290275
lh_middletemporal -- rh_inferiortemporal,0.03333333333333333,0.0034567872129906076,0.021333333333333333,0.0033371767443816265,0.012,0.00011961046860898107
rh_parsorbitalis -- rh_supramarginal,0.02,0.0074027563358668,0.008,0.0036212069168859587,0.012,0.003781549418980841
lh_bankssts -- lh_middletemporal,0.03333333333333333,0.002926453911198485,0.021333333333333333,0.003174788410720046,0.012,-0.00024833449952156106
lh_superiorfrontal -- rh_precentral,0.02,0.0033560177533813055,0.008,0.0028442510628352907,0.012,0.0005117666905460148
lh_superiortemporal -- lh_supramarginal,0.02,0.00253649500862372,0.008,0.003185667460483612,0.012,-0.0006491724518598919
rh_isthmuscingulate -- rh_lateralorbitofrontal,0.02,0.0032209302099622337,0.008,0.003054651086388003,0.012,0.0001662791235742308
lh_middletemporal -- rh_rostralanteriorcingulate,0.02,0.006634453529822171,0.008,0.0030148062175865942,0.012,0.0036196473122355765
lh_rostralmiddlefrontal -- rh_supramarginal,0.02,0.003245046244191473,0.008,0.0027982385091796257,0.012,0.0004468077350118474
lh_caudalmiddlefrontal -- rh_lateralorbitofrontal,0.02,0.004063317110377623,0.008,0.0031492973034552897,0.012,0.0009140198069223335
rh_lateralorbitofrontal -- rh_medialorbitofrontal,0.02,0.007037085615559597,0.008,0.0027045099816131383,0.012,0.0043325756339464595
rh_fusiform -- rh_insula,0.02,0.003689426073686341,0.008,0.006929726103124473,0.012,-0.0032403000294381323
rh_cuneus -- rh_medialorbitofrontal,0.02,0.003416019335905445,0.008,0.002972147372456144,0.012,0.000443871963449301
rh_entorhinal -- rh_medialorbitofrontal,0.02,0.005196131236345263,0.008,0.0033532314959664163,0.012,0.001842899740378847
lh_parsorbitalis -- rh_entorhinal,0.02,0.002949632325221657,0.008,0.00263055840409848,0.012,0.0003190739211231773
lh_pericalcarine -- rh_lateralorbitofrontal,0.02,0.0036812815156708166,0.008,0.0030337736914603426,0.012,0.000647507824210474
lh_middletemporal -- rh_middletemporal,0.06,0.003516463282783625,0.048,0.0034786088357642345,0.011999999999999997,3.7854447019390614e-05
lh_fusiform -- rh_paracentral,0.013333333333333334,0.004319147864197262,0.0026666666666666666,0.0024762448289497602,0.010666666666666668,0.0018429030352475019
lh_pericalcarine -- rh_bankssts,0.013333333333333334,0.003497330925459671,0.0026666666666666666,0.0020683039622955528,0.010666666666666668,0.0014290269631641182
lh_pericalcarine -- lh_temporalpole,0.013333333333333334,0.00228092229888011,0.0026666666666666666,0.002327303779787058,0.010666666666666668,-4.638148090694823e-05
rh_parsopercularis -- rh_parstriangularis,0.013333333333333334,0.0036542616900294826,0.0026666666666666666,0.002806769441292757,0.010666666666666668,0.0008474922487367257
lh_pericalcarine -- rh_entorhinal,0.013333333333333334,0.002868649789979829,0.0026666666666666666,0.0016862126908837424,0.010666666666666668,0.0011824370990960865
lh_fusiform -- rh_frontalpole,0.013333333333333334,0.002630311097358342,0.0026666666666666666,0.002332623904225215,0.010666666666666668,0.00029768719313312715
rh_fusiform -- rh_supramarginal,0.013333333333333334,0.0035770218227727875,0.0026666666666666666,0.003191347362986292,0.010666666666666668,0.0003856744597864957
lh_parstriangularis -- rh_isthmuscingulate,0.02666666666666667,0.0032379289509655023,0.016,0.0032229498002162658,0.010666666666666668,1.4979150749236479e-05
lh_parsopercularis -- rh_superiortemporal,0.013333333333333334,0.005392577776778669,0.0026666666666666666,0.0026373793362942763,0.010666666666666668,0.002755198440484393
lh_lingual -- rh_frontalpole,0.013333333333333334,0.0035569716608512773,0.0026666666666666666,0.004820816247190089,0.010666666666666668,-0.0012638445863388118
lh_rostralmiddlefrontal -- lh_superiorfrontal,0.013333333333333334,0.002970158859804747,0.0026666666666666666,0.002489264559719312,0.010666666666666668,0.0004808943000854352
lh_caudalmiddlefrontal -- rh_inferiorparietal,0.013333333333333334,0.0026744949310350532,0.0026666666666666666,0.00237258681648981,0.010666666666666668,0.0003019081145452431
lh_bankssts -- lh_parstriangularis,0.02666666666666667,0.003055730759081278,0.016,0.0033377505141681417,0.010666666666666668,-0.0002820197550868638
rh_inferiorparietal -- rh_lateralorbitofrontal,0.013333333333333334,0.003640981037779723,0.0026666666666666666,0.003142112643708997,0.010666666666666668,0.0004988683940707261
lh_fusiform -- rh_middletemporal,0.013333333333333334,0.0035715900560697855,0.0026666666666666666,0.002346382403191261,0.010666666666666668,0.0012252076528785245
lh_superiortemporal -- rh_superiorparietal,0.013333333333333334,0.0035831635402023125,0.0026666666666666666,0.003907740289492355,0.010666666666666668,-0.0003245767492900428
lh_superiortemporal -- rh_precentral,0.013333333333333334,0.003736969108695791,0.0026666666666666666,0.0027815497066646234,0.010666666666666668,0.0009554194020311674
lh_superiorparietal -- lh_superiortemporal,0.013333333333333334,0.004158632706980837,0.0026666666666666666,0.0033931985067213472,0.010666666666666668,0.0007654342002594901
lh_lateralorbitofrontal -- rh_inferiorparietal,0.013333333333333334,0.0038986708935708574,0.0026666666666666666,0.003263187677656027,0.010666666666666668,0.0006354832159148303
lh_middletemporal -- lh_superiorparietal,0.013333333333333334,0.006557431239573667,0.0026666666666666666,0.002084186387691103,0.010666666666666668,0.004473244851882564
lh_middletemporal -- rh_lateraloccipital,0.013333333333333334,0.004745582752527477,0.0026666666666666666,0.0026429064151879153,0.010666666666666668,0.0021026763373395616
lh_precuneus -- rh_superiorparietal,0.013333333333333334,0.003729097121307309,0.0026666666666666666,0.0023222846046477095,0.010666666666666668,0.0014068125166595996
lh_superiorfrontal -- rh_medialorbitofrontal,0.013333333333333334,0.0035392529987277013,0.0026666666666666666,0.002418923055803352,0.010666666666666668,0.0011203299429243495
rh_insula -- rh_posteriorcingulate,0.02666666666666667,0.003574928499558276,0.016,0.0027112168784114857,0.010666666666666668,0.0008637116211467903
lh_cuneus -- lh_temporalpole,0.02666666666666667,0.0028772549829087835,0.016,0.0027105462084125705,0.010666666666666668,0.00016670877449621304
lh_caudalmiddlefrontal -- lh_isthmuscingulate,0.04,0.0034355984361463827,0.029333333333333333,0.0034841330368544136,0.010666666666666668,-4.853460070803088e-05
lh_superiortemporal -- rh_superiorfrontal,0.013333333333333334,0.0030478605740101683,0.0026666666666666666,0.0030807352236138425,0.010666666666666668,-3.287464960367425e-05
lh_entorhinal -- lh_lateralorbitofrontal,0.013333333333333334,0.00410676243173041,0.0026666666666666666,0.0023805224536889813,0.010666666666666668,0.0017262399780414287
lh_isthmuscingulate -- rh_pericalcarine,0.02666666666666667,0.003075598800241262,0.016,0.0028637287154992244,0.010666666666666668,0.00021187008474203746
lh_entorhinal -- lh_fusiform,0.013333333333333334,0.0026351569673582877,0.0026666666666666666,0.0029866005215691016,0.010666666666666668,-0.00035144355421081385
lh_lateralorbitofrontal -- rh_isthmuscingulate,0.013333333333333334,0.003638636565763934,0.0026666666666666666,0.002538514260007432,0.010666666666666668,0.001100122305756502
lh_lateralorbitofrontal -- lh_lingual,0.013333333333333334,0.0037741530389922384,0.0026666666666666666,0.002714171173266381,0.010666666666666668,0.0010599818657258575
rh_middletemporal -- rh_parsopercularis,0.013333333333333334,0.0033891373491780905,0.0026666666666666666,0.002249822760127566,0.010666666666666668,0.0011393145890505243
lh_parahippocampal -- lh_superiortemporal,0.013333333333333334,0.00389105832690676,0.0026666666666666666,0.002733621493885782,0.010666666666666668,0.0011574368330209781
lh_precentral -- lh_superiorparietal,0.02666666666666667,0.0028193971146443075,0.016,0.0028569554132513507,0.010666666666666668,-3.755829860704321e-05
lh_parahippocampal -- lh_precentral,0.02666666666666667,0.003215247313728671,0.016,0.0031968260604704805,0.010666666666666668,1.8421253258190697e-05
lh_parahippocampal -- rh_lateralorbitofrontal,0.013333333333333334,0.0045000927193027,0.0026666666666666666,0.0023139874393662122,0.010666666666666668,0.0021861052799364874
rh_caudalmiddlefrontal -- rh_parahippocampal,0.02666666666666667,0.003566648389191879,0.016,0.0037223551629050407,0.010666666666666668,-0.0001557067737131615
rh_inferiortemporal -- rh_isthmuscingulate,0.02666666666666667,0.0029033944988975874,0.016,0.0030247275772477614,0.010666666666666668,-0.00012133307835017395
rh_rostralanteriorcingulate -- rh_supramarginal,0.013333333333333334,0.003558747776959605,0.0026666666666666666,0.0028905083006157046,0.010666666666666668,0.0006682394763439002
rh_superiorfrontal -- rh_superiortemporal,0.013333333333333334,0.003967249380813913,0.0026666666666666666,0.002400648640456302,0.010666666666666668,0.0015666007403576112
lh_lingual -- rh_postcentral,0.02,0.003314423158060352,0.010666666666666666,0.002866472033731067,0.009333333333333334,0.00044795112432928497
lh_lingual -- rh_supramarginal,0.02,0.0038792598371694153,0.010666666666666666,0.0034474493395361965,0.009333333333333334,0.00043181049763321884
lh_superiorparietal -- rh_parahippocampal,0.02,0.0029527655860242096,0.010666666666666666,0.0031452974325665807,0.009333333333333334,-0.00019253184654237105
lh_paracentral -- rh_posteriorcingulate,0.02,0.0027975307197688447,0.010666666666666666,0.0026909637377065766,0.009333333333333334,0.00010656698206226809
lh_entorhinal -- rh_cuneus,0.02,0.0035208528875018213,0.010666666666666666,0.0028341356410076127,0.009333333333333334,0.0006867172464942086
lh_rostralanteriorcingulate -- lh_transversetemporal,0.02,0.00581722171592882,0.010666666666666666,0.0027306771492294686,0.009333333333333334,0.003086544566699351
lh_parsopercularis -- rh_precentral,0.02,0.0033536219988757497,0.010666666666666666,0.0029322936502927345,0.009333333333333334,0.0004213283485830152
rh_cuneus -- rh_entorhinal,0.02,0.0033175367724719777,0.010666666666666666,0.0023615298533334376,0.009333333333333334,0.0009560069191385401
lh_parahippocampal -- rh_cuneus,0.02,0.0038954477802439313,0.010666666666666666,0.0028267145992564606,0.009333333333333334,0.0010687331809874708
lh_rostralanteriorcingulate -- rh_postcentral,0.02,0.002514430518524575,0.010666666666666666,0.0022762036521517337,0.009333333333333334,0.00023822686637284133
lh_pericalcarine -- lh_posteriorcingulate,0.02,0.00237695105034234,0.010666666666666666,0.0022540072434242124,0.009333333333333334,0.00012294380691812773
rh_inferiortemporal -- rh_insula,0.02,0.004232197564497586,0.010666666666666666,0.0026595676214306277,0.009333333333333334,0.0015726299430669582
rh_parsorbitalis -- rh_precuneus,0.02,0.003151000629624541,0.010666666666666666,0.0024435629909314513,0.009333333333333334,0.0007074376386930897
lh_bankssts -- rh_insula,0.02,0.0033799132196856677,0.010666666666666666,0.0026325404428908777,0.009333333333333334,0.00074737277679479
lh_parstriangularis -- rh_superiorfrontal,0.02,0.002918339447485206,0.010666666666666666,0.003143288365576805,0.009333333333333334,-0.00022494891809159926
lh_pericalcarine -- rh_parstriangularis,0.02,0.0047830688620271854,0.010666666666666666,0.00281269071600508,0.009333333333333334,0.0019703781460221055
lh_parstriangularis -- rh_pericalcarine,0.02,0.0031523327606174305,0.010666666666666666,0.002708684996001606,0.009333333333333334,0.00044364776461582435
rh_parahippocampal -- rh_rostralmiddlefrontal,0.02,0.003054464179122845,0.010666666666666666,0.0031381139134356805,0.009333333333333334,-8.364973431283567e-05
lh_inferiorparietal -- rh_postcentral,0.04666666666666667,0.00367696685968419,0.037333333333333336,0.003313579559372335,0.009333333333333332,0.000363387300311855
lh_lateraloccipital -- lh_rostralanteriorcingulate,0.04666666666666667,0.0032082602019414272,0.037333333333333336,0.003348564699910342,0.009333333333333332,-0.00014030449796891475
lh_insula -- rh_caudalmiddlefrontal,0.03333333333333333,0.0035527378766446738,0.024,0.003315949290147409,0.009333333333333332,0.00023678858649726475
lh_precuneus -- rh_precuneus,0.06,0.0037271227265671496,0.050666666666666665,0.0037695366936293566,0.009333333333333332,-4.241396706220705e-05
lh_parsopercularis -- rh_caudalmiddlefrontal,0.013333333333333334,0.003115150281084443,0.005333333333333333,0.002901618563154538,0.008,0.00021353171792990507
lh_superiorfrontal -- rh_caudalanteriorcingulate,0.013333333333333334,0.0025921359112149327,0.005333333333333333,0.0027296183803240917,0.008,-0.00013748246910915904
rh_parstriangularis -- rh_superiortemporal,0.013333333333333334,0.0035185478913948454,0.005333333333333333,0.0026624949903245715,0.008,0.0008560529010702739
rh_isthmuscingulate -- rh_pericalcarine,0.013333333333333334,0.002826702708661165,0.005333333333333333,0.0031240732082536576,0.008,-0.00029737049959249274
lh_cuneus -- rh_lateralorbitofrontal,0.013333333333333334,0.0032336223840287405,0.005333333333333333,0.0032259946232790666,0.008,7.627760749673827e-06
rh_lateraloccipital -- rh_lingual,0.013333333333333334,0.0046838847942099505,0.005333333333333333,0.0024427075063086254,0.008,0.002241177287901325
lh_rostralmiddlefrontal -- lh_superiortemporal,0.013333333333333334,0.0030143013475772314,0.005333333333333333,0.0036376963011317508,0.008,-0.0006233949535545194
lh_caudalmiddlefrontal -- rh_middletemporal,0.02666666666666667,0.003232586024927254,0.018666666666666668,0.0031341262816393977,0.008,9.845974328785614e-05
lh_postcentral -- lh_supramarginal,0.02666666666666667,0.0031197212884879547,0.018666666666666668,0.0029489631871159536,0.008,0.0001707581013720011
lh_postcentral -- lh_precentral,0.013333333333333334,0.002688392095555529,0.005333333333333333,0.002664748229951503,0.008,2.3643865604026232e-05
rh_caudalanteriorcingulate -- rh_fusiform,0.013333333333333334,0.0032152703056681164,0.005333333333333333,0.0036102267138316225,0.008,-0.00039495640816350616
lh_lateraloccipital -- rh_inferiorparietal,0.05333333333333334,0.0035222843549676955,0.04533333333333334,0.0033094461198446674,0.008,0.00021283823512302817
lh_rostralanteriorcingulate -- rh_caudalanteriorcingulate,0.013333333333333334,0.0031542024338163193,0.005333333333333333,0.0031157065224446303,0.008,3.849591137168899e-05
lh_parahippocampal -- rh_lateraloccipital,0.02666666666666667,0.0032617535611893416,0.018666666666666668,0.003232743890531055,0.008,2.9009670658286697e-05
lh_posteriorcingulate -- rh_lateralorbitofrontal,0.013333333333333334,0.0028788920512617215,0.005333333333333333,0.002768090141055158,0.008,0.00011080191020656355
lh_rostralanteriorcingulate -- rh_bankssts,0.013333333333333334,0.0029130291599047922,0.005333333333333333,0.0030798638207046596,0.008,-0.00016683466079986733
lh_supramarginal -- rh_parahippocampal,0.02666666666666667,0.0032940226254161145,0.018666666666666668,0.0031021495895960567,0.008,0.00019187303582005781
rh_middletemporal -- rh_parahippocampal,0.013333333333333334,0.004256944781227056,0.005333333333333333,0.003069893304262388,0.008,0.0011870514769646676
lh_parsopercularis -- lh_superiorfrontal,0.013333333333333334,0.0035806657790518966,0.005333333333333333,0.002879899290322104,0.008,0.0007007664887297925
lh_superiortemporal -- rh_rostralmiddlefrontal,0.013333333333333334,0.0031218669977586527,0.005333333333333333,0.0029835691762619913,0.008,0.0001382978214966614
lh_lateralorbitofrontal -- lh_middletemporal,0.013333333333333334,0.003341173548859842,0.005333333333333333,0.0029351312840667733,0.008,0.00040604226479306867
lh_inferiorparietal -- rh_parahippocampal,0.013333333333333334,0.0028378260028137786,0.005333333333333333,0.002937555029208573,0.008,-9.972902639479456e-05
lh_lateralorbitofrontal -- lh_pericalcarine,0.013333333333333334,0.003429973137814969,0.005333333333333333,0.003269301080016326,0.008,0.00016067205779864277
lh_superiorparietal -- rh_parsopercularis,0.02666666666666667,0.0031828833184386353,0.018666666666666668,0.003112112254859546,0.008,7.077106357908933e-05
lh_paracentral -- rh_middletemporal,0.013333333333333334,0.003211483197551182,0.005333333333333333,0.002845341492145226,0.008,0.0003661417054059558
rh_parahippocampal -- rh_postcentral,0.013333333333333334,0.0027984658462168123,0.005333333333333333,0.0028701332050436634,0.008,-7.166735882685113e-05
lh_medialorbitofrontal -- rh_temporalpole,0.013333333333333334,0.003193093238842854,0.005333333333333333,0.0028818692159645006,0.008,0.00031122402287835343
lh_posteriorcingulate -- lh_superiortemporal,0.02666666666666667,0.002940844454767059,0.018666666666666668,0.0029966721129225707,0.008,-5.582765815551191e-05
lh_precuneus -- rh_precentral,0.013333333333333334,0.004314525154329067,0.005333333333333333,0.002411365721881244,0.008,0.0019031594324478234
rh_bankssts -- rh_medialorbitofrontal,0.013333333333333334,0.0028064551803759033,0.005333333333333333,0.002770659602432281,0.008,3.579557794362214e-05
lh_parsopercularis -- lh_superiorparietal,0.013333333333333334,0.0027632319299433507,0.005333333333333333,0.003091771412583921,0.008,-0.0003285394826405704
lh_insula -- rh_paracentral,0.013333333333333334,0.0029805352938294606,0.005333333333333333,0.0023937437835709697,0.008,0.000586791510258491
lh_cuneus -- lh_inferiorparietal,0.013333333333333334,0.004480317913351672,0.005333333333333333,0.00278245857809412,0.008,0.001697859335257552
lh_fusiform -- lh_middletemporal,0.013333333333333334,0.00365918820832441,0.005333333333333333,0.0029118073882628067,0.008,0.0007473808200616034
lh_paracentral -- lh_parahippocampal,0.013333333333333334,0.00306990709192397,0.005333333333333333,0.0030196763863539295,0.008,5.0230705570040394e-05
lh_superiorparietal -- rh_superiorparietal,0.04666666666666667,0.0034616170900990395,0.04,0.003406553752268632,0.006666666666666668,5.506333783040747e-05
lh_caudalmiddlefrontal -- lh_parstriangularis,0.04666666666666667,0.0036773144422241506,0.04,0.0034943848707045594,0.006666666666666668,0.00018292957151959128
rh_posteriorcingulate -- rh_superiorfrontal,0.006666666666666667,0.0015488420561907315,0.0,0.0019179247048335603,0.006666666666666667,-0.00036908264864282886
lh_parsorbitalis -- rh_caudalmiddlefrontal,0.006666666666666667,0.0028567324789308796,0.0,0.0021767641727888217,0.006666666666666667,0.0006799683061420579
lh_parstriangularis -- rh_precuneus,0.006666666666666667,0.0023744642431632085,0.0,0.0025219433756600166,0.006666666666666667,-0.00014747913249680807
lh_fusiform -- rh_parsopercularis,0.006666666666666667,0.0028376068270467205,0.0,0.0023008716519876296,0.006666666666666667,0.0005367351750590909
lh_inferiorparietal -- lh_superiorfrontal,0.006666666666666667,0.0024140062866065313,0.0,0.0019369982446947878,0.006666666666666667,0.0004770080419117435
lh_parsorbitalis -- rh_fusiform,0.006666666666666667,0.0024999428036713203,0.0,0.0027676272246907004,0.006666666666666667,-0.0002676844210193802
rh_fusiform -- rh_paracentral,0.006666666666666667,0.0026040303472971153,0.0,0.002283005471035734,0.006666666666666667,0.0003210248762613812
rh_medialorbitofrontal -- rh_parsorbitalis,0.006666666666666667,0.002602711843241633,0.0,0.0029116963801004013,0.006666666666666667,-0.0003089845368587684
rh_parstriangularis -- rh_precuneus,0.006666666666666667,0.0027601326881377414,0.0,0.002673189915019591,0.006666666666666667,8.694277311815024e-05
lh_paracentral -- rh_lateraloccipital,0.006666666666666667,0.002438673224130484,0.0,0.0026465823848744506,0.006666666666666667,-0.0002079091607439668
lh_entorhinal -- lh_parstriangularis,0.006666666666666667,0.0024778402311796833,0.0,0.001578072227547917,0.006666666666666667,0.0008997680036317663
lh_frontalpole -- rh_paracentral,0.006666666666666667,0.0021756175236583635,0.0,0.001459943904671105,0.006666666666666667,0.0007156736189872586
lh_caudalmiddlefrontal -- rh_temporalpole,0.006666666666666667,0.002016498928479103,0.0,0.0016500086950430193,0.006666666666666667,0.00036649023343608353
lh_precentral -- rh_fusiform,0.006666666666666667,0.0048073736828377735,0.0,0.0027986246175187674,0.006666666666666667,0.002008749065319006
lh_insula -- lh_rostralmiddlefrontal,0.006666666666666667,0.0022754679962267194,0.0,0.0018547779734465033,0.006666666666666667,0.0004206900227802161
rh_fusiform -- rh_superiortemporal,0.006666666666666667,0.0022228124510979877,0.0,0.0016577252211378117,0.006666666666666667,0.000565087229960176
rh_fusiform -- rh_parsopercularis,0.006666666666666667,0.004245456679252839,0.0,0.003078751805697145,0.006666666666666667,0.0011667048735556937
lh_frontalpole -- lh_inferiortemporal,0.006666666666666667,0.0014290988381846208,0.0,0.0023979067045164578,0.006666666666666667,-0.0009688078663318369
lh_entorhinal -- rh_pericalcarine,0.006666666666666667,0.005884153833198867,0.0,0.001553920510287699,0.006666666666666667,0.0043302333229111685
rh_entorhinal -- rh_inferiortemporal,0.006666666666666667,0.0027499483360804936,0.0,0.0017035693035786685,0.006666666666666667,0.001046379032501825
lh_fusiform -- rh_inferiorparietal,0.006666666666666667,0.004296147477844078,0.0,0.003313679144101782,0.006666666666666667,0.0009824683337422957
lh_fusiform -- rh_entorhinal,0.006666666666666667,0.003419777872007737,0.0,0.0020099237110616374,0.006666666666666667,0.0014098541609460996
lh_lingual -- lh_pericalcarine,0.006666666666666667,0.003053676121025837,0.0,0.0015992478349461988,0.006666666666666667,0.001454428286079638
lh_lateralorbitofrontal -- rh_entorhinal,0.006666666666666667,0.0030815344028846227,0.0,0.0018539414129764686,0.006666666666666667,0.0012275929899081542
lh_rostralmiddlefrontal -- rh_paracentral,0.006666666666666667,0.0028220880303389158,0.0,0.002550554563348696,0.006666666666666667,0.00027153346699021995
rh_cuneus -- rh_insula,0.006666666666666667,0.003076168712000255,0.0,0.0028241903488152257,0.006666666666666667,0.0002519783631850293
lh_fusiform -- rh_parahippocampal,0.006666666666666667,0.003459839389847262,0.0,0.0014296859002279865,0.006666666666666667,0.0020301534896192755
lh_rostralmiddlefrontal -- rh_cuneus,0.006666666666666667,0.0026621433772585886,0.0,0.002467872531730213,0.006666666666666667,0.00019427084552837547
lh_lateralorbitofrontal -- lh_precentral,0.006666666666666667,0.002546930446555121,0.0,0.0027872118037675243,0.006666666666666667,-0.00024028135721240306
lh_lateralorbitofrontal -- lh_parsopercularis,0.006666666666666667,0.003017750186487769,0.0,0.0026382050210229787,0.006666666666666667,0.0003795451654647901
lh_rostralmiddlefrontal -- rh_lateralorbitofrontal,0.006666666666666667,0.0024014012074156064,0.0,0.0023707709028717556,0.006666666666666667,3.063030454385088e-05
lh_bankssts -- lh_postcentral,0.006666666666666667,0.003238267503717801,0.0,0.002377605038083909,0.006666666666666667,0.000860662465633892
lh_bankssts -- lh_lateraloccipital,0.006666666666666667,0.0031054635172975964,0.0,0.0020313594310591714,0.006666666666666667,0.001074104086238425
lh_bankssts -- lh_inferiorparietal,0.006666666666666667,0.0029403643528762213,0.0,0.0015520263642000494,0.006666666666666667,0.0013883379886761719
lh_bankssts -- lh_medialorbitofrontal,0.006666666666666667,0.0027933177983216918,0.0,0.0028866922955192095,0.006666666666666667,-9.337449719751777e-05
rh_insula -- rh_supramarginal,0.006666666666666667,0.0028677363207423538,0.0,0.0015367926371711695,0.006666666666666667,0.0013309436835711843
lh_lingual -- rh_pericalcarine,0.006666666666666667,0.0016081056855127207,0.0,0.0016023200240964125,0.006666666666666667,5.7856614163081296e-06
lh_rostralmiddlefrontal -- rh_parstriangularis,0.006666666666666667,0.0027170820133452303,0.0,0.002427332518587231,0.006666666666666667,0.0002897494947579995
lh_lateralorbitofrontal -- rh_superiorfrontal,0.006666666666666667,0.0017030677626414656,0.0,0.0027932559666998995,0.006666666666666667,-0.001090188204058434
lh_superiorfrontal -- rh_lateralorbitofrontal,0.006666666666666667,0.0016860064664527103,0.0,0.001890145830733378,0.006666666666666667,-0.00020413936428066758
lh_superiorfrontal -- rh_paracentral,0.006666666666666667,0.0025382235735383818,0.0,0.0024336028205468527,0.006666666666666667,0.00010462075299152909
rh_insula -- rh_superiortemporal,0.006666666666666667,0.0031967385167836096,0.0,0.0025824951665163152,0.006666666666666667,0.0006142433502672943
lh_paracentral -- rh_frontalpole,0.006666666666666667,0.0036757499952269255,0.0,0.0024440465801964474,0.006666666666666667,0.001231703415030478
rh_medialorbitofrontal -- rh_parsopercularis,0.006666666666666667,0.0024203710713063147,0.0,0.002601219426663154,0.006666666666666667,-0.0001808483553568394
rh_lateralorbitofrontal -- rh_superiorfrontal,0.006666666666666667,0.001722171466339151,0.0,0.001968676282174285,0.006666666666666667,-0.0002465048158351341
lh_isthmuscingulate -- rh_parsopercularis,0.006666666666666667,0.003543406922266138,0.0,0.002129738455293822,0.006666666666666667,0.0014136684669723157
lh_transversetemporal -- rh_middletemporal,0.006666666666666667,0.008565540978362417,0.0,0.0020107383656229145,0.006666666666666667,0.0065548026127395026
lh_supramarginal -- rh_inferiortemporal,0.006666666666666667,0.0036809506595677087,0.0,0.002620955531663942,0.006666666666666667,0.0010599951279037668
rh_bankssts -- rh_transversetemporal,0.006666666666666667,0.004870071568622809,0.0,0.0022504959103170578,0.006666666666666667,0.002619575658305751
rh_inferiortemporal -- rh_medialorbitofrontal,0.006666666666666667,0.0034758710980642197,0.0,0.0029105928287862294,0.006666666666666667,0.0005652782692779903
lh_precentral -- rh_transversetemporal,0.006666666666666667,0.0028114657954865186,0.0,0.001588399780956433,0.006666666666666667,0.0012230660145300856
lh_middletemporal -- rh_medialorbitofrontal,0.006666666666666667,0.003110280759017969,0.0,0.0028483163754741774,0.006666666666666667,0.0002619643835437917
lh_frontalpole -- lh_superiortemporal,0.006666666666666667,0.0018889884920708076,0.0,0.0018860989071260192,0.006666666666666667,2.889584944788413e-06
lh_inferiortemporal -- rh_precuneus,0.006666666666666667,0.003813238787195237,0.0,0.0016314326640741895,0.006666666666666667,0.0021818061231210478
lh_inferiortemporal -- lh_lateralorbitofrontal,0.006666666666666667,0.0033423312311147597,0.0,0.0027983503662960436,0.006666666666666667,0.0005439808648187161
lh_parsopercularis -- lh_posteriorcingulate,0.006666666666666667,0.004563741739545588,0.0,0.0031296225205341486,0.006666666666666667,0.001434119219011439
lh_supramarginal -- rh_parsopercularis,0.006666666666666667,0.0026411598416652936,0.0,0.002626460336689355,0.006666666666666667,1.469950497593863e-05
lh_rostralanteriorcingulate -- rh_isthmuscingulate,0.006666666666666667,0.003056947679709214,0.0,0.003487943767363852,0.006666666666666667,-0.0004309960876546382
lh_medialorbitofrontal -- rh_paracentral,0.006666666666666667,0.0026348801559153198,0.0,0.001865531766755045,0.006666666666666667,0.0007693483891602747
rh_caudalmiddlefrontal -- rh_lateralorbitofrontal,0.006666666666666667,0.0037554709622785085,0.0,0.002504296770913298,0.006666666666666667,0.0012511741913652104
rh_caudalmiddlefrontal -- rh_lateraloccipital,0.006666666666666667,0.0023660325206085,0.0,0.002527778644887935,0.006666666666666667,-0.0001617461242794352
lh_precentral -- rh_superiortemporal,0.006666666666666667,0.004216694511229338,0.0,0.002266889324487955,0.006666666666666667,0.0019498051867413834
rh_lateralorbitofrontal -- rh_parsopercularis,0.006666666666666667,0.004638602031374884,0.0,0.002007824308161233,0.006666666666666667,0.002630777723213651
rh_inferiorparietal -- rh_isthmuscingulate,0.006666666666666667,0.0037292530671793576,0.0,0.0028439356746406993,0.006666666666666667,0.0008853173925386583
lh_bankssts -- lh_isthmuscingulate,0.02,0.0030491608197778944,0.013333333333333334,0.00332471772473505,0.006666666666666666,-0.00027555690495715537
rh_medialorbitofrontal -- rh_parstriangularis,0.02,0.004621419012802348,0.013333333333333334,0.0035140867797068907,0.006666666666666666,0.001107332233095457
lh_middletemporal -- lh_parstriangularis,0.02,0.003339912418759191,0.013333333333333334,0.0029956503434086556,0.006666666666666666,0.0003442620753505354
lh_lateraloccipital -- rh_rostralanteriorcingulate,0.02,0.0028848856975570592,0.013333333333333334,0.0028766085061198484,0.006666666666666666,8.277191437210812e-06
lh_postcentral -- rh_supramarginal,0.02,0.0035783182469555416,0.013333333333333334,0.002965487648997065,0.006666666666666666,0.0006128305979584765
lh_insula -- lh_superiortemporal,0.02,0.002974700563571491,0.013333333333333334,0.0025840519655290157,0.006666666666666666,0.0003906485980424753
rh_parahippocampal -- rh_superiorparietal,0.02,0.0030542944703309534,0.013333333333333334,0.003115908791345808,0.006666666666666666,-6.161432101485466e-05
lh_precentral -- rh_postcentral,0.02,0.0029142212896200994,0.013333333333333334,0.0022890798672977426,0.006666666666666666,0.0006251414223223568
lh_transversetemporal -- rh_parsopercularis,0.02,0.004268378680283647,0.013333333333333334,0.0032154237240868007,0.006666666666666666,0.0010529549561968461
lh_cuneus -- lh_lateralorbitofrontal,0.02,0.003645355855428807,0.013333333333333334,0.004054000080068745,0.006666666666666666,-0.00040864422463993827
lh_bankssts -- lh_inferiortemporal,0.02,0.0031105860802036014,0.013333333333333334,0.0033383345355760706,0.006666666666666666,-0.00022774845537246917
lh_lingual -- lh_parsorbitalis,0.02,0.0028705416698912947,0.013333333333333334,0.0037251865537956063,0.006666666666666666,-0.0008546448839043116
lh_rostralmiddlefrontal -- rh_parahippocampal,0.03333333333333333,0.0034311181467117442,0.02666666666666667,0.003227780637102742,0.0066666666666666645,0.00020333750960900218
lh_postcentral -- lh_superiorparietal,0.03333333333333333,0.003108030351316559,0.02666666666666667,0.0033688559735426398,0.0066666666666666645,-0.0002608256222260807
lh_insula -- rh_parahippocampal,0.03333333333333333,0.0029680348825440682,0.02666666666666667,0.0035222782621064704,0.0066666666666666645,-0.0005542433795624022
lh_lingual -- rh_lingual,0.09333333333333334,0.0041747780944583375,0.088,0.004059576809829829,0.005333333333333343,0.0001152012846285088
lh_caudalanteriorcingulate -- rh_parstriangularis,0.02666666666666667,0.003124302926223131,0.021333333333333333,0.0031350683240575893,0.005333333333333336,-1.0765397834458339e-05
lh_lateraloccipital -- rh_lateraloccipital,0.05333333333333334,0.003665853368053015,0.048,0.0036926011690333184,0.005333333333333336,-2.6747800980303493e-05
lh_postcentral -- rh_postcentral,0.05333333333333334,0.003525438543091747,0.048,0.0034441365085602104,0.005333333333333336,8.13020345315366e-05
lh_caudalanteriorcingulate -- lh_caudalmiddlefrontal,0.02666666666666667,0.003441973477494708,0.021333333333333333,0.003243707399886023,0.005333333333333336,0.000198266077608685
lh_bankssts -- rh_caudalmiddlefrontal,0.02666666666666667,0.0032723711156998053,0.021333333333333333,0.0033035818880362846,0.005333333333333336,-3.1210772336479325e-05
lh_insula -- rh_superiorfrontal,0.05333333333333334,0.0035134755222143827,0.048,0.0034861597104185976,0.005333333333333336,2.7315811795785086e-05
lh_parahippocampal -- lh_parsopercularis,0.02666666666666667,0.0034103317163797255,0.021333333333333333,0.0030607570459932863,0.005333333333333336,0.00034957467038643913
rh_caudalanteriorcingulate -- rh_superiortemporal,0.02666666666666667,0.0028561319556230282,0.021333333333333333,0.0031432725030931803,0.005333333333333336,-0.0002871405474701521
lh_supramarginal -- rh_rostralanteriorcingulate,0.02666666666666667,0.002579948116263459,0.021333333333333333,0.0029935868894409613,0.005333333333333336,-0.0004136387731775025
lh_lingual -- rh_entorhinal,0.04,0.003586673464948915,0.034666666666666665,0.003445648274084445,0.005333333333333336,0.00014102519086446998
lh_frontalpole -- lh_temporalpole,0.02666666666666667,0.003403179919021661,0.021333333333333333,0.0029888572196008216,0.005333333333333336,0.00041432269942083934
rh_rostralanteriorcingulate -- rh_superiorparietal,0.013333333333333334,0.002604353128404687,0.008,0.002643478774678025,0.005333333333333334,-3.912564627333833e-05
lh_parstriangularis -- lh_rostralmiddlefrontal,0.013333333333333334,0.0027090895641932533,0.008,0.0029110179940646974,0.005333333333333334,-0.0002019284298714441
lh_lingual -- rh_lateralorbitofrontal,0.013333333333333334,0.004425560392635019,0.008,0.0030683454937617555,0.005333333333333334,0.0013572148988732638
lh_cuneus -- lh_parsorbitalis,0.013333333333333334,0.0019520605583382864,0.008,0.0022435100433298365,0.005333333333333334,-0.00029144948499155
lh_lateralorbitofrontal -- rh_bankssts,0.013333333333333334,0.00280457941002526,0.008,0.0024752570244794573,0.005333333333333334,0.0003293223855458027
lh_superiortemporal -- rh_inferiortemporal,0.013333333333333334,0.003373552672765968,0.008,0.0030449479284669167,0.005333333333333334,0.00032860474429905135
lh_parsopercularis -- rh_inferiortemporal,0.013333333333333334,0.006736913937895483,0.008,0.006214081360134945,0.005333333333333334,0.0005228325777605382
rh_middletemporal -- rh_pericalcarine,0.013333333333333334,0.002599925934663487,0.008,0.0028427902252341135,0.005333333333333334,-0.00024286429057062634
rh_superiorfrontal -- rh_supramarginal,0.013333333333333334,0.0024910481071461045,0.008,0.0025754920216441834,0.005333333333333334,-8.444391449807884e-05
lh_parstriangularis -- lh_precentral,0.013333333333333334,0.002968503152721591,0.008,0.0029866096129183024,0.005333333333333334,-1.8106460196711405e-05
lh_rostralanteriorcingulate -- rh_lateralorbitofrontal,0.013333333333333334,0.0036427008077882994,0.008,0.002914070312831764,0.005333333333333334,0.0007286304949565355
lh_isthmuscingulate -- rh_parstriangularis,0.013333333333333334,0.003359929356270942,0.008,0.00310297787081002,0.005333333333333334,0.0002569514854609224
lh_caudalmiddlefrontal -- rh_parstriangularis,0.013333333333333334,0.0032041012287645997,0.008,0.0033532196998609415,0.005333333333333334,-0.0001491184710963418
lh_inferiortemporal -- rh_insula,0.013333333333333334,0.0028435490281494397,0.008,0.0024126792781255612,0.005333333333333334,0.00043086975002387846
lh_parahippocampal -- lh_postcentral,0.013333333333333334,0.002620770635360942,0.008,0.0030070459511465017,0.005333333333333334,-0.00038627531578555975
lh_parahippocampal -- rh_transversetemporal,0.013333333333333334,0.004424906224493123,0.008,0.0033007302902688714,0.005333333333333334,0.0011241759342242516
lh_posteriorcingulate -- rh_fusiform,0.013333333333333334,0.004351556663524972,0.008,0.0037978057014005874,0.005333333333333334,0.0005537509621243849
lh_entorhinal -- lh_inferiorparietal,0.013333333333333334,0.0038852997833182692,0.008,0.0029647555527366506,0.005333333333333334,0.0009205442305816186
lh_isthmuscingulate -- rh_frontalpole,0.013333333333333334,0.0030606131397762624,0.008,0.002929115161113682,0.005333333333333334,0.0001314979786625806
lh_paracentral -- rh_medialorbitofrontal,0.013333333333333334,0.0034391193466526636,0.008,0.0029322442105063815,0.005333333333333334,0.0005068751361462821
rh_parsopercularis -- rh_superiorparietal,0.013333333333333334,0.002695114365391998,0.008,0.0030026686541027026,0.005333333333333334,-0.00030755428871070446
rh_precentral -- rh_superiorfrontal,0.013333333333333334,0.0028004704120095734,0.008,0.00293909981163787,0.005333333333333334,-0.00013862939962829652
rh_lingual -- rh_precentral,0.013333333333333334,0.0037497353559989037,0.008,0.003216430019403986,0.005333333333333334,0.0005333053365949177
lh_fusiform -- lh_paracentral,0.013333333333333334,0.003927322058598617,0.008,0.003112889386113812,0.005333333333333334,0.0008144326724848047
rh_lateralorbitofrontal -- rh_temporalpole,0.013333333333333334,0.0026186326389533183,0.008,0.00326801625008197,0.005333333333333334,-0.0006493836111286519
rh_inferiortemporal -- rh_parstriangularis,0.013333333333333334,0.004097083525468835,0.008,0.0031872375334167894,0.005333333333333334,0.0009098459920520454
lh_parstriangularis -- lh_pericalcarine,0.013333333333333334,0.0035694007323840765,0.008,0.0028128894107786713,0.005333333333333334,0.0007565113216054051
rh_parahippocampal -- rh_posteriorcingulate,0.013333333333333334,0.0037173613203417594,0.008,0.0033429054928107663,0.005333333333333334,0.00037445582753099305
rh_inferiorparietal -- rh_parstriangularis,0.013333333333333334,0.002495626746262373,0.008,0.00328823714755029,0.005333333333333334,-0.000792610401287917
lh_caudalanteriorcingulate -- rh_parahippocampal,0.013333333333333334,0.004123041023085394,0.008,0.0031819166974300004,0.005333333333333334,0.0009411243256553935
lh_parsorbitalis -- rh_cuneus,0.013333333333333334,0.0017779813491478392,0.008,0.002270471223405939,0.005333333333333334,-0.0004924898742581
lh_inferiorparietal -- lh_lateralorbitofrontal,0.013333333333333334,0.003931128947005611,0.008,0.0031282072146583476,0.005333333333333334,0.0008029217323472634
lh_parstriangularis -- rh_superiortemporal,0.013333333333333334,0.00314636577470698,0.008,0.002722140573749709,0.005333333333333334,0.0004242252009572711
lh_pericalcarine -- rh_caudalanteriorcingulate,0.013333333333333334,0.002132050993897637,0.008,0.0030633832195785036,0.005333333333333334,-0.0009313322256808668
lh_pericalcarine -- rh_paracentral,0.013333333333333334,0.004484533733747288,0.008,0.003274193281640265,0.005333333333333334,0.0012103404521070235
lh_parstriangularis -- rh_transversetemporal,0.013333333333333334,0.005689474297141165,0.008,0.00443009020625628,0.005333333333333334,0.0012593840908848852
rh_pericalcarine -- rh_precuneus,0.006666666666666667,0.0016922353702438456,0.0026666666666666666,0.0018327439222879244,0.004,-0.00014050855204407876
lh_bankssts -- rh_superiorfrontal,0.006666666666666667,0.002387037117858813,0.0026666666666666666,0.0019298440671072076,0.004,0.00045719305075160523
lh_caudalmiddlefrontal -- lh_parahippocampal,0.006666666666666667,0.0023525645398668046,0.0026666666666666666,0.0027780700880503284,0.004,-0.0004255055481835238
rh_parsopercularis -- rh_supramarginal,0.006666666666666667,0.002696424266345771,0.0026666666666666666,0.003050391590856722,0.004,-0.00035396732451095083
lh_parsorbitalis -- rh_middletemporal,0.006666666666666667,0.0014617969508663204,0.0026666666666666666,0.002420994998259727,0.004,-0.0009591980473934068
lh_entorhinal -- lh_postcentral,0.006666666666666667,0.0022865296367409007,0.0026666666666666666,0.0015004343636376208,0.004,0.0007860952731032799
lh_parsorbitalis -- rh_superiortemporal,0.006666666666666667,0.0026205133856466918,0.0026666666666666666,0.0022892773257860736,0.004,0.00033123605986061814
lh_inferiorparietal -- lh_parsorbitalis,0.006666666666666667,0.002437305792774983,0.0026666666666666666,0.006410426455717971,0.004,-0.003973120662942987
rh_entorhinal -- rh_supramarginal,0.02,0.005674886712934709,0.016,0.0034584330315966427,0.004,0.0022164536813380664
rh_precentral -- rh_supramarginal,0.006666666666666667,0.0029858588814012698,0.0026666666666666666,0.0021919273782352528,0.004,0.000793931503166017
lh_bankssts -- lh_pericalcarine,0.006666666666666667,0.0023025104733979274,0.0026666666666666666,0.0016754662878275604,0.004,0.000627044185570367
rh_parsopercularis -- rh_superiortemporal,0.006666666666666667,0.0033878122815054006,0.0026666666666666666,0.0029824880430429587,0.004,0.00040532423846244194
rh_parahippocampal -- rh_precentral,0.02,0.0030775605624892076,0.016,0.003171588999170976,0.004,-9.402843668176834e-05
rh_inferiortemporal -- rh_parsopercularis,0.006666666666666667,0.005322731820759394,0.0026666666666666666,0.0028598753828292718,0.004,0.0024628564379301225
rh_inferiortemporal -- rh_paracentral,0.02,0.003282320420102284,0.016,0.003081120065925696,0.004,0.00020120035417658813
lh_caudalmiddlefrontal -- rh_precentral,0.006666666666666667,0.0025905938393502386,0.0026666666666666666,0.0026015953637366323,0.004,-1.1001524386393749e-05
rh_lateralorbitofrontal -- rh_transversetemporal,0.006666666666666667,0.004306819039845778,0.0026666666666666666,0.0044885840727609165,0.004,-0.0001817650329151389
lh_insula -- rh_parsopercularis,0.03333333333333333,0.0037224094901354694,0.029333333333333333,0.003117501922382852,0.004,0.0006049075677526175
lh_temporalpole -- rh_pericalcarine,0.006666666666666667,0.0018160875418858147,0.0026666666666666666,0.002155442859525236,0.004,-0.00033935531763942144
rh_lingual -- rh_parsorbitalis,0.006666666666666667,0.0025410598657074845,0.0026666666666666666,0.002076267958055733,0.004,0.0004647919076517515
rh_lateralorbitofrontal -- rh_rostralanteriorcingulate,0.006666666666666667,0.003626496588071424,0.0026666666666666666,0.0026812670845235273,0.004,0.0009452295035478966
rh_medialorbitofrontal -- rh_posteriorcingulate,0.006666666666666667,0.0013705665157735499,0.0026666666666666666,0.0025770169909956225,0.004,-0.0012064504752220726
lh_transversetemporal -- rh_paracentral,0.006666666666666667,0.006774500265390339,0.0026666666666666666,0.0016646008399095788,0.004,0.00510989942548076
lh_isthmuscingulate -- lh_supramarginal,0.006666666666666667,0.0031998684676933405,0.0026666666666666666,0.002812456160798491,0.004,0.00038741230689484955
lh_bankssts -- rh_pericalcarine,0.006666666666666667,0.0029045884704960506,0.0026666666666666666,0.00246273798372794,0.004,0.00044185048676811077
lh_entorhinal -- rh_medialorbitofrontal,0.02,0.003531636059807546,0.016,0.002873435832963391,0.004,0.0006582002268441548
lh_paracentral -- lh_rostralmiddlefrontal,0.006666666666666667,0.0028360114379185728,0.0026666666666666666,0.002854812384434117,0.004,-1.8800946515544134e-05
lh_paracentral -- rh_inferiortemporal,0.006666666666666667,0.0023981720650655515,0.0026666666666666666,0.0025661536058124127,0.004,-0.00016798154074686112
rh_lingual -- rh_superiorparietal,0.02,0.0041082943043272615,0.016,0.003010172502245755,0.004,0.0010981218020815063
rh_lateralorbitofrontal -- rh_postcentral,0.006666666666666667,0.0027760068998214757,0.0026666666666666666,0.002874298707577557,0.004,-9.829180775608112e-05
rh_lateralorbitofrontal -- rh_posteriorcingulate,0.006666666666666667,0.0026903557212959875,0.0026666666666666666,0.0030865013626694584,0.004,-0.0003961456413734709
lh_medialorbitofrontal -- rh_parsopercularis,0.006666666666666667,0.003201310785135859,0.0026666666666666666,0.0030191597428600265,0.004,0.00018215104227583233
lh_isthmuscingulate -- rh_inferiorparietal,0.006666666666666667,0.0033978517414434053,0.0026666666666666666,0.003631918527550802,0.004,-0.00023406678610739685
lh_inferiortemporal -- rh_entorhinal,0.006666666666666667,0.005427894078804986,0.0026666666666666666,0.002185868623497219,0.004,0.003242025455307767
lh_inferiortemporal -- rh_fusiform,0.006666666666666667,0.00220617400987253,0.0026666666666666666,0.002438650707887534,0.004,-0.000232476698015004
lh_inferiortemporal -- lh_superiorparietal,0.006666666666666667,0.0024346723609383718,0.0026666666666666666,0.00279993397486292,0.004,-0.0003652616139245483
lh_parsopercularis -- rh_posteriorcingulate,0.006666666666666667,0.004212631944679365,0.0026666666666666666,0.0027089003779707903,0.004,0.0015037315667085745
lh_medialorbitofrontal -- rh_postcentral,0.006666666666666667,0.0038004855067871875,0.0026666666666666666,0.0021034615536814454,0.004,0.001697023953105742
lh_middletemporal -- lh_parsopercularis,0.006666666666666667,0.003414691680182877,0.0026666666666666666,0.002650818918486326,0.004,0.000763872761696551
lh_pericalcarine -- rh_temporalpole,0.006666666666666667,0.0019463481187800137,0.0026666666666666666,0.002015821471233843,0.004,-6.947335245382916e-05
lh_inferiortemporal -- rh_medialorbitofrontal,0.006666666666666667,0.0026013629167676595,0.0026666666666666666,0.002464458283791015,0.004,0.00013690463297664438
lh_middletemporal -- rh_insula,0.006666666666666667,0.0028894063655052634,0.0026666666666666666,0.0016333348957517113,0.004,0.0012560714697535521
lh_posteriorcingulate -- lh_superiorfrontal,0.006666666666666667,0.002447184085879576,0.0026666666666666666,0.0023901213515176846,0.004,5.706273436189126e-05
rh_caudalanteriorcingulate -- rh_transversetemporal,0.006666666666666667,0.003540898508613677,0.0026666666666666666,0.0017004120810138058,0.004,0.0018404864275998712
rh_caudalanteriorcingulate -- rh_parstriangularis,0.02,0.0029174273184937784,0.016,0.0030124757697503573,0.004,-9.50484512565789e-05
lh_inferiortemporal -- rh_pericalcarine,0.006666666666666667,0.0016275651640192505,0.0026666666666666666,0.0027126215344918394,0.004,-0.0010850563704725888
lh_supramarginal -- rh_middletemporal,0.006666666666666667,0.003376872388042589,0.0026666666666666666,0.002340022244692787,0.004,0.0010368501433498018
lh_isthmuscingulate -- lh_precentral,0.006666666666666667,0.0019327280805304045,0.0026666666666666666,0.0037166677771145193,0.004,-0.0017839396965841148
lh_isthmuscingulate -- lh_rostralanteriorcingulate,0.006666666666666667,0.0033539184996465975,0.0026666666666666666,0.004093169487182405,0.004,-0.0007392509875358078
lh_insula -- rh_superiortemporal,0.006666666666666667,0.003658076078000116,0.0026666666666666666,0.0025817080628439764,0.004,0.0010763680151561397
lh_supramarginal -- rh_precuneus,0.006666666666666667,0.004145640251735616,0.0026666666666666666,0.002584929715924401,0.004,0.0015607105358112147
lh_supramarginal -- rh_fusiform,0.006666666666666667,0.0029861492234534697,0.0026666666666666666,0.00440922627098268,0.004,-0.0014230770475292106
lh_superiortemporal -- rh_superiortemporal,0.03333333333333333,0.0035016433837067526,0.029333333333333333,0.003368413124450775,0.004,0.0001332302592559776
lh_isthmuscingulate -- rh_rostralmiddlefrontal,0.006666666666666667,0.0027690003298811677,0.0026666666666666666,0.003446416658485949,0.004,-0.0006774163286047811
lh_precuneus -- rh_caudalmiddlefrontal,0.006666666666666667,0.004451381522268654,0.0026666666666666666,0.007303067555820352,0.004,-0.0028516860335516987
rh_caudalanteriorcingulate -- rh_inferiorparietal,0.006666666666666667,0.0030149200429590794,0.0026666666666666666,0.0018380531000564027,0.004,0.0011768669429026767
lh_insula -- rh_caudalanteriorcingulate,0.02,0.002961780351342247,0.016,0.0030211646529082472,0.004,-5.9384301566000035e-05
lh_bankssts -- lh_superiorfrontal,0.006666666666666667,0.002037726611351667,0.0026666666666666666,0.0022373976617385874,0.004,-0.00019967105038692055
rh_parstriangularis -- rh_transversetemporal,0.006666666666666667,0.0032242403502743674,0.0026666666666666666,0.0029740724990646454,0.004,0.000250167851209722
rh_postcentral -- rh_precentral,0.02,0.0027988877090116488,0.016,0.0025404172968046964,0.004,0.0002584704122069524
lh_parstriangularis -- lh_postcentral,0.006666666666666667,0.0026341717936132804,0.0026666666666666666,0.002548581673123858,0.004,8.559012048942223e-05
lh_superiorparietal -- rh_lateralorbitofrontal,0.006666666666666667,0.0035533372489966407,0.0026666666666666666,0.0023887282809867587,0.004,0.001164608968009882
lh_lingual -- rh_rostralmiddlefrontal,0.006666666666666667,0.002362942015233585,0.0026666666666666666,0.0022571319121855982,0.004,0.00010581010304798683
lh_superiorfrontal -- rh_superiorparietal,0.006666666666666667,0.0016659554478814194,0.0026666666666666666,0.0018708791871732524,0.004,-0.00020492373929183291
rh_cuneus -- rh_inferiorparietal,0.006666666666666667,0.0026568948832602106,0.0026666666666666666,0.0031625664568902838,0.004,-0.0005056715736300732
rh_isthmuscingulate -- rh_parsorbitalis,0.006666666666666667,0.002888947980450974,0.0026666666666666666,0.0030059893382048514,0.004,-0.00011704135775387732
lh_caudalanteriorcingulate -- rh_fusiform,0.006666666666666667,0.0024985653509713465,0.0026666666666666666,0.0021052188962063702,0.004,0.00039334645476497626
lh_fusiform -- lh_pericalcarine,0.006666666666666667,0.002308374503400934,0.0026666666666666666,0.0026527195784254265,0.004,-0.0003443450750244925
rh_insula -- rh_superiorparietal,0.006666666666666667,0.0019930354783003162,0.0026666666666666666,0.0018098900161815311,0.004,0.0001831454621187851
lh_lingual -- rh_parsorbitalis,0.006666666666666667,0.0020473529374041267,0.0026666666666666666,0.0026663635249101897,0.004,-0.000619010587506063
rh_frontalpole -- rh_posteriorcingulate,0.006666666666666667,0.0017682064122537672,0.0026666666666666666,0.0018512740745073753,0.004,-8.306766225360811e-05
rh_frontalpole -- rh_parstriangularis,0.006666666666666667,0.004691797660352366,0.0026666666666666666,0.0029193171308788857,0.004,0.0017724805294734801
lh_inferiorparietal -- rh_parstriangularis,0.006666666666666667,0.003148499583539469,0.0026666666666666666,0.002820114531727286,0.004,0.00032838505181218263
lh_rostralmiddlefrontal -- rh_caudalmiddlefrontal,0.006666666666666667,0.002429429701894134,0.0026666666666666666,0.0025585822910827627,0.004,-0.00012915258918862887
lh_rostralmiddlefrontal -- rh_medialorbitofrontal,0.006666666666666667,0.0032953455886527844,0.0026666666666666666,0.0028283454794625984,0.004,0.00046700010919018594
lh_lateralorbitofrontal -- lh_temporalpole,0.006666666666666667,0.0015837117802380628,0.0026666666666666666,0.003371336909474855,0.004,-0.0017876251292367924
lh_lateralorbitofrontal -- lh_superiorparietal,0.006666666666666667,0.0034585765651403413,0.0026666666666666666,0.002463046811333963,0.004,0.0009955297538063782
lh_entorhinal -- rh_fusiform,0.006666666666666667,0.002495235044256373,0.0026666666666666666,0.004098929674727632,0.004,-0.0016036946304712587
rh_frontalpole -- rh_paracentral,0.006666666666666667,0.002726526453839489,0.0026666666666666666,0.003228609177969161,0.004,-0.0005020827241296721
lh_medialorbitofrontal -- lh_rostralanteriorcingulate,0.006666666666666667,0.003713059730442642,0.0026666666666666666,0.002659253131984021,0.004,0.0010538065984586212
lh_rostralanteriorcingulate -- rh_transversetemporal,0.006666666666666667,0.003163913011282455,0.0026666666666666666,0.002344797275773044,0.004,0.0008191157355094108
lh_parahippocampal -- rh_medialorbitofrontal,0.006666666666666667,0.002804894040373662,0.0026666666666666666,0.0020610138798741475,0.004,0.0007438801604995144
lh_parahippocampal -- rh_parsopercularis,0.02,0.003072006500787874,0.016,0.003805918160870381,0.004,-0.0007339116600825072
lh_medialorbitofrontal -- rh_caudalanteriorcingulate,0.006666666666666667,0.0017206050221618308,0.0026666666666666666,0.0022683947831871796,0.004,-0.0005477897610253488
lh_parahippocampal -- rh_posteriorcingulate,0.006666666666666667,0.005199116880949155,0.0026666666666666666,0.0028701251591977967,0.004,0.002328991721751358
lh_inferiortemporal -- lh_isthmuscingulate,0.006666666666666667,0.0028076172568734822,0.0026666666666666666,0.002803401201138567,0.004,4.21605573491541e-06
lh_inferiortemporal -- lh_lingual,0.006666666666666667,0.003110361325117128,0.0026666666666666666,0.0031071873909679693,0.004,3.1739341491586123e-06
lh_paracentral -- rh_pericalcarine,0.006666666666666667,0.003767017974507443,0.0026666666666666666,0.002849360131620931,0.004,0.000917657842886512
lh_insula -- lh_medialorbitofrontal,0.006666666666666667,0.0030214204591626596,0.0026666666666666666,0.0032582859720773428,0.004,-0.00023686551291468311
rh_caudalmiddlefrontal -- rh_rostralmiddlefrontal,0.006666666666666667,0.0025429629269046027,0.0026666666666666666,0.0027026408820702563,0.004,-0.0001596779551656536
rh_cuneus -- rh_frontalpole,0.006666666666666667,0.0016152698837311008,0.0026666666666666666,0.0018188592592892241,0.004,-0.00020358937555812334
lh_inferiortemporal -- lh_superiortemporal,0.02,0.0034736705870636927,0.016,0.003073114806126825,0.004,0.0004005557809368676
lh_caudalmiddlefrontal -- rh_fusiform,0.006666666666666667,0.002289294589749751,0.0026666666666666666,0.0030008597860196663,0.004,-0.0007115651962699152
lh_entorhinal -- rh_postcentral,0.006666666666666667,0.0019529887655063388,0.0026666666666666666,0.0015460413104756532,0.004,0.0004069474550306856
lh_pericalcarine -- rh_supramarginal,0.006666666666666667,0.0030407745905642663,0.0026666666666666666,0.0019852651556209453,0.004,0.001055509434943321
lh_parsopercularis -- rh_fusiform,0.02,0.004664359742685039,0.016,0.005837021806981546,0.004,-0.001172662064296507
rh_middletemporal -- rh_superiorfrontal,0.006666666666666667,0.002282325343926026,0.0026666666666666666,0.0036389514328132137,0.004,-0.0013566260888871876
lh_entorhinal -- rh_supramarginal,0.02,0.005174385719325921,0.016,0.0032524468882273215,0.004,0.0019219388310985994
lh_bankssts -- lh_parsopercularis,0.006666666666666667,0.0034377420061380056,0.0026666666666666666,0.0030594127267255743,0.004,0.0003783292794124313
lh_parstriangularis -- lh_rostralanteriorcingulate,0.02,0.003680101159347618,0.016,0.0030233775186416486,0.004,0.0006567236407059693
rh_caudalmiddlefrontal -- rh_fusiform,0.006666666666666667,0.0034047133291772286,0.0026666666666666666,0.00263543094933259,0.004,0.0007692823798446384
lh_inferiorparietal -- lh_temporalpole,0.006666666666666667,0.0033571680120879754,0.0026666666666666666,0.003243625470835027,0.004,0.00011354254125294817
lh_inferiorparietal -- rh_entorhinal,0.006666666666666667,0.0024352905771442045,0.0026666666666666666,0.00281365390709514,0.004,-0.00037836332995093555
lh_inferiorparietal -- rh_cuneus,0.006666666666666667,0.0033692691160999984,0.0026666666666666666,0.003045114031361093,0.004,0.00032415508473890514
rh_parsorbitalis -- rh_temporalpole,0.05333333333333334,0.0031597359788358547,0.050666666666666665,0.0033044213513515074,0.0026666666666666713,-0.00014468537251565274
lh_lingual -- lh_precuneus,0.05333333333333334,0.004061887107283217,0.050666666666666665,0.003649509500959156,0.0026666666666666713,0.00041237760632406107
lh_parsopercularis -- lh_parstriangularis,0.013333333333333334,0.002409936830150671,0.010666666666666666,0.003750954938807032,0.002666666666666668,-0.001341018108656361
lh_inferiortemporal -- lh_paracentral,0.013333333333333334,0.0023507988823838174,0.010666666666666666,0.0028024167893455185,0.002666666666666668,-0.00045161790696170113
lh_transversetemporal -- rh_insula,0.02666666666666667,0.004287814069223085,0.024,0.003669445982106213,0.002666666666666668,0.0006183680871168717
rh_parstriangularis -- rh_supramarginal,0.013333333333333334,0.003698341541654656,0.010666666666666666,0.00300459844754219,0.002666666666666668,0.0006937430941124658
lh_parsorbitalis -- rh_precuneus,0.013333333333333334,0.002778075492255493,0.010666666666666666,0.0029704580082424346,0.002666666666666668,-0.0001923825159869416
lh_fusiform -- rh_supramarginal,0.013333333333333334,0.0037457415489708726,0.010666666666666666,0.004415223478955447,0.002666666666666668,-0.0006694819299845741
lh_parstriangularis -- rh_parstriangularis,0.02666666666666667,0.003717927720778402,0.024,0.0033036159398239493,0.002666666666666668,0.0004143117809544527
rh_rostralmiddlefrontal -- rh_supramarginal,0.013333333333333334,0.0027925707259302567,0.010666666666666666,0.0030232858697341095,0.002666666666666668,-0.00023071514380385277
rh_lateralorbitofrontal -- rh_superiortemporal,0.013333333333333334,0.0035451027689818704,0.010666666666666666,0.0022724649829903468,0.002666666666666668,0.0012726377859915237
lh_paracentral -- lh_parstriangularis,0.02666666666666667,0.004295705558401897,0.024,0.0031184611493115136,0.002666666666666668,0.0011772444090903836
lh_isthmuscingulate -- rh_caudalmiddlefrontal,0.02666666666666667,0.003543785810198613,0.024,0.0032784835789847655,0.002666666666666668,0.00026530223121384736
rh_precuneus -- rh_supramarginal,0.013333333333333334,0.003784310725037255,0.010666666666666666,0.003003701714599092,0.002666666666666668,0.0007806090104381632
rh_cuneus -- rh_temporalpole,0.013333333333333334,0.0017288978451133262,0.010666666666666666,0.0027107224263398177,0.002666666666666668,-0.0009818245812264915
lh_postcentral -- rh_precuneus,0.013333333333333334,0.0030984816057851553,0.010666666666666666,0.00314995699637204,0.002666666666666668,-5.147539058688493e-05
lh_parahippocampal -- rh_lingual,0.013333333333333334,0.0026943193801415165,0.010666666666666666,0.0030723938670065456,0.002666666666666668,-0.00037807448686502914
rh_lateraloccipital -- rh_precentral,0.02666666666666667,0.003064259014904246,0.024,0.0032802620850339794,0.002666666666666668,-0.00021600307012973339
lh_rostralanteriorcingulate -- lh_superiorparietal,0.013333333333333334,0.002544487304843409,0.010666666666666666,0.002981466374381463,0.002666666666666668,-0.0004369790695380538
rh_lateralorbitofrontal -- rh_parsorbitalis,0.013333333333333334,0.0027624592863091744,0.010666666666666666,0.0028114519487125312,0.002666666666666668,-4.8992662403356865e-05
lh_middletemporal -- rh_lateralorbitofrontal,0.013333333333333334,0.003485411834161396,0.010666666666666666,0.00289201210320917,0.002666666666666668,0.0005933997309522259
rh_caudalanteriorcingulate -- rh_isthmuscingulate,0.02666666666666667,0.0030494467794656994,0.024,0.0031640305287067415,0.002666666666666668,-0.00011458374924104217
lh_posteriorcingulate -- rh_pericalcarine,0.013333333333333334,0.0019084540297914484,0.010666666666666666,0.0023521402889205897,0.002666666666666668,-0.0004436862591291413
lh_parahippocampal -- rh_supramarginal,0.013333333333333334,0.0026749787433064344,0.010666666666666666,0.002869729551467701,0.002666666666666668,-0.00019475080816126668
lh_precuneus -- rh_supramarginal,0.013333333333333334,0.0038072809637210692,0.010666666666666666,0.0025139327626379133,0.002666666666666668,0.001293348201083156
lh_lingual -- rh_temporalpole,0.02666666666666667,0.003203745030544354,0.024,0.0029961050404129237,0.002666666666666668,0.00020763999013143032
lh_superiorparietal -- rh_precentral,0.013333333333333334,0.0027761543679621914,0.010666666666666666,0.0027280999396108907,0.002666666666666668,4.8054428351300676e-05
rh_cuneus -- rh_postcentral,0.02666666666666667,0.00372174141819071,0.024,0.0033158301067967746,0.002666666666666668,0.0004059113113939355
lh_parsopercularis -- rh_lateraloccipital,0.013333333333333334,0.0027732338059230487,0.010666666666666666,0.003023605387340548,0.002666666666666668,-0.0002503715814174993
lh_entorhinal -- rh_lingual,0.02666666666666667,0.0027385270156885157,0.024,0.0030678561417886363,0.002666666666666668,-0.00032932912610012053
lh_isthmuscingulate -- rh_isthmuscingulate,0.04,0.0031021079236893435,0.037333333333333336,0.0033640524841373164,0.0026666666666666644,-0.0002619445604479728
lh_inferiorparietal -- lh_rostralmiddlefrontal,0.04,0.00338841103965408,0.037333333333333336,0.003220655925688981,0.0026666666666666644,0.00016775511396509898
lh_inferiorparietal -- rh_inferiorparietal,0.04,0.003601414174158418,0.037333333333333336,0.0033822443841528857,0.0026666666666666644,0.0002191697900055323
lh_caudalmiddlefrontal -- lh_rostralmiddlefrontal,0.006666666666666667,0.002763305379354096,0.005333333333333333,0.002213350923628071,0.001333333333333334,0.0005499544557260251
rh_fusiform -- rh_temporalpole,0.006666666666666667,0.002138538074254965,0.005333333333333333,0.006763163176351062,0.001333333333333334,-0.0046246251020960975
lh_paracentral -- lh_supramarginal,0.006666666666666667,0.0027333792965693188,0.005333333333333333,0.002961525194103323,0.001333333333333334,-0.00022814589753400406
rh_lateralorbitofrontal -- rh_supramarginal,0.006666666666666667,0.00263552911162376,0.005333333333333333,0.0028685743210955434,0.001333333333333334,-0.00023304520947178354
lh_paracentral -- rh_caudalmiddlefrontal,0.006666666666666667,0.0027641132865498636,0.005333333333333333,0.0027971168980259033,0.001333333333333334,-3.3003611476039706e-05
lh_caudalmiddlefrontal -- lh_frontalpole,0.006666666666666667,0.0022288756703441005,0.005333333333333333,0.0025161719562413884,0.001333333333333334,-0.00028729628589728787
lh_frontalpole -- rh_entorhinal,0.006666666666666667,0.002395004817818427,0.005333333333333333,0.002209907764709657,0.001333333333333334,0.00018509705310877037
rh_lingual -- rh_rostralmiddlefrontal,0.006666666666666667,0.0023166384387249455,0.005333333333333333,0.002785322621369921,0.001333333333333334,-0.00046868418264497556
lh_isthmuscingulate -- lh_transversetemporal,0.006666666666666667,0.0054789189900345215,0.005333333333333333,0.004205106515231071,0.001333333333333334,0.001273812474803451
lh_temporalpole -- rh_cuneus,0.006666666666666667,0.0017705471817064558,0.005333333333333333,0.002231372079236821,0.001333333333333334,-0.000460824897530365
lh_insula -- rh_medialorbitofrontal,0.006666666666666667,0.0026434406538586256,0.005333333333333333,0.002648796198688878,0.001333333333333334,-5.3555448302523845e-06
lh_pericalcarine -- rh_fusiform,0.006666666666666667,0.0030094390855157694,0.005333333333333333,0.002621636484386014,0.001333333333333334,0.0003878026011297554
lh_pericalcarine -- lh_superiortemporal,0.006666666666666667,0.0022572474256306817,0.005333333333333333,0.0022288704909534597,0.001333333333333334,2.8376934677222e-05
rh_inferiorparietal -- rh_precentral,0.006666666666666667,0.0027607384498029974,0.005333333333333333,0.0029976161318262338,0.001333333333333334,-0.00023687768202323642
lh_bankssts -- rh_fusiform,0.006666666666666667,0.002434082492259725,0.005333333333333333,0.0022667966498683126,0.001333333333333334,0.00016728584239141236
rh_rostralanteriorcingulate -- rh_transversetemporal,0.006666666666666667,0.0032813107658088755,0.005333333333333333,0.0025827645353123764,0.001333333333333334,0.000698546230496499
rh_insula -- rh_medialorbitofrontal,0.006666666666666667,0.0024752662240894894,0.005333333333333333,0.002685755560892486,0.001333333333333334,-0.00021048933680299642
rh_insula -- rh_isthmuscingulate,0.006666666666666667,0.0026968116774450596,0.005333333333333333,0.0026774224090313653,0.001333333333333334,1.9389268413694347e-05
lh_inferiortemporal -- rh_superiorparietal,0.006666666666666667,0.002695308335512806,0.005333333333333333,0.002592840617458945,0.001333333333333334,0.00010246771805386091
lh_inferiortemporal -- lh_parsopercularis,0.006666666666666667,0.002655318676170647,0.005333333333333333,0.0028116466539937403,0.001333333333333334,-0.00015632797782309327
lh_parahippocampal -- lh_superiorfrontal,0.006666666666666667,0.002710784108180231,0.005333333333333333,0.0030750023552947366,0.001333333333333334,-0.00036421824711450543
lh_inferiortemporal -- rh_precentral,0.006666666666666667,0.0025357244814105786,0.005333333333333333,0.00268886323759541,0.001333333333333334,-0.00015313875618483148
lh_rostralanteriorcingulate -- rh_paracentral,0.006666666666666667,0.0029495153384749067,0.005333333333333333,0.0032166502508142575,0.001333333333333334,-0.0002671349123393508
rh_lateraloccipital -- rh_parstriangularis,0.006666666666666667,0.002639415515669284,0.005333333333333333,0.002841180387559776,0.001333333333333334,-0.00020176487189049177
lh_isthmuscingulate -- lh_lateralorbitofrontal,0.006666666666666667,0.0032186666991834696,0.005333333333333333,0.0028031077635354705,0.001333333333333334,0.0004155589356479991
lh_superiortemporal -- rh_supramarginal,0.006666666666666667,0.0024167314640011358,0.005333333333333333,0.0028630408784515314,0.001333333333333334,-0.00044630941445039565
lh_isthmuscingulate -- rh_rostralanteriorcingulate,0.006666666666666667,0.002848705069929041,0.005333333333333333,0.0030402486309239773,0.001333333333333334,-0.00019154356099493645
lh_middletemporal -- lh_rostralmiddlefrontal,0.006666666666666667,0.0041178206469405865,0.005333333333333333,0.00329127033630497,0.001333333333333334,0.0008265503106356163
lh_medialorbitofrontal -- rh_parsorbitalis,0.006666666666666667,0.00226692134810984,0.005333333333333333,0.0031189467855772418,0.001333333333333334,-0.0008520254374674019
lh_posteriorcingulate -- lh_rostralanteriorcingulate,0.006666666666666667,0.003951270805349821,0.005333333333333333,0.002381863449593225,0.001333333333333334,0.0015694073557565962
lh_middletemporal -- rh_fusiform,0.006666666666666667,0.002340804057098592,0.005333333333333333,0.0033179487719169503,0.001333333333333334,-0.0009771447148183583
lh_inferiortemporal -- rh_isthmuscingulate,0.006666666666666667,0.0026464323843264194,0.005333333333333333,0.002948555127302251,0.001333333333333334,-0.0003021227429758316
rh_caudalmiddlefrontal -- rh_medialorbitofrontal,0.006666666666666667,0.0035991667360841823,0.005333333333333333,0.0028723466677093353,0.001333333333333334,0.000726820068374847
lh_medialorbitofrontal -- rh_pericalcarine,0.006666666666666667,0.004148735004574673,0.005333333333333333,0.0026530237329971725,0.001333333333333334,0.0014957112715775003
rh_cuneus -- rh_supramarginal,0.006666666666666667,0.0034827137451586884,0.005333333333333333,0.002636912359482958,0.001333333333333334,0.0008458013856757303
lh_inferiorparietal -- rh_rostralanteriorcingulate,0.006666666666666667,0.0025137489502966254,0.005333333333333333,0.0024431205226824954,0.001333333333333334,7.062842761412997e-05
lh_postcentral -- rh_precentral,0.006666666666666667,0.002877785988068692,0.005333333333333333,0.0027712429134153266,0.001333333333333334,0.00010654307465336526
lh_medialorbitofrontal -- rh_inferiorparietal,0.006666666666666667,0.0024080046414959883,0.005333333333333333,0.0024470226291007716,0.001333333333333334,-3.901798760478324e-05
rh_frontalpole -- rh_precuneus,0.006666666666666667,0.0023630835632267033,0.005333333333333333,0.004034446834558094,0.001333333333333334,-0.0016713632713313909
lh_lateralorbitofrontal -- lh_supramarginal,0.006666666666666667,0.003911636119519583,0.005333333333333333,0.0024750931767203344,0.001333333333333334,0.0014365429427992487
lh_superiorparietal -- rh_cuneus,0.006666666666666667,0.0030754285953322907,0.005333333333333333,0.0029230397299447913,0.001333333333333334,0.00015238886538749934
lh_caudalanteriorcingulate -- rh_inferiorparietal,0.006666666666666667,0.0027610505380882694,0.005333333333333333,0.002603404732841398,0.001333333333333334,0.00015764580524687145
lh_caudalmiddlefrontal -- lh_superiorparietal,0.006666666666666667,0.0021198341435469024,0.005333333333333333,0.00236152256618863,0.001333333333333334,-0.0002416884226417275
lh_caudalmiddlefrontal -- lh_pericalcarine,0.006666666666666667,0.0026333615259757407,0.005333333333333333,0.0026498459932258727,0.001333333333333334,-1.648446725013202e-05
lh_fusiform -- rh_bankssts,0.006666666666666667,0.006527188799476798,0.005333333333333333,0.00311364910102719,0.001333333333333334,0.0034135396984496078
rh_entorhinal -- rh_frontalpole,0.006666666666666667,0.002440391172786741,0.005333333333333333,0.0017609119776728355,0.001333333333333334,0.0006794791951139057
lh_superiorfrontal -- rh_supramarginal,0.006666666666666667,0.002819815442126134,0.005333333333333333,0.002805732804216411,0.001333333333333334,1.4082637909723205e-05
lh_lateralorbitofrontal -- rh_temporalpole,0.006666666666666667,0.001573858793469801,0.005333333333333333,0.003745900604121247,0.001333333333333334,-0.0021720418106514457
rh_lateraloccipital -- rh_parahippocampal,0.02,0.0031256103175975342,0.018666666666666668,0.003197602625053615,0.0013333333333333322,-7.199230745608088e-05
lh_pericalcarine -- rh_isthmuscingulate,0.02,0.003508936489433516,0.018666666666666668,0.0031396252799174617,0.0013333333333333322,0.00036931120951605445
lh_lateraloccipital -- rh_postcentral,0.02,0.0028894000451713687,0.018666666666666668,0.0029782531072248047,0.0013333333333333322,-8.885306205343602e-05
lh_paracentral -- rh_paracentral,0.06,0.004161785213361652,0.058666666666666666,0.003648505631055523,0.0013333333333333322,0.0005132795823061284
rh_caudalanteriorcingulate -- rh_paracentral,0.02,0.0029547819040087425,0.018666666666666668,0.0032783672629864086,0.0013333333333333322,-0.0003235853589776661
lh_insula -- lh_rostralanteriorcingulate,0.02,0.003124749692963312,0.018666666666666668,0.0032828268505256985,0.0013333333333333322,-0.00015807715756238627
rh_medialorbitofrontal -- rh_paracentral,0.02,0.00467579498747745,0.018666666666666668,0.003167776706712215,0.0013333333333333322,0.0015080182807652351
lh_inferiorparietal -- rh_lateraloccipital,0.03333333333333333,0.0030484958073674654,0.032,0.0030822146468409534,0.0013333333333333322,-3.3718839473487975e-05
lh_superiorparietal -- rh_inferiorparietal,0.03333333333333333,0.0032387164421086427,0.032,0.0033017506033180552,0.0013333333333333322,-6.303416120941258e-05
lh_bankssts -- rh_posteriorcingulate,0.04666666666666667,0.0033090206481600627,0.04533333333333334,0.0034033385081742736,0.0013333333333333322,-9.43178600142109e-05
lh_posteriorcingulate -- rh_middletemporal,0.03333333333333333,0.0029867628961491813,0.032,0.0032834925649506764,0.0013333333333333322,-0.000296729668801495
rh_inferiorparietal -- rh_parahippocampal,0.02,0.002782815859945146,0.018666666666666668,0.0031894054598706465,0.0013333333333333322,-0.0004065895999255005
lh_paracentral -- rh_precentral,0.0,0.0024808545244813995,0.0,0.0024871792032631025,0.0,-6.32467878170298e-06
lh_parahippocampal -- rh_bankssts,0.0,0.0026149440146086556,0.0,0.002313510354523952,0.0,0.00030143366008470373
lh_precentral -- lh_precuneus,0.0,0.0011994793666139413,0.0,0.0014242872629512964,0.0,-0.00022480789633735508
lh_posteriorcingulate -- rh_transversetemporal,0.0,0.0018538854065578369,0.0,0.0017972375064914557,0.0,5.664790006638118e-05
lh_precentral -- rh_middletemporal,0.0,0.0014507541100945841,0.0,0.0013283835553010476,0.0,0.00012237055479353653
rh_bankssts -- rh_pericalcarine,0.0,0.0015213905842205305,0.0,0.0013185285978391692,0.0,0.00020286198638136128
lh_precentral -- rh_lateralorbitofrontal,0.0,0.0019866595793173883,0.0,0.0014837675941204893,0.0,0.000502891985196899
lh_precentral -- rh_isthmuscingulate,0.0,0.0023942155924430524,0.0,0.0029641605193459273,0.0,-0.000569944926902875
lh_inferiortemporal -- rh_rostralanteriorcingulate,0.013333333333333334,0.003100979216219915,0.013333333333333334,0.0029163154944641355,0.0,0.00018466372175577955
lh_insula -- lh_lateralorbitofrontal,0.0,0.0038355733189741332,0.0,0.0021820851691985604,0.0,0.0016534881497755729
lh_inferiortemporal -- rh_temporalpole,0.0,0.0014607693915731296,0.0,0.001908349844615514,0.0,-0.00044758045304238436
lh_inferiortemporal -- lh_medialorbitofrontal,0.0,0.0015844667900645603,0.0,0.0014250443738754734,0.0,0.00015942241618908688
lh_precentral -- rh_lingual,0.0,0.0015542643650914086,0.0,0.002045956067358663,0.0,-0.0004916917022672546
rh_caudalmiddlefrontal -- rh_postcentral,0.0,0.001407975301063388,0.0,0.0022104327604436725,0.0,-0.0008024574593802844
rh_caudalmiddlefrontal -- rh_temporalpole,0.0,0.0015351011852928784,0.0,0.003938696434133977,0.0,-0.002403595248841099
rh_caudalmiddlefrontal -- rh_supramarginal,0.0,0.001475778398896648,0.0,0.001752570225645573,0.0,-0.00027679182674892494
rh_caudalmiddlefrontal -- rh_superiorparietal,0.0,0.0015839186391902126,0.0,0.002390867371329156,0.0,-0.0008069487321389433
lh_inferiorparietal -- rh_caudalmiddlefrontal,0.0,0.002728812523899876,0.0,0.0023868049161712168,0.0,0.00034200760772865914
rh_paracentral -- rh_postcentral,0.0,0.0023099191520488645,0.0,0.0019783762468323957,0.0,0.00033154290521646883
lh_caudalanteriorcingulate -- rh_postcentral,0.0,0.003337330685417516,0.0,0.0019722009547561963,0.0,0.0013651297306613197
lh_parsopercularis -- rh_paracentral,0.0,0.002485024412685392,0.0,0.0030007745256627983,0.0,-0.0005157501129774062
lh_parsopercularis -- rh_lateralorbitofrontal,0.0,0.003298579363219734,0.0,0.0017837979643019846,0.0,0.0015147813989177495
lh_entorhinal -- rh_parahippocampal,0.0,0.001869594881996095,0.0,0.00183108648706599,0.0,3.850839493010493e-05
lh_pericalcarine -- rh_precuneus,0.0,0.0013915402925900205,0.0,0.0013015619282534174,0.0,8.99783643366031e-05
lh_inferiortemporal -- rh_frontalpole,0.0,0.0014695213100355672,0.0,0.0022355015707460923,0.0,-0.0007659802607105251
lh_inferiortemporal -- rh_cuneus,0.0,0.003253616510997782,0.0,0.0016105602947182863,0.0,0.0016430562162794956
lh_paracentral -- lh_superiorparietal,0.0,0.0029123010638739248,0.0,0.0027902820778049086,0.0,0.00012201898606901615
lh_caudalmiddlefrontal -- rh_postcentral,0.0,0.002278507807386902,0.0,0.0017457090954745476,0.0,0.0005327987119123545
lh_caudalmiddlefrontal -- rh_superiorparietal,0.0,0.002452841429362876,0.0,0.002364983672657222,0.0,8.785775670565365e-05
rh_inferiorparietal -- rh_superiortemporal,0.0,0.001548734130519291,0.0,0.0014955713811333846,0.0,5.3162749385906455e-05
rh_inferiortemporal -- rh_precuneus,0.0,0.0014217273499916169,0.0,0.0022018241378831435,0.0,-0.0007800967878915266
rh_inferiortemporal -- rh_postcentral,0.0,0.0012465466038785306,0.0,0.003411510104294007,0.0,-0.002164963500415476
lh_inferiortemporal -- lh_postcentral,0.0,0.002895766403345984,0.0,0.002879418809755226,0.0,1.6347593590758033e-05
lh_postcentral -- lh_precuneus,0.0,0.0027327920952441125,0.0,0.002918678216125548,0.0,-0.00018588612088143563
lh_frontalpole -- rh_cuneus,0.0,0.0014200591115974383,0.0,0.0014568988879600652,0.0,-3.6839776362626846e-05
lh_frontalpole -- rh_parahippocampal,0.0,0.0012367419887638759,0.0,0.0026677403419580496,0.0,-0.0014309983531941737
lh_frontalpole -- rh_lingual,0.0,0.0014927492090413867,0.0,0.001415925621201405,0.0,7.682358783998172e-05
lh_fusiform -- lh_inferiortemporal,0.0,0.003151958322038874,0.0,0.0027541794511275934,0.0,0.0003977788709112807
lh_frontalpole -- rh_precuneus,0.0,0.0015772255889405114,0.0,0.0019112077525493072,0.0,-0.0003339821636087958
lh_isthmuscingulate -- lh_temporalpole,0.0,0.001468289029815125,0.0,0.0014748947187516689,0.0,-6.605688936543903e-06
lh_temporalpole -- rh_caudalmiddlefrontal,0.0,0.0015554794531590656,0.0,0.004125099168163762,0.0,-0.002569619715004696
lh_supramarginal -- rh_transversetemporal,0.0,0.002770977320075279,0.0,0.0029012079294908066,0.0,-0.00013023060941552743
lh_paracentral -- rh_precuneus,0.0,0.0027215352193545347,0.0,0.0014242315522406783,0.0,0.0012973036671138564
lh_temporalpole -- rh_middletemporal,0.0,0.002343286587773975,0.0,0.002819825076661183,0.0,-0.00047653848888720794
lh_temporalpole -- rh_isthmuscingulate,0.0,0.0014106250303712207,0.0,0.0014287120361187605,0.0,-1.8087005747539778e-05
lh_temporalpole -- rh_fusiform,0.0,0.001507883677863717,0.0,0.0012917348726158154,0.0,0.00021614880524790155
lh_transversetemporal -- rh_lateraloccipital,0.0,0.001467565190718462,0.0,0.0028859035875121674,0.0,-0.0014183383967937054
lh_insula -- lh_precentral,0.013333333333333334,0.002578593876358508,0.013333333333333334,0.002900228617417621,0.0,-0.00032163474105911284
lh_insula -- lh_superiorparietal,0.0,0.0013622485640725165,0.0,0.0021059996128885415,0.0,-0.000743751048816025
lh_insula -- rh_insula,0.08,0.0038703784043266232,0.08,0.0037423129204276545,0.0,0.00012806548389896876
lh_insula -- rh_cuneus,0.0,0.0036025932961743176,0.0,0.0028696164576273078,0.0,0.0007329768385470098
lh_insula -- rh_postcentral,0.0,0.0013813611357808208,0.0,0.001388522777633492,0.0,-7.161641852671159e-06
lh_supramarginal -- rh_superiortemporal,0.0,0.0028772253844606376,0.0,0.0024291556571118572,0.0,0.0004480697273487803
lh_inferiortemporal -- lh_parsorbitalis,0.0,0.0014707080192174022,0.0,0.002223741178462178,0.0,-0.000753033159244776
lh_inferiortemporal -- lh_temporalpole,0.0,0.0013094809237083763,0.0,0.001926210532648902,0.0,-0.0006167296089405257
rh_caudalmiddlefrontal -- rh_precentral,0.0,0.0027914267864926614,0.0,0.0026984323761308623,0.0,9.299441036179912e-05
rh_caudalanteriorcingulate -- rh_parsorbitalis,0.0,0.0013986046887092087,0.0,0.0014431759660066222,0.0,-4.4571277297413524e-05
rh_caudalanteriorcingulate -- rh_supramarginal,0.0,0.002600907790526096,0.0,0.0019986321956503576,0.0,0.0006022755948757383
rh_caudalanteriorcingulate -- rh_superiorparietal,0.0,0.0013908656768734518,0.0,0.0013187278517021424,0.0,7.213782517130943e-05
lh_inferiortemporal -- rh_lingual,0.0,0.0014298203005170388,0.0,0.00179905574140768,0.0,-0.00036923544089064115
lh_inferiortemporal -- rh_lateralorbitofrontal,0.0,0.002660547805573794,0.0,0.0027986963279738103,0.0,-0.0001381485224000163
lh_inferiortemporal -- rh_postcentral,0.0,0.002832514191722434,0.0,0.002560293113689152,0.0,0.0002722210780332821
rh_bankssts -- rh_rostralmiddlefrontal,0.0,0.0015920023435111094,0.0,0.0017457926573818828,0.0,-0.00015379031387077334
lh_fusiform -- lh_parahippocampal,0.0,0.0015510710355968267,0.0,0.0013061870451279794,0.0,0.00024488399046884734
lh_fusiform -- lh_insula,0.0,0.003468011994193856,0.0,0.004159206242547443,0.0,-0.0006911942483535873
rh_lateralorbitofrontal -- rh_rostralmiddlefrontal,0.0,0.0022383474703018907,0.0,0.0022635251279141838,0.0,-2.5177657612293104e-05
rh_lingual -- rh_parsopercularis,0.0,0.001298783028637038,0.0,0.002164349758514343,0.0,-0.0008655667298773048
rh_lingual -- rh_rostralanteriorcingulate,0.0,0.001437793258338864,0.0,0.0017037705875260444,0.0,-0.0002659773291871805
lh_caudalmiddlefrontal -- lh_lateraloccipital,0.0,0.0024082302050054184,0.0,0.002203938842659709,0.0,0.00020429136234570953
lh_caudalmiddlefrontal -- lh_inferiorparietal,0.0,0.0018555878492359085,0.0,0.001859399222935351,0.0,-3.8113736994425332e-06
lh_transversetemporal -- rh_cuneus,0.0,0.0012652897812500288,0.0,0.002904338079091073,0.0,-0.001639048297841044
rh_bankssts -- rh_lateraloccipital,0.0,0.0013536116884414256,0.0,0.0013923830232214004,0.0,-3.877133477997474e-05
lh_inferiortemporal -- rh_parsorbitalis,0.0,0.0014969332980011372,0.0,0.001943436425650653,0.0,-0.00044650312764951574
rh_cuneus -- rh_paracentral,0.0,0.0035283811330800285,0.0,0.0013887245988451135,0.0,0.002139656534234915
rh_cuneus -- rh_superiorfrontal,0.0,0.0027603079774911866,0.0,0.0024704243694295895,0.0,0.00028988360806159706
rh_entorhinal -- rh_inferiorparietal,0.0,0.0013550639159828663,0.0,0.0024807063660338786,0.0,-0.0011256424500510123
lh_fusiform -- rh_superiortemporal,0.0,0.001553518210985104,0.0,0.0022939212855574397,0.0,-0.0007404030745723357
lh_fusiform -- rh_superiorfrontal,0.0,0.003534221985554252,0.0,0.003551873207714173,0.0,-1.765122215992114e-05
lh_inferiorparietal -- lh_paracentral,0.0,0.0027483414838444594,0.0,0.0029854355334609675,0.0,-0.00023709404961650814
rh_entorhinal -- rh_precentral,0.0,0.0013727321038720106,0.0,0.001409913081606964,0.0,-3.7180977734953486e-05
rh_frontalpole -- rh_supramarginal,0.0,0.0019973319748241647,0.0,0.002398804159343615,0.0,-0.00040147218451945044
lh_postcentral -- lh_superiorfrontal,0.0,0.0015966743457486003,0.0,0.0015813417565890616,0.0,1.533258915953871e-05
lh_fusiform -- lh_rostralmiddlefrontal,0.0,0.006529640948571193,0.0,0.0017003969558645592,0.0,0.0048292439927066335
lh_inferiorparietal -- rh_parsorbitalis,0.0,0.0022464090517668556,0.0,0.0038357003586538575,0.0,-0.001589291306887002
lh_bankssts -- rh_cuneus,0.0,0.0035873270717585604,0.0,0.0013434945296617027,0.0,0.0022438325420968577
lh_bankssts -- rh_lateraloccipital,0.0,0.0030344948345454505,0.0,0.0013956190920469667,0.0,0.0016388757424984838
lh_bankssts -- rh_postcentral,0.0,0.003252102163309914,0.0,0.0012281391779445968,0.0,0.002023962985365317
rh_precuneus -- rh_rostralanteriorcingulate,0.0,0.001157906928730343,0.0,0.0013044211047170589,0.0,-0.0001465141759867158
rh_superiorfrontal -- rh_transversetemporal,0.0,0.002420339038822842,0.0,0.002327934901373556,0.0,9.240413744928625e-05
rh_rostralmiddlefrontal -- rh_transversetemporal,0.0,0.0013878927840777664,0.0,0.001366961439125885,0.0,2.093134495188137e-05
lh_caudalanteriorcingulate -- lh_lingual,0.0,0.0014494948517485141,0.0,0.004175824984507898,0.0,-0.0027263301327593837
rh_fusiform -- rh_lingual,0.0,0.0016703549613181809,0.0,0.0013603272748282426,0.0,0.0003100276864899383
rh_middletemporal -- rh_parsorbitalis,0.0,0.0014810412199768668,0.0,0.002304930432513722,0.0,-0.0008238892125368553
rh_paracentral -- rh_parstriangularis,0.02666666666666667,0.003873281399599948,0.02666666666666667,0.003076113887066682,0.0,0.0007971675125332659
rh_middletemporal -- rh_supramarginal,0.0,0.0020366563495313517,0.0,0.0024356168169986487,0.0,-0.00039896046746729693
rh_middletemporal -- rh_rostralmiddlefrontal,0.0,0.001958552659634953,0.0,0.0024578933808848983,0.0,-0.0004993407212499452
rh_paracentral -- rh_superiortemporal,0.013333333333333334,0.0028323050994264816,0.013333333333333334,0.003011713421121249,0.0,-0.00017940832169476744
rh_paracentral -- rh_superiorparietal,0.0,0.0015512266067783016,0.0,0.002085416574961364,0.0,-0.0005341899681830626
rh_paracentral -- rh_rostralanteriorcingulate,0.013333333333333334,0.003241970238651442,0.013333333333333334,0.003481762353781179,0.0,-0.00023979211512973686
lh_fusiform -- rh_precentral,0.0,0.0014702043455655388,0.0,0.0019263455549090077,0.0,-0.00045614120934346896
lh_fusiform -- lh_superiorfrontal,0.0,0.003405795294702882,0.0,0.0028560004459484045,0.0,0.0005497948487544774
rh_cuneus -- rh_parsorbitalis,0.0,0.0020248660919429794,0.0,0.0016840936844285525,0.0,0.00034077240751442697
lh_fusiform -- rh_inferiortemporal,0.0,0.0016219370677342203,0.0,0.0018272744648384189,0.0,-0.00020533739710419858
lh_fusiform -- rh_lingual,0.0,0.001637555095661988,0.0,0.0013496555099987448,0.0,0.00028789958566324326
rh_fusiform -- rh_postcentral,0.0,0.0012315294169714184,0.0,0.0016383299495294514,0.0,-0.00040680053255803296
rh_inferiorparietal -- rh_inferiortemporal,0.0,0.0015615314154753639,0.0,0.0023896694934970437,0.0,-0.0008281380780216798
lh_caudalmiddlefrontal -- lh_temporalpole,0.0,0.002319088719951216,0.0,0.0017544732766160386,0.0,0.0005646154433351772
lh_inferiorparietal -- rh_temporalpole,0.0,0.0027832096805185586,0.0,0.0017610756949007077,0.0,0.001022133985617851
lh_inferiorparietal -- rh_superiortemporal,0.0,0.0013916595652860222,0.0,0.0010832221948219795,0.0,0.00030843737046404264
rh_cuneus -- rh_inferiortemporal,0.0,0.0013655155581707124,0.0,0.0032206931753637597,0.0,-0.0018551776171930473
rh_cuneus -- rh_pericalcarine,0.0,0.0013697717736333448,0.0,0.0015773516087729089,0.0,-0.0002075798351395641
lh_fusiform -- rh_insula,0.0,0.004106147434507654,0.0,0.003633619752305702,0.0,0.000472527682201952
lh_superiorfrontal -- rh_middletemporal,0.0,0.002104204233902278,0.0,0.002809365799115395,0.0,-0.0007051615652131169
rh_insula -- rh_postcentral,0.0,0.001786463237027824,0.0,0.001508106022740068,0.0,0.00027835721428775607
rh_isthmuscingulate -- rh_lateraloccipital,0.0,0.002500093119048172,0.0,0.002867998522200988,0.0,-0.0003679054031528158
lh_postcentral -- rh_isthmuscingulate,0.0,0.00209677734929543,0.0,0.002729104356715151,0.0,-0.0006323270074197209
lh_postcentral -- rh_insula,0.0,0.0013608633153210639,0.0,0.0014747554936437582,0.0,-0.00011389217832269427
lh_postcentral -- rh_inferiorparietal,0.02666666666666667,0.003110948202091849,0.02666666666666667,0.0032118040690856534,0.0,-0.0001008558669938044
lh_posteriorcingulate -- lh_rostralmiddlefrontal,0.0,0.001481131086645758,0.0,0.0014323702237712256,0.0,4.8760862874532365e-05
lh_postcentral -- rh_superiorfrontal,0.0,0.0015666929855606814,0.0,0.0016686746568072568,0.0,-0.00010198167124657537
lh_posteriorcingulate -- rh_rostralmiddlefrontal,0.0,0.0014483951126105475,0.0,0.0013977042526460526,0.0,5.069085996449495e-05
rh_parsopercularis -- rh_parsorbitalis,0.0,0.0014395661996737719,0.0,0.002240617659284622,0.0,-0.0008010514596108501
lh_inferiorparietal -- rh_caudalanteriorcingulate,0.0,0.0038021912681510854,0.0,0.002373188950614266,0.0,0.0014290023175368193
lh_inferiorparietal -- rh_bankssts,0.0,0.0013951202456467917,0.0,0.0018847114277306348,0.0,-0.0004895911820838432
lh_inferiorparietal -- rh_lingual,0.013333333333333334,0.0030973149960947985,0.013333333333333334,0.003092718360328413,0.0,4.596635766385658e-06
lh_inferiorparietal -- rh_isthmuscingulate,0.0,0.002145231288079248,0.0,0.001964019756781453,0.0,0.00018121153129779495
lh_inferiorparietal -- rh_insula,0.0,0.0015604717942167,0.0,0.0015922108864226785,0.0,-3.173909220597856e-05
lh_postcentral -- rh_caudalmiddlefrontal,0.0,0.001723634887294579,0.0,0.001908178399979209,0.0,-0.0001845435126846299
rh_caudalanteriorcingulate -- rh_cuneus,0.0,0.0015406308646303782,0.0,0.0015833067627530981,0.0,-4.2675898122719906e-05
lh_inferiortemporal -- rh_bankssts,0.02666666666666667,0.00334849542360309,0.02666666666666667,0.0030790783511462864,0.0,0.00026941707245680367
rh_caudalmiddlefrontal -- rh_parsorbitalis,0.0,0.0015412640936747018,0.0,0.0030733419862817943,0.0,-0.0015320778926070926
lh_posteriorcingulate -- rh_precentral,0.0,0.003554853678474269,0.0,0.002758762827228892,0.0,0.0007960908512453773
rh_parahippocampal -- rh_rostralanteriorcingulate,0.013333333333333334,0.0029697507399714493,0.013333333333333334,0.0028391927731344275,0.0,0.0001305579668370218
rh_parsopercularis -- rh_precuneus,0.0,0.0027917913994314827,0.0,0.002775934774075628,0.0,1.585662535585463e-05
rh_parsopercularis -- rh_precentral,0.013333333333333334,0.003229332973292941,0.013333333333333334,0.0031323762538631094,0.0,9.695671942983172e-05
rh_parsopercularis -- rh_postcentral,0.0,0.0023187937858156144,0.0,0.0024888783400469883,0.0,-0.00017008455423137394
lh_bankssts -- rh_transversetemporal,0.0,0.0016044254839732634,0.0,0.001624577128716861,0.0,-2.015164474359764e-05
lh_fusiform -- lh_precentral,0.0,0.0013490451840228522,0.0,0.0018535742430701066,0.0,-0.0005045290590472544
lh_bankssts -- rh_frontalpole,0.0,0.001472004677613907,0.0,0.0014009387267307086,0.0,7.10659508831985e-05
rh_isthmuscingulate -- rh_postcentral,0.0,0.0014347557968726868,0.0,0.0023406961743357843,0.0,-0.0009059403774630975
lh_parstriangularis -- rh_inferiortemporal,0.013333333333333334,0.0029814828236908206,0.013333333333333334,0.003069078875242596,0.0,-8.759605155177555e-05
lh_superiorfrontal -- rh_parstriangularis,0.0,0.0026284702631041283,0.0,0.0026653536337150163,0.0,-3.688337061088804e-05
lh_parsorbitalis -- lh_posteriorcingulate,0.0,0.0013833137772582193,0.0,0.00250260919739632,0.0,-0.0011192954201381007
lh_parsorbitalis -- lh_parstriangularis,0.0,0.0015430357866694552,0.0,0.0014669584786729819,0.0,7.607730799647329e-05
lh_parsorbitalis -- lh_superiortemporal,0.0,0.001417964445770353,0.0,0.0017184726472319614,0.0,-0.00030050820146160836
lh_parsorbitalis -- rh_medialorbitofrontal,0.0,0.002258846342805047,0.0,0.003005436432738773,0.0,-0.0007465900899337259
rh_parahippocampal -- rh_pericalcarine,0.0,0.0014578498010157487,0.0,0.0014695701873402409,0.0,-1.1720386324492148e-05
lh_rostralmiddlefrontal -- rh_posteriorcingulate,0.0,0.0014481241845327993,0.0,0.00205096624514303,0.0,-0.0006028420606102307
lh_rostralmiddlefrontal -- rh_superiortemporal,0.0,0.002802436359856232,0.0,0.0015741433429484798,0.0,0.0012282930169077524
lh_superiorfrontal -- rh_inferiortemporal,0.0,0.0017700887830943146,0.0,0.002457680652007319,0.0,-0.0006875918689130045
lh_superiorfrontal -- rh_fusiform,0.0,0.0034322921021432366,0.0,0.0023657352941772766,0.0,0.00106655680796596
lh_parstriangularis -- rh_lingual,0.0,0.001624294593345598,0.0,0.0025487790343526238,0.0,-0.0009244844410070258
lh_lingual -- rh_superiorparietal,0.013333333333333334,0.002927006080943064,0.013333333333333334,0.002859682305363203,0.0,6.732377557986096e-05
lh_lingual -- rh_superiorfrontal,0.0,0.0015027671911099125,0.0,0.004070992776953227,0.0,-0.0025682255858433148
lh_lateralorbitofrontal -- rh_superiortemporal,0.0,0.0024652803372235427,0.0,0.0020232538923149503,0.0,0.0004420264449085925
lh_lingual -- lh_parstriangularis,0.0,0.0022176395080065014,0.0,0.0014107180754235561,0.0,0.0008069214325829453
lh_superiorfrontal -- rh_postcentral,0.0,0.001783071394385283,0.0,0.0015551221101337469,0.0,0.00022794928425153601
lh_superiorparietal -- rh_caudalanteriorcingulate,0.0,0.0012837372312951899,0.0,0.0013888002252011125,0.0,-0.00010506299390592258
lh_superiorfrontal -- rh_transversetemporal,0.0,0.001700414365664128,0.0,0.0020877029682952555,0.0,-0.00038728860263112746
lh_superiorparietal -- rh_medialorbitofrontal,0.0,0.002583918607997786,0.0,0.0027169333827983273,0.0,-0.0001330147748005413
lh_middletemporal -- rh_superiorparietal,0.0,0.0015899988208985796,0.0,0.0013987310843415527,0.0,0.00019126773655702691
lh_cuneus -- lh_paracentral,0.0,0.0015199078202251044,0.0,0.001527036837376085,0.0,-7.1290171509805385e-06
lh_cuneus -- lh_middletemporal,0.0,0.003860728112425546,0.0,0.0032289003695580116,0.0,0.0006318277428675346
lh_cuneus -- lh_lateraloccipital,0.0,0.001751228139781303,0.0,0.0024319895586945276,0.0,-0.0006807614189132246
lh_cuneus -- lh_isthmuscingulate,0.0,0.0022422917895315005,0.0,0.0014452958724686482,0.0,0.0007969959170628523
lh_cuneus -- rh_caudalmiddlefrontal,0.0,0.00126575584705359,0.0,0.0037951275113904297,0.0,-0.0025293716643368398
lh_lateralorbitofrontal -- rh_insula,0.0,0.0011755139119687022,0.0,0.0020551148217631053,0.0,-0.0008796009097944031
lh_lateralorbitofrontal -- rh_postcentral,0.0,0.002553727370842593,0.0,0.0029657851318340986,0.0,-0.00041205776099150545
lh_lateralorbitofrontal -- rh_middletemporal,0.0,0.002264946584006835,0.0,0.003028566026431077,0.0,-0.0007636194424242419
lh_superiortemporal -- rh_medialorbitofrontal,0.0,0.0020834769825254294,0.0,0.002038870875506411,0.0,4.46061070190182e-05
lh_superiorparietal -- rh_isthmuscingulate,0.0,0.002021063599308862,0.0,0.0033982775596618033,0.0,-0.0013772139603529412
lh_medialorbitofrontal -- lh_rostralmiddlefrontal,0.0,0.0013855775990273404,0.0,0.002452908272600362,0.0,-0.0010673306735730218
lh_medialorbitofrontal -- lh_precentral,0.0,0.0014478248729110155,0.0,0.002706352467518827,0.0,-0.0012585275946078115
lh_medialorbitofrontal -- rh_caudalmiddlefrontal,0.0,0.0014829668596636634,0.0,0.002317209656848683,0.0,-0.0008342427971850194
lh_medialorbitofrontal -- lh_superiortemporal,0.0,0.002507290529708296,0.0,0.0015491825908471293,0.0,0.0009581079388611667
lh_medialorbitofrontal -- rh_lateraloccipital,0.0,0.0014568042161179787,0.0,0.002247243824268222,0.0,-0.0007904396081502435
lh_medialorbitofrontal -- rh_inferiortemporal,0.0,0.0016147095420886181,0.0,0.002041607735614108,0.0,-0.0004268981935254897
lh_medialorbitofrontal -- rh_precuneus,0.0,0.0021728151256220677,0.0,0.0031748237741028138,0.0,-0.001002008648480746
lh_medialorbitofrontal -- rh_precentral,0.0,0.001932344216858584,0.0,0.0016380146350437274,0.0,0.00029432958181485657
lh_medialorbitofrontal -- rh_posteriorcingulate,0.0,0.003051053366691846,0.0,0.002001034894633667,0.0,0.0010500184720581788
lh_lingual -- rh_medialorbitofrontal,0.0,0.002496239478947106,0.0,0.0024083886341778695,0.0,8.785084476923633e-05
lh_medialorbitofrontal -- rh_superiorparietal,0.0,0.0014652301519815294,0.0,0.001680579905802566,0.0,-0.0002153497538210365
lh_middletemporal -- lh_precentral,0.0,0.0032998469126307053,0.0,0.001493117549246704,0.0,0.0018067293633840012
lh_middletemporal -- lh_parsorbitalis,0.0,0.002495055176257218,0.0,0.00235931406916153,0.0,0.00013574110709568777
lh_medialorbitofrontal -- lh_parsopercularis,0.013333333333333334,0.005317070108219732,0.013333333333333334,0.006315942211772781,0.0,-0.0009988721035530494
lh_superiorparietal -- rh_parstriangularis,0.0,0.0029298994350033074,0.0,0.0024975995466188883,0.0,0.0004322998883844191
lh_lingual -- rh_cuneus,0.013333333333333334,0.0028575963448555087,0.013333333333333334,0.002847493219197213,0.0,1.0103125658295856e-05
lh_lingual -- rh_parstriangularis,0.0,0.002541449947519007,0.0,0.0022317139566451335,0.0,0.0003097359908738736
lh_lingual -- rh_parahippocampal,0.0,0.001725956140774829,0.0,0.0022996886673548487,0.0,-0.0005737325265800198
lh_lingual -- rh_middletemporal,0.0,0.0014830027387241944,0.0,0.003464129031482195,0.0,-0.0019811262927580007
lh_middletemporal -- lh_parahippocampal,0.0,0.0038927712903392584,0.0,0.0013184987628842087,0.0,0.00257427252745505
lh_parstriangularis -- rh_cuneus,0.0,0.0022738604434279085,0.0,0.0018500629726784475,0.0,0.00042379747074946096
lh_bankssts -- rh_superiorparietal,0.0,0.00270841639117602,0.0,0.002351825594410328,0.0,0.000356590796765692
lh_bankssts -- rh_precentral,0.0,0.0032986363847115102,0.0,0.0024841573875359494,0.0,0.0008144789971755609
lh_caudalanteriorcingulate -- lh_frontalpole,0.0,0.0014525357195294712,0.0,0.00247158332371348,0.0,-0.0010190476041840087
lh_caudalanteriorcingulate -- lh_parsorbitalis,0.0,0.0013594953707926861,0.0,0.0016524388716867987,0.0,-0.0002929435008941126
lh_parsorbitalis -- rh_posteriorcingulate,0.0,0.0022622394524068217,0.0,0.0019425291705477757,0.0,0.00031971028185904605
lh_parsorbitalis -- rh_parstriangularis,0.0,0.0024089717965331318,0.0,0.0015318784533971646,0.0,0.0008770933431359671
lh_parstriangularis -- rh_superiorparietal,0.013333333333333334,0.002664230985894467,0.013333333333333334,0.003083687022187499,0.0,-0.0004194560362930323
rh_superiortemporal -- rh_temporalpole,0.0,0.0017970894387558925,0.0,0.002166923754256939,0.0,-0.0003698343155010464
lh_entorhinal -- rh_superiorparietal,0.0,0.00135251082611046,0.0,0.0014049438876587112,0.0,-5.2433061548251255e-05
lh_bankssts -- lh_frontalpole,0.0,0.0013977947991779887,0.0,0.0014425865575543463,0.0,-4.479175837635756e-05
rh_superiorparietal -- rh_superiortemporal,0.0,0.001243369781129539,0.0,0.0012549084935647692,0.0,-1.1538712435230341e-05
rh_postcentral -- rh_superiorfrontal,0.0,0.0014415851137079868,0.0,0.0015310024764372979,0.0,-8.941736272931105e-05
rh_postcentral -- rh_superiortemporal,0.0,0.00235389549119717,0.0,0.005931999724392379,0.0,-0.0035781042331952087
rh_pericalcarine -- rh_supramarginal,0.0,0.0016777685784300916,0.0,0.0023573153167206523,0.0,-0.0006795467382905607
lh_parstriangularis -- rh_entorhinal,0.0,0.0014331162623529708,0.0,0.001331684416957558,0.0,0.00010143184539541288
rh_middletemporal -- rh_parstriangularis,0.02666666666666667,0.003550450523700336,0.02666666666666667,0.0031863732239951177,0.0,0.0003640772997052181
rh_parstriangularis -- rh_postcentral,0.0,0.0023416604847627926,0.0,0.0024665060230226335,0.0,-0.00012484553825984094
rh_parstriangularis -- rh_superiorparietal,0.0,0.0022387768117686983,0.0,0.002229729935668719,0.0,9.046876099979423e-06
rh_superiortemporal -- rh_transversetemporal,0.0,0.005789514083900449,0.0,0.0012781583161705066,0.0,0.004511355767729942
lh_entorhinal -- rh_rostralmiddlefrontal,0.0,0.0012558651319016423,0.0,0.0013953440924880608,0.0,-0.00013947896058641852
lh_entorhinal -- rh_precentral,0.0,0.0033101052635933453,0.0,0.0012533758802493388,0.0,0.0020567293833440065
lh_frontalpole -- lh_medialorbitofrontal,0.0,0.002019676332157508,0.0,0.0025929083481992924,0.0,-0.0005732320160417846
rh_isthmuscingulate -- rh_temporalpole,0.0,0.00150280789786063,0.0,0.0013626435188485073,0.0,0.0001401643790121226
rh_isthmuscingulate -- rh_superiorparietal,0.0,0.0019334320761242136,0.0,0.0031715498014643585,0.0,-0.0012381177253401449
rh_isthmuscingulate -- rh_precentral,0.0,0.00251135010394519,0.0,0.002266399678642685,0.0,0.0002449504253025049
rh_fusiform -- rh_superiorfrontal,0.0,0.005802758272065025,0.0,0.0027675556269274935,0.0,0.0030352026451375314
rh_inferiorparietal -- rh_precuneus,0.0,0.0013247301515364252,0.0,0.002169989145884256,0.0,-0.0008452589943478306
rh_inferiorparietal -- rh_posteriorcingulate,0.0,0.0014670526619956837,0.0,0.0015778172397919708,0.0,-0.00011076457779628712
lh_caudalmiddlefrontal -- lh_postcentral,0.0,0.001973904136231567,0.0,0.0019311232394217453,0.0,4.278089680982179e-05
lh_inferiorparietal -- lh_isthmuscingulate,0.0,0.0029871286757853187,0.0,0.004072714883941041,0.0,-0.0010855862081557222
lh_inferiorparietal -- lh_insula,0.0,0.0013864125327088788,0.0,0.001787020550681679,0.0,-0.0004006080179728001
lh_inferiorparietal -- lh_inferiortemporal,0.0,0.00246744673889563,0.0,0.0028576345407719797,0.0,-0.0003901878018763498
lh_pericalcarine -- lh_precuneus,0.0,0.0016360800744502,0.0,0.0023522275484943907,0.0,-0.0007161474740441907
lh_pericalcarine -- rh_cuneus,0.0,0.0015071850081643373,0.0,0.0015663902483062557,0.0,-5.9205240141918395e-05
lh_pericalcarine -- rh_parahippocampal,0.0,0.0014089162621313302,0.0,0.0025964292322127815,0.0,-0.0011875129700814513
lh_caudalmiddlefrontal -- lh_parsorbitalis,0.0,0.001892206560076158,0.0,0.002197995612008118,0.0,-0.00030578905193196014
lh_caudalmiddlefrontal -- lh_lingual,0.0,0.0013740702510848344,0.0,0.0021450452138853378,0.0,-0.0007709749628005034
lh_caudalmiddlefrontal -- lh_precuneus,0.0,0.0018655863705579752,0.0,0.0021598871233288962,0.0,-0.00029430075277092106
lh_fusiform -- rh_postcentral,0.0,0.0015527466909724965,0.0,0.0033379100797562332,0.0,-0.0017851633887837367
lh_isthmuscingulate -- rh_precentral,0.0,0.0014623819908599893,0.0,0.0032077966968233665,0.0,-0.0017454147059633772
lh_lateraloccipital -- lh_medialorbitofrontal,0.0,0.0016239730452244961,0.0,0.0023257913651713678,0.0,-0.0007018183199468716
lh_lateraloccipital -- lh_lateralorbitofrontal,0.0,0.00141445121241745,0.0,0.0022786494462230015,0.0,-0.0008641982338055516
lh_isthmuscingulate -- rh_temporalpole,0.0,0.0014465042483923093,0.0,0.0015791642627875243,0.0,-0.000132660014395215
lh_supramarginal -- rh_isthmuscingulate,0.0,0.0030101296896002418,0.0,0.0032408784696031276,0.0,-0.00023074878000288587
lh_paracentral -- lh_transversetemporal,0.0,0.0025393643017263645,0.0,0.0011806634903227422,0.0,0.0013587008114036223
lh_paracentral -- rh_lingual,0.0,0.0020352442657356018,0.0,0.0014433509856539165,0.0,0.0005918932800816853
lh_precentral -- rh_supramarginal,0.0,0.0031604683792633846,0.0,0.002137944946601774,0.0,0.0010225234326616105
lh_precuneus -- lh_superiortemporal,0.0,0.0014688116691924762,0.0,0.0013203016144291426,0.0,0.00014851005476333354
lh_medialorbitofrontal -- lh_superiorparietal,0.0,0.0012631227588041755,0.0,0.0021604697000598277,0.0,-0.0008973469412556522
lh_precuneus -- rh_inferiorparietal,0.0,0.00150515711931525,0.0,0.0022630677530355334,0.0,-0.0007579106337202834
lh_precuneus -- rh_paracentral,0.0,0.001761477992180574,0.0,0.0030041760095034396,0.0,-0.0012426980173228656
rh_isthmuscingulate -- rh_transversetemporal,0.0,0.0034077365111301024,0.0,0.0028971320126171766,0.0,0.0005106044985129258
rh_lateralorbitofrontal -- rh_lingual,0.0,0.0019864424377961667,0.0,0.002648916572482855,0.0,-0.0006624741346866882
rh_lateraloccipital -- rh_transversetemporal,0.0,0.0013438275143989116,0.0,0.0014723637733819613,0.0,-0.0001285362589830497
rh_lateralorbitofrontal -- rh_precentral,0.0,0.0017539904419611788,0.0,0.0015688514429114148,0.0,0.00018513899904976398
lh_caudalmiddlefrontal -- rh_cuneus,0.0,0.0023090591094920387,0.0,0.0014550401606865514,0.0,0.0008540189488054873
lh_caudalmiddlefrontal -- rh_precuneus,0.0,0.001737436144561252,0.0,0.0031136731249945247,0.0,-0.0013762369804332726
lh_medialorbitofrontal -- rh_parahippocampal,0.0,0.001422091797511174,0.0,0.003123988831410501,0.0,-0.001701897033899327
lh_precuneus -- rh_isthmuscingulate,0.0,0.0013041866656833424,0.0,0.001953812731904521,0.0,-0.0006496260662211787
rh_bankssts -- rh_superiorparietal,0.0,0.0012023523797868804,0.0,0.0013769003765989347,0.0,-0.00017454799681205428
lh_middletemporal -- lh_transversetemporal,0.0,0.00143387560053053,0.0,0.0023152499106405943,0.0,-0.0008813743101100642
rh_postcentral -- rh_rostralanteriorcingulate,0.0,0.0020884228803585165,0.0,0.001955354231837245,0.0,0.00013306864852127148
lh_middletemporal -- rh_postcentral,0.0,0.0021801466479820443,0.0,0.0012789529336864958,0.0,0.0009011937142955485
lh_precuneus -- rh_rostralmiddlefrontal,0.0,0.0015614435414449956,0.0,0.002100034464084224,0.0,-0.0005385909226392283
lh_precuneus -- rh_rostralanteriorcingulate,0.0,0.0016693550698913032,0.0,0.0014822097399255951,0.0,0.00018714532996570808
lh_rostralanteriorcingulate -- lh_superiorfrontal,0.04,0.0033212305833574163,0.04,0.0035102084914121496,0.0,-0.0001889779080547333
lh_rostralanteriorcingulate -- rh_inferiortemporal,0.0,0.0016374882549573314,0.0,0.0013397171540974334,0.0,0.00029777110085989797
lh_cuneus -- lh_rostralmiddlefrontal,0.0,0.0015171856343497538,0.0,0.0016314103376303586,0.0,-0.00011422470328060477
lh_isthmuscingulate -- rh_superiorfrontal,0.0,0.002608837121628205,0.0,0.0030954297490617274,0.0,-0.00048659262743352234
lh_supramarginal -- rh_posteriorcingulate,0.0,0.0026950522459998094,0.0,0.0020260377616894104,0.0,0.000669014484310399
lh_insula -- rh_supramarginal,0.0,0.003759497316308308,0.0,0.0018386329488185606,0.0,0.0019208643674897476
lh_isthmuscingulate -- lh_lateraloccipital,0.0,0.0020137941988064606,0.0,0.001440331295075749,0.0,0.0005734629037307116
lh_isthmuscingulate -- lh_superiorfrontal,0.0,0.002371602517591678,0.0,0.0027151462826282423,0.0,-0.00034354376503656445
lh_isthmuscingulate -- lh_rostralmiddlefrontal,0.0,0.002170769499963028,0.0,0.003244212495979241,0.0,-0.001073442996016213
lh_isthmuscingulate -- lh_postcentral,0.0,0.0013918031678984686,0.0,0.0033697989547510107,0.0,-0.001977995786852542
lh_middletemporal -- rh_bankssts,0.013333333333333334,0.0029527429620845105,0.013333333333333334,0.002817752975282285,0.0,0.00013498998680222573
lh_isthmuscingulate -- rh_supramarginal,0.0,0.0027593672155090043,0.0,0.003243850367138223,0.0,-0.0004844831516292187
lh_isthmuscingulate -- rh_superiorparietal,0.0,0.001785985638498034,0.0,0.0034333555042163266,0.0,-0.0016473698657182925
lh_supramarginal -- rh_entorhinal,0.0,0.0014778047207402545,0.0,0.0016549954737915843,0.0,-0.00017719075305132987
lh_cuneus -- rh_parstriangularis,0.0,0.0025743496367095203,0.0,0.0024624132656358793,0.0,0.00011193637107364098
lh_cuneus -- rh_parahippocampal,0.0,0.0029478024322615506,0.0,0.0023920887663372997,0.0,0.0005557136659242509
lh_lingual -- lh_rostralmiddlefrontal,0.0,0.0029174560214742244,0.0,0.0015746405511617655,0.0,0.001342815470312459
lh_lateraloccipital -- rh_transversetemporal,0.0,0.0013335364180906005,0.0,0.0013181470642307784,0.0,1.538935385982207e-05
lh_lateraloccipital -- rh_superiortemporal,0.0,0.0013829210034080439,0.0,0.0032388483406602907,0.0,-0.0018559273372522468
lh_lateralorbitofrontal -- lh_posteriorcingulate,0.0,0.0023637034946472563,0.0,0.0026289409022762027,0.0,-0.0002652374076289464
lh_lateralorbitofrontal -- lh_superiortemporal,0.0,0.0018922150358592776,0.0,0.00275659759122168,0.0,-0.0008643825553624025
lh_superiortemporal -- lh_transversetemporal,0.0,0.0014753770303062607,0.0,0.0015171079085862513,0.0,-4.173087827999064e-05
lh_superiorparietal -- rh_superiortemporal,0.0,0.0010314630426411777,0.0,0.0014405166060096394,0.0,-0.0004090535633684616
lh_medialorbitofrontal -- rh_lateralorbitofrontal,0.013333333333333334,0.0035949876258466545,0.013333333333333334,0.0031384800238181305,0.0,0.0004565076020285239
lh_rostralanteriorcingulate -- rh_precuneus,0.0,0.001536019241960308,0.0,0.0023135993757087345,0.0,-0.0007775801337484266
lh_rostralmiddlefrontal -- rh_bankssts,0.0,0.0016296270079951456,0.0,0.0015425726350573649,0.0,8.705437293778074e-05
lh_rostralanteriorcingulate -- rh_supramarginal,0.0,0.002888833685010214,0.0,0.002392543744102742,0.0,0.0004962899409074717
lh_rostralmiddlefrontal -- rh_isthmuscingulate,0.0,0.0020149821548155304,0.0,0.0026629778626403276,0.0,-0.0006479957078247972
lh_rostralmiddlefrontal -- rh_inferiortemporal,0.0,0.0018080178944401227,0.0,0.0027586777773083533,0.0,-0.0009506598828682305
lh_rostralmiddlefrontal -- rh_fusiform,0.0,0.0014606007558471104,0.0,0.0014229777053848787,0.0,3.76230504622317e-05
lh_rostralmiddlefrontal -- rh_caudalanteriorcingulate,0.0,0.002102677628352604,0.0,0.0014702577381291526,0.0,0.0006324198902234515
lh_lingual -- lh_superiorfrontal,0.0,0.0014147238811564196,0.0,0.004425728304006907,0.0,-0.003011004422850487
lh_medialorbitofrontal -- lh_paracentral,0.0,0.0029526086137127154,0.0,0.0014567543397160676,0.0,0.0014958542739966479
lh_superiortemporal -- rh_frontalpole,0.0,0.0018735051071920963,0.0,0.0022282458789410196,0.0,-0.0003547407717489233
lh_lateraloccipital -- rh_caudalanteriorcingulate,0.0,0.0016809547002666718,0.0,0.0019001253993888724,0.0,-0.00021917069912220054
lh_lateraloccipital -- lh_transversetemporal,0.0,0.0013816590754686688,0.0,0.0023389538587937427,0.0,-0.0009572947833250739
lh_lateraloccipital -- rh_paracentral,0.0,0.002222649810695323,0.0,0.0024372835625837597,0.0,-0.0002146337518884366
lh_lateraloccipital -- rh_lateralorbitofrontal,0.0,0.002174347171060355,0.0,0.0028094199491941253,0.0,-0.0006350727781337701
lh_lateraloccipital -- rh_isthmuscingulate,0.0,0.001521824203684955,0.0,0.0025066841628934586,0.0,-0.0009848599592085037
lh_isthmuscingulate -- rh_lateraloccipital,0.0,0.0028204756126625555,0.0,0.0014519847033377775,0.0,0.001368490909324778
lh_isthmuscingulate -- rh_parsorbitalis,0.0,0.002449080982475282,0.0,0.0026977570963680106,0.0,-0.0002486761138927288
lh_entorhinal -- lh_frontalpole,0.0,0.002459213398980962,0.0,0.0017828555970016155,0.0,0.0006763578019793465
lh_cuneus -- rh_superiortemporal,0.0,0.0037252040396768865,0.0,0.0016549249192848443,0.0,0.002070279120392042
lh_frontalpole -- lh_paracentral,0.0,0.0013875488457777618,0.0,0.0024890576575027344,0.0,-0.0011015088117249726
lh_cuneus -- rh_rostralanteriorcingulate,0.0,0.0018583804464821808,0.0,0.002112891683053803,0.0,-0.00025451123657162233
lh_cuneus -- rh_precuneus,0.02666666666666667,0.0032585053213691527,0.02666666666666667,0.0035597630218467294,0.0,-0.00030125770047757664
lh_entorhinal -- lh_parsopercularis,0.0,0.0026341317977440445,0.0,0.001566198865161006,0.0,0.0010679329325830385
lh_superiortemporal -- rh_pericalcarine,0.0,0.0018181156108906874,0.0,0.0022991216358191073,0.0,-0.00048100602492842
lh_lateraloccipital -- lh_posteriorcingulate,0.0,0.0014664295192650888,0.0,0.0013541785940149166,0.0,0.0001122509252501722
lh_cuneus -- rh_inferiortemporal,0.0,0.0013884247998342163,0.0,0.0013801684661012416,0.0,8.256333732974738e-06
rh_lateraloccipital -- rh_paracentral,0.0,0.002225909735282586,0.0,0.0022337948091685077,0.0,-7.885073885921697e-06
rh_lateraloccipital -- rh_lateralorbitofrontal,0.0,0.002288203896727325,0.0,0.0026089801623298938,0.0,-0.00032077626560256863
lh_frontalpole -- lh_parstriangularis,0.0,0.0015306048810022862,0.0,0.0018752008476471535,0.0,-0.0003445959666448673
lh_cuneus -- rh_rostralmiddlefrontal,0.0,0.0017955715985821033,0.0,0.0015820140468472657,0.0,0.00021355755173483757
lh_cuneus -- rh_cuneus,0.1,0.0042566079026110995,0.10133333333333333,0.004299523115002933,-0.0013333333333333253,-4.291521239183343e-05
rh_caudalmiddlefrontal -- rh_isthmuscingulate,0.02,0.003105996324940629,0.021333333333333333,0.003101554519630555,-0.0013333333333333322,4.441805310073828e-06
lh_precuneus -- rh_cuneus,0.02,0.0022017541818834044,0.021333333333333333,0.002993013884106014,-0.0013333333333333322,-0.0007912597022226098
lh_posteriorcingulate -- rh_parstriangularis,0.02,0.0035020492966810262,0.021333333333333333,0.003053389693506781,-0.0013333333333333322,0.00044865960317424505
rh_rostralanteriorcingulate -- rh_rostralmiddlefrontal,0.02,0.0027233318206176566,0.021333333333333333,0.0028483401102725454,-0.0013333333333333322,-0.00012500828965488885
lh_superiorparietal -- rh_lateraloccipital,0.03333333333333333,0.003520247546881734,0.034666666666666665,0.003525751539688251,-0.0013333333333333322,-5.503992806516703e-06
lh_isthmuscingulate -- rh_bankssts,0.03333333333333333,0.00302458549255553,0.034666666666666665,0.0031988988952228233,-0.0013333333333333322,-0.00017431340266729333
lh_lateraloccipital -- rh_parsopercularis,0.02,0.0026925504410546717,0.021333333333333333,0.003022086298865356,-0.0013333333333333322,-0.0003295358578106842
lh_bankssts -- rh_parstriangularis,0.02,0.003393955115829223,0.021333333333333333,0.0031829070896534574,-0.0013333333333333322,0.00021104802617576569
rh_isthmuscingulate -- rh_paracentral,0.02,0.0030402133322261133,0.021333333333333333,0.0033499183293819166,-0.0013333333333333322,-0.0003097049971558033
lh_parstriangularis -- rh_caudalmiddlefrontal,0.02,0.0033170121900589385,0.021333333333333333,0.003290541968674816,-0.0013333333333333322,2.647022138412263e-05
lh_postcentral -- lh_rostralmiddlefrontal,0.02,0.003338806992405393,0.021333333333333333,0.003311432501899835,-0.0013333333333333322,2.737449050555776e-05
lh_insula -- rh_isthmuscingulate,0.006666666666666667,0.0027763128799475375,0.008,0.0025083984224690157,-0.001333333333333333,0.0002679144574785218
rh_parstriangularis -- rh_pericalcarine,0.006666666666666667,0.004672215550826161,0.008,0.0028492364001169277,-0.001333333333333333,0.0018229791507092335
lh_fusiform -- rh_parsorbitalis,0.006666666666666667,0.00667954269309563,0.008,0.004314349685022911,-0.001333333333333333,0.0023651930080727185
rh_inferiortemporal -- rh_temporalpole,0.006666666666666667,0.0022093597699302816,0.008,0.0039350609327345664,-0.001333333333333333,-0.0017257011628042849
lh_supramarginal -- rh_parstriangularis,0.006666666666666667,0.003378470538908842,0.008,0.00300099985736821,-0.001333333333333333,0.00037747068154063207
rh_fusiform -- rh_transversetemporal,0.006666666666666667,0.0027006014983391525,0.008,0.0026032640455486396,-0.001333333333333333,9.733745279051284e-05
lh_parstriangularis -- rh_inferiorparietal,0.006666666666666667,0.0037134789328393688,0.008,0.0030315408127325936,-0.001333333333333333,0.0006819381201067752
rh_caudalanteriorcingulate -- rh_lateralorbitofrontal,0.006666666666666667,0.0025831391279572645,0.008,0.0030718705728051713,-0.001333333333333333,-0.0004887314448479068
lh_frontalpole -- rh_lateralorbitofrontal,0.006666666666666667,0.00300679207254253,0.008,0.003202820053669032,-0.001333333333333333,-0.00019602798112650218
lh_lateralorbitofrontal -- rh_precuneus,0.006666666666666667,0.0031401505478026114,0.008,0.0034917884049720386,-0.001333333333333333,-0.00035163785716942715
rh_caudalanteriorcingulate -- rh_medialorbitofrontal,0.006666666666666667,0.003159882198767635,0.008,0.002898143846796768,-0.001333333333333333,0.000261738351970867
rh_paracentral -- rh_superiorfrontal,0.006666666666666667,0.002581821438175402,0.008,0.0023999718200761358,-0.001333333333333333,0.0001818496180992662
lh_lateralorbitofrontal -- lh_postcentral,0.006666666666666667,0.0037495610266945235,0.008,0.0027259515920063774,-0.001333333333333333,0.0010236094346881461
lh_paracentral -- rh_rostralmiddlefrontal,0.006666666666666667,0.0029679602154383928,0.008,0.002824344180586985,-0.001333333333333333,0.00014361603485140784
lh_caudalmiddlefrontal -- rh_parsopercularis,0.006666666666666667,0.0034375744080628722,0.008,0.002758583936081612,-0.001333333333333333,0.00067899047198126
lh_rostralanteriorcingulate -- rh_posteriorcingulate,0.006666666666666667,0.0028527658465845912,0.008,0.003248698689048464,-0.001333333333333333,-0.00039593284246387285
rh_medialorbitofrontal -- rh_transversetemporal,0.006666666666666667,0.0021628201907884373,0.008,0.0029427035786518596,-0.001333333333333333,-0.0007798833878634222
rh_frontalpole -- rh_medialorbitofrontal,0.006666666666666667,0.00317468103874683,0.008,0.003498338802285984,-0.001333333333333333,-0.000323657763539154
lh_bankssts -- lh_supramarginal,0.006666666666666667,0.0030017246155793187,0.008,0.002635621380224401,-0.001333333333333333,0.00036610323535491785
lh_rostralmiddlefrontal -- rh_rostralanteriorcingulate,0.006666666666666667,0.002545225717646086,0.008,0.002876895077344213,-0.001333333333333333,-0.0003316693596981269
lh_bankssts -- rh_superiortemporal,0.006666666666666667,0.0025948439915691344,0.008,0.002903183486892682,-0.001333333333333333,-0.0003083394953235477
lh_caudalanteriorcingulate -- rh_lateraloccipital,0.006666666666666667,0.0025516848070749076,0.008,0.0023363384944987916,-0.001333333333333333,0.00021534631257611597
lh_pericalcarine -- rh_medialorbitofrontal,0.006666666666666667,0.00341707106426664,0.008,0.003636991359688018,-0.001333333333333333,-0.00021992029542137808
lh_medialorbitofrontal -- lh_temporalpole,0.006666666666666667,0.002929701599082473,0.008,0.0028666218684878985,-0.001333333333333333,6.30797305945746e-05
lh_caudalanteriorcingulate -- rh_superiorparietal,0.006666666666666667,0.0036980664718200278,0.008,0.0022877736944916438,-0.001333333333333333,0.001410292777328384
lh_caudalanteriorcingulate -- rh_supramarginal,0.006666666666666667,0.002822019373988477,0.008,0.0027567931524999124,-0.001333333333333333,6.522622148856473e-05
lh_middletemporal -- rh_parsopercularis,0.006666666666666667,0.002973119542175663,0.008,0.0031895242597522184,-0.001333333333333333,-0.00021640471757655537
lh_parsorbitalis -- rh_lingual,0.006666666666666667,0.0022188188771424294,0.008,0.0028235490068491825,-0.001333333333333333,-0.0006047301297067531
lh_rostralanteriorcingulate -- rh_caudalmiddlefrontal,0.006666666666666667,0.0034300613138077383,0.008,0.0031074324083942137,-0.001333333333333333,0.0003226289054135247
lh_parstriangularis -- rh_lateralorbitofrontal,0.006666666666666667,0.0029879436259770817,0.008,0.0031897275921843244,-0.001333333333333333,-0.00020178396620724277
rh_fusiform -- rh_isthmuscingulate,0.006666666666666667,0.0020004562011267713,0.008,0.004048816722540693,-0.001333333333333333,-0.002048360521413922
lh_caudalanteriorcingulate -- lh_parsopercularis,0.006666666666666667,0.00429003599265246,0.008,0.002816765702511418,-0.001333333333333333,0.0014732702901410423
rh_bankssts -- rh_parahippocampal,0.006666666666666667,0.0027791217874883235,0.008,0.0031500695099592213,-0.001333333333333333,-0.0003709477224708977
rh_posteriorcingulate -- rh_rostralanteriorcingulate,0.006666666666666667,0.002003490990573272,0.008,0.0033732019586706907,-0.001333333333333333,-0.0013697109680974187
rh_insula -- rh_lateralorbitofrontal,0.006666666666666667,0.00193393972380159,0.008,0.0033111449117789837,-0.001333333333333333,-0.0013772051879773937
lh_parahippocampal -- rh_precuneus,0.006666666666666667,0.003215520641960454,0.008,0.0028791984407921297,-0.001333333333333333,0.0003363222011683242
lh_supramarginal -- rh_rostralmiddlefrontal,0.02666666666666667,0.0032472435093774277,0.029333333333333333,0.0032364319051520086,-0.0026666666666666644,1.0811604225419158e-05
rh_postcentral -- rh_rostralmiddlefrontal,0.04,0.0034388908890957593,0.042666666666666665,0.003399812227095782,-0.0026666666666666644,3.907866199997709e-05
lh_transversetemporal -- rh_bankssts,0.013333333333333334,0.0038870834516162318,0.016,0.0033548214018924573,-0.002666666666666666,0.0005322620497237745
lh_cuneus -- rh_parsorbitalis,0.013333333333333334,0.002290283693822253,0.016,0.0031394614930640263,-0.002666666666666666,-0.0008491777992417735
lh_inferiortemporal -- rh_caudalanteriorcingulate,0.013333333333333334,0.002680601887642403,0.016,0.0029340362023991405,-0.002666666666666666,-0.00025343431475673747
rh_caudalanteriorcingulate -- rh_rostralanteriorcingulate,0.013333333333333334,0.003573762309040552,0.016,0.0033139715862618552,-0.002666666666666666,0.0002597907227786969
lh_temporalpole -- rh_lateralorbitofrontal,0.013333333333333334,0.003178264306791392,0.016,0.003356798089398797,-0.002666666666666666,-0.00017853378260740535
rh_caudalmiddlefrontal -- rh_inferiortemporal,0.013333333333333334,0.0028748864179364464,0.016,0.002983892913151309,-0.002666666666666666,-0.00010900649521486264
lh_supramarginal -- rh_superiorparietal,0.013333333333333334,0.003026401718780631,0.016,0.002996136026378326,-0.002666666666666666,3.0265692402305002e-05
rh_caudalanteriorcingulate -- rh_inferiortemporal,0.013333333333333334,0.0028282992464605623,0.016,0.0029752055275440465,-0.002666666666666666,-0.0001469062810834842
lh_lateraloccipital -- rh_superiorfrontal,0.013333333333333334,0.002855053986238063,0.016,0.0029568980557024443,-0.002666666666666666,-0.0001018440694643811
lh_inferiortemporal -- lh_posteriorcingulate,0.013333333333333334,0.002826403676042163,0.016,0.0030508311997852343,-0.002666666666666666,-0.00022442752374307118
lh_parsorbitalis -- lh_pericalcarine,0.013333333333333334,0.003366649500045246,0.016,0.0029597568561994837,-0.002666666666666666,0.00040689264384576214
lh_inferiorparietal -- rh_precuneus,0.013333333333333334,0.0032162372855448866,0.016,0.003304794331390614,-0.002666666666666666,-8.855704584572735e-05
rh_lateraloccipital -- rh_superiorfrontal,0.013333333333333334,0.0029608511331662016,0.016,0.0030367339989964856,-0.002666666666666666,-7.588286583028398e-05
lh_caudalanteriorcingulate -- rh_insula,0.013333333333333334,0.00224735116131481,0.016,0.002835476014216545,-0.002666666666666666,-0.0005881248529017351
lh_pericalcarine -- rh_superiortemporal,0.013333333333333334,0.0025539142510856185,0.016,0.0027104761118968692,-0.002666666666666666,-0.00015656186081125078
lh_superiorparietal -- lh_supramarginal,0.013333333333333334,0.0027911220617728855,0.016,0.002930099738189423,-0.002666666666666666,-0.00013897767641653756
lh_lateralorbitofrontal -- rh_pericalcarine,0.013333333333333334,0.0027808440375833403,0.016,0.003271171773195767,-0.002666666666666666,-0.0004903277356124269
rh_parsorbitalis -- rh_pericalcarine,0.013333333333333334,0.00319724233848937,0.016,0.003107409203157425,-0.002666666666666666,8.983313533194497e-05
lh_lateralorbitofrontal -- rh_rostralmiddlefrontal,0.0,0.001975181900530368,0.0026666666666666666,0.002194540213680881,-0.0026666666666666666,-0.00021935831315051313
lh_precuneus -- rh_parahippocampal,0.0,0.0015338554131205401,0.0026666666666666666,0.0023977087959354665,-0.0026666666666666666,-0.0008638533828149264
lh_precuneus -- rh_middletemporal,0.0,0.0013568697999118303,0.0026666666666666666,0.0031337105978620334,-0.0026666666666666666,-0.0017768407979502031
lh_precuneus -- rh_lateralorbitofrontal,0.0,0.002075541608477899,0.0026666666666666666,0.0032831404852027447,-0.0026666666666666666,-0.0012075988767248458
lh_superiortemporal -- rh_lateralorbitofrontal,0.0,0.002118281288172901,0.0026666666666666666,0.002576707969008338,-0.0026666666666666666,-0.00045842668083543713
lh_superiortemporal -- rh_lateraloccipital,0.0,0.0031944279523537836,0.0026666666666666666,0.0023484602935311713,-0.0026666666666666666,0.0008459676588226123
lh_superiortemporal -- rh_fusiform,0.0,0.0023367205668091513,0.0026666666666666666,0.002493593454469956,-0.0026666666666666666,-0.00015687288766080484
lh_fusiform -- rh_precuneus,0.0,0.0014632616022462216,0.0026666666666666666,0.003158315440806997,-0.0026666666666666666,-0.0016950538385607753
rh_entorhinal -- rh_parsopercularis,0.0,0.0030704715675849803,0.0026666666666666666,0.001969570985460638,-0.0026666666666666666,0.0011009005821243424
lh_superiorfrontal -- rh_superiortemporal,0.0,0.00337089554036276,0.0026666666666666666,0.0027871625871551185,-0.0026666666666666666,0.0005837329532076413
lh_cuneus -- rh_superiorparietal,0.0,0.002547347772872707,0.0026666666666666666,0.0018099174364405962,-0.0026666666666666666,0.0007374303364321108
lh_inferiorparietal -- lh_medialorbitofrontal,0.0,0.0017295107038542267,0.0026666666666666666,0.002177262170570552,-0.0026666666666666666,-0.00044775146671632545
lh_fusiform -- rh_rostralanteriorcingulate,0.0,0.001420606198090838,0.0026666666666666666,0.0022762990290002096,-0.0026666666666666666,-0.0008556928309093716
lh_lateralorbitofrontal -- lh_rostralmiddlefrontal,0.0,0.0021775426627290498,0.0026666666666666666,0.002277301575289032,-0.0026666666666666666,-9.975891255998215e-05
lh_medialorbitofrontal -- lh_posteriorcingulate,0.0,0.003597785341114065,0.0026666666666666666,0.0021520545439768363,-0.0026666666666666666,0.0014457307971372287
lh_frontalpole -- rh_supramarginal,0.0,0.0025921914575572887,0.0026666666666666666,0.003454490554357561,-0.0026666666666666666,-0.0008622990968002722
rh_frontalpole -- rh_middletemporal,0.0,0.0018962914026195816,0.0026666666666666666,0.0024645013237693477,-0.0026666666666666666,-0.0005682099211497661
lh_frontalpole -- rh_parstriangularis,0.0,0.0032429326923341883,0.0026666666666666666,0.002313317510667143,-0.0026666666666666666,0.0009296151816670451
lh_medialorbitofrontal -- rh_middletemporal,0.0,0.0014971380115296827,0.0026666666666666666,0.0021379826627880546,-0.0026666666666666666,-0.0006408446512583719
lh_medialorbitofrontal -- lh_postcentral,0.0,0.002203790601409259,0.0026666666666666666,0.0019445571938945375,-0.0026666666666666666,0.0002592334075147214
rh_fusiform -- rh_rostralmiddlefrontal,0.0,0.0013563563919494488,0.0026666666666666666,0.0023782471838219906,-0.0026666666666666666,-0.0010218907918725418
lh_inferiorparietal -- rh_paracentral,0.0,0.001562892801671669,0.0026666666666666666,0.002660093253293477,-0.0026666666666666666,-0.001097200451621808
lh_fusiform -- rh_caudalanteriorcingulate,0.0,0.0018503497140019724,0.0026666666666666666,0.002579297977498639,-0.0026666666666666666,-0.0007289482634966664
lh_medialorbitofrontal -- lh_parahippocampal,0.0,0.0014654790037848416,0.0026666666666666666,0.0027829683120803553,-0.0026666666666666666,-0.0013174893082955137
lh_inferiorparietal -- rh_middletemporal,0.0,0.0013597509940749745,0.0026666666666666666,0.004490148966764511,-0.0026666666666666666,-0.003130397972689536
lh_precuneus -- rh_parsopercularis,0.0,0.0016721484258969393,0.0026666666666666666,0.00304509451611919,-0.0026666666666666666,-0.0013729460902222506
lh_fusiform -- rh_cuneus,0.0,0.0014910740093853016,0.0026666666666666666,0.007157953083520301,-0.0026666666666666666,-0.005666879074134999
lh_superiorparietal -- rh_bankssts,0.0,0.0014264806287549402,0.0026666666666666666,0.0027910164571892573,-0.0026666666666666666,-0.001364535828434317
lh_superiorparietal -- rh_caudalmiddlefrontal,0.0,0.0016398276701400463,0.0026666666666666666,0.0026577596463391567,-0.0026666666666666666,-0.0010179319761991104
lh_superiorparietal -- rh_insula,0.0,0.0017577001523479358,0.0026666666666666666,0.0015100974514447559,-0.0026666666666666666,0.0002476027009031799
lh_medialorbitofrontal -- lh_parsorbitalis,0.0,0.0026278023904385633,0.0026666666666666666,0.0028609530737965655,-0.0026666666666666666,-0.00023315068335800224
lh_superiorfrontal -- rh_isthmuscingulate,0.0,0.0022592766136408267,0.0026666666666666666,0.0021296203471700722,-0.0026666666666666666,0.00012965626647075445
lh_caudalanteriorcingulate -- lh_medialorbitofrontal,0.0,0.0025931470832962836,0.0026666666666666666,0.0026639667523616455,-0.0026666666666666666,-7.081966906536188e-05
rh_rostralmiddlefrontal -- rh_superiortemporal,0.0,0.0017538868113665521,0.0026666666666666666,0.003931024626188916,-0.0026666666666666666,-0.0021771378148223637
lh_bankssts -- lh_precentral,0.0,0.0024993244289877726,0.0026666666666666666,0.002551415041646259,-0.0026666666666666666,-5.2090612658486305e-05
lh_fusiform -- lh_superiorparietal,0.0,0.001385464001076009,0.0026666666666666666,0.0037034417834143135,-0.0026666666666666666,-0.0023179777823383045
lh_lateralorbitofrontal -- rh_lateraloccipital,0.0,0.0014045426253717344,0.0026666666666666666,0.0024815391070268345,-0.0026666666666666666,-0.0010769964816551001
lh_lingual -- rh_precentral,0.0,0.0028948924703768955,0.0026666666666666666,0.0036641628886735335,-0.0026666666666666666,-0.0007692704182966381
lh_superiorfrontal -- lh_superiorparietal,0.0,0.0017855526234688036,0.0026666666666666666,0.0019247164603170975,-0.0026666666666666666,-0.00013916383684829388
lh_superiorfrontal -- lh_transversetemporal,0.0,0.0016592576694775347,0.0026666666666666666,0.0019445806224889367,-0.0026666666666666666,-0.00028532295301140196
lh_lingual -- lh_precentral,0.0,0.0014196417762685778,0.0026666666666666666,0.0025255025897572706,-0.0026666666666666666,-0.0011058608134886928
rh_fusiform -- rh_parsorbitalis,0.0,0.0015583812493583616,0.0026666666666666666,0.0030908574314682433,-0.0026666666666666666,-0.0015324761821098817
lh_inferiortemporal -- rh_lateraloccipital,0.0,0.002273371088683102,0.0026666666666666666,0.002450695443944579,-0.0026666666666666666,-0.00017732435526147733
lh_fusiform -- lh_superiortemporal,0.0,0.0014421923527083963,0.0026666666666666666,0.0028431617039196815,-0.0026666666666666666,-0.0014009693512112853
rh_fusiform -- rh_lateralorbitofrontal,0.0,0.0015175131527020262,0.0026666666666666666,0.003440105814545643,-0.0026666666666666666,-0.0019225926618436167
rh_fusiform -- rh_parahippocampal,0.0,0.003313331966235343,0.0026666666666666666,0.0029877493398988426,-0.0026666666666666666,0.0003255826263365005
lh_lingual -- lh_supramarginal,0.0,0.001966810408209794,0.0026666666666666666,0.0018360346494831546,-0.0026666666666666666,0.00013077575872663932
lh_lingual -- rh_parsopercularis,0.0,0.0016030285348652982,0.0026666666666666666,0.002249286235373352,-0.0026666666666666666,-0.0006462577005080538
lh_fusiform -- lh_postcentral,0.0,0.0011793507795107936,0.0026666666666666666,0.0034996377884264876,-0.0026666666666666666,-0.002320287008915694
lh_medialorbitofrontal -- lh_superiorfrontal,0.0,0.004583924074195153,0.0026666666666666666,0.0036072072054397597,-0.0026666666666666666,0.0009767168687553934
lh_medialorbitofrontal -- lh_supramarginal,0.0,0.0013974676677492052,0.0026666666666666666,0.003023127028343739,-0.0026666666666666666,-0.0016256593605945336
lh_medialorbitofrontal -- rh_bankssts,0.0,0.002646839636545318,0.0026666666666666666,0.0037413166288449763,-0.0026666666666666666,-0.0010944769922996583
lh_fusiform -- lh_lingual,0.0,0.0016138363282184843,0.0026666666666666666,0.0034792344649668757,-0.0026666666666666666,-0.0018653981367483914
rh_inferiortemporal -- rh_lateralorbitofrontal,0.0,0.0021855772469733556,0.0026666666666666666,0.002420127204588355,-0.0026666666666666666,-0.00023454995761499958
lh_rostralmiddlefrontal -- rh_insula,0.0,0.001781472681664653,0.0026666666666666666,0.002018300987613151,-0.0026666666666666666,-0.00023682830594849822
lh_medialorbitofrontal -- rh_isthmuscingulate,0.0,0.003192808627596222,0.0026666666666666666,0.0023124156525690014,-0.0026666666666666666,0.0008803929750272207
lh_medialorbitofrontal -- rh_rostralmiddlefrontal,0.0,0.0018698913567237714,0.0026666666666666666,0.0029428031695923453,-0.0026666666666666666,-0.0010729118128685738
lh_medialorbitofrontal -- rh_superiorfrontal,0.0,0.003437762967485384,0.0026666666666666666,0.003394166426103477,-0.0026666666666666666,4.35965413819071e-05
lh_rostralanteriorcingulate -- rh_lingual,0.0,0.0013008313561083636,0.0026666666666666666,0.0024475156243093698,-0.0026666666666666666,-0.0011466842682010061
lh_superiorfrontal -- rh_posteriorcingulate,0.0,0.001422825637802323,0.0026666666666666666,0.0018566100251436416,-0.0026666666666666666,-0.0004337843873413185
lh_lateraloccipital -- rh_bankssts,0.0,0.0013575997070320869,0.0026666666666666666,0.0016325036661212202,-0.0026666666666666666,-0.00027490395908913337
lh_insula -- rh_rostralmiddlefrontal,0.0,0.0017932122594391056,0.0026666666666666666,0.002184630343593587,-0.0026666666666666666,-0.0003914180841544815
lh_insula -- rh_superiorparietal,0.0,0.001539812151415614,0.0026666666666666666,0.0018220276950921674,-0.0026666666666666666,-0.00028221554367655337
lh_temporalpole -- rh_superiortemporal,0.0,0.001698849483601817,0.0026666666666666666,0.002199249455511553,-0.0026666666666666666,-0.000500399971909736
lh_isthmuscingulate -- lh_parsopercularis,0.0,0.001577689863982685,0.0026666666666666666,0.002697129569292584,-0.0026666666666666666,-0.0011194397053098989
lh_bankssts -- rh_medialorbitofrontal,0.0,0.0014434377090911667,0.0026666666666666666,0.0030657590352733623,-0.0026666666666666666,-0.0016223213261821955
rh_caudalanteriorcingulate -- rh_frontalpole,0.0,0.00194184243946256,0.0026666666666666666,0.00212085614034855,-0.0026666666666666666,-0.0001790137008859901
lh_inferiortemporal -- rh_rostralmiddlefrontal,0.0,0.001980305304406219,0.0026666666666666666,0.0030284977728281992,-0.0026666666666666666,-0.0010481924684219803
lh_bankssts -- lh_parahippocampal,0.0,0.001623424780111361,0.0026666666666666666,0.00241202890453854,-0.0026666666666666666,-0.0007886041244271791
rh_caudalanteriorcingulate -- rh_precentral,0.0,0.0017201958104189402,0.0026666666666666666,0.001636547402374428,-0.0026666666666666666,8.364840804451221e-05
lh_inferiortemporal -- rh_inferiorparietal,0.0,0.0028103689206076506,0.0026666666666666666,0.002782495393405103,-0.0026666666666666666,2.787352720254755e-05
rh_precentral -- rh_transversetemporal,0.0,0.0030011194569735315,0.0026666666666666666,0.002698987608828965,-0.0026666666666666666,0.0003021318481445665
lh_caudalmiddlefrontal -- lh_entorhinal,0.0,0.003913437995692469,0.0026666666666666666,0.0019005007276900255,-0.0026666666666666666,0.0020129372680024434
rh_posteriorcingulate -- rh_transversetemporal,0.0,0.0021468479395054985,0.0026666666666666666,0.005309567148430195,-0.0026666666666666666,-0.003162719208924696
lh_insula -- rh_middletemporal,0.0,0.00164503042676527,0.0026666666666666666,0.0022815602363358035,-0.0026666666666666666,-0.0006365298095705335
lh_insula -- rh_parstriangularis,0.0,0.00299325443427374,0.0026666666666666666,0.002575051927774948,-0.0026666666666666666,0.000418202506498792
rh_bankssts -- rh_supramarginal,0.0,0.002484265060744414,0.0026666666666666666,0.0027899761782012255,-0.0026666666666666666,-0.0003057111174568114
rh_posteriorcingulate -- rh_precentral,0.0,0.001370586605447421,0.0026666666666666666,0.0014294973291173584,-0.0026666666666666666,-5.891072366993747e-05
rh_parsopercularis -- rh_transversetemporal,0.0,0.0022324262650476163,0.0026666666666666666,0.0023221940525284903,-0.0026666666666666666,-8.976778748087406e-05
rh_parsorbitalis -- rh_parstriangularis,0.0,0.002602287079249196,0.0026666666666666666,0.00258400422721916,-0.0026666666666666666,1.8282852030036042e-05
rh_parsorbitalis -- rh_posteriorcingulate,0.0,0.0013332270121483526,0.0026666666666666666,0.0029944299827855234,-0.0026666666666666666,-0.0016612029706371708
lh_inferiortemporal -- rh_supramarginal,0.0,0.0025961520316870016,0.0026666666666666666,0.002882239048044281,-0.0026666666666666666,-0.00028608701635727965
lh_posteriorcingulate -- rh_superiorfrontal,0.0,0.00253839138330016,0.0026666666666666666,0.0023090355786414885,-0.0026666666666666666,0.0002293558046586714
lh_postcentral -- rh_paracentral,0.0,0.0023180238194020005,0.0026666666666666666,0.0024032074375317826,-0.0026666666666666666,-8.518361812978213e-05
lh_caudalanteriorcingulate -- lh_supramarginal,0.0,0.002817040553410701,0.0026666666666666666,0.0027265706521054675,-0.0026666666666666666,9.046990130523371e-05
rh_lateralorbitofrontal -- rh_superiorparietal,0.0,0.0021064194877521455,0.0026666666666666666,0.0027368362939006155,-0.0026666666666666666,-0.00063041680614847
lh_caudalmiddlefrontal -- rh_lateraloccipital,0.0,0.0023855096413868686,0.0026666666666666666,0.002172010578792483,-0.0026666666666666666,0.00021349906259438564
lh_caudalmiddlefrontal -- rh_parsorbitalis,0.0,0.00138896253285014,0.0026666666666666666,0.002372394962100477,-0.0026666666666666666,-0.000983432429250337
rh_medialorbitofrontal -- rh_temporalpole,0.0,0.002420910812968522,0.0026666666666666666,0.002325021633902098,-0.0026666666666666666,9.588917906642406e-05
rh_paracentral -- rh_precentral,0.0,0.0019393678155028098,0.0026666666666666666,0.002190489953267454,-0.0026666666666666666,-0.0002511221377646442
rh_paracentral -- rh_rostralmiddlefrontal,0.0,0.0020613574879655627,0.0026666666666666666,0.002699851853849451,-0.0026666666666666666,-0.0006384943658838882
rh_medialorbitofrontal -- rh_rostralmiddlefrontal,0.0,0.0024180398594005163,0.0026666666666666666,0.0026900180004709277,-0.0026666666666666666,-0.0002719781410704114
lh_postcentral -- rh_lateralorbitofrontal,0.0,0.0023420428399669713,0.0026666666666666666,0.002506258750311555,-0.0026666666666666666,-0.00016421591034458368
lh_postcentral -- rh_medialorbitofrontal,0.0,0.0022254053022266575,0.0026666666666666666,0.003149158101487335,-0.0026666666666666666,-0.0009237527992606775
lh_paracentral -- rh_superiorfrontal,0.0,0.001985222414835344,0.0026666666666666666,0.0024261047006848397,-0.0026666666666666666,-0.00044088228584949563
lh_posteriorcingulate -- rh_supramarginal,0.0,0.0024295734875313725,0.0026666666666666666,0.002714389731358218,-0.0026666666666666666,-0.00028481624382684567
rh_medialorbitofrontal -- rh_superiorfrontal,0.0,0.0025650985863465976,0.0026666666666666666,0.0025359609114940056,-0.0026666666666666666,2.9137674852592037e-05
rh_medialorbitofrontal -- rh_superiorparietal,0.0,0.0026079088361263495,0.0026666666666666666,0.0028267350230666167,-0.0026666666666666666,-0.00021882618694026718
rh_medialorbitofrontal -- rh_superiortemporal,0.0,0.001615642060519372,0.0026666666666666666,0.0022843770690129427,-0.0026666666666666666,-0.0006687350084935706
rh_lateraloccipital -- rh_superiortemporal,0.0,0.001281816343983315,0.0026666666666666666,0.0036292751258688435,-0.0026666666666666666,-0.0023474587818855287
lh_cuneus -- lh_superiorparietal,0.0,0.0026059128874521705,0.0026666666666666666,0.0031213045364882025,-0.0026666666666666666,-0.000515391649036032
lh_cuneus -- rh_inferiorparietal,0.0,0.0013519907639524859,0.0026666666666666666,0.0036396168226728903,-0.0026666666666666666,-0.0022876260587204045
lh_cuneus -- rh_lateraloccipital,0.0,0.001601096582417965,0.0026666666666666666,0.002734175625845054,-0.0026666666666666666,-0.001133079043427089
rh_lateraloccipital -- rh_medialorbitofrontal,0.0,0.0017405334455627929,0.0026666666666666666,0.002648659137779498,-0.0026666666666666666,-0.0009081256922167053
rh_lateraloccipital -- rh_middletemporal,0.0,0.0021988324714121888,0.0026666666666666666,0.003142606846370513,-0.0026666666666666666,-0.0009437743749583245
rh_lateraloccipital -- rh_supramarginal,0.0,0.0024556864531957443,0.0026666666666666666,0.0029219604995715737,-0.0026666666666666666,-0.0004662740463758294
lh_lateraloccipital -- rh_precuneus,0.0,0.002483434602782044,0.0026666666666666666,0.002916949813032068,-0.0026666666666666666,-0.0004335152102500242
lh_isthmuscingulate -- rh_fusiform,0.0,0.0019018925316237228,0.0026666666666666666,0.0017171049959278598,-0.0026666666666666666,0.00018478753569586294
rh_caudalmiddlefrontal -- rh_precuneus,0.0,0.0013174556615980141,0.0026666666666666666,0.002769133651825373,-0.0026666666666666666,-0.001451677990227359
lh_paracentral -- rh_superiorparietal,0.0,0.002937319112403794,0.0026666666666666666,0.002679382760273468,-0.0026666666666666666,0.00025793635213032604
lh_isthmuscingulate -- lh_superiorparietal,0.0,0.001928627295501551,0.0026666666666666666,0.0037102090699604362,-0.0026666666666666666,-0.0017815817744588852
lh_insula -- rh_lateraloccipital,0.0,0.0017502424579395437,0.0026666666666666666,0.0023528040319948694,-0.0026666666666666666,-0.0006025615740553258
lh_parstriangularis -- lh_precuneus,0.0,0.0013546045199801288,0.0026666666666666666,0.0024013774499237403,-0.0026666666666666666,-0.0010467729299436115
lh_parstriangularis -- rh_postcentral,0.0,0.002505381680693212,0.0026666666666666666,0.0025434972355289722,-0.0026666666666666666,-3.811555483576026e-05
rh_parahippocampal -- rh_superiortemporal,0.0,0.0036960823216092,0.0026666666666666666,0.0036922944871454616,-0.0026666666666666666,3.7878344637384473e-06
lh_caudalanteriorcingulate -- rh_precentral,0.0,0.0019454191764685946,0.0026666666666666666,0.0026891100445476553,-0.0026666666666666666,-0.0007436908680790607
rh_posteriorcingulate -- rh_rostralmiddlefrontal,0.0,0.0021321456843295837,0.0026666666666666666,0.0036695373544619746,-0.0026666666666666666,-0.001537391670132391
lh_parahippocampal -- rh_isthmuscingulate,0.0,0.0033227628499380934,0.0026666666666666666,0.0018807336253972727,-0.0026666666666666666,0.0014420292245408207
lh_parsorbitalis -- rh_caudalanteriorcingulate,0.0,0.0014050743564172283,0.0026666666666666666,0.0016730081076730388,-0.0026666666666666666,-0.00026793375125581053
lh_parsorbitalis -- rh_isthmuscingulate,0.0,0.0025244839459913166,0.0026666666666666666,0.0021981692257716763,-0.0026666666666666666,0.0003263147202196403
lh_parsorbitalis -- rh_supramarginal,0.0,0.003835250127690808,0.0026666666666666666,0.002884613211559575,-0.0026666666666666666,0.0009506369161312333
lh_parstriangularis -- rh_lateraloccipital,0.0,0.002177823915868748,0.0026666666666666666,0.0030340643665108516,-0.0026666666666666666,-0.0008562404506421034
lh_parsopercularis -- rh_isthmuscingulate,0.0,0.0021542483608047386,0.0026666666666666666,0.002846868680963275,-0.0026666666666666666,-0.0006926203201585365
lh_caudalmiddlefrontal -- lh_lateralorbitofrontal,0.0,0.00291533362425474,0.0026666666666666666,0.0027726019422699847,-0.0026666666666666666,0.00014273168198475523
lh_transversetemporal -- rh_precentral,0.0,0.0015265174785007633,0.0026666666666666666,0.002427566563353969,-0.0026666666666666666,-0.0009010490848532055
lh_parahippocampal -- rh_middletemporal,0.0,0.0014704309158543717,0.0026666666666666666,0.0020725738340586467,-0.0026666666666666666,-0.0006021429182042749
lh_postcentral -- rh_parstriangularis,0.0,0.0024298005820568656,0.0026666666666666666,0.0028977853277690046,-0.0026666666666666666,-0.000467984745712139
lh_parahippocampal -- rh_fusiform,0.0,0.0037379946475909476,0.0026666666666666666,0.0042269588736378785,-0.0026666666666666666,-0.0004889642260469309
lh_caudalanteriorcingulate -- lh_fusiform,0.0,0.0017432381070181698,0.0026666666666666666,0.002182503734618483,-0.0026666666666666666,-0.0004392656276003132
rh_parstriangularis -- rh_superiorfrontal,0.0,0.002674659956316928,0.0026666666666666666,0.0025223673303748344,-0.0026666666666666666,0.00015229262594209335
lh_caudalanteriorcingulate -- lh_superiorparietal,0.0,0.0022048456196043184,0.0026666666666666666,0.0023627329796921527,-0.0026666666666666666,-0.00015788736008783433
lh_precentral -- rh_parstriangularis,0.0,0.0021164544704374796,0.0026666666666666666,0.002653833593302314,-0.0026666666666666666,-0.0005373791228648343
rh_lingual -- rh_parstriangularis,0.0,0.0027440590639462273,0.0026666666666666666,0.0024599795888346535,-0.0026666666666666666,0.0002840794751115738
rh_medialorbitofrontal -- rh_middletemporal,0.0,0.0016010373248817398,0.0026666666666666666,0.0025850373790069553,-0.0026666666666666666,-0.0009840000541252154
rh_medialorbitofrontal -- rh_parahippocampal,0.0,0.0023566928336896786,0.0026666666666666666,0.0025523471009536117,-0.0026666666666666666,-0.00019565426726393317
lh_caudalmiddlefrontal -- rh_rostralmiddlefrontal,0.0,0.002466023353495909,0.0026666666666666666,0.0021433753707635517,-0.0026666666666666666,0.0003226479827323574
lh_caudalmiddlefrontal -- lh_fusiform,0.0,0.0027062698406017274,0.0026666666666666666,0.0031831038722400676,-0.0026666666666666666,-0.00047683403163834015
rh_bankssts -- rh_postcentral,0.0,0.001228220078904156,0.0026666666666666666,0.003185097291359524,-0.0026666666666666666,-0.0019568772124553685
lh_precentral -- rh_posteriorcingulate,0.0,0.0014510567467122754,0.0026666666666666666,0.0034012670660979122,-0.0026666666666666666,-0.0019502103193856368
lh_precentral -- rh_caudalanteriorcingulate,0.0,0.00258982645491953,0.0026666666666666666,0.003057055538758948,-0.0026666666666666666,-0.00046722908383941804
lh_precentral -- rh_paracentral,0.0,0.0019007055566635496,0.0026666666666666666,0.0022496043127155185,-0.0026666666666666666,-0.0003488987560519689
lh_parahippocampal -- rh_caudalanteriorcingulate,0.0,0.0016590099608369121,0.0026666666666666666,0.002556161570931852,-0.0026666666666666666,-0.00089715161009494
rh_isthmuscingulate -- rh_medialorbitofrontal,0.0,0.002221799846495166,0.0026666666666666666,0.002996366010867174,-0.0026666666666666666,-0.0007745661643720077
lh_cuneus -- rh_supramarginal,0.0,0.002660128837143238,0.0026666666666666666,0.002493642120036785,-0.0026666666666666666,0.00016648671710645276
lh_entorhinal -- lh_superiorparietal,0.0,0.0015380852748960862,0.0026666666666666666,0.0023768901460978317,-0.0026666666666666666,-0.0008388048712017456
lh_entorhinal -- lh_supramarginal,0.0,0.0013351981390622132,0.0026666666666666666,0.0017096308114825415,-0.0026666666666666666,-0.00037443267242032825
rh_lateralorbitofrontal -- rh_parahippocampal,0.0,0.002583455783729003,0.0026666666666666666,0.0036455554497602494,-0.0026666666666666666,-0.0010620996660312466
lh_caudalmiddlefrontal -- rh_frontalpole,0.0,0.0019154159925650637,0.0026666666666666666,0.0029033059949844257,-0.0026666666666666666,-0.000987890002419362
rh_lateraloccipital -- rh_precuneus,0.0,0.0023707408592634717,0.0026666666666666666,0.003106381491537606,-0.0026666666666666666,-0.0007356406322741342
lh_rostralmiddlefrontal -- rh_middletemporal,0.0,0.002624013374947396,0.0026666666666666666,0.003026473151123739,-0.0026666666666666666,-0.0004024597761763428
lh_precentral -- lh_transversetemporal,0.0,0.0013484627969652914,0.0026666666666666666,0.0023902534146250116,-0.0026666666666666666,-0.0010417906176597201
lh_inferiorparietal -- rh_lateralorbitofrontal,0.0,0.0022662930826285654,0.0026666666666666666,0.0028370950872315857,-0.0026666666666666666,-0.0005708020046030203
lh_parahippocampal -- lh_posteriorcingulate,0.0,0.003914897032600422,0.0026666666666666666,0.002845960055757873,-0.0026666666666666666,0.001068936976842549
rh_insula -- rh_middletemporal,0.0,0.0015179333271647148,0.0026666666666666666,0.002455591921232055,-0.0026666666666666666,-0.0009376585940673403
rh_insula -- rh_paracentral,0.0,0.002233169482166856,0.0026666666666666666,0.0022556667127177628,-0.0026666666666666666,-2.249723055090672e-05
lh_rostralanteriorcingulate -- rh_middletemporal,0.0,0.003114404708621077,0.0026666666666666666,0.0031380145721409077,-0.0026666666666666666,-2.3609863519830684e-05
lh_precuneus -- rh_superiortemporal,0.0,0.0026950587717248925,0.0026666666666666666,0.0022007716688730115,-0.0026666666666666666,0.000494287102851881
lh_entorhinal -- rh_inferiortemporal,0.0,0.0014258618351471607,0.0026666666666666666,0.0038700317505128965,-0.0026666666666666666,-0.002444169915365736
lh_lateralorbitofrontal -- lh_superiorfrontal,0.0,0.001420008212094349,0.0026666666666666666,0.0028246892217799443,-0.0026666666666666666,-0.0014046810096855953
rh_inferiortemporal -- rh_parahippocampal,0.0,0.0022824272010416287,0.0026666666666666666,0.0027588253889045565,-0.0026666666666666666,-0.00047639818786292774
rh_inferiortemporal -- rh_pericalcarine,0.0,0.001781711970537387,0.0026666666666666666,0.0024776234347248863,-0.0026666666666666666,-0.0006959114641874992
rh_inferiortemporal -- rh_rostralmiddlefrontal,0.0,0.002490943244109372,0.0026666666666666666,0.0036990171003755947,-0.0026666666666666666,-0.001208073856266223
rh_inferiortemporal -- rh_superiorfrontal,0.0,0.0019455900050991482,0.0026666666666666666,0.002387525932097986,-0.0026666666666666666,-0.000441935926998838
lh_fusiform -- lh_isthmuscingulate,0.0,0.0015512933167049633,0.0026666666666666666,0.002660728460582811,-0.0026666666666666666,-0.0011094351438778475
lh_frontalpole -- lh_fusiform,0.0,0.0019226503633287542,0.0026666666666666666,0.003609215520644351,-0.0026666666666666666,-0.0016865651573155966
lh_parahippocampal -- lh_pericalcarine,0.0,0.0013315944962703366,0.0026666666666666666,0.0018611869471037174,-0.0026666666666666666,-0.0005295924508333808
rh_caudalmiddlefrontal -- rh_cuneus,0.0,0.003464843260993289,0.0026666666666666666,0.003150116085305054,-0.0026666666666666666,0.0003147271756882351
lh_supramarginal -- lh_transversetemporal,0.0,0.0017290285540605536,0.0026666666666666666,0.0021078955789176814,-0.0026666666666666666,-0.0003788670248571278
lh_supramarginal -- rh_caudalmiddlefrontal,0.0,0.0029182635144024854,0.0026666666666666666,0.002862810946892323,-0.0026666666666666666,5.545256751016223e-05
lh_lateraloccipital -- rh_lingual,0.0,0.001809631369612155,0.0026666666666666666,0.0026195823230631024,-0.0026666666666666666,-0.0008099509534509474
lh_transversetemporal -- rh_lateralorbitofrontal,0.0,0.0016678041698545414,0.0026666666666666666,0.0040785834740682345,-0.0026666666666666666,-0.0024107793042136933
rh_caudalmiddlefrontal -- rh_lingual,0.0,0.0014402561326198808,0.0026666666666666666,0.0028368771808512474,-0.0026666666666666666,-0.0013966210482313666
lh_inferiortemporal -- lh_rostralmiddlefrontal,0.0,0.0021027910814734314,0.0026666666666666666,0.002983051324286693,-0.0026666666666666666,-0.0008802602428132616
lh_lateraloccipital -- rh_medialorbitofrontal,0.0,0.002276735353970024,0.0026666666666666666,0.0028352752428268675,-0.0026666666666666666,-0.0005585398888568434
lh_posteriorcingulate -- lh_transversetemporal,0.0,0.001545279114317131,0.0026666666666666666,0.0027568767957461575,-0.0026666666666666666,-0.0012115976814290265
lh_posteriorcingulate -- rh_frontalpole,0.0,0.0018454855491726798,0.0026666666666666666,0.0017080281171625202,-0.0026666666666666666,0.00013745743201015953
lh_posteriorcingulate -- rh_medialorbitofrontal,0.0,0.002673921460417918,0.0026666666666666666,0.0029000828628400277,-0.0026666666666666666,-0.00022616140242210985
lh_parahippocampal -- rh_superiortemporal,0.0,0.0013515138401542527,0.0026666666666666666,0.004601395241470293,-0.0026666666666666666,-0.00324988140131604
lh_parahippocampal -- rh_temporalpole,0.0,0.0014055319440733217,0.0026666666666666666,0.0025139054733705926,-0.0026666666666666666,-0.001108373529297271
rh_insula -- rh_parstriangularis,0.0,0.0030020991342250523,0.0026666666666666666,0.0024222711802233477,-0.0026666666666666666,0.0005798279540017047
lh_precuneus -- rh_parstriangularis,0.0,0.0024656595482790513,0.0026666666666666666,0.0026470149345198916,-0.0026666666666666666,-0.00018135538624084032
lh_precuneus -- lh_rostralmiddlefrontal,0.0,0.0024603623340594765,0.0026666666666666666,0.0026545262583214982,-0.0026666666666666666,-0.00019416392426202175
lh_precuneus -- rh_fusiform,0.0,0.0014510341955201202,0.0026666666666666666,0.0057764601761535654,-0.0026666666666666666,-0.004325425980633445
lh_paracentral -- lh_postcentral,0.0,0.002767028870777525,0.0026666666666666666,0.002641450965638317,-0.0026666666666666666,0.00012557790513920792
lh_cuneus -- lh_parstriangularis,0.0,0.0015005859494608932,0.0026666666666666666,0.0024513801038911613,-0.0026666666666666666,-0.0009507941544302681
lh_cuneus -- lh_postcentral,0.0,0.0025701722999342917,0.0026666666666666666,0.0024848379243670787,-0.0026666666666666666,8.533437556721302e-05
lh_precuneus -- rh_lateraloccipital,0.0,0.001984490588169427,0.0026666666666666666,0.0017901733325159325,-0.0026666666666666666,0.00019431725565349453
lh_cuneus -- rh_parsopercularis,0.0,0.0018797290040007393,0.0026666666666666666,0.0025213705539369317,-0.0026666666666666666,-0.0006416415499361924
lh_paracentral -- lh_precentral,0.0,0.0028390338106934936,0.0026666666666666666,0.0024255577142098445,-0.0026666666666666666,0.00041347609648364906
lh_paracentral -- lh_precuneus,0.0,0.00138239995712435,0.0026666666666666666,0.002610257301941626,-0.0026666666666666666,-0.0012278573448172762
rh_isthmuscingulate -- rh_parahippocampal,0.0,0.002049496180271674,0.0026666666666666666,0.0028199418135046155,-0.0026666666666666666,-0.0007704456332329416
rh_isthmuscingulate -- rh_rostralmiddlefrontal,0.0,0.002001541861165131,0.0026666666666666666,0.002855493386923162,-0.0026666666666666666,-0.0008539515257580312
rh_isthmuscingulate -- rh_superiorfrontal,0.0,0.0020927299356348246,0.0026666666666666666,0.0020515031186311215,-0.0026666666666666666,4.122681700370308e-05
lh_transversetemporal -- rh_caudalanteriorcingulate,0.0,0.002527809412633487,0.0026666666666666666,0.0023447679002544975,-0.0026666666666666666,0.0001830415123789896
rh_inferiorparietal -- rh_lateraloccipital,0.04666666666666667,0.003381932077712057,0.050666666666666665,0.003385743829605877,-0.003999999999999997,-3.811751893820041e-06
lh_pericalcarine -- rh_caudalmiddlefrontal,0.006666666666666667,0.003010221583477374,0.010666666666666666,0.0034979974556813105,-0.003999999999999999,-0.00048777587220393643
lh_pericalcarine -- rh_inferiortemporal,0.006666666666666667,0.0022681508363897778,0.010666666666666666,0.002738811415777502,-0.003999999999999999,-0.00047066057938772434
lh_caudalanteriorcingulate -- lh_superiorfrontal,0.006666666666666667,0.0024548350543563435,0.010666666666666666,0.0029496778708026296,-0.003999999999999999,-0.0004948428164462861
rh_pericalcarine -- rh_superiortemporal,0.006666666666666667,0.0022120523241211825,0.010666666666666666,0.0024175236290324554,-0.003999999999999999,-0.00020547130491127292
lh_parsorbitalis -- rh_inferiortemporal,0.006666666666666667,0.002376661884651954,0.010666666666666666,0.0035322395521949794,-0.003999999999999999,-0.0011555776675430253
lh_parsopercularis -- rh_cuneus,0.006666666666666667,0.0028181993022715047,0.010666666666666666,0.002888663784225049,-0.003999999999999999,-7.046448195354446e-05
lh_caudalanteriorcingulate -- lh_inferiortemporal,0.006666666666666667,0.002826339818660124,0.010666666666666666,0.002707623538110942,-0.003999999999999999,0.00011871628054918202
rh_fusiform -- rh_posteriorcingulate,0.006666666666666667,0.0027226099851757456,0.010666666666666666,0.004354396992916033,-0.003999999999999999,-0.0016317870077402876
lh_frontalpole -- lh_lingual,0.006666666666666667,0.0032173637300445114,0.010666666666666666,0.003957549591792632,-0.003999999999999999,-0.0007401858617481203
lh_cuneus -- rh_temporalpole,0.006666666666666667,0.0022082820249229272,0.010666666666666666,0.0028643911662236603,-0.003999999999999999,-0.000656109141300733
lh_middletemporal -- rh_supramarginal,0.006666666666666667,0.003430601349851203,0.010666666666666666,0.003055379583676997,-0.003999999999999999,0.0003752217661742059
rh_cuneus -- rh_rostralmiddlefrontal,0.006666666666666667,0.002346945645092,0.010666666666666666,0.0030297006710429063,-0.003999999999999999,-0.0006827550259509065
lh_inferiorparietal -- rh_parsopercularis,0.006666666666666667,0.0024430933241795273,0.010666666666666666,0.002863975365430918,-0.003999999999999999,-0.0004208820412513908
rh_cuneus -- rh_parahippocampal,0.006666666666666667,0.002862646584477958,0.010666666666666666,0.0027514085745894154,-0.003999999999999999,0.00011123800988854272
lh_rostralanteriorcingulate -- lh_supramarginal,0.006666666666666667,0.0026965246184459187,0.010666666666666666,0.0030615587165723087,-0.003999999999999999,-0.00036503409812639
lh_medialorbitofrontal -- rh_transversetemporal,0.006666666666666667,0.005448139989208887,0.010666666666666666,0.005074954077297688,-0.003999999999999999,0.00037318591191119917
rh_entorhinal -- rh_postcentral,0.006666666666666667,0.002263088731854733,0.010666666666666666,0.0028063970000423164,-0.003999999999999999,-0.0005433082681875834
rh_frontalpole -- rh_inferiortemporal,0.006666666666666667,0.0021313699253379006,0.010666666666666666,0.002578338324212398,-0.003999999999999999,-0.0004469683988744975
rh_lateralorbitofrontal -- rh_paracentral,0.006666666666666667,0.0029512098798503976,0.010666666666666666,0.0032984816779448264,-0.003999999999999999,-0.0003472717980944288
lh_inferiortemporal -- lh_parahippocampal,0.006666666666666667,0.0029094484023840937,0.010666666666666666,0.0031623801203204682,-0.003999999999999999,-0.0002529317179363745
lh_posteriorcingulate -- rh_rostralanteriorcingulate,0.006666666666666667,0.002910098291574447,0.010666666666666666,0.0034833459086302983,-0.003999999999999999,-0.0005732476170558511
lh_superiorparietal -- rh_superiorfrontal,0.006666666666666667,0.0019201145279026505,0.010666666666666666,0.002358199593474839,-0.003999999999999999,-0.0004380850655721887
lh_supramarginal -- rh_precentral,0.006666666666666667,0.0029553140513660144,0.010666666666666666,0.002883104544559306,-0.003999999999999999,7.220950680670831e-05
rh_middletemporal -- rh_paracentral,0.006666666666666667,0.0030173236219299144,0.010666666666666666,0.0031696657687107343,-0.003999999999999999,-0.0001523421467808199
lh_parsopercularis -- lh_postcentral,0.006666666666666667,0.0026831974607959483,0.010666666666666666,0.0029787428172810865,-0.003999999999999999,-0.0002955453564851382
lh_transversetemporal -- rh_medialorbitofrontal,0.006666666666666667,0.0016321675946130208,0.010666666666666666,0.0033218357653989564,-0.003999999999999999,-0.0016896681707859356
lh_inferiortemporal -- rh_paracentral,0.006666666666666667,0.002284733711570969,0.010666666666666666,0.002871171408908558,-0.003999999999999999,-0.0005864376973375891
lh_inferiortemporal -- rh_parahippocampal,0.006666666666666667,0.003750360618717934,0.010666666666666666,0.003339326039580746,-0.003999999999999999,0.0004110345791371881
rh_precuneus -- rh_rostralmiddlefrontal,0.006666666666666667,0.002994428265059822,0.010666666666666666,0.0033723531333108648,-0.003999999999999999,-0.00037792486825104265
lh_paracentral -- rh_rostralanteriorcingulate,0.006666666666666667,0.0024869231723536013,0.010666666666666666,0.002843454325015489,-0.003999999999999999,-0.0003565311526618877
lh_caudalmiddlefrontal -- lh_supramarginal,0.006666666666666667,0.0029121867029984943,0.010666666666666666,0.003018978961843798,-0.003999999999999999,-0.00010679225884530378
lh_caudalmiddlefrontal -- rh_pericalcarine,0.006666666666666667,0.002112853560185198,0.010666666666666666,0.0035525154612761696,-0.003999999999999999,-0.0014396619010909714
lh_caudalanteriorcingulate -- rh_inferiortemporal,0.006666666666666667,0.0027604618152745285,0.010666666666666666,0.0028869617015315346,-0.003999999999999999,-0.00012649988625700612
rh_parahippocampal -- rh_parsopercularis,0.006666666666666667,0.0024833204855224267,0.010666666666666666,0.002991320706268464,-0.003999999999999999,-0.0005080002207460371
lh_paracentral -- rh_insula,0.006666666666666667,0.0024226121626089343,0.010666666666666666,0.002164894009689852,-0.003999999999999999,0.00025771815291908244
lh_superiorfrontal -- rh_rostralanteriorcingulate,0.02,0.0031679735854847823,0.024,0.003176422044609833,-0.004,-8.448459125050788e-06
lh_lateraloccipital -- lh_supramarginal,0.02,0.0031607135868439466,0.024,0.003166599819855662,-0.004,-5.886233011715477e-06
rh_isthmuscingulate -- rh_parstriangularis,0.02,0.003466687328635941,0.024,0.0032726655478607525,-0.004,0.00019402178077518838
lh_parahippocampal -- lh_superiorparietal,0.02,0.002868372303792259,0.024,0.003039689946251617,-0.004,-0.0001713176424593581
lh_precentral -- lh_supramarginal,0.02,0.003031246700626787,0.024,0.0031783358487188704,-0.004,-0.0001470891480920833
rh_parstriangularis -- rh_posteriorcingulate,0.02,0.0033197828686038016,0.024,0.0030969880096677186,-0.004,0.00022279485893608297
rh_bankssts -- rh_inferiortemporal,0.02,0.003321018874133759,0.024,0.0033004491969423847,-0.004,2.0569677191374387e-05
lh_lateralorbitofrontal -- rh_lateralorbitofrontal,0.02,0.004764432466138948,0.024,0.004026074286147202,-0.004,0.0007383581799917452
lh_frontalpole -- rh_temporalpole,0.02,0.00295124416912314,0.024,0.0030200311763453795,-0.004,-6.878700722223957e-05
lh_insula -- rh_bankssts,0.02,0.0029983629116104196,0.024,0.0031683405428973976,-0.004,-0.00016997763128697796
lh_paracentral -- rh_parstriangularis,0.02,0.003273752787762989,0.024,0.0033783470926136445,-0.004,-0.00010459430485065552
lh_isthmuscingulate -- lh_posteriorcingulate,0.02,0.0030503286515313663,0.024,0.003332734892103484,-0.004,-0.0002824062405721176
lh_bankssts -- rh_middletemporal,0.02,0.0030258910210698266,0.024,0.0031378639998757146,-0.004,-0.00011197297880588802
lh_caudalmiddlefrontal -- lh_posteriorcingulate,0.02,0.0030720297849902165,0.024,0.0037412911310359138,-0.004,-0.0006692613460456973
lh_posteriorcingulate -- rh_inferiortemporal,0.02,0.0032450805217373972,0.024,0.0033089245380888603,-0.004,-6.384401635146312e-05
lh_temporalpole -- rh_precuneus,0.03333333333333333,0.002780093337728349,0.037333333333333336,0.0030963479676711057,-0.0040000000000000036,-0.00031625462994275657
rh_entorhinal -- rh_temporalpole,0.03333333333333333,0.0035917853743653045,0.037333333333333336,0.003239644815880667,-0.0040000000000000036,0.00035214055848463736
rh_middletemporal -- rh_superiortemporal,0.03333333333333333,0.0033898361767995305,0.037333333333333336,0.0033676896631350648,-0.0040000000000000036,2.2146513664465795e-05
lh_lateraloccipital -- lh_parahippocampal,0.02666666666666667,0.003251390774001824,0.032,0.003303361129655787,-0.005333333333333332,-5.197035565396302e-05
rh_frontalpole -- rh_temporalpole,0.02666666666666667,0.003451917751252049,0.032,0.003404008041013422,-0.005333333333333332,4.7909710238627085e-05
lh_frontalpole -- lh_parsorbitalis,0.02666666666666667,0.003036423868833947,0.032,0.0033055969267525454,-0.005333333333333332,-0.00026917305791859846
lh_parahippocampal -- rh_precentral,0.02666666666666667,0.0032448895002740604,0.032,0.0030484444282530996,-0.005333333333333332,0.00019644507202096076
lh_medialorbitofrontal -- rh_cuneus,0.0,0.002677033377560177,0.005333333333333333,0.0033878281401471034,-0.005333333333333333,-0.0007107947625869266
rh_inferiorparietal -- rh_medialorbitofrontal,0.0,0.003356945114772846,0.005333333333333333,0.002714867496588806,-0.005333333333333333,0.00064207761818404
lh_medialorbitofrontal -- lh_precuneus,0.0,0.002922639471570456,0.005333333333333333,0.0027465025784208035,-0.005333333333333333,0.00017613689314965267
lh_fusiform -- lh_temporalpole,0.0,0.0015862098501780268,0.005333333333333333,0.0033531246919095785,-0.005333333333333333,-0.0017669148417315517
lh_lateralorbitofrontal -- rh_posteriorcingulate,0.0,0.002652014724089225,0.005333333333333333,0.003066243100592565,-0.005333333333333333,-0.0004142283765033398
lh_superiorfrontal -- rh_cuneus,0.0,0.002775461606357467,0.005333333333333333,0.002396039613010294,-0.005333333333333333,0.0003794219933471732
lh_rostralmiddlefrontal -- rh_precuneus,0.0,0.0029250414432385563,0.005333333333333333,0.0028767705563037763,-0.005333333333333333,4.827088693477996e-05
lh_lingual -- rh_fusiform,0.0,0.0013985130740224948,0.005333333333333333,0.0035399047704745925,-0.005333333333333333,-0.0021413916964520977
lh_lingual -- rh_lateraloccipital,0.0,0.001394405909510296,0.005333333333333333,0.0022763427267277754,-0.005333333333333333,-0.0008819368172174793
lh_caudalanteriorcingulate -- lh_inferiorparietal,0.0,0.002476438042414079,0.005333333333333333,0.0023809876519642397,-0.005333333333333333,9.545039044983909e-05
rh_rostralanteriorcingulate -- rh_superiortemporal,0.0,0.0017412046464341867,0.005333333333333333,0.002712936060810199,-0.005333333333333333,-0.0009717314143760122
lh_parstriangularis -- rh_fusiform,0.0,0.001422422190553929,0.005333333333333333,0.004236140007139936,-0.005333333333333333,-0.0028137178165860074
lh_caudalanteriorcingulate -- lh_lateralorbitofrontal,0.0,0.0024828570417759883,0.005333333333333333,0.002897805773190343,-0.005333333333333333,-0.0004149487314143549
lh_caudalanteriorcingulate -- lh_parahippocampal,0.0,0.0028519803239791005,0.005333333333333333,0.002922893448817082,-0.005333333333333333,-7.091312483798167e-05
lh_lateralorbitofrontal -- rh_precentral,0.0,0.0022222759382248226,0.005333333333333333,0.002865595143098201,-0.005333333333333333,-0.0006433192048733785
lh_lateralorbitofrontal -- rh_parahippocampal,0.0,0.002742855365453739,0.005333333333333333,0.0025325980684082787,-0.005333333333333333,0.00021025729704546043
rh_posteriorcingulate -- rh_supramarginal,0.0,0.0023948262416007655,0.005333333333333333,0.0032973777437698957,-0.005333333333333333,-0.0009025515021691302
lh_bankssts -- rh_supramarginal,0.0,0.0027282169767574166,0.005333333333333333,0.002602264700304,-0.005333333333333333,0.0001259522764534165
lh_parahippocampal -- rh_parstriangularis,0.0,0.002258970512451817,0.005333333333333333,0.003123812292090179,-0.005333333333333333,-0.000864841779638362
lh_parsopercularis -- rh_lingual,0.0,0.002088633712316487,0.005333333333333333,0.002887710535191663,-0.005333333333333333,-0.0007990768228751761
lh_parstriangularis -- rh_medialorbitofrontal,0.0,0.002652388888756647,0.005333333333333333,0.0027773148973041723,-0.005333333333333333,-0.00012492600854752513
lh_transversetemporal -- rh_superiortemporal,0.0,0.002779243573952884,0.005333333333333333,0.005579491395624311,-0.005333333333333333,-0.0028002478216714267
rh_bankssts -- rh_inferiorparietal,0.0,0.0017674010274530408,0.005333333333333333,0.002106185378962747,-0.005333333333333333,-0.0003387843515097063
rh_pericalcarine -- rh_temporalpole,0.0,0.002029917914345745,0.005333333333333333,0.0019433460856781925,-0.005333333333333333,8.657182866755246e-05
rh_parsorbitalis -- rh_superiortemporal,0.0,0.0023168563520288236,0.005333333333333333,0.002460592300153265,-0.005333333333333333,-0.00014373594812444124
lh_caudalanteriorcingulate -- rh_medialorbitofrontal,0.0,0.0025918556950449015,0.005333333333333333,0.003021165393065094,-0.005333333333333333,-0.00042930969802019254
lh_caudalanteriorcingulate -- rh_rostralmiddlefrontal,0.0,0.0019287220276278574,0.005333333333333333,0.0023286834260642254,-0.005333333333333333,-0.000399961398436368
lh_caudalanteriorcingulate -- rh_pericalcarine,0.0,0.001456701567591997,0.005333333333333333,0.003014342121409985,-0.005333333333333333,-0.001557640553817988
lh_frontalpole -- rh_middletemporal,0.0,0.0020516101794708693,0.005333333333333333,0.002117925182263289,-0.005333333333333333,-6.631500279241989e-05
lh_medialorbitofrontal -- rh_insula,0.0,0.002753949429483503,0.005333333333333333,0.003250355908599026,-0.005333333333333333,-0.0004964064791155229
lh_fusiform -- lh_supramarginal,0.0,0.0027541372163447974,0.005333333333333333,0.0049433513597839,-0.005333333333333333,-0.0021892141434391027
lh_rostralmiddlefrontal -- rh_lingual,0.0,0.0020891593067176423,0.005333333333333333,0.0021870590436134586,-0.005333333333333333,-9.789973689581632e-05
lh_lingual -- lh_postcentral,0.0,0.002221467374044362,0.005333333333333333,0.002493532691425746,-0.005333333333333333,-0.00027206531738138435
lh_fusiform -- lh_posteriorcingulate,0.0,0.001401959049735078,0.005333333333333333,0.0037241418382026334,-0.005333333333333333,-0.0023221827884675555
lh_fusiform -- lh_parstriangularis,0.0,0.0012918932491176335,0.005333333333333333,0.003200993217996254,-0.005333333333333333,-0.0019090999688786204
lh_fusiform -- lh_inferiorparietal,0.0,0.0014907617155889119,0.005333333333333333,0.0038552278973280943,-0.005333333333333333,-0.0023644661817391827
rh_inferiortemporal -- rh_lingual,0.0,0.0015015145857578873,0.005333333333333333,0.005522321938943107,-0.005333333333333333,-0.004020807353185219
lh_entorhinal -- rh_frontalpole,0.0,0.003393204325686248,0.005333333333333333,0.002016850390003461,-0.005333333333333333,0.0013763539356827868
rh_insula -- rh_lateraloccipital,0.0,0.0022231100952896463,0.005333333333333333,0.002541424517894402,-0.005333333333333333,-0.00031831442260475554
rh_inferiortemporal -- rh_supramarginal,0.0,0.0019443956591946644,0.005333333333333333,0.005078978955311524,-0.005333333333333333,-0.0031345832961168596
lh_entorhinal -- rh_parstriangularis,0.0,0.002684834771541702,0.005333333333333333,0.004283079000071015,-0.005333333333333333,-0.0015982442285293126
lh_lateralorbitofrontal -- rh_cuneus,0.0,0.0014011896217595876,0.005333333333333333,0.0027141749841582672,-0.005333333333333333,-0.0013129853623986797
lh_lateralorbitofrontal -- lh_transversetemporal,0.0,0.0014861781182417258,0.005333333333333333,0.005288690559620583,-0.005333333333333333,-0.003802512441378857
lh_superiortemporal -- rh_parsorbitalis,0.0,0.0012142812639175096,0.005333333333333333,0.0027798563149162197,-0.005333333333333333,-0.00156557505099871
lh_superiortemporal -- rh_parstriangularis,0.0,0.002350196691580794,0.005333333333333333,0.0027998701709778875,-0.005333333333333333,-0.00044967347939709346
lh_lateraloccipital -- rh_insula,0.0,0.0019300127292409478,0.005333333333333333,0.0022856092861482332,-0.005333333333333333,-0.0003555965569072854
lh_lingual -- lh_parsopercularis,0.0,0.0017036037640797196,0.005333333333333333,0.0030355586583080524,-0.005333333333333333,-0.0013319548942283329
lh_inferiorparietal -- lh_parstriangularis,0.0,0.0027491504040667567,0.005333333333333333,0.0029738177442911306,-0.005333333333333333,-0.00022466734022437386
rh_entorhinal -- rh_superiorparietal,0.0,0.0024169383951608103,0.005333333333333333,0.0034849233890562725,-0.005333333333333333,-0.0010679849938954621
lh_superiorparietal -- rh_paracentral,0.0,0.001582352705155949,0.005333333333333333,0.0026918238523518903,-0.005333333333333333,-0.0011094711471959413
lh_lateralorbitofrontal -- lh_rostralanteriorcingulate,0.0,0.001454877611128039,0.005333333333333333,0.003558885912274016,-0.005333333333333333,-0.0021040083011459767
lh_lateralorbitofrontal -- rh_supramarginal,0.0,0.0018796287193072248,0.005333333333333333,0.0029653018533522413,-0.005333333333333333,-0.0010856731340450165
lh_lateralorbitofrontal -- rh_rostralanteriorcingulate,0.0,0.0021952845788657735,0.005333333333333333,0.003124936552492488,-0.005333333333333333,-0.0009296519736267145
lh_lateralorbitofrontal -- rh_transversetemporal,0.0,0.0013214947343993322,0.005333333333333333,0.006298744133055036,-0.005333333333333333,-0.0049772493986557035
lh_lingual -- lh_medialorbitofrontal,0.0,0.002063408758695424,0.005333333333333333,0.0032020316338976463,-0.005333333333333333,-0.0011386228752022225
rh_frontalpole -- rh_lingual,0.0,0.0018049572026065377,0.005333333333333333,0.0020897618749057315,-0.005333333333333333,-0.0002848046722991938
lh_fusiform -- lh_transversetemporal,0.0,0.001261927598665371,0.005333333333333333,0.004942323643395654,-0.005333333333333333,-0.0036803960447302827
lh_precentral -- rh_bankssts,0.0,0.0015138331916601999,0.005333333333333333,0.0024252138195771282,-0.005333333333333333,-0.0009113806279169284
lh_parahippocampal -- rh_caudalmiddlefrontal,0.0,0.0030387972776620576,0.005333333333333333,0.0027831310419959513,-0.005333333333333333,0.0002556662356661063
lh_precentral -- rh_medialorbitofrontal,0.0,0.0022328761334870994,0.005333333333333333,0.00249599564298847,-0.005333333333333333,-0.0002631195095013708
lh_precentral -- rh_cuneus,0.0,0.0031074489804668276,0.005333333333333333,0.0028140599176315513,-0.005333333333333333,0.0002933890628352763
lh_precentral -- rh_precuneus,0.0,0.0023488163043845567,0.005333333333333333,0.00408945918919602,-0.005333333333333333,-0.0017406428848114634
lh_precuneus -- lh_supramarginal,0.0,0.0014595671159471398,0.005333333333333333,0.0025252233309454673,-0.005333333333333333,-0.0010656562149983274
lh_cuneus -- lh_precentral,0.0,0.0023383723473968327,0.005333333333333333,0.005301083567058027,-0.005333333333333333,-0.0029627112196611944
lh_lateraloccipital -- lh_paracentral,0.0,0.002444457537105772,0.005333333333333333,0.002783025297418239,-0.005333333333333333,-0.0003385677603124672
lh_precuneus -- rh_inferiortemporal,0.0,0.0038083568966363252,0.005333333333333333,0.004710084284420266,-0.005333333333333333,-0.0009017273877839405
rh_cuneus -- rh_fusiform,0.0,0.0018426006724708375,0.005333333333333333,0.003182645416461957,-0.005333333333333333,-0.0013400447439911195
rh_entorhinal -- rh_parstriangularis,0.0,0.0022416910839911856,0.005333333333333333,0.0031453961182565477,-0.005333333333333333,-0.0009037050342653621
rh_cuneus -- rh_lateralorbitofrontal,0.0,0.0018478174649713146,0.005333333333333333,0.0033010478208929024,-0.005333333333333333,-0.0014532303559215878
lh_inferiorparietal -- rh_precentral,0.0,0.002512034384486937,0.005333333333333333,0.0023079732858985826,-0.005333333333333333,0.00020406109858835423
lh_supramarginal -- rh_lateralorbitofrontal,0.0,0.002844195354289517,0.005333333333333333,0.0023263263499552385,-0.005333333333333333,0.0005178690043342784
lh_supramarginal -- rh_medialorbitofrontal,0.0,0.0025625327120746,0.005333333333333333,0.00300475912383639,-0.005333333333333333,-0.00044222641176179
lh_supramarginal -- rh_paracentral,0.0,0.0026911418311519656,0.005333333333333333,0.0026964541183890243,-0.005333333333333333,-5.312287237058729e-06
lh_fusiform -- rh_posteriorcingulate,0.0,0.0016209535864706495,0.005333333333333333,0.003809796742338129,-0.005333333333333333,-0.0021888431558674797
lh_fusiform -- rh_temporalpole,0.0,0.0014280282401762099,0.005333333333333333,0.005068610932180423,-0.005333333333333333,-0.0036405826920042133
lh_inferiorparietal -- lh_lingual,0.0,0.002919879636414062,0.005333333333333333,0.002491200864694909,-0.005333333333333333,0.00042867877171915304
rh_cuneus -- rh_lateraloccipital,0.0,0.0045698705680952655,0.005333333333333333,0.0028230450130614236,-0.005333333333333333,0.0017468255550338418
lh_medialorbitofrontal -- rh_superiortemporal,0.0,0.0014596689687750395,0.005333333333333333,0.0023777989841924614,-0.005333333333333333,-0.000918130015417422
lh_superiortemporal -- rh_cuneus,0.0,0.002259045980188481,0.005333333333333333,0.004894307320721591,-0.005333333333333333,-0.0026352613405331102
lh_middletemporal -- rh_parsorbitalis,0.0,0.002286759328696752,0.005333333333333333,0.0021041891184480953,-0.005333333333333333,0.00018257021024865655
lh_rostralanteriorcingulate -- lh_superiortemporal,0.0,0.002913592941535063,0.005333333333333333,0.0024830532846620472,-0.005333333333333333,0.0004305396568730158
lh_isthmuscingulate -- rh_medialorbitofrontal,0.0,0.002691558908864485,0.005333333333333333,0.003081996915553959,-0.005333333333333333,-0.00039043800668947396
lh_isthmuscingulate -- rh_parahippocampal,0.0,0.002454257763253437,0.005333333333333333,0.003807538037593953,-0.005333333333333333,-0.0013532802743405161
rh_caudalmiddlefrontal -- rh_pericalcarine,0.0,0.0014568732964036987,0.005333333333333333,0.002540366569809187,-0.005333333333333333,-0.0010834932734054882
lh_lateraloccipital -- lh_lingual,0.0,0.0016683538582740942,0.005333333333333333,0.0023589299376198616,-0.005333333333333333,-0.0006905760793457674
rh_lateralorbitofrontal -- rh_middletemporal,0.0,0.0021510723294850113,0.005333333333333333,0.0029526088914859977,-0.005333333333333333,-0.0008015365620009864
rh_isthmuscingulate -- rh_supramarginal,0.0,0.0029643308408814186,0.005333333333333333,0.0034369527393080333,-0.005333333333333333,-0.0004726218984266147
lh_supramarginal -- rh_caudalanteriorcingulate,0.0,0.0026430183939074076,0.005333333333333333,0.0029302940035110625,-0.005333333333333333,-0.0002872756096036549
lh_parahippocampal -- lh_temporalpole,0.0,0.001446453007132219,0.005333333333333333,0.0022262845345634515,-0.005333333333333333,-0.0007798315274312325
lh_caudalmiddlefrontal -- rh_medialorbitofrontal,0.0,0.0018092143166486161,0.005333333333333333,0.002749587720954838,-0.005333333333333333,-0.0009403734043062217
lh_caudalmiddlefrontal -- rh_transversetemporal,0.0,0.0015104299466875617,0.005333333333333333,0.0025541406917122342,-0.005333333333333333,-0.0010437107450246726
lh_caudalmiddlefrontal -- rh_supramarginal,0.0,0.0027488018170679827,0.005333333333333333,0.0027120539396129997,-0.005333333333333333,3.674787745498297e-05
rh_medialorbitofrontal -- rh_postcentral,0.0,0.0025954450899372673,0.005333333333333333,0.002895917802243511,-0.005333333333333333,-0.0003004727123062435
rh_medialorbitofrontal -- rh_pericalcarine,0.0,0.003514162465771408,0.005333333333333333,0.0032132415636965074,-0.005333333333333333,0.00030092090207490055
rh_lingual -- rh_parahippocampal,0.0,0.002191567030078919,0.005333333333333333,0.002489192642701351,-0.005333333333333333,-0.00029762561262243166
lh_caudalmiddlefrontal -- lh_parsopercularis,0.0,0.0034970538965475202,0.005333333333333333,0.0029862549342691653,-0.005333333333333333,0.0005107989622783549
rh_medialorbitofrontal -- rh_precuneus,0.0,0.0025593714799630666,0.005333333333333333,0.003037114211503241,-0.005333333333333333,-0.00047774273154017454
lh_posteriorcingulate -- lh_supramarginal,0.0,0.002896086892283423,0.005333333333333333,0.0023485512982735204,-0.005333333333333333,0.0005475355940099025
lh_posteriorcingulate -- lh_precentral,0.0,0.003368201677578501,0.005333333333333333,0.003893138147794153,-0.005333333333333333,-0.0005249364702156522
lh_parsopercularis -- lh_precuneus,0.0,0.0016738259684372012,0.005333333333333333,0.0031619875146481516,-0.005333333333333333,-0.0014881615462109504
lh_inferiortemporal -- lh_pericalcarine,0.0,0.0014698088671532767,0.005333333333333333,0.0021284976772008705,-0.005333333333333333,-0.0006586888100475938
rh_caudalmiddlefrontal -- rh_inferiorparietal,0.0,0.0020782913827487263,0.005333333333333333,0.00260280032298024,-0.005333333333333333,-0.0005245089402315137
lh_inferiortemporal -- lh_transversetemporal,0.0,0.0024768828650921786,0.005333333333333333,0.0022075865499735646,-0.005333333333333333,0.00026929631511861396
lh_inferiortemporal -- rh_caudalmiddlefrontal,0.0,0.0026561948219373075,0.005333333333333333,0.002663059393242304,-0.005333333333333333,-6.864571304996455e-06
lh_insula -- lh_lateraloccipital,0.0,0.0016761767410990382,0.005333333333333333,0.002548578793701041,-0.005333333333333333,-0.000872402052602003
lh_paracentral -- rh_superiortemporal,0.0,0.002113781336222697,0.005333333333333333,0.002706218158764071,-0.005333333333333333,-0.000592436822541374
lh_caudalmiddlefrontal -- lh_precentral,0.0,0.0024252431958673233,0.005333333333333333,0.002543086162975872,-0.005333333333333333,-0.00011784296710854857
lh_caudalmiddlefrontal -- lh_rostralanteriorcingulate,0.0,0.0027087032030917143,0.005333333333333333,0.0032585234907541653,-0.005333333333333333,-0.0005498202876624511
rh_paracentral -- rh_parahippocampal,0.0,0.0018975268813250744,0.005333333333333333,0.002590769767572303,-0.005333333333333333,-0.0006932428862472288
rh_middletemporal -- rh_rostralanteriorcingulate,0.0,0.001337614631678871,0.005333333333333333,0.0032894559669256747,-0.005333333333333333,-0.0019518413352468036
lh_postcentral -- rh_cuneus,0.0,0.002654555766873819,0.005333333333333333,0.0030045223531434445,-0.005333333333333333,-0.00034996658626962546
lh_isthmuscingulate -- lh_parahippocampal,0.0,0.0037017197583627116,0.005333333333333333,0.002340373674423177,-0.005333333333333333,0.0013613460839395348
lh_insula -- rh_precentral,0.0,0.0024159811671957488,0.005333333333333333,0.002582843839163851,-0.005333333333333333,-0.00016686267196810208
lh_insula -- rh_inferiortemporal,0.0,0.0019157887684696558,0.005333333333333333,0.0025234991994693835,-0.005333333333333333,-0.0006077104309997277
rh_caudalanteriorcingulate -- rh_rostralmiddlefrontal,0.0,0.0025888389888281253,0.005333333333333333,0.002689461177732335,-0.005333333333333333,-0.00010062218890420985
lh_isthmuscingulate -- lh_medialorbitofrontal,0.0,0.001954543426336958,0.005333333333333333,0.0027227129310982805,-0.005333333333333333,-0.0007681695047613226
rh_parahippocampal -- rh_precuneus,0.0,0.002717333651760742,0.005333333333333333,0.002241919363974698,-0.005333333333333333,0.0004754142877860441
lh_caudalanteriorcingulate -- rh_transversetemporal,0.0,0.0013903272695937427,0.005333333333333333,0.002218031506994195,-0.005333333333333333,-0.0008277042374004522
lh_bankssts -- rh_inferiorparietal,0.0,0.0027580922888452864,0.005333333333333333,0.002264490028966546,-0.005333333333333333,0.0004936022598787406
rh_superiortemporal -- rh_supramarginal,0.0,0.001570221082004622,0.005333333333333333,0.005039674001473578,-0.005333333333333333,-0.0034694529194689563
lh_bankssts -- lh_fusiform,0.0,0.0014557755073163186,0.005333333333333333,0.0024813410065273214,-0.005333333333333333,-0.0010255654992110028
lh_precentral -- rh_parahippocampal,0.013333333333333334,0.002963714489553569,0.018666666666666668,0.0032693284652919857,-0.005333333333333334,-0.00030561397573841687
lh_isthmuscingulate -- lh_parstriangularis,0.013333333333333334,0.003391785922464826,0.018666666666666668,0.0032121666001557535,-0.005333333333333334,0.00017961932230907245
lh_isthmuscingulate -- rh_posteriorcingulate,0.013333333333333334,0.002730707260994703,0.018666666666666668,0.0032157467296297193,-0.005333333333333334,-0.00048503946863501625
lh_precentral -- rh_rostralmiddlefrontal,0.013333333333333334,0.0028549534114111967,0.018666666666666668,0.003261396878216249,-0.005333333333333334,-0.00040644346680505233
lh_paracentral -- rh_bankssts,0.013333333333333334,0.0030911744183708483,0.018666666666666668,0.00295061313118259,-0.005333333333333334,0.0001405612871882584
rh_lateraloccipital -- rh_rostralanteriorcingulate,0.013333333333333334,0.0030153115547943686,0.018666666666666668,0.002959927862314788,-0.005333333333333334,5.5383692479580617e-05
lh_inferiorparietal -- rh_supramarginal,0.013333333333333334,0.0034101531512739382,0.018666666666666668,0.0034171034728896614,-0.005333333333333334,-6.950321615723128e-06
lh_entorhinal -- rh_parsorbitalis,0.013333333333333334,0.0030063430551044066,0.018666666666666668,0.00287426948925412,-0.005333333333333334,0.00013207356585028668
rh_bankssts -- rh_rostralanteriorcingulate,0.013333333333333334,0.0037436933333094527,0.018666666666666668,0.003772333706422175,-0.005333333333333334,-2.864037311272249e-05
lh_rostralanteriorcingulate -- rh_precentral,0.013333333333333334,0.0031925291736236423,0.018666666666666668,0.0031203778203871993,-0.005333333333333334,7.215135323644303e-05
lh_bankssts -- lh_caudalmiddlefrontal,0.04,0.0037070133658744543,0.04533333333333334,0.0038572663449111815,-0.005333333333333336,-0.00015025297903672715
lh_inferiortemporal -- rh_inferiortemporal,0.006666666666666667,0.003309273394717597,0.013333333333333334,0.0030780731280484917,-0.006666666666666667,0.00023120026666910518
rh_parsopercularis -- rh_rostralmiddlefrontal,0.006666666666666667,0.002511976246035308,0.013333333333333334,0.0028730149425899507,-0.006666666666666667,-0.0003610386965546427
lh_bankssts -- rh_lateralorbitofrontal,0.006666666666666667,0.003354624640872694,0.013333333333333334,0.002861454250121154,-0.006666666666666667,0.0004931703907515399
lh_cuneus -- lh_parsopercularis,0.006666666666666667,0.0034382628857995653,0.013333333333333334,0.0057057208150037165,-0.006666666666666667,-0.002267457929204151
lh_supramarginal -- rh_bankssts,0.006666666666666667,0.0027598154165158545,0.013333333333333334,0.0028892676346389473,-0.006666666666666667,-0.0001294522181230929
rh_insula -- rh_transversetemporal,0.006666666666666667,0.002660738051454421,0.013333333333333334,0.0037622967090065714,-0.006666666666666667,-0.0011015586575521502
lh_medialorbitofrontal -- rh_entorhinal,0.006666666666666667,0.0031412870480513316,0.013333333333333334,0.004181094920367909,-0.006666666666666667,-0.0010398078723165777
lh_rostralanteriorcingulate -- rh_cuneus,0.006666666666666667,0.002681402996892274,0.013333333333333334,0.0029826842058800437,-0.006666666666666667,-0.00030128120898776983
lh_frontalpole -- rh_isthmuscingulate,0.006666666666666667,0.002584160212561783,0.013333333333333334,0.003430464565675803,-0.006666666666666667,-0.0008463043531140198
lh_frontalpole -- rh_caudalmiddlefrontal,0.006666666666666667,0.002259314380310386,0.013333333333333334,0.0035773111353123903,-0.006666666666666667,-0.0013179967550020042
lh_frontalpole -- rh_superiortemporal,0.006666666666666667,0.0021801632905150145,0.013333333333333334,0.0024957242756596166,-0.006666666666666667,-0.00031556098514460207
lh_fusiform -- rh_medialorbitofrontal,0.006666666666666667,0.0023467557958536628,0.013333333333333334,0.0056192431588472265,-0.006666666666666667,-0.0032724873629935637
lh_parsorbitalis -- rh_lateralorbitofrontal,0.006666666666666667,0.0028338218351815912,0.013333333333333334,0.0033227427500651177,-0.006666666666666667,-0.0004889209148835265
lh_pericalcarine -- rh_middletemporal,0.006666666666666667,0.0024128490550276763,0.013333333333333334,0.0027767997504274926,-0.006666666666666667,-0.0003639506953998163
lh_parahippocampal -- rh_rostralanteriorcingulate,0.006666666666666667,0.0032045157707935195,0.013333333333333334,0.0033227778304053446,-0.006666666666666667,-0.00011826205961182508
lh_parsopercularis -- rh_caudalanteriorcingulate,0.006666666666666667,0.004196231273079551,0.013333333333333334,0.0032237009467328075,-0.006666666666666667,0.0009725303263467436
lh_lateralorbitofrontal -- rh_parsorbitalis,0.006666666666666667,0.002753094588625484,0.013333333333333334,0.0031565863919355125,-0.006666666666666667,-0.0004034918033100285
lh_parstriangularis -- lh_supramarginal,0.006666666666666667,0.00308752333087623,0.013333333333333334,0.0031609325516951266,-0.006666666666666667,-7.340922081889656e-05
lh_rostralmiddlefrontal -- rh_parsopercularis,0.006666666666666667,0.0026692286626300837,0.013333333333333334,0.0029344631983844074,-0.006666666666666667,-0.00026523453575432376
lh_superiortemporal -- rh_isthmuscingulate,0.006666666666666667,0.0023153365816689186,0.013333333333333334,0.002557913726862521,-0.006666666666666667,-0.00024257714519360226
lh_caudalmiddlefrontal -- lh_superiorfrontal,0.006666666666666667,0.0029935379996594196,0.013333333333333334,0.0030752636707478986,-0.006666666666666667,-8.1725671088479e-05
rh_lingual -- rh_medialorbitofrontal,0.006666666666666667,0.0025987980162649115,0.013333333333333334,0.003294849833686788,-0.006666666666666667,-0.0006960518174218763
lh_insula -- lh_parsopercularis,0.006666666666666667,0.002440457980245584,0.013333333333333334,0.00291096693382652,-0.006666666666666667,-0.0004705089535809361
rh_caudalanteriorcingulate -- rh_insula,0.006666666666666667,0.0024734800287233654,0.013333333333333334,0.0028646759923747957,-0.006666666666666667,-0.00039119596365143035
rh_inferiorparietal -- rh_supramarginal,0.006666666666666667,0.003049604592304349,0.013333333333333334,0.0034317737749150375,-0.006666666666666667,-0.00038216918261068863
lh_lingual -- lh_parahippocampal,0.006666666666666667,0.0030935809499034158,0.013333333333333334,0.0030849679535312553,-0.006666666666666667,8.612996372160415e-06
lh_inferiorparietal -- lh_precuneus,0.006666666666666667,0.00336133258484804,0.013333333333333334,0.0032881248065709393,-0.006666666666666667,7.32077782771008e-05
lh_superiortemporal -- rh_parsopercularis,0.006666666666666667,0.0035371981692670653,0.013333333333333334,0.003251613687966868,-0.006666666666666667,0.00028558448130019736
lh_transversetemporal -- rh_isthmuscingulate,0.006666666666666667,0.0036123067891767942,0.013333333333333334,0.00842889565108036,-0.006666666666666667,-0.004816588861903566
lh_cuneus -- lh_rostralanteriorcingulate,0.006666666666666667,0.0035945819179811584,0.013333333333333334,0.003886216004155335,-0.006666666666666667,-0.00029163408617417655
lh_caudalmiddlefrontal -- rh_paracentral,0.006666666666666667,0.0033748733324243108,0.013333333333333334,0.0032971726335477626,-0.006666666666666667,7.77006988765482e-05
rh_inferiorparietal -- rh_rostralanteriorcingulate,0.02,0.003065179650864668,0.02666666666666667,0.003007285158646852,-0.006666666666666668,5.789449221781616e-05
lh_transversetemporal -- rh_caudalmiddlefrontal,0.02,0.003945737085686314,0.02666666666666667,0.004490739356958324,-0.006666666666666668,-0.0005450022712720094
lh_bankssts -- lh_superiortemporal,0.02,0.0027701352078098097,0.02666666666666667,0.0030388182609119275,-0.006666666666666668,-0.0002686830531021178
lh_parsorbitalis -- lh_temporalpole,0.06,0.003664959201482639,0.06666666666666667,0.0036931168134865947,-0.006666666666666668,-2.8157612003955768e-05
lh_frontalpole -- rh_parsorbitalis,0.02666666666666667,0.003091808037212284,0.034666666666666665,0.0031737919869643917,-0.007999999999999997,-8.198394975210757e-05
lh_caudalanteriorcingulate -- lh_middletemporal,0.02666666666666667,0.003103752013737451,0.034666666666666665,0.0036190827416769677,-0.007999999999999997,-0.0005153307279395169
lh_medialorbitofrontal -- rh_medialorbitofrontal,0.02666666666666667,0.004227533937613777,0.034666666666666665,0.004608838347542336,-0.007999999999999997,-0.0003813044099285588
lh_postcentral -- rh_rostralmiddlefrontal,0.02666666666666667,0.00312967997721337,0.034666666666666665,0.003404960782604905,-0.007999999999999997,-0.0002752808053915353
lh_superiorfrontal -- rh_parahippocampal,0.02666666666666667,0.003306438859852923,0.034666666666666665,0.0032336022380163483,-0.007999999999999997,7.283662183657459e-05
rh_lateralorbitofrontal -- rh_pericalcarine,0.013333333333333334,0.0032214935751802834,0.021333333333333333,0.0031488741927086445,-0.007999999999999998,7.261938247163889e-05
lh_posteriorcingulate -- rh_parahippocampal,0.013333333333333334,0.0032975110882186407,0.021333333333333333,0.0033541973329429394,-0.007999999999999998,-5.668624472429879e-05
lh_caudalmiddlefrontal -- rh_isthmuscingulate,0.013333333333333334,0.0027699917561264673,0.021333333333333333,0.0038380762290726412,-0.007999999999999998,-0.001068084472946174
lh_bankssts -- lh_transversetemporal,0.013333333333333334,0.004289964257894552,0.021333333333333333,0.004229008796980967,-0.007999999999999998,6.0955460913585634e-05
lh_pericalcarine -- rh_parsorbitalis,0.013333333333333334,0.0031495990028905475,0.021333333333333333,0.0033439642860525415,-0.007999999999999998,-0.00019436528316199402
lh_paracentral -- rh_isthmuscingulate,0.013333333333333334,0.0030092100379931707,0.021333333333333333,0.003232924291299481,-0.007999999999999998,-0.00022371425330631025
lh_inferiorparietal -- lh_precentral,0.013333333333333334,0.002342997523576368,0.021333333333333333,0.0027663868033647922,-0.007999999999999998,-0.00042338927978842434
lh_fusiform -- lh_lateralorbitofrontal,0.013333333333333334,0.003385365573840198,0.021333333333333333,0.0067082621881127905,-0.007999999999999998,-0.0033228966142725925
lh_caudalmiddlefrontal -- rh_superiortemporal,0.013333333333333334,0.0030867893240803736,0.021333333333333333,0.0032618572041507614,-0.007999999999999998,-0.00017506788007038776
lh_parstriangularis -- rh_insula,0.013333333333333334,0.0030129470217454112,0.021333333333333333,0.002981708137999743,-0.007999999999999998,3.1238883745668064e-05
lh_bankssts -- lh_rostralanteriorcingulate,0.0,0.0022170332377804323,0.008,0.0033536455287144977,-0.008,-0.0011366122909340654
rh_caudalmiddlefrontal -- rh_frontalpole,0.0,0.0015150955510846637,0.008,0.0026832216379339136,-0.008,-0.0011681260868492498
rh_caudalanteriorcingulate -- rh_parahippocampal,0.0,0.002511120074678648,0.008,0.0032194821749695667,-0.008,-0.0007083621002909185
lh_insula -- lh_paracentral,0.0,0.0018793487625289645,0.008,0.002109574130948302,-0.008,-0.0002302253684193375
lh_isthmuscingulate -- rh_insula,0.0,0.0021581484462294717,0.008,0.003335031415953827,-0.008,-0.0011768829697243553
rh_medialorbitofrontal -- rh_precentral,0.0,0.002331469719967927,0.008,0.0030475328606057225,-0.008,-0.0007160631406377955
lh_inferiortemporal -- lh_lateraloccipital,0.0,0.0022326602722271315,0.008,0.002707856342781776,-0.008,-0.00047519607055464437
lh_parsopercularis -- rh_precuneus,0.0,0.0016149032567025262,0.008,0.0029860639609894024,-0.008,-0.0013711607042868762
lh_postcentral -- rh_parsopercularis,0.0,0.00262523709472067,0.008,0.002790015599797864,-0.008,-0.00016477850507719402
lh_isthmuscingulate -- lh_parsorbitalis,0.0,0.003090062821253791,0.008,0.0028390353209292217,-0.008,0.0002510275003245691
lh_parahippocampal -- lh_parstriangularis,0.0,0.002446501492086464,0.008,0.00331533080265654,-0.008,-0.0008688293105700764
lh_precentral -- rh_caudalmiddlefrontal,0.0,0.0026391269312209006,0.008,0.002964186800684059,-0.008,-0.0003250598694631585
lh_postcentral -- rh_entorhinal,0.0,0.0013385587510493918,0.008,0.002805908377256384,-0.008,-0.001467349626206992
rh_superiorfrontal -- rh_superiorparietal,0.0,0.0019368374435057558,0.008,0.0021533469585088144,-0.008,-0.00021650951500305857
rh_parahippocampal -- rh_supramarginal,0.0,0.0025312726586963472,0.008,0.002771860753145977,-0.008,-0.0002405880944496299
lh_parstriangularis -- lh_superiorfrontal,0.0,0.00290927168691269,0.008,0.0030954544831075298,-0.008,-0.00018618279619483967
lh_parstriangularis -- lh_superiorparietal,0.0,0.0025295136355140183,0.008,0.0029263731689166458,-0.008,-0.00039685953340262746
lh_caudalanteriorcingulate -- lh_lateraloccipital,0.0,0.0019582108078354974,0.008,0.0029885655227806615,-0.008,-0.001030354714945164
rh_parstriangularis -- rh_rostralmiddlefrontal,0.0,0.002202389831924903,0.008,0.002723020656076317,-0.008,-0.000520630824151414
lh_transversetemporal -- rh_posteriorcingulate,0.0,0.002255522938547704,0.008,0.0034517314916340334,-0.008,-0.0011962085530863296
rh_bankssts -- rh_precentral,0.0,0.0022835777486955706,0.008,0.0025756495662158365,-0.008,-0.000292071817520266
lh_caudalanteriorcingulate -- lh_precentral,0.0,0.0018465958696879115,0.008,0.00288477841606273,-0.008,-0.0010381825463748186
lh_parstriangularis -- rh_rostralmiddlefrontal,0.0,0.0024089971702785547,0.008,0.003032472949542769,-0.008,-0.0006234757792642144
lh_parahippocampal -- rh_paracentral,0.0,0.0047295969630032604,0.008,0.002660032811796894,-0.008,0.0020695641512063663
lh_parsopercularis -- rh_entorhinal,0.0,0.0020277184201536774,0.008,0.003638779038756203,-0.008,-0.0016110606186025256
rh_inferiorparietal -- rh_lingual,0.0,0.0016193182071000656,0.008,0.0029064037130670647,-0.008,-0.001287085505966999
lh_lateralorbitofrontal -- rh_lingual,0.0,0.0021568301132535756,0.008,0.002898234718066647,-0.008,-0.0007414046048130713
lh_parstriangularis -- rh_parahippocampal,0.0,0.0023748202270453367,0.008,0.002849939062679145,-0.008,-0.0004751188356338083
lh_caudalanteriorcingulate -- lh_rostralmiddlefrontal,0.0,0.0020683161435925404,0.008,0.002762900902929518,-0.008,-0.0006945847593369777
rh_bankssts -- rh_fusiform,0.0,0.0024820644263665137,0.008,0.004761792788979307,-0.008,-0.0022797283626127935
lh_middletemporal -- lh_rostralanteriorcingulate,0.0,0.003764570230573053,0.008,0.004673286082695206,-0.008,-0.0009087158521221533
rh_inferiorparietal -- rh_middletemporal,0.0,0.0014225999234069747,0.008,0.006163689779008989,-0.008,-0.004741089855602015
lh_medialorbitofrontal -- lh_parstriangularis,0.0,0.002744421034786128,0.008,0.003384725139253618,-0.008,-0.0006403041044674902
rh_cuneus -- rh_parstriangularis,0.0,0.0035065920915060386,0.008,0.003917092322775,-0.008,-0.0004105002312689613
lh_middletemporal -- rh_parahippocampal,0.0,0.0020477590359506146,0.008,0.0037153644507918033,-0.008,-0.0016676054148411887
lh_frontalpole -- lh_pericalcarine,0.04,0.003429433091477257,0.048,0.0034092951895943633,-0.008,2.013790188289382e-05
lh_frontalpole -- lh_middletemporal,0.0,0.0022683404067360144,0.008,0.002287703186279038,-0.008,-1.9362779543023647e-05
lh_lateraloccipital -- lh_superiortemporal,0.0,0.0032331385853606944,0.008,0.00247415078693614,-0.008,0.0007589877984245544
lh_lateraloccipital -- rh_caudalmiddlefrontal,0.0,0.001825989467566443,0.008,0.002635488125236919,-0.008,-0.0008094986576704761
lh_fusiform -- lh_parsorbitalis,0.0,0.001637198380575871,0.008,0.004798935645410957,-0.008,-0.003161737264835086
lh_fusiform -- lh_rostralanteriorcingulate,0.0,0.004403050826999836,0.008,0.003075521424629266,-0.008,0.00132752940237057
lh_medialorbitofrontal -- rh_lingual,0.0,0.0027679727132648626,0.008,0.0032544116456894386,-0.008,-0.000486438932424576
lh_medialorbitofrontal -- rh_rostralanteriorcingulate,0.0,0.0038454613797428705,0.008,0.0036276854997408753,-0.008,0.00021777588000199523
lh_paracentral -- lh_superiortemporal,0.0,0.002424828861091203,0.008,0.002667002405551951,-0.008,-0.0002421735444607478
lh_paracentral -- lh_parsopercularis,0.0,0.003038161298255247,0.008,0.0035976763786646528,-0.008,-0.0005595150804094057
rh_cuneus -- rh_rostralanteriorcingulate,0.0,0.0030483875404174847,0.008,0.003055725777760932,-0.008,-7.338237343447376e-06
lh_fusiform -- rh_pericalcarine,0.0,0.0016163318572884476,0.008,0.0031344530357398787,-0.008,-0.001518121178451431
lh_paracentral -- lh_superiorfrontal,0.0,0.002009850669336199,0.008,0.00250641084268981,-0.008,-0.000496560173353611
lh_precuneus -- lh_rostralanteriorcingulate,0.0,0.0013324113804084724,0.008,0.002580774295857363,-0.008,-0.0012483629154488906
lh_lingual -- rh_inferiortemporal,0.0,0.0029663818081738405,0.008,0.006034236093235247,-0.008,-0.0030678542850614064
lh_superiorparietal -- rh_entorhinal,0.0,0.0013247216489778875,0.008,0.0031918054813859053,-0.008,-0.0018670838324080178
rh_caudalanteriorcingulate -- rh_lateraloccipital,0.0,0.002320855322191444,0.008,0.003049521736643678,-0.008,-0.000728666414452234
lh_caudalanteriorcingulate -- lh_transversetemporal,0.0,0.0012836405961187093,0.008,0.0021812131692122085,-0.008,-0.0008975725730934992
lh_parahippocampal -- rh_entorhinal,0.0,0.002846695806477914,0.008,0.002538257553315274,-0.008,0.00030843825316264
rh_medialorbitofrontal -- rh_supramarginal,0.0,0.0024548597074100817,0.008,0.0029646544133181347,-0.008,-0.000509794705908053
lh_lateraloccipital -- rh_supramarginal,0.0,0.0020532648383569064,0.008,0.0025850726876335784,-0.008,-0.000531807849276672
rh_paracentral -- rh_supramarginal,0.0,0.0021909136860784892,0.008,0.0031710723393496886,-0.008,-0.0009801586532711994
rh_fusiform -- rh_parstriangularis,0.0,0.0016102363141579936,0.008,0.0036547826832878778,-0.008,-0.002044546369129884
lh_lingual -- rh_inferiorparietal,0.0,0.001644853555237254,0.008,0.0033229719831961066,-0.008,-0.0016781184279588527
lh_rostralanteriorcingulate -- rh_parstriangularis,0.0,0.002280384908355279,0.008,0.003299527967793394,-0.008,-0.0010191430594381152
rh_parahippocampal -- rh_parstriangularis,0.0,0.0026880315209563852,0.008,0.0033453338350933125,-0.008,-0.0006573023141369272
lh_fusiform -- rh_caudalmiddlefrontal,0.0,0.0027838887251558555,0.008,0.0033041147766277182,-0.008,-0.0005202260514718627
lh_precuneus -- rh_pericalcarine,0.0,0.001656100479646184,0.008,0.002616956605173576,-0.008,-0.0009608561255273918
lh_fusiform -- rh_fusiform,0.06666666666666667,0.007293333338707693,0.07466666666666667,0.0066025022949590135,-0.008000000000000007,0.0006908310437486794
lh_bankssts -- lh_posteriorcingulate,0.03333333333333333,0.003140524269634754,0.042666666666666665,0.003437953256836232,-0.009333333333333332,-0.00029742898720147787
lh_transversetemporal -- rh_fusiform,0.006666666666666667,0.003234699259649209,0.016,0.008277635140541001,-0.009333333333333332,-0.005042935880891792
rh_parstriangularis -- rh_rostralanteriorcingulate,0.006666666666666667,0.0031283209350333823,0.016,0.0039334629765307655,-0.009333333333333332,-0.0008051420414973832
rh_insula -- rh_rostralanteriorcingulate,0.02,0.003084936449356936,0.029333333333333333,0.0029126257780858556,-0.009333333333333332,0.00017231067127108056
lh_lateraloccipital -- lh_superiorparietal,0.04666666666666667,0.003373208785247652,0.056,0.003410262171589789,-0.009333333333333332,-3.70533863421371e-05
lh_inferiortemporal -- rh_parstriangularis,0.006666666666666667,0.0032608667966263247,0.016,0.003006870978013698,-0.009333333333333332,0.0002539958186126268
lh_caudalanteriorcingulate -- rh_caudalmiddlefrontal,0.02,0.0034087934653722093,0.029333333333333333,0.003147062602506729,-0.009333333333333332,0.0002617308628654804
rh_caudalanteriorcingulate -- rh_superiorfrontal,0.006666666666666667,0.002781680163089618,0.016,0.0032752017185738507,-0.009333333333333332,-0.0004935215554842326
lh_parsopercularis -- lh_precentral,0.006666666666666667,0.0030372204824867634,0.016,0.003029945200110968,-0.009333333333333332,7.275282375795219e-06
lh_parahippocampal -- rh_insula,0.006666666666666667,0.002432066398759005,0.016,0.003339612917688635,-0.009333333333333332,-0.0009075465189296301
lh_inferiortemporal -- lh_insula,0.006666666666666667,0.002506574862227002,0.016,0.002896345069870425,-0.009333333333333332,-0.00038977020764342264
lh_middletemporal -- rh_superiortemporal,0.02,0.00318828967145953,0.029333333333333333,0.003302951456188884,-0.009333333333333332,-0.00011466178472935426
lh_posteriorcingulate -- rh_bankssts,0.03333333333333333,0.0032040139797405386,0.042666666666666665,0.0033921758728120413,-0.009333333333333332,-0.00018816189307150266
lh_caudalmiddlefrontal -- rh_rostralanteriorcingulate,0.006666666666666667,0.0021952032181880815,0.016,0.0029209794774579796,-0.009333333333333332,-0.0007257762592698981
lh_parahippocampal -- lh_rostralanteriorcingulate,0.006666666666666667,0.0027985936398217197,0.016,0.003216111708608389,-0.009333333333333332,-0.00041751806878666947
lh_pericalcarine -- rh_posteriorcingulate,0.006666666666666667,0.002355498863153063,0.016,0.0025805301464765056,-0.009333333333333332,-0.0002250312833234425
lh_inferiortemporal -- rh_middletemporal,0.006666666666666667,0.003020606534921496,0.016,0.0030219010188353703,-0.009333333333333332,-1.2944839138744578e-06
lh_middletemporal -- rh_caudalanteriorcingulate,0.03333333333333333,0.0029278270168395532,0.042666666666666665,0.0034187109561309927,-0.009333333333333332,-0.0004908839392914395
lh_paracentral -- lh_rostralanteriorcingulate,0.006666666666666667,0.002619062982867434,0.016,0.0037303114910616246,-0.009333333333333332,-0.0011112485081941907
lh_parstriangularis -- rh_supramarginal,0.006666666666666667,0.002739607330349938,0.016,0.0034112472731522197,-0.009333333333333332,-0.0006716399428022815
rh_parahippocampal -- rh_superiorfrontal,0.02,0.002933227720094785,0.029333333333333333,0.0032857149822188257,-0.009333333333333332,-0.00035248726212404064
lh_precuneus -- lh_superiorparietal,0.006666666666666667,0.0027705823391907672,0.016,0.002686013408580461,-0.009333333333333332,8.45689306103064e-05
lh_parstriangularis -- rh_paracentral,0.02,0.0033420074884986314,0.029333333333333333,0.0033002905613471766,-0.009333333333333332,4.1716927151454804e-05
rh_cuneus -- rh_parsopercularis,0.006666666666666667,0.0042507787708776475,0.016,0.0038537529372615923,-0.009333333333333332,0.00039702583361605516
lh_paracentral -- rh_inferiorparietal,0.006666666666666667,0.0032606202861570166,0.016,0.003004033787007994,-0.009333333333333332,0.0002565864991490225
lh_superiorparietal -- rh_postcentral,0.02,0.003205534918387108,0.029333333333333333,0.003299913157544567,-0.009333333333333332,-9.437823915745902e-05
rh_entorhinal -- rh_parsorbitalis,0.006666666666666667,0.0024110425926839275,0.016,0.0025064646633313117,-0.009333333333333332,-9.542207064738416e-05
lh_bankssts -- rh_bankssts,0.04,0.003444391755300773,0.050666666666666665,0.00359716431980554,-0.010666666666666665,-0.00015277256450476695
lh_caudalmiddlefrontal -- rh_caudalmiddlefrontal,0.04,0.003757836440738853,0.050666666666666665,0.003426176886887901,-0.010666666666666665,0.00033165955385095185
rh_bankssts -- rh_caudalmiddlefrontal,0.04,0.0035672066417720607,0.050666666666666665,0.0034450612490498534,-0.010666666666666665,0.00012214539272220734
lh_superiorfrontal -- rh_superiorfrontal,0.05333333333333334,0.0033905432308112796,0.064,0.003590059364814552,-0.010666666666666665,-0.0001995161340032723
rh_insula -- rh_superiorfrontal,0.04,0.003212330510558848,0.050666666666666665,0.0035281986720651984,-0.010666666666666665,-0.00031586816150635036
lh_parahippocampal -- lh_transversetemporal,0.0,0.0014095159966423833,0.010666666666666666,0.0037780199944889153,-0.010666666666666666,-0.002368503997846532
lh_paracentral -- rh_parahippocampal,0.0,0.002987183016356973,0.010666666666666666,0.0030071508861285044,-0.010666666666666666,-1.996786977153135e-05
lh_bankssts -- rh_inferiortemporal,0.0,0.002731035211367724,0.010666666666666666,0.002983835251863983,-0.010666666666666666,-0.0002528000404962592
lh_transversetemporal -- rh_inferiortemporal,0.0,0.0016318680733547206,0.010666666666666666,0.0062784714349629405,-0.010666666666666666,-0.00464660336160822
lh_temporalpole -- rh_inferiortemporal,0.0,0.0024464809389051164,0.010666666666666666,0.0037582824884268744,-0.010666666666666666,-0.001311801549521758
lh_inferiortemporal -- lh_supramarginal,0.0,0.002542819685892298,0.010666666666666666,0.003003484404472486,-0.010666666666666666,-0.00046066471858018836
lh_insula -- lh_isthmuscingulate,0.0,0.002320255696312618,0.010666666666666666,0.0027066408776262154,-0.010666666666666666,-0.0003863851813135973
lh_caudalmiddlefrontal -- lh_medialorbitofrontal,0.0,0.0016338570233074457,0.010666666666666666,0.004202532371621321,-0.010666666666666666,-0.002568675348313875
lh_inferiorparietal -- rh_medialorbitofrontal,0.0,0.0023247550864851224,0.010666666666666666,0.0030017850778025624,-0.010666666666666666,-0.00067702999131744
lh_parahippocampal -- rh_superiorfrontal,0.0,0.002671437470554278,0.010666666666666666,0.003112681954709194,-0.010666666666666666,-0.00044124448415491617
lh_postcentral -- lh_rostralanteriorcingulate,0.0,0.002313545927268577,0.010666666666666666,0.002643376877747371,-0.010666666666666666,-0.0003298309504787939
lh_postcentral -- rh_lingual,0.0,0.0021332715319778003,0.010666666666666666,0.0029036205845937653,-0.010666666666666666,-0.000770349052615965
lh_parsopercularis -- rh_postcentral,0.0,0.002834307047832688,0.010666666666666666,0.0027885737687465637,-0.010666666666666666,4.5733279086124495e-05
lh_postcentral -- rh_parahippocampal,0.0,0.0026600056726594455,0.010666666666666666,0.0028674025377180556,-0.010666666666666666,-0.00020739686505861013
lh_inferiortemporal -- rh_superiorfrontal,0.0,0.002759528416269603,0.010666666666666666,0.0029077522901388483,-0.010666666666666666,-0.00014822387386924547
lh_insula -- rh_inferiorparietal,0.0,0.001618241912716647,0.010666666666666666,0.002013600388815548,-0.010666666666666666,-0.0003953584760989009
lh_insula -- lh_posteriorcingulate,0.013333333333333334,0.003166973066996804,0.024,0.003009953952939348,-0.010666666666666666,0.00015701911405745575
lh_parahippocampal -- lh_rostralmiddlefrontal,0.013333333333333334,0.0029315874223796693,0.024,0.0032530087983012306,-0.010666666666666666,-0.00032142137592156136
lh_inferiorparietal -- lh_rostralanteriorcingulate,0.0,0.0022462339790791587,0.010666666666666666,0.0026235013280693827,-0.010666666666666666,-0.000377267348990224
rh_inferiortemporal -- rh_middletemporal,0.013333333333333334,0.003064309524763052,0.024,0.0033036844676446984,-0.010666666666666666,-0.00023937494288164655
lh_lateralorbitofrontal -- lh_parahippocampal,0.0,0.0028351434572758184,0.010666666666666666,0.0046987534007324454,-0.010666666666666666,-0.001863609943456627
rh_fusiform -- rh_middletemporal,0.0,0.002013908756420767,0.010666666666666666,0.004458209679975074,-0.010666666666666666,-0.0024443009235543068
lh_rostralanteriorcingulate -- rh_medialorbitofrontal,0.0,0.002787907520251036,0.010666666666666666,0.0032431785363564994,-0.010666666666666666,-0.00045527101610546346
lh_lateralorbitofrontal -- lh_parstriangularis,0.0,0.0023712692763210802,0.010666666666666666,0.0033342298423683506,-0.010666666666666666,-0.0009629605660472704
lh_lateralorbitofrontal -- lh_precuneus,0.0,0.001972429058391477,0.010666666666666666,0.0029532745116994056,-0.010666666666666666,-0.0009808454533079287
rh_insula -- rh_precentral,0.0,0.0025315224707071734,0.010666666666666666,0.0025375928914155997,-0.010666666666666666,-6.0704207084263766e-06
rh_isthmuscingulate -- rh_superiortemporal,0.0,0.0024721411738316207,0.010666666666666666,0.0029887069976248697,-0.010666666666666666,-0.000516565823793249
lh_inferiorparietal -- rh_rostralmiddlefrontal,0.013333333333333334,0.003001268288165623,0.024,0.003308629651089831,-0.010666666666666666,-0.00030736136292420797
lh_supramarginal -- rh_postcentral,0.013333333333333334,0.003282219085134726,0.024,0.003005398043305597,-0.010666666666666666,0.00027682104182912915
rh_isthmuscingulate -- rh_rostralanteriorcingulate,0.0,0.002454864058808072,0.010666666666666666,0.0032761410874084704,-0.010666666666666666,-0.0008212770286003986
lh_inferiorparietal -- rh_superiorfrontal,0.0,0.002735147510725935,0.010666666666666666,0.0022589857275227944,-0.010666666666666666,0.0004761617832031405
lh_paracentral -- lh_posteriorcingulate,0.0,0.0027934791183596795,0.010666666666666666,0.0027440340324527655,-0.010666666666666666,4.944508590691392e-05
lh_entorhinal -- lh_parahippocampal,0.0,0.0022744762193907544,0.010666666666666666,0.0026275676624887387,-0.010666666666666666,-0.00035309144309798434
lh_lateraloccipital -- lh_precuneus,0.0,0.0026975144445228606,0.010666666666666666,0.0028463008857665235,-0.010666666666666666,-0.00014878644124366285
lh_precuneus -- rh_frontalpole,0.0,0.0021902696946284315,0.010666666666666666,0.002479345421966993,-0.010666666666666666,-0.0002890757273385615
lh_superiorparietal -- rh_precuneus,0.0,0.0023002754201845534,0.010666666666666666,0.0030143592306842945,-0.010666666666666666,-0.000714083810499741
lh_entorhinal -- rh_lateralorbitofrontal,0.0,0.0030111982900332076,0.010666666666666666,0.0038964464117318006,-0.010666666666666666,-0.000885248121698593
lh_medialorbitofrontal -- lh_middletemporal,0.0,0.0025258367141841194,0.010666666666666666,0.0024160655196514592,-0.010666666666666666,0.0001097711945326602
rh_fusiform -- rh_rostralanteriorcingulate,0.0,0.0019525523465287419,0.010666666666666666,0.004567039942981907,-0.010666666666666666,-0.002614487596453165
lh_frontalpole -- rh_inferiortemporal,0.0,0.0019344110038355478,0.010666666666666666,0.0028547378295228744,-0.010666666666666666,-0.0009203268256873266
rh_inferiortemporal -- rh_rostralanteriorcingulate,0.0,0.0030338198566345295,0.010666666666666666,0.0032768837773707953,-0.010666666666666666,-0.00024306392073626584
rh_inferiorparietal -- rh_insula,0.0,0.001697094965680847,0.010666666666666666,0.0018340540122935164,-0.010666666666666666,-0.00013695904661266932
lh_medialorbitofrontal -- rh_fusiform,0.013333333333333334,0.004305392436476995,0.024,0.004673263481364922,-0.010666666666666666,-0.0003678710448879272
lh_parstriangularis -- rh_middletemporal,0.0,0.0027044235813936577,0.010666666666666666,0.00280662006660958,-0.010666666666666666,-0.00010219648521592227
lh_caudalanteriorcingulate -- rh_middletemporal,0.013333333333333334,0.002973987224931809,0.024,0.003041950585030153,-0.010666666666666666,-6.796336009834425e-05
lh_transversetemporal -- rh_superiorfrontal,0.0,0.001484575964105696,0.010666666666666666,0.0020814602284053092,-0.010666666666666666,-0.0005968842642996132
rh_pericalcarine -- rh_posteriorcingulate,0.0,0.001834911194491144,0.010666666666666666,0.002402128086520969,-0.010666666666666666,-0.0005672168920298252
rh_bankssts -- rh_lateralorbitofrontal,0.0,0.0027103399074940404,0.010666666666666666,0.002588233378046394,-0.010666666666666666,0.00012210652944764618
lh_caudalanteriorcingulate -- lh_insula,0.013333333333333334,0.0027923634208077666,0.024,0.0028313459548574196,-0.010666666666666666,-3.898253404965293e-05
lh_middletemporal -- lh_superiortemporal,0.02666666666666667,0.0031899264435528334,0.037333333333333336,0.003177007926434846,-0.010666666666666668,1.2918517117987537e-05
lh_lateraloccipital -- rh_precentral,0.02666666666666667,0.0030753065242235507,0.037333333333333336,0.003364875103235234,-0.010666666666666668,-0.00028956857901168325
lh_cuneus -- lh_precuneus,0.02666666666666667,0.0038780877022301387,0.037333333333333336,0.0035504219690630392,-0.010666666666666668,0.0003276657331670995
lh_parsorbitalis -- rh_temporalpole,0.06,0.003493113077974882,0.072,0.0036559266356650136,-0.011999999999999997,-0.00016281355769013142
lh_superiorfrontal -- rh_caudalmiddlefrontal,0.006666666666666667,0.0030814015107811284,0.018666666666666668,0.00304470801795394,-0.012,3.6693492827188316e-05
lh_caudalanteriorcingulate -- rh_superiorfrontal,0.006666666666666667,0.00256019347637265,0.018666666666666668,0.002961038349116168,-0.012,-0.00040084487274351767
lh_parstriangularis -- rh_caudalanteriorcingulate,0.006666666666666667,0.0029858946395922336,0.018666666666666668,0.003057110826869824,-0.012,-7.121618727759038e-05
lh_caudalanteriorcingulate -- lh_rostralanteriorcingulate,0.006666666666666667,0.002651418327213959,0.018666666666666668,0.0033742678014567237,-0.012,-0.0007228494742427647
rh_inferiorparietal -- rh_superiorparietal,0.02,0.0035005619850613985,0.032,0.003386095454342725,-0.012,0.00011446653071867357
lh_precuneus -- rh_postcentral,0.006666666666666667,0.00328767618262958,0.018666666666666668,0.00333625054189777,-0.012,-4.8574359268189864e-05
lh_lateraloccipital -- rh_cuneus,0.006666666666666667,0.002729412067009679,0.018666666666666668,0.0032100175972967476,-0.012,-0.00048060553028706843
rh_frontalpole -- rh_lateralorbitofrontal,0.006666666666666667,0.003787489894478988,0.018666666666666668,0.0033641495447379647,-0.012,0.0004233403497410234
lh_frontalpole -- lh_isthmuscingulate,0.006666666666666667,0.0028085321943511882,0.018666666666666668,0.002867745218784156,-0.012,-5.92130244329676e-05
lh_caudalanteriorcingulate -- rh_superiortemporal,0.006666666666666667,0.0020910516439013216,0.018666666666666668,0.0028620348571495834,-0.012,-0.0007709832132482618
lh_rostralanteriorcingulate -- rh_superiorparietal,0.006666666666666667,0.0024604654951724163,0.018666666666666668,0.0030165792631275195,-0.012,-0.0005561137679551032
lh_lateraloccipital -- rh_parahippocampal,0.02,0.002968531892550597,0.032,0.0031360371719440037,-0.012,-0.0001675052793934065
lh_supramarginal -- rh_inferiorparietal,0.02,0.003375664406336509,0.032,0.0033404729626188216,-0.012,3.519144371768755e-05
lh_supramarginal -- rh_insula,0.006666666666666667,0.002306746237697346,0.018666666666666668,0.0029679736067892717,-0.012,-0.0006612273690919258
lh_paracentral -- rh_caudalanteriorcingulate,0.006666666666666667,0.0024246047730894613,0.018666666666666668,0.0028495118918267295,-0.012,-0.00042490711873726826
lh_paracentral -- rh_fusiform,0.006666666666666667,0.0023814565508732746,0.018666666666666668,0.0027311093085860246,-0.012,-0.00034965275771274996
lh_supramarginal -- rh_lateraloccipital,0.02,0.003227764535857459,0.032,0.003157547846653018,-0.012,7.021668920444103e-05
lh_entorhinal -- lh_parsorbitalis,0.006666666666666667,0.0029040609866445933,0.018666666666666668,0.0034915086274411393,-0.012,-0.0005874476407965461
lh_entorhinal -- rh_precuneus,0.02,0.0029874090218756076,0.032,0.0032740984326758028,-0.012,-0.0002866894108001952
lh_superiorfrontal -- rh_bankssts,0.006666666666666667,0.0022535139870235804,0.018666666666666668,0.0027938680967617376,-0.012,-0.0005403541097381572
lh_insula -- lh_transversetemporal,0.02,0.002740022088390649,0.032,0.003947440137997505,-0.012,-0.001207418049606856
lh_insula -- rh_posteriorcingulate,0.02,0.0029603976636818664,0.032,0.0031723038579011082,-0.012,-0.0002119061942192418
lh_bankssts -- rh_isthmuscingulate,0.02,0.003021456437180434,0.032,0.003162925631144,-0.012,-0.0001414691939635661
rh_rostralmiddlefrontal -- rh_superiorfrontal,0.006666666666666667,0.002358919365363968,0.018666666666666668,0.002661773671494889,-0.012,-0.00030285430613092093
lh_caudalanteriorcingulate -- lh_superiortemporal,0.006666666666666667,0.002468776905668497,0.018666666666666668,0.0027226934868704727,-0.012,-0.00025391658120197573
lh_parsopercularis -- rh_rostralmiddlefrontal,0.006666666666666667,0.0026600445533554286,0.018666666666666668,0.003092359027708974,-0.012,-0.0004323144743535452
lh_inferiortemporal -- lh_precentral,0.006666666666666667,0.0028036472929626943,0.018666666666666668,0.003634718968983088,-0.012,-0.0008310716760203938
rh_posteriorcingulate -- rh_superiortemporal,0.03333333333333333,0.002884292520398251,0.04533333333333334,0.0033666969917870663,-0.012000000000000004,-0.0004824044713888152
lh_entorhinal -- rh_temporalpole,0.02666666666666667,0.003796926827449288,0.04,0.003494423421548631,-0.013333333333333332,0.0003025034059006568
lh_lateralorbitofrontal -- lh_paracentral,0.0,0.001512577634109542,0.013333333333333334,0.0035922942337686904,-0.013333333333333334,-0.0020797165996591484
lh_superiorparietal -- rh_lingual,0.0,0.0024856400708539116,0.013333333333333334,0.0030812159664601016,-0.013333333333333334,-0.00059557589560619
lh_inferiorparietal -- lh_parsopercularis,0.0,0.0025314238635964458,0.013333333333333334,0.0031499574577189466,-0.013333333333333334,-0.0006185335941225009
lh_parstriangularis -- lh_transversetemporal,0.0,0.0023248595470048445,0.013333333333333334,0.0033859868225508956,-0.013333333333333334,-0.001061127275546051
lh_caudalanteriorcingulate -- lh_pericalcarine,0.0,0.0017058662122618907,0.013333333333333334,0.00297044831221134,-0.013333333333333334,-0.0012645820999494495
rh_inferiorparietal -- rh_postcentral,0.013333333333333334,0.0030087575811942853,0.02666666666666667,0.0030537251500307987,-0.013333333333333334,-4.4967568836513407e-05
rh_parstriangularis -- rh_precentral,0.0,0.0023281550772652326,0.013333333333333334,0.003689496240547913,-0.013333333333333334,-0.0013613411632826806
rh_insula -- rh_rostralmiddlefrontal,0.0,0.001961361524023494,0.013333333333333334,0.0022035997155884736,-0.013333333333333334,-0.00024223819156497968
lh_medialorbitofrontal -- rh_parstriangularis,0.0,0.0034087197301047242,0.013333333333333334,0.004062160571774924,-0.013333333333333334,-0.0006534408416701996
lh_lingual -- lh_superiorparietal,0.0,0.0022836416867577673,0.013333333333333334,0.003027179836942344,-0.013333333333333334,-0.0007435381501845768
lh_frontalpole -- lh_posteriorcingulate,0.0,0.0013427389549765275,0.013333333333333334,0.0019282564460946774,-0.013333333333333334,-0.0005855174911181499
lh_lateralorbitofrontal -- rh_caudalanteriorcingulate,0.0,0.001610819260018378,0.013333333333333334,0.002879391706375426,-0.013333333333333334,-0.0012685724463570478
lh_inferiorparietal -- lh_lateraloccipital,0.013333333333333334,0.0031057361433001417,0.02666666666666667,0.0030531491688304928,-0.013333333333333334,5.2586974469648936e-05
lh_cuneus -- lh_parahippocampal,0.0,0.002579099570064444,0.013333333333333334,0.0035430072570541145,-0.013333333333333334,-0.0009639076869896704
lh_lateraloccipital -- lh_parstriangularis,0.0,0.002312712790399536,0.013333333333333334,0.0027356280152603996,-0.013333333333333334,-0.0004229152248608637
lh_temporalpole -- rh_frontalpole,0.013333333333333334,0.002841691477811395,0.02666666666666667,0.0032531007901561763,-0.013333333333333334,-0.0004114093123447813
lh_inferiortemporal -- rh_transversetemporal,0.0,0.0015260117674396293,0.013333333333333334,0.0034166800631054927,-0.013333333333333334,-0.0018906682956658634
rh_caudalmiddlefrontal -- rh_middletemporal,0.013333333333333334,0.0025673841838111363,0.02666666666666667,0.003097244392570905,-0.013333333333333334,-0.0005298602087597686
lh_inferiortemporal -- lh_rostralanteriorcingulate,0.0,0.002749167135487288,0.013333333333333334,0.002991329349720494,-0.013333333333333334,-0.00024216221423320602
lh_parahippocampal -- lh_precuneus,0.0,0.0029742592959014127,0.013333333333333334,0.0038761811794362057,-0.013333333333333334,-0.000901921883534793
rh_lateraloccipital -- rh_postcentral,0.013333333333333334,0.0029629915961231794,0.02666666666666667,0.003105001353024077,-0.013333333333333334,-0.00014200975690089766
lh_precentral -- rh_superiorfrontal,0.013333333333333334,0.0031708800697151695,0.02666666666666667,0.0033105910064321503,-0.013333333333333334,-0.0001397109367169808
rh_inferiorparietal -- rh_paracentral,0.0,0.002573312528868112,0.013333333333333334,0.002574537311834428,-0.013333333333333334,-1.2247829663161042e-06
lh_frontalpole -- rh_posteriorcingulate,0.0,0.002027354964581019,0.013333333333333334,0.0022831164626110683,-0.013333333333333334,-0.00025576149803004924
lh_posteriorcingulate -- rh_superiortemporal,0.013333333333333334,0.002953359755775656,0.02666666666666667,0.003161519068790536,-0.013333333333333334,-0.00020815931301487994
rh_caudalanteriorcingulate -- rh_pericalcarine,0.0,0.0024163627659584594,0.013333333333333334,0.00269032839439101,-0.013333333333333334,-0.0002739656284325505
lh_lateraloccipital -- lh_parsopercularis,0.0,0.0027185076719169242,0.013333333333333334,0.0031667843860954323,-0.013333333333333334,-0.00044827671417850806
lh_fusiform -- rh_parstriangularis,0.0,0.0026623248511563366,0.013333333333333334,0.002805522332574178,-0.013333333333333334,-0.0001431974814178412
lh_lateralorbitofrontal -- rh_caudalmiddlefrontal,0.0,0.004862766574541241,0.013333333333333334,0.004758227250503731,-0.013333333333333334,0.00010453932403751021
rh_caudalmiddlefrontal -- rh_parstriangularis,0.0,0.002993859691926501,0.013333333333333334,0.0029003464952879815,-0.013333333333333334,9.351319663851963e-05
rh_cuneus -- rh_precentral,0.0,0.0028832431142752977,0.013333333333333334,0.0026920537670454096,-0.013333333333333334,0.0001911893472298881
lh_inferiortemporal -- rh_posteriorcingulate,0.013333333333333334,0.0026795229167311785,0.02666666666666667,0.003257638636435211,-0.013333333333333334,-0.0005781157197040326
lh_caudalanteriorcingulate -- rh_frontalpole,0.0,0.0015148424863960788,0.013333333333333334,0.002869894749535984,-0.013333333333333334,-0.0013550522631399053
lh_precuneus -- rh_medialorbitofrontal,0.0,0.002908693188220954,0.013333333333333334,0.0029209306080671673,-0.013333333333333334,-1.2237419846213363e-05
lh_isthmuscingulate -- rh_lateralorbitofrontal,0.0,0.00279259492589037,0.013333333333333334,0.0032563322689397405,-0.013333333333333334,-0.0004637373430493707
lh_posteriorcingulate -- rh_paracentral,0.013333333333333334,0.002945959253235194,0.02666666666666667,0.0030880332223494145,-0.013333333333333334,-0.00014207396911422067
lh_entorhinal -- rh_entorhinal,0.08,0.003966144283014519,0.09333333333333334,0.003799669114970118,-0.013333333333333336,0.00016647516804440144
lh_middletemporal -- rh_isthmuscingulate,0.02,0.0028679180443275097,0.034666666666666665,0.0033972724612996827,-0.014666666666666665,-0.000529354416972173
lh_parahippocampal -- rh_postcentral,0.006666666666666667,0.002593132135411615,0.021333333333333333,0.003137635373882242,-0.014666666666666665,-0.0005445032384706274
lh_posteriorcingulate -- rh_isthmuscingulate,0.02,0.003003755551284758,0.034666666666666665,0.0032456268754722855,-0.014666666666666665,-0.00024187132418752736
rh_bankssts -- rh_superiortemporal,0.006666666666666667,0.0030931507477546688,0.021333333333333333,0.003141646724115777,-0.014666666666666665,-4.8495976361108244e-05
lh_inferiortemporal -- lh_superiorfrontal,0.006666666666666667,0.002504738404365101,0.021333333333333333,0.0029312348236469315,-0.014666666666666665,-0.00042649641928183034
lh_superiortemporal -- rh_posteriorcingulate,0.02,0.003051729044284316,0.034666666666666665,0.003181433814409472,-0.014666666666666665,-0.00012970477012515637
lh_superiorparietal -- rh_rostralmiddlefrontal,0.006666666666666667,0.0031144938889317675,0.021333333333333333,0.003397779104933652,-0.014666666666666665,-0.00028328521600188466
lh_parahippocampal -- rh_inferiorparietal,0.006666666666666667,0.002343206859506329,0.021333333333333333,0.0033581380108177023,-0.014666666666666665,-0.0010149311513113733
lh_insula -- lh_parstriangularis,0.006666666666666667,0.0034649377632771134,0.021333333333333333,0.003010464751165977,-0.014666666666666665,0.00045447301211113626
rh_isthmuscingulate -- rh_middletemporal,0.006666666666666667,0.0027718165110530366,0.021333333333333333,0.003077748771611317,-0.014666666666666665,-0.0003059322605582803
rh_inferiortemporal -- rh_posteriorcingulate,0.02,0.0031590006123680455,0.034666666666666665,0.003149402151793168,-0.014666666666666665,9.5984605748777e-06
rh_caudalmiddlefrontal -- rh_rostralanteriorcingulate,0.006666666666666667,0.0028505811047139745,0.021333333333333333,0.003491591556564685,-0.014666666666666665,-0.0006410104518507105
rh_bankssts -- rh_parstriangularis,0.006666666666666667,0.0031974189924355518,0.021333333333333333,0.002980609210151853,-0.014666666666666665,0.00021680978228369886
rh_inferiorparietal -- rh_superiorfrontal,0.02,0.003202663142646162,0.034666666666666665,0.0030044283248013147,-0.014666666666666665,0.00019823481784484722
lh_superiortemporal -- rh_bankssts,0.006666666666666667,0.0028278607403219996,0.021333333333333333,0.003048070889337176,-0.014666666666666665,-0.00022021014901517626
lh_insula -- lh_parahippocampal,0.006666666666666667,0.00302153778829805,0.021333333333333333,0.00400745104618998,-0.014666666666666665,-0.0009859132578919302
lh_insula -- lh_superiorfrontal,0.02666666666666667,0.0031892676888870806,0.042666666666666665,0.003439718641827837,-0.015999999999999997,-0.0002504509529407564
lh_caudalanteriorcingulate -- lh_posteriorcingulate,0.04,0.003369763802033471,0.056,0.0034688699480046863,-0.016,-9.910614597121543e-05
lh_caudalmiddlefrontal -- rh_parahippocampal,0.0,0.002749818416149102,0.016,0.0038697762605698436,-0.016,-0.0011199578444207416
lh_caudalmiddlefrontal -- lh_paracentral,0.0,0.002261381903144517,0.016,0.0031498675391548993,-0.016,-0.0008884856360103824
lh_isthmuscingulate -- rh_superiortemporal,0.013333333333333334,0.0024051476152863872,0.029333333333333333,0.0031412729036745727,-0.016,-0.0007361252883881855
rh_lingual -- rh_postcentral,0.013333333333333334,0.002676965556512397,0.029333333333333333,0.003266201605615882,-0.016,-0.0005892360491034851
rh_bankssts -- rh_superiorfrontal,0.0,0.002053979712719413,0.016,0.0028904151198309324,-0.016,-0.0008364354071115194
lh_caudalmiddlefrontal -- lh_superiortemporal,0.0,0.002246530563258092,0.016,0.003028698358885619,-0.016,-0.0007821677956275268
lh_middletemporal -- rh_frontalpole,0.0,0.0024766356946604043,0.016,0.0028511527534506834,-0.016,-0.00037451705879027906
rh_frontalpole -- rh_isthmuscingulate,0.0,0.0026188806796977092,0.016,0.0035227777595301935,-0.016,-0.0009038970798324842
lh_lateralorbitofrontal -- rh_fusiform,0.0,0.0018017894463095657,0.016,0.004861563141151814,-0.016,-0.003059773694842249
lh_bankssts -- rh_rostralanteriorcingulate,0.013333333333333334,0.0030401734934992664,0.029333333333333333,0.0036083067197467972,-0.016,-0.0005681332262475309
lh_parsopercularis -- rh_rostralanteriorcingulate,0.0,0.0022577492185054562,0.016,0.003063062944729659,-0.016,-0.0008053137262242029
lh_isthmuscingulate -- lh_superiortemporal,0.0,0.0023752494288719643,0.016,0.0029987071117116224,-0.016,-0.0006234576828396581
lh_rostralanteriorcingulate -- rh_inferiorparietal,0.013333333333333334,0.00281483387339983,0.029333333333333333,0.003374193401801781,-0.016,-0.0005593595284019508
rh_caudalmiddlefrontal -- rh_superiorfrontal,0.0,0.0026469882159025873,0.016,0.0029463407531267797,-0.016,-0.00029935253722419234
rh_fusiform -- rh_medialorbitofrontal,0.0,0.0016098808279919612,0.016,0.003466180644115061,-0.016,-0.0018562998161230997
lh_superiortemporal -- rh_caudalmiddlefrontal,0.0,0.002700323607807811,0.016,0.0029524733492325844,-0.016,-0.00025214974142477326
lh_parstriangularis -- rh_precentral,0.0,0.002843805405266031,0.016,0.003164217641075601,-0.016,-0.0003204122358095702
lh_parsopercularis -- rh_medialorbitofrontal,0.0,0.002039751859391086,0.016,0.004000087828479788,-0.016,-0.0019603359690887018
lh_precentral -- rh_precentral,0.04666666666666667,0.0034815563071914184,0.064,0.003677908110933165,-0.017333333333333333,-0.00019635180374174676
rh_bankssts -- rh_caudalanteriorcingulate,0.03333333333333333,0.0031567706144623535,0.050666666666666665,0.0033553714717041603,-0.017333333333333333,-0.00019860085724180679
lh_cuneus -- lh_entorhinal,0.006666666666666667,0.002395715056611395,0.024,0.0035419512840117063,-0.017333333333333333,-0.0011462362274003114
rh_caudalanteriorcingulate -- rh_middletemporal,0.03333333333333333,0.0032014530682577874,0.050666666666666665,0.0033664164670849385,-0.017333333333333333,-0.00016496339882715117
rh_lateraloccipital -- rh_parsopercularis,0.006666666666666667,0.002842694893286899,0.024,0.0029609811687869164,-0.017333333333333333,-0.00011828627550001733
lh_entorhinal -- lh_medialorbitofrontal,0.006666666666666667,0.003618517150641676,0.024,0.004204793254239874,-0.017333333333333333,-0.0005862761035981979
lh_lateraloccipital -- lh_precentral,0.02,0.0028674994346770117,0.037333333333333336,0.0032940065569181296,-0.017333333333333336,-0.00042650712224111785
lh_caudalmiddlefrontal -- rh_bankssts,0.02,0.00348773263784893,0.037333333333333336,0.0036667691610841264,-0.017333333333333336,-0.00017903652323519653
lh_middletemporal -- lh_pericalcarine,0.02,0.0033048055791154323,0.037333333333333336,0.0031324744045964537,-0.017333333333333336,0.00017233117451897866
lh_precentral -- lh_superiorfrontal,0.013333333333333334,0.0031702597440571184,0.032,0.0032397518086918157,-0.018666666666666665,-6.949206463469733e-05
rh_caudalmiddlefrontal -- rh_paracentral,0.013333333333333334,0.0035277657070357134,0.032,0.0031774873229054364,-0.018666666666666665,0.00035027838413027694
lh_caudalmiddlefrontal -- lh_insula,0.013333333333333334,0.0033537188123539245,0.032,0.0032881749378054787,-0.018666666666666665,6.554387454844575e-05
lh_precentral -- lh_rostralanteriorcingulate,0.013333333333333334,0.0030436932635276707,0.032,0.00350661160190258,-0.018666666666666665,-0.00046291833837490935
lh_medialorbitofrontal -- rh_frontalpole,0.0,0.00166989395927777,0.018666666666666668,0.0025933410567512633,-0.018666666666666668,-0.0009234470974734932
lh_transversetemporal -- rh_parahippocampal,0.0,0.0027934005325453686,0.018666666666666668,0.0027612636122065666,-0.018666666666666668,3.2136920338802014e-05
lh_insula -- lh_supramarginal,0.0,0.0026735488054083333,0.018666666666666668,0.002925794556965305,-0.018666666666666668,-0.0002522457515569715
lh_paracentral -- rh_supramarginal,0.0,0.002362166000718668,0.018666666666666668,0.0033084496842722584,-0.018666666666666668,-0.0009462836835535905
lh_bankssts -- rh_paracentral,0.02666666666666667,0.0032176721123471307,0.04533333333333334,0.0034142509221108627,-0.018666666666666668,-0.00019657880976373197
lh_temporalpole -- rh_entorhinal,0.02666666666666667,0.003253481474743331,0.04533333333333334,0.003246410340055412,-0.018666666666666668,7.071134687918791e-06
lh_isthmuscingulate -- rh_middletemporal,0.02666666666666667,0.0028896465977546752,0.04533333333333334,0.003194795574499986,-0.018666666666666668,-0.0003051489767453108
lh_lateralorbitofrontal -- lh_parsorbitalis,0.0,0.0032130654214049662,0.018666666666666668,0.0037192616319072606,-0.018666666666666668,-0.0005061962105022944
lh_rostralanteriorcingulate -- rh_rostralmiddlefrontal,0.0,0.0025662351592768157,0.018666666666666668,0.003342211050286218,-0.018666666666666668,-0.0007759758910094025
rh_postcentral -- rh_precuneus,0.0,0.0029119738292675648,0.018666666666666668,0.0033104174456551707,-0.018666666666666668,-0.00039844361638760595
lh_lateraloccipital -- lh_rostralmiddlefrontal,0.04666666666666667,0.0034252791405734685,0.06666666666666667,0.0035936566133419447,-0.019999999999999997,-0.0001683774727684762
lh_caudalanteriorcingulate -- lh_paracentral,0.02,0.003204630288646399,0.04,0.003428558900430906,-0.02,-0.00022392861178450714
lh_parsopercularis -- rh_transversetemporal,0.006666666666666667,0.0030694839748128377,0.02666666666666667,0.004686257440595523,-0.02,-0.0016167734657826852
lh_insula -- rh_rostralanteriorcingulate,0.006666666666666667,0.0027209954981414573,0.02666666666666667,0.003252979113075308,-0.02,-0.0005319836149338506
lh_superiortemporal -- rh_paracentral,0.006666666666666667,0.002338290519094863,0.02666666666666667,0.0031721227004031637,-0.02,-0.0008338321813083009
lh_superiortemporal -- rh_middletemporal,0.006666666666666667,0.0030098112990188113,0.02666666666666667,0.0031597415768773772,-0.02,-0.00014993027785856596
rh_entorhinal -- rh_lingual,0.013333333333333334,0.002794972043561519,0.034666666666666665,0.0030350624968959274,-0.02133333333333333,-0.0002400904533344083
lh_rostralanteriorcingulate -- rh_superiorfrontal,0.0,0.002813200340739641,0.021333333333333333,0.003394076611832033,-0.021333333333333333,-0.0005808762710923922
lh_middletemporal -- rh_caudalmiddlefrontal,0.0,0.002694701047237865,0.021333333333333333,0.0030647234710078925,-0.021333333333333333,-0.00037002242377002755
lh_precentral -- rh_insula,0.0,0.002652516262800499,0.021333333333333333,0.003141459094340537,-0.021333333333333333,-0.0004889428315400382
lh_precentral -- rh_inferiorparietal,0.0,0.0026173455602981495,0.021333333333333333,0.0032372219836539888,-0.021333333333333333,-0.0006198764233558392
lh_posteriorcingulate -- rh_posteriorcingulate,0.02666666666666667,0.0033214852559583863,0.048,0.00353459546933817,-0.021333333333333333,-0.00021311021337978376
rh_frontalpole -- rh_superiortemporal,0.0,0.002267335977625873,0.021333333333333333,0.0027466186458491707,-0.021333333333333333,-0.0004792826682232976
lh_lateralorbitofrontal -- rh_parstriangularis,0.0,0.0017823907792387148,0.021333333333333333,0.0036006391166082674,-0.021333333333333333,-0.0018182483373695526
lh_caudalanteriorcingulate -- rh_lateralorbitofrontal,0.0,0.002938469047504472,0.021333333333333333,0.003354568754394253,-0.021333333333333333,-0.0004160997068897807
lh_caudalmiddlefrontal -- lh_inferiortemporal,0.006666666666666667,0.002982552061353466,0.029333333333333333,0.003365337769685532,-0.022666666666666665,-0.0003827857083320658
lh_isthmuscingulate -- rh_caudalanteriorcingulate,0.02,0.0028387759949288784,0.042666666666666665,0.003266874385394904,-0.022666666666666665,-0.0004280983904660254
lh_precentral -- rh_rostralanteriorcingulate,0.006666666666666667,0.0027258441251421473,0.029333333333333333,0.0033435011098185137,-0.022666666666666665,-0.0006176569846763663
rh_bankssts -- rh_paracentral,0.02,0.0031985294757004975,0.042666666666666665,0.003338303245257814,-0.022666666666666665,-0.00013977376955731646
lh_lateralorbitofrontal -- lh_medialorbitofrontal,0.006666666666666667,0.002470765406319783,0.029333333333333333,0.004086607438342431,-0.022666666666666665,-0.0016158420320226477
rh_inferiortemporal -- rh_superiortemporal,0.02,0.003407081149038571,0.042666666666666665,0.0033225528457266314,-0.022666666666666665,8.452830331193975e-05
lh_caudalmiddlefrontal -- rh_insula,0.006666666666666667,0.0026720194339036694,0.029333333333333333,0.0033468046366361896,-0.022666666666666665,-0.0006747852027325202
lh_inferiorparietal -- rh_superiorparietal,0.02,0.0033712358288594084,0.042666666666666665,0.00343020343711806,-0.022666666666666665,-5.896760825865139e-05
lh_frontalpole -- rh_frontalpole,0.04,0.0035097053027256125,0.064,0.0035949627427960137,-0.024,-8.525744007040117e-05
lh_caudalanteriorcingulate -- rh_rostralanteriorcingulate,0.0,0.002860825275640093,0.024,0.0034975464492578725,-0.024,-0.0006367211736177793
lh_middletemporal -- lh_posteriorcingulate,0.013333333333333334,0.002532882073433308,0.037333333333333336,0.0033214885740401327,-0.024,-0.000788606500606825
lh_cuneus -- rh_fusiform,0.0,0.0013978211809180254,0.024,0.0032598831409301806,-0.024,-0.0018620619600121552
lh_rostralanteriorcingulate -- rh_parahippocampal,0.0,0.0028725658644059857,0.024,0.0033731922466075214,-0.024,-0.0005006263822015357
lh_rostralmiddlefrontal -- rh_precentral,0.006666666666666667,0.0031229754187889875,0.032,0.0031330160975235485,-0.025333333333333333,-1.0040678734560965e-05
rh_bankssts -- rh_posteriorcingulate,0.02,0.0032788022183123976,0.04533333333333334,0.0033275929533922496,-0.025333333333333336,-4.879073507985197e-05
rh_rostralmiddlefrontal -- rh_superiorparietal,0.02,0.003288081376539379,0.04533333333333334,0.003416329002257071,-0.025333333333333336,-0.0001282476257176918
lh_caudalanteriorcingulate -- rh_paracentral,0.02,0.003424625842970039,0.04533333333333334,0.0034820024940806324,-0.025333333333333336,-5.7376651110593434e-05
rh_middletemporal -- rh_posteriorcingulate,0.013333333333333334,0.0031960127926515254,0.04,0.00339161249497037,-0.026666666666666665,-0.00019559970231884443
lh_rostralanteriorcingulate -- rh_lateraloccipital,0.0,0.003160821112923909,0.02666666666666667,0.0035187221447982313,-0.02666666666666667,-0.0003579010318743225
lh_transversetemporal -- rh_transversetemporal,0.17333333333333334,0.005542975882870416,0.2,0.005503861271857462,-0.026666666666666672,3.911461101295359e-05
lh_middletemporal -- rh_posteriorcingulate,0.006666666666666667,0.0028441383037744327,0.034666666666666665,0.003201188162441091,-0.027999999999999997,-0.0003570498586666585
lh_rostralanteriorcingulate -- lh_rostralmiddlefrontal,0.006666666666666667,0.0027418758347516263,0.034666666666666665,0.003406176302048738,-0.027999999999999997,-0.0006643004672971116
rh_paracentral -- rh_posteriorcingulate,0.006666666666666667,0.0027927914484461957,0.034666666666666665,0.0033213788329587647,-0.027999999999999997,-0.000528587384512569
lh_parstriangularis -- rh_bankssts,0.006666666666666667,0.0031168174971291616,0.034666666666666665,0.003257847881200839,-0.027999999999999997,-0.00014103038407167756
rh_isthmuscingulate -- rh_posteriorcingulate,0.006666666666666667,0.0027586615036232654,0.034666666666666665,0.0032979314095717303,-0.027999999999999997,-0.0005392699059484649
lh_lateraloccipital -- lh_postcentral,0.006666666666666667,0.003126199505312967,0.034666666666666665,0.0033764202121188327,-0.027999999999999997,-0.0002502207068058658
lh_caudalmiddlefrontal -- rh_caudalanteriorcingulate,0.006666666666666667,0.0032126713516074487,0.034666666666666665,0.003511673263561392,-0.027999999999999997,-0.0002990019119539435
lh_rostralmiddlefrontal -- rh_rostralmiddlefrontal,0.02,0.003380792702161448,0.048,0.003541749969214762,-0.028,-0.00016095726705331413
lh_precentral -- rh_lateraloccipital,0.02,0.003018831179955696,0.048,0.003451716464524717,-0.028,-0.00043288528456902073
lh_superiorfrontal -- rh_insula,0.02,0.00316486478628411,0.048,0.003503685433785334,-0.028,-0.00033882064750122374
lh_posteriorcingulate -- rh_caudalanteriorcingulate,0.02,0.0031060244227238327,0.048,0.0034956497742136944,-0.028,-0.00038962535148986174
rh_caudalanteriorcingulate -- rh_caudalmiddlefrontal,0.013333333333333334,0.0032205386176507,0.042666666666666665,0.0035173091952515733,-0.02933333333333333,-0.0002967705776008734
rh_frontalpole -- rh_parsorbitalis,0.013333333333333334,0.003145595909455829,0.042666666666666665,0.0037262061776483666,-0.02933333333333333,-0.0005806102681925377
lh_parsopercularis -- rh_parsopercularis,0.0,0.0024791389219073995,0.029333333333333333,0.003652020566188768,-0.029333333333333333,-0.0011728816442813685
lh_rostralmiddlefrontal -- rh_lateraloccipital,0.02666666666666667,0.0034601899241629747,0.056,0.003544315127057555,-0.029333333333333333,-8.412520289458048e-05
lh_inferiorparietal -- lh_parahippocampal,0.0,0.002142284569986073,0.029333333333333333,0.0031413004812492935,-0.029333333333333333,-0.0009990159112632205
rh_caudalmiddlefrontal -- rh_posteriorcingulate,0.006666666666666667,0.0030690521539293745,0.037333333333333336,0.00344319227575343,-0.03066666666666667,-0.0003741401218240554
lh_parsorbitalis -- rh_frontalpole,0.02666666666666667,0.0032513928837128625,0.058666666666666666,0.0036161610954258184,-0.032,-0.0003647682117129559
lh_entorhinal -- lh_lingual,0.0,0.0028622717077986747,0.032,0.0034093145538436646,-0.032,-0.0005470428460449899
lh_posteriorcingulate -- rh_caudalmiddlefrontal,0.013333333333333334,0.0029061685259678207,0.04533333333333334,0.0035061226911736747,-0.032,-0.000599954165205854
lh_supramarginal -- rh_superiorfrontal,0.006666666666666667,0.002880276483273291,0.04,0.0032450066199382044,-0.03333333333333333,-0.0003647301366649135
lh_lateraloccipital -- rh_rostralmiddlefrontal,0.03333333333333333,0.003462686745819923,0.06666666666666667,0.0036028389838491212,-0.03333333333333333,-0.00014015223802919807
rh_precentral -- rh_rostralmiddlefrontal,0.0,0.002924185583353788,0.034666666666666665,0.003313511609670623,-0.034666666666666665,-0.00038932602631683473
rh_lateralorbitofrontal -- rh_parstriangularis,0.0,0.0035690468513666263,0.034666666666666665,0.0047333655402121925,-0.034666666666666665,-0.0011643186888455662
lh_caudalanteriorcingulate -- rh_posteriorcingulate,0.02666666666666667,0.0031700453656159917,0.06133333333333333,0.0035089914481289046,-0.034666666666666665,-0.00033894608251291286
rh_lateraloccipital -- rh_rostralmiddlefrontal,0.03333333333333333,0.003183827016303792,0.06933333333333333,0.003570332199219429,-0.036,-0.00038650518291563716
lh_rostralanteriorcingulate -- rh_rostralanteriorcingulate,0.006666666666666667,0.0028522023404466616,0.042666666666666665,0.0034728831824710096,-0.036,-0.000620680842024348
lh_bankssts -- lh_caudalanteriorcingulate,0.013333333333333334,0.003046431693058887,0.050666666666666665,0.00348300336103701,-0.03733333333333333,-0.0004365716679781231
rh_rostralanteriorcingulate -- rh_superiorfrontal,0.0,0.002767867230244132,0.037333333333333336,0.0032327076758804393,-0.037333333333333336,-0.00046484044563630715
lh_caudalanteriorcingulate -- rh_isthmuscingulate,0.013333333333333334,0.003214794240772162,0.05333333333333334,0.0033285288844038586,-0.04,-0.00011373464363169643
lh_parahippocampal -- rh_parahippocampal,0.02,0.0030673485244018905,0.06133333333333333,0.0038287645402613445,-0.04133333333333333,-0.0007614160158594539
rh_caudalanteriorcingulate -- rh_posteriorcingulate,0.03333333333333333,0.0031549323338289957,0.07466666666666667,0.0037693454221545686,-0.04133333333333334,-0.0006144130883255728
lh_bankssts -- rh_caudalanteriorcingulate,0.013333333333333334,0.0029041132870402547,0.056,0.003471023472638025,-0.042666666666666665,-0.0005669101855977701
rh_lateraloccipital -- rh_superiorparietal,0.02666666666666667,0.0037764475033437196,0.07466666666666667,0.0036257177716977045,-0.048,0.0001507297316460151
lh_caudalanteriorcingulate -- rh_caudalanteriorcingulate,0.02,0.003107042807866369,0.06933333333333333,0.0037808283283750498,-0.049333333333333326,-0.000673785520508681
lh_temporalpole -- rh_parsorbitalis,0.02,0.003226618506302218,0.07466666666666667,0.0035424379777055114,-0.05466666666666667,-0.0003158194714032933
